solid OpenSCAD_Model
  facet normal -0.85772 -0.514118 0
    outer loop
      vertex 1.17972 -11.889 0
      vertex 0.826553 -11.2998 6.5
      vertex 0.826553 -11.2998 0
    endloop
  endfacet
  facet normal -0.85772 -0.514118 0
    outer loop
      vertex 0.826553 -11.2998 6.5
      vertex 1.17972 -11.889 0
      vertex 1.17972 -11.889 6.5
    endloop
  endfacet
  facet normal 0.903996 0.427542 0
    outer loop
      vertex 45.4671 10.6788 6.5
      vertex 45.1734 11.2998 0
      vertex 45.1734 11.2998 6.5
    endloop
  endfacet
  facet normal 0.903996 0.427542 0
    outer loop
      vertex 45.1734 11.2998 0
      vertex 45.4671 10.6788 6.5
      vertex 45.4671 10.6788 0
    endloop
  endfacet
  facet normal 0.0490591 -0.998796 0
    outer loop
      vertex 39 -15 0
      vertex 39.6861 -14.9663 6.5
      vertex 39 -15 6.5
    endloop
  endfacet
  facet normal 0.0490591 -0.998796 0
    outer loop
      vertex 39.6861 -14.9663 6.5
      vertex 39 -15 0
      vertex 39.6861 -14.9663 0
    endloop
  endfacet
  facet normal -0.989179 -0.146712 0
    outer loop
      vertex 0.134506 -9.36563 0
      vertex 0.0337219 -8.68611 6.5
      vertex 0.0337219 -8.68611 0
    endloop
  endfacet
  facet normal -0.989179 -0.146712 0
    outer loop
      vertex 0.0337219 -8.68611 6.5
      vertex 0.134506 -9.36563 0
      vertex 0.134506 -9.36563 6.5
    endloop
  endfacet
  facet normal -0.51404 0.857766 0
    outer loop
      vertex 3.70023 14.1734 0
      vertex 3.11102 13.8203 6.5
      vertex 3.70023 14.1734 6.5
    endloop
  endfacet
  facet normal -0.51404 0.857766 0
    outer loop
      vertex 3.11102 13.8203 6.5
      vertex 3.70023 14.1734 0
      vertex 3.11102 13.8203 0
    endloop
  endfacet
  facet normal 0.595659 -0.803237 0
    outer loop
      vertex 42.889 -13.8203 0
      vertex 43.4408 -13.4111 6.5
      vertex 42.889 -13.8203 6.5
    endloop
  endfacet
  facet normal 0.595659 -0.803237 0
    outer loop
      vertex 43.4408 -13.4111 6.5
      vertex 42.889 -13.8203 0
      vertex 43.4408 -13.4111 0
    endloop
  endfacet
  facet normal -0.998794 -0.0490902 0
    outer loop
      vertex 0.0337219 -8.68611 0
      vertex 0 -8 6.5
      vertex 0 -8 0
    endloop
  endfacet
  facet normal -0.998794 -0.0490902 0
    outer loop
      vertex 0 -8 6.5
      vertex 0.0337219 -8.68611 0
      vertex 0.0337219 -8.68611 6.5
    endloop
  endfacet
  facet normal -0.740886 0.671631 0
    outer loop
      vertex 1.58893 12.4408 0
      vertex 2.05026 12.9497 6.5
      vertex 2.05026 12.9497 0
    endloop
  endfacet
  facet normal -0.740886 0.671631 0
    outer loop
      vertex 2.05026 12.9497 6.5
      vertex 1.58893 12.4408 0
      vertex 1.58893 12.4408 6.5
    endloop
  endfacet
  facet normal 0 -1 0
    outer loop
      vertex 7 -15 0
      vertex 39 -15 6.5
      vertex 7 -15 6.5
    endloop
  endfacet
  facet normal 0 -1 -0
    outer loop
      vertex 39 -15 6.5
      vertex 7 -15 0
      vertex 39 -15 0
    endloop
  endfacet
  facet normal 1 -0 0
    outer loop
      vertex 46 -8 6.5
      vertex 46 8 0
      vertex 46 8 6.5
    endloop
  endfacet
  facet normal 1 0 0
    outer loop
      vertex 46 8 0
      vertex 46 -8 6.5
      vertex 46 -8 0
    endloop
  endfacet
  facet normal 0.989176 -0.146734 0
    outer loop
      vertex 45.8655 -9.36563 6.5
      vertex 45.9663 -8.68611 0
      vertex 45.9663 -8.68611 6.5
    endloop
  endfacet
  facet normal 0.989176 -0.146734 0
    outer loop
      vertex 45.9663 -8.68611 0
      vertex 45.8655 -9.36563 6.5
      vertex 45.8655 -9.36563 0
    endloop
  endfacet
  facet normal -0.903995 -0.427543 0
    outer loop
      vertex 0.826553 -11.2998 0
      vertex 0.532852 -10.6788 6.5
      vertex 0.532852 -10.6788 0
    endloop
  endfacet
  facet normal -0.903995 -0.427543 0
    outer loop
      vertex 0.532852 -10.6788 6.5
      vertex 0.826553 -11.2998 0
      vertex 0.826553 -11.2998 6.5
    endloop
  endfacet
  facet normal -0.970032 0.242979 0
    outer loop
      vertex 0.134506 9.36563 0
      vertex 0.301422 10.032 6.5
      vertex 0.301422 10.032 0
    endloop
  endfacet
  facet normal -0.970032 0.242979 0
    outer loop
      vertex 0.301422 10.032 6.5
      vertex 0.134506 9.36563 0
      vertex 0.134506 9.36563 6.5
    endloop
  endfacet
  facet normal 0 1 -0
    outer loop
      vertex 39 15 0
      vertex 7 15 6.5
      vertex 39 15 6.5
    endloop
  endfacet
  facet normal 0 1 0
    outer loop
      vertex 7 15 6.5
      vertex 39 15 0
      vertex 7 15 0
    endloop
  endfacet
  facet normal -0.146734 -0.989176 0
    outer loop
      vertex 5.63437 -14.8655 0
      vertex 6.31389 -14.9663 6.5
      vertex 5.63437 -14.8655 6.5
    endloop
  endfacet
  facet normal -0.146734 -0.989176 -0
    outer loop
      vertex 6.31389 -14.9663 6.5
      vertex 5.63437 -14.8655 0
      vertex 6.31389 -14.9663 0
    endloop
  endfacet
  facet normal 0.941511 0.336982 0
    outer loop
      vertex 45.6986 10.032 6.5
      vertex 45.4671 10.6788 0
      vertex 45.4671 10.6788 6.5
    endloop
  endfacet
  facet normal 0.941511 0.336982 0
    outer loop
      vertex 45.4671 10.6788 0
      vertex 45.6986 10.032 6.5
      vertex 45.6986 10.032 0
    endloop
  endfacet
  facet normal -0.970032 -0.242979 0
    outer loop
      vertex 0.301422 -10.032 0
      vertex 0.134506 -9.36563 6.5
      vertex 0.134506 -9.36563 0
    endloop
  endfacet
  facet normal -0.970032 -0.242979 0
    outer loop
      vertex 0.134506 -9.36563 6.5
      vertex 0.301422 -10.032 0
      vertex 0.301422 -10.032 6.5
    endloop
  endfacet
  facet normal 0.970037 0.242957 0
    outer loop
      vertex 45.8655 9.36563 6.5
      vertex 45.6986 10.032 0
      vertex 45.6986 10.032 6.5
    endloop
  endfacet
  facet normal 0.970037 0.242957 0
    outer loop
      vertex 45.6986 10.032 0
      vertex 45.8655 9.36563 6.5
      vertex 45.8655 9.36563 0
    endloop
  endfacet
  facet normal -1 0 0
    outer loop
      vertex 0 8 0
      vertex 0 7.65 5.15
      vertex 0 8 6.5
    endloop
  endfacet
  facet normal -1 0 0
    outer loop
      vertex 0 8 0
      vertex 0 -7.65 5.15
      vertex 0 7.65 5.15
    endloop
  endfacet
  facet normal -1 0 0
    outer loop
      vertex 0 -8 0
      vertex 0 -7.65 5.15
      vertex 0 8 0
    endloop
  endfacet
  facet normal -1 0 0
    outer loop
      vertex 0 -8 6.5
      vertex 0 -7.65 5.15
      vertex 0 -8 0
    endloop
  endfacet
  facet normal -1 0 0
    outer loop
      vertex 0 -7.65 5.15
      vertex 0 -8 6.5
      vertex 0 -7.65 6.5
    endloop
  endfacet
  facet normal -1 -0 0
    outer loop
      vertex 0 8 6.5
      vertex 0 7.65 5.15
      vertex 0 7.65 6.5
    endloop
  endfacet
  facet normal -0.59568 0.803222 0
    outer loop
      vertex 3.11102 13.8203 0
      vertex 2.55925 13.4111 6.5
      vertex 3.11102 13.8203 6.5
    endloop
  endfacet
  facet normal -0.59568 0.803222 0
    outer loop
      vertex 2.55925 13.4111 6.5
      vertex 3.11102 13.8203 0
      vertex 2.55925 13.4111 0
    endloop
  endfacet
  facet normal -0.146734 0.989176 0
    outer loop
      vertex 6.31389 14.9663 0
      vertex 5.63437 14.8655 6.5
      vertex 6.31389 14.9663 6.5
    endloop
  endfacet
  facet normal -0.146734 0.989176 0
    outer loop
      vertex 5.63437 14.8655 6.5
      vertex 6.31389 14.9663 0
      vertex 5.63437 14.8655 0
    endloop
  endfacet
  facet normal 0.941511 -0.336982 0
    outer loop
      vertex 45.4671 -10.6788 6.5
      vertex 45.6986 -10.032 0
      vertex 45.6986 -10.032 6.5
    endloop
  endfacet
  facet normal 0.941511 -0.336982 0
    outer loop
      vertex 45.6986 -10.032 0
      vertex 45.4671 -10.6788 6.5
      vertex 45.4671 -10.6788 0
    endloop
  endfacet
  facet normal 0.970037 -0.242957 0
    outer loop
      vertex 45.6986 -10.032 6.5
      vertex 45.8655 -9.36563 0
      vertex 45.8655 -9.36563 6.5
    endloop
  endfacet
  facet normal 0.970037 -0.242957 0
    outer loop
      vertex 45.8655 -9.36563 0
      vertex 45.6986 -10.032 6.5
      vertex 45.6986 -10.032 0
    endloop
  endfacet
  facet normal -0.80323 0.595669 0
    outer loop
      vertex 1.17972 11.889 0
      vertex 1.58893 12.4408 6.5
      vertex 1.58893 12.4408 0
    endloop
  endfacet
  facet normal -0.80323 0.595669 0
    outer loop
      vertex 1.58893 12.4408 6.5
      vertex 1.17972 11.889 0
      vertex 1.17972 11.889 6.5
    endloop
  endfacet
  facet normal 0.146739 0.989175 -0
    outer loop
      vertex 40.3656 14.8655 0
      vertex 39.6861 14.9663 6.5
      vertex 40.3656 14.8655 6.5
    endloop
  endfacet
  facet normal 0.146739 0.989175 0
    outer loop
      vertex 39.6861 14.9663 6.5
      vertex 40.3656 14.8655 0
      vertex 39.6861 14.9663 0
    endloop
  endfacet
  facet normal 0.803237 -0.595659 0
    outer loop
      vertex 44.4111 -12.4408 6.5
      vertex 44.8203 -11.889 0
      vertex 44.8203 -11.889 6.5
    endloop
  endfacet
  facet normal 0.803237 -0.595659 0
    outer loop
      vertex 44.8203 -11.889 0
      vertex 44.4111 -12.4408 6.5
      vertex 44.4111 -12.4408 0
    endloop
  endfacet
  facet normal 0.803237 0.595659 0
    outer loop
      vertex 44.8203 11.889 6.5
      vertex 44.4111 12.4408 0
      vertex 44.4111 12.4408 6.5
    endloop
  endfacet
  facet normal 0.803237 0.595659 0
    outer loop
      vertex 44.4111 12.4408 0
      vertex 44.8203 11.889 6.5
      vertex 44.8203 11.889 0
    endloop
  endfacet
  facet normal 0.998796 0.0490583 0
    outer loop
      vertex 46 8 6.5
      vertex 45.9663 8.68611 0
      vertex 45.9663 8.68611 6.5
    endloop
  endfacet
  facet normal 0.998796 0.0490583 0
    outer loop
      vertex 45.9663 8.68611 0
      vertex 46 8 6.5
      vertex 46 8 0
    endloop
  endfacet
  facet normal 0.740835 0.671687 0
    outer loop
      vertex 44.4111 12.4408 6.5
      vertex 43.9497 12.9497 0
      vertex 43.9497 12.9497 6.5
    endloop
  endfacet
  facet normal 0.740835 0.671687 0
    outer loop
      vertex 43.9497 12.9497 0
      vertex 44.4111 12.4408 6.5
      vertex 44.4111 12.4408 0
    endloop
  endfacet
  facet normal -0.336986 0.94151 0
    outer loop
      vertex 4.96802 14.6986 0
      vertex 4.32123 14.4671 6.5
      vertex 4.96802 14.6986 6.5
    endloop
  endfacet
  facet normal -0.336986 0.94151 0
    outer loop
      vertex 4.32123 14.4671 6.5
      vertex 4.96802 14.6986 0
      vertex 4.32123 14.4671 0
    endloop
  endfacet
  facet normal 0.336982 -0.941511 0
    outer loop
      vertex 41.032 -14.6986 0
      vertex 41.6788 -14.4671 6.5
      vertex 41.032 -14.6986 6.5
    endloop
  endfacet
  facet normal 0.336982 -0.941511 0
    outer loop
      vertex 41.6788 -14.4671 6.5
      vertex 41.032 -14.6986 0
      vertex 41.6788 -14.4671 0
    endloop
  endfacet
  facet normal -0.998794 0.0490902 0
    outer loop
      vertex 0 8 0
      vertex 0.0337219 8.68611 6.5
      vertex 0.0337219 8.68611 0
    endloop
  endfacet
  facet normal -0.998794 0.0490902 0
    outer loop
      vertex 0.0337219 8.68611 6.5
      vertex 0 8 0
      vertex 0 8 6.5
    endloop
  endfacet
  facet normal 0.146739 -0.989175 0
    outer loop
      vertex 39.6861 -14.9663 0
      vertex 40.3656 -14.8655 6.5
      vertex 39.6861 -14.9663 6.5
    endloop
  endfacet
  facet normal 0.146739 -0.989175 0
    outer loop
      vertex 40.3656 -14.8655 6.5
      vertex 39.6861 -14.9663 0
      vertex 40.3656 -14.8655 0
    endloop
  endfacet
  facet normal 0.427542 0.903996 -0
    outer loop
      vertex 42.2998 14.1734 0
      vertex 41.6788 14.4671 6.5
      vertex 42.2998 14.1734 6.5
    endloop
  endfacet
  facet normal 0.427542 0.903996 0
    outer loop
      vertex 41.6788 14.4671 6.5
      vertex 42.2998 14.1734 0
      vertex 41.6788 14.4671 0
    endloop
  endfacet
  facet normal -0.85772 0.514118 0
    outer loop
      vertex 0.826553 11.2998 0
      vertex 1.17972 11.889 6.5
      vertex 1.17972 11.889 0
    endloop
  endfacet
  facet normal -0.85772 0.514118 0
    outer loop
      vertex 1.17972 11.889 6.5
      vertex 0.826553 11.2998 0
      vertex 0.826553 11.2998 6.5
    endloop
  endfacet
  facet normal -0.242964 0.970035 0
    outer loop
      vertex 5.63437 14.8655 0
      vertex 4.96802 14.6986 6.5
      vertex 5.63437 14.8655 6.5
    endloop
  endfacet
  facet normal -0.242964 0.970035 0
    outer loop
      vertex 4.96802 14.6986 6.5
      vertex 5.63437 14.8655 0
      vertex 4.96802 14.6986 0
    endloop
  endfacet
  facet normal -0.80323 -0.595669 0
    outer loop
      vertex 1.58893 -12.4408 0
      vertex 1.17972 -11.889 6.5
      vertex 1.17972 -11.889 0
    endloop
  endfacet
  facet normal -0.80323 -0.595669 0
    outer loop
      vertex 1.17972 -11.889 6.5
      vertex 1.58893 -12.4408 0
      vertex 1.58893 -12.4408 6.5
    endloop
  endfacet
  facet normal -0.671622 0.740894 0
    outer loop
      vertex 2.55925 13.4111 0
      vertex 2.05026 12.9497 6.5
      vertex 2.55925 13.4111 6.5
    endloop
  endfacet
  facet normal -0.671622 0.740894 0
    outer loop
      vertex 2.05026 12.9497 6.5
      vertex 2.55925 13.4111 0
      vertex 2.05026 12.9497 0
    endloop
  endfacet
  facet normal 0.242947 -0.97004 0
    outer loop
      vertex 40.3656 -14.8655 0
      vertex 41.032 -14.6986 6.5
      vertex 40.3656 -14.8655 6.5
    endloop
  endfacet
  facet normal 0.242947 -0.97004 0
    outer loop
      vertex 41.032 -14.6986 6.5
      vertex 40.3656 -14.8655 0
      vertex 41.032 -14.6986 0
    endloop
  endfacet
  facet normal 0.989176 0.146734 0
    outer loop
      vertex 45.9663 8.68611 6.5
      vertex 45.8655 9.36563 0
      vertex 45.8655 9.36563 6.5
    endloop
  endfacet
  facet normal 0.989176 0.146734 0
    outer loop
      vertex 45.8655 9.36563 0
      vertex 45.9663 8.68611 6.5
      vertex 45.9663 8.68611 0
    endloop
  endfacet
  facet normal 0.0490591 0.998796 -0
    outer loop
      vertex 39.6861 14.9663 0
      vertex 39 15 6.5
      vertex 39.6861 14.9663 6.5
    endloop
  endfacet
  facet normal 0.0490591 0.998796 0
    outer loop
      vertex 39 15 6.5
      vertex 39.6861 14.9663 0
      vertex 39 15 0
    endloop
  endfacet
  facet normal -0.242964 -0.970035 0
    outer loop
      vertex 4.96802 -14.6986 0
      vertex 5.63437 -14.8655 6.5
      vertex 4.96802 -14.6986 6.5
    endloop
  endfacet
  facet normal -0.242964 -0.970035 -0
    outer loop
      vertex 5.63437 -14.8655 6.5
      vertex 4.96802 -14.6986 0
      vertex 5.63437 -14.8655 0
    endloop
  endfacet
  facet normal -0.0490583 0.998796 0
    outer loop
      vertex 7 15 0
      vertex 6.31389 14.9663 6.5
      vertex 7 15 6.5
    endloop
  endfacet
  facet normal -0.0490583 0.998796 0
    outer loop
      vertex 6.31389 14.9663 6.5
      vertex 7 15 0
      vertex 6.31389 14.9663 0
    endloop
  endfacet
  facet normal 0.998796 -0.0490583 0
    outer loop
      vertex 45.9663 -8.68611 6.5
      vertex 46 -8 0
      vertex 46 -8 6.5
    endloop
  endfacet
  facet normal 0.998796 -0.0490583 0
    outer loop
      vertex 46 -8 0
      vertex 45.9663 -8.68611 6.5
      vertex 45.9663 -8.68611 0
    endloop
  endfacet
  facet normal 0.903996 -0.427542 0
    outer loop
      vertex 45.1734 -11.2998 6.5
      vertex 45.4671 -10.6788 0
      vertex 45.4671 -10.6788 6.5
    endloop
  endfacet
  facet normal 0.903996 -0.427542 0
    outer loop
      vertex 45.4671 -10.6788 0
      vertex 45.1734 -11.2998 6.5
      vertex 45.1734 -11.2998 0
    endloop
  endfacet
  facet normal -0.941543 -0.336891 0
    outer loop
      vertex 0.532852 -10.6788 0
      vertex 0.301422 -10.032 6.5
      vertex 0.301422 -10.032 0
    endloop
  endfacet
  facet normal -0.941543 -0.336891 0
    outer loop
      vertex 0.301422 -10.032 6.5
      vertex 0.532852 -10.6788 0
      vertex 0.532852 -10.6788 6.5
    endloop
  endfacet
  facet normal -0.989179 0.146712 0
    outer loop
      vertex 0.0337219 8.68611 0
      vertex 0.134506 9.36563 6.5
      vertex 0.134506 9.36563 0
    endloop
  endfacet
  facet normal -0.989179 0.146712 0
    outer loop
      vertex 0.134506 9.36563 6.5
      vertex 0.0337219 8.68611 0
      vertex 0.0337219 8.68611 6.5
    endloop
  endfacet
  facet normal -0.941543 0.336891 0
    outer loop
      vertex 0.301422 10.032 0
      vertex 0.532852 10.6788 6.5
      vertex 0.532852 10.6788 0
    endloop
  endfacet
  facet normal -0.941543 0.336891 0
    outer loop
      vertex 0.532852 10.6788 6.5
      vertex 0.301422 10.032 0
      vertex 0.301422 10.032 6.5
    endloop
  endfacet
  facet normal 0.671687 -0.740835 0
    outer loop
      vertex 43.4408 -13.4111 0
      vertex 43.9497 -12.9497 6.5
      vertex 43.4408 -13.4111 6.5
    endloop
  endfacet
  facet normal 0.671687 -0.740835 0
    outer loop
      vertex 43.9497 -12.9497 6.5
      vertex 43.4408 -13.4111 0
      vertex 43.9497 -12.9497 0
    endloop
  endfacet
  facet normal -0.51404 -0.857766 0
    outer loop
      vertex 3.11102 -13.8203 0
      vertex 3.70023 -14.1734 6.5
      vertex 3.11102 -13.8203 6.5
    endloop
  endfacet
  facet normal -0.51404 -0.857766 -0
    outer loop
      vertex 3.70023 -14.1734 6.5
      vertex 3.11102 -13.8203 0
      vertex 3.70023 -14.1734 0
    endloop
  endfacet
  facet normal -0.903995 0.427543 0
    outer loop
      vertex 0.532852 10.6788 0
      vertex 0.826553 11.2998 6.5
      vertex 0.826553 11.2998 0
    endloop
  endfacet
  facet normal -0.903995 0.427543 0
    outer loop
      vertex 0.826553 11.2998 6.5
      vertex 0.532852 10.6788 0
      vertex 0.532852 10.6788 6.5
    endloop
  endfacet
  facet normal 0.740835 -0.671687 0
    outer loop
      vertex 43.9497 -12.9497 6.5
      vertex 44.4111 -12.4408 0
      vertex 44.4111 -12.4408 6.5
    endloop
  endfacet
  facet normal 0.740835 -0.671687 0
    outer loop
      vertex 44.4111 -12.4408 0
      vertex 43.9497 -12.9497 6.5
      vertex 43.9497 -12.9497 0
    endloop
  endfacet
  facet normal 0 0 1
    outer loop
      vertex 0 -8 6.5
      vertex 2.20001 -8 6.5
      vertex 2.20001 -7.65 6.5
    endloop
  endfacet
  facet normal 0 0 1
    outer loop
      vertex 2.20001 -8 6.5
      vertex 1.58893 -12.4408 6.5
      vertex 2.05026 -12.9497 6.5
    endloop
  endfacet
  facet normal 0 0 1
    outer loop
      vertex 2.20001 -8 6.5
      vertex 1.17972 -11.889 6.5
      vertex 1.58893 -12.4408 6.5
    endloop
  endfacet
  facet normal 0 0 1
    outer loop
      vertex 2.20001 -8 6.5
      vertex 0.826553 -11.2998 6.5
      vertex 1.17972 -11.889 6.5
    endloop
  endfacet
  facet normal 0 0 1
    outer loop
      vertex 2.20001 -8 6.5
      vertex 0.532852 -10.6788 6.5
      vertex 0.826553 -11.2998 6.5
    endloop
  endfacet
  facet normal 0 0 1
    outer loop
      vertex 2.20001 -8 6.5
      vertex 0.301422 -10.032 6.5
      vertex 0.532852 -10.6788 6.5
    endloop
  endfacet
  facet normal 0 0 1
    outer loop
      vertex 2.20001 -8 6.5
      vertex 0.134506 -9.36563 6.5
      vertex 0.301422 -10.032 6.5
    endloop
  endfacet
  facet normal 0 0 1
    outer loop
      vertex 2.20001 -8 6.5
      vertex 0.0337219 -8.68611 6.5
      vertex 0.134506 -9.36563 6.5
    endloop
  endfacet
  facet normal 0 0 1
    outer loop
      vertex 0 -8 6.5
      vertex 2.20001 -7.65 6.5
      vertex 0 -7.65 6.5
    endloop
  endfacet
  facet normal 0 0 1
    outer loop
      vertex 2.20001 -8 6.5
      vertex 0 -8 6.5
      vertex 0.0337219 -8.68611 6.5
    endloop
  endfacet
  facet normal 0 0 1
    outer loop
      vertex 43.8 8 6.5
      vertex 46 8 6.5
      vertex 45.9663 8.68611 6.5
    endloop
  endfacet
  facet normal 0 0 1
    outer loop
      vertex 46 8 6.5
      vertex 43.8 8 6.5
      vertex 46 -8 6.5
    endloop
  endfacet
  facet normal 0 0 1
    outer loop
      vertex 43.7769 8.47047 6.5
      vertex 45.9663 8.68611 6.5
      vertex 45.8655 9.36563 6.5
    endloop
  endfacet
  facet normal 0 0 1
    outer loop
      vertex 43.8 -8 6.5
      vertex 46 -8 6.5
      vertex 43.8 8 6.5
    endloop
  endfacet
  facet normal 0 0 1
    outer loop
      vertex 43.7078 8.93643 6.5
      vertex 45.8655 9.36563 6.5
      vertex 45.6986 10.032 6.5
    endloop
  endfacet
  facet normal 0 0 1
    outer loop
      vertex 46 -8 6.5
      vertex 43.8 -8 6.5
      vertex 45.9663 -8.68611 6.5
    endloop
  endfacet
  facet normal 0 0 1
    outer loop
      vertex 43.5933 9.39336 6.5
      vertex 45.6986 10.032 6.5
      vertex 45.4671 10.6788 6.5
    endloop
  endfacet
  facet normal -0 0 1
    outer loop
      vertex 43.7769 -8.47047 6.5
      vertex 45.9663 -8.68611 6.5
      vertex 43.8 -8 6.5
    endloop
  endfacet
  facet normal 0 0 1
    outer loop
      vertex 43.4346 9.83687 6.5
      vertex 45.4671 10.6788 6.5
      vertex 45.1734 11.2998 6.5
    endloop
  endfacet
  facet normal 0 0 1
    outer loop
      vertex 45.9663 -8.68611 6.5
      vertex 43.7769 -8.47047 6.5
      vertex 45.8655 -9.36563 6.5
    endloop
  endfacet
  facet normal 0 0 1
    outer loop
      vertex 43.2332 10.2627 6.5
      vertex 45.1734 11.2998 6.5
      vertex 44.8203 11.889 6.5
    endloop
  endfacet
  facet normal -0 0 1
    outer loop
      vertex 43.7078 -8.93643 6.5
      vertex 45.8655 -9.36563 6.5
      vertex 43.7769 -8.47047 6.5
    endloop
  endfacet
  facet normal 0 0 1
    outer loop
      vertex 42.991 10.6667 6.5
      vertex 44.8203 11.889 6.5
      vertex 44.4111 12.4408 6.5
    endloop
  endfacet
  facet normal 0 0 1
    outer loop
      vertex 45.8655 -9.36563 6.5
      vertex 43.7078 -8.93643 6.5
      vertex 45.6986 -10.032 6.5
    endloop
  endfacet
  facet normal 0 0 1
    outer loop
      vertex 42.7104 11.0451 6.5
      vertex 44.4111 12.4408 6.5
      vertex 43.9497 12.9497 6.5
    endloop
  endfacet
  facet normal -0 0 1
    outer loop
      vertex 43.5933 -9.39336 6.5
      vertex 45.6986 -10.032 6.5
      vertex 43.7078 -8.93643 6.5
    endloop
  endfacet
  facet normal 0 0 1
    outer loop
      vertex 45.6986 -10.032 6.5
      vertex 43.5933 -9.39336 6.5
      vertex 45.4671 -10.6788 6.5
    endloop
  endfacet
  facet normal 0 0 1
    outer loop
      vertex 45.9663 8.68611 6.5
      vertex 43.7769 8.47047 6.5
      vertex 43.8 8 6.5
    endloop
  endfacet
  facet normal 0 0 1
    outer loop
      vertex 45.8655 9.36563 6.5
      vertex 43.7078 8.93643 6.5
      vertex 43.7769 8.47047 6.5
    endloop
  endfacet
  facet normal 0 0 1
    outer loop
      vertex 45.6986 10.032 6.5
      vertex 43.5933 9.39336 6.5
      vertex 43.7078 8.93643 6.5
    endloop
  endfacet
  facet normal 0 0 1
    outer loop
      vertex 42.3941 11.3941 6.5
      vertex 43.9497 12.9497 6.5
      vertex 43.4408 13.4111 6.5
    endloop
  endfacet
  facet normal 0 0 1
    outer loop
      vertex 45.4671 10.6788 6.5
      vertex 43.4346 9.83687 6.5
      vertex 43.5933 9.39336 6.5
    endloop
  endfacet
  facet normal 0 0 1
    outer loop
      vertex 45.1734 11.2998 6.5
      vertex 43.2332 10.2627 6.5
      vertex 43.4346 9.83687 6.5
    endloop
  endfacet
  facet normal 0 0 1
    outer loop
      vertex 44.8203 11.889 6.5
      vertex 42.991 10.6667 6.5
      vertex 43.2332 10.2627 6.5
    endloop
  endfacet
  facet normal 0 0 1
    outer loop
      vertex 42.0451 11.7104 6.5
      vertex 43.4408 13.4111 6.5
      vertex 42.889 13.8203 6.5
    endloop
  endfacet
  facet normal 0 0 1
    outer loop
      vertex 44.4111 12.4408 6.5
      vertex 42.7104 11.0451 6.5
      vertex 42.991 10.6667 6.5
    endloop
  endfacet
  facet normal 0 0 1
    outer loop
      vertex 43.9497 12.9497 6.5
      vertex 42.3941 11.3941 6.5
      vertex 42.7104 11.0451 6.5
    endloop
  endfacet
  facet normal 0 0 1
    outer loop
      vertex 41.6667 11.991 6.5
      vertex 42.889 13.8203 6.5
      vertex 42.2998 14.1734 6.5
    endloop
  endfacet
  facet normal 0 0 1
    outer loop
      vertex 43.4408 13.4111 6.5
      vertex 42.0451 11.7104 6.5
      vertex 42.3941 11.3941 6.5
    endloop
  endfacet
  facet normal 0 0 1
    outer loop
      vertex 41.2627 12.2332 6.5
      vertex 42.2998 14.1734 6.5
      vertex 41.6788 14.4671 6.5
    endloop
  endfacet
  facet normal 0 0 1
    outer loop
      vertex 42.889 13.8203 6.5
      vertex 41.6667 11.991 6.5
      vertex 42.0451 11.7104 6.5
    endloop
  endfacet
  facet normal 0 0 1
    outer loop
      vertex 42.2998 14.1734 6.5
      vertex 41.2627 12.2332 6.5
      vertex 41.6667 11.991 6.5
    endloop
  endfacet
  facet normal 0 0 1
    outer loop
      vertex 40.8369 12.4346 6.5
      vertex 41.6788 14.4671 6.5
      vertex 41.032 14.6986 6.5
    endloop
  endfacet
  facet normal 0 0 1
    outer loop
      vertex 41.6788 14.4671 6.5
      vertex 40.8369 12.4346 6.5
      vertex 41.2627 12.2332 6.5
    endloop
  endfacet
  facet normal 0 0 1
    outer loop
      vertex 41.032 14.6986 6.5
      vertex 40.3934 12.5933 6.5
      vertex 40.8369 12.4346 6.5
    endloop
  endfacet
  facet normal 0 0 1
    outer loop
      vertex 40.3656 14.8655 6.5
      vertex 40.3934 12.5933 6.5
      vertex 41.032 14.6986 6.5
    endloop
  endfacet
  facet normal 0 0 1
    outer loop
      vertex 40.3656 14.8655 6.5
      vertex 39.9364 12.7078 6.5
      vertex 40.3934 12.5933 6.5
    endloop
  endfacet
  facet normal 0 0 1
    outer loop
      vertex 39.6861 14.9663 6.5
      vertex 39.9364 12.7078 6.5
      vertex 40.3656 14.8655 6.5
    endloop
  endfacet
  facet normal 0 0 1
    outer loop
      vertex 39.6861 14.9663 6.5
      vertex 39.4705 12.7769 6.5
      vertex 39.9364 12.7078 6.5
    endloop
  endfacet
  facet normal 0 0 1
    outer loop
      vertex 39 15 6.5
      vertex 39.4705 12.7769 6.5
      vertex 39.6861 14.9663 6.5
    endloop
  endfacet
  facet normal 0 0 1
    outer loop
      vertex 39 15 6.5
      vertex 39 12.8 6.5
      vertex 39.4705 12.7769 6.5
    endloop
  endfacet
  facet normal -0 0 1
    outer loop
      vertex 7 15 6.5
      vertex 39 12.8 6.5
      vertex 39 15 6.5
    endloop
  endfacet
  facet normal 0 0 1
    outer loop
      vertex 7 15 6.5
      vertex 7 12.8 6.5
      vertex 39 12.8 6.5
    endloop
  endfacet
  facet normal 0 0 1
    outer loop
      vertex 7 15 6.5
      vertex 6.52953 12.7769 6.5
      vertex 7 12.8 6.5
    endloop
  endfacet
  facet normal -0 0 1
    outer loop
      vertex 6.31389 14.9663 6.5
      vertex 6.52953 12.7769 6.5
      vertex 7 15 6.5
    endloop
  endfacet
  facet normal 0 0 1
    outer loop
      vertex 6.31389 14.9663 6.5
      vertex 6.06357 12.7078 6.5
      vertex 6.52953 12.7769 6.5
    endloop
  endfacet
  facet normal -0 0 1
    outer loop
      vertex 5.63437 14.8655 6.5
      vertex 6.06357 12.7078 6.5
      vertex 6.31389 14.9663 6.5
    endloop
  endfacet
  facet normal 0 0 1
    outer loop
      vertex 5.63437 14.8655 6.5
      vertex 5.60664 12.5933 6.5
      vertex 6.06357 12.7078 6.5
    endloop
  endfacet
  facet normal -0 0 1
    outer loop
      vertex 4.96802 14.6986 6.5
      vertex 5.60664 12.5933 6.5
      vertex 5.63437 14.8655 6.5
    endloop
  endfacet
  facet normal 0 0 1
    outer loop
      vertex 5.60664 12.5933 6.5
      vertex 4.96802 14.6986 6.5
      vertex 5.16313 12.4346 6.5
    endloop
  endfacet
  facet normal -0 0 1
    outer loop
      vertex 4.32123 14.4671 6.5
      vertex 5.16313 12.4346 6.5
      vertex 4.96802 14.6986 6.5
    endloop
  endfacet
  facet normal 0 0 1
    outer loop
      vertex 5.16313 12.4346 6.5
      vertex 4.32123 14.4671 6.5
      vertex 4.7373 12.2332 6.5
    endloop
  endfacet
  facet normal -0 0 1
    outer loop
      vertex 3.70023 14.1734 6.5
      vertex 4.7373 12.2332 6.5
      vertex 4.32123 14.4671 6.5
    endloop
  endfacet
  facet normal 0 0 1
    outer loop
      vertex 4.7373 12.2332 6.5
      vertex 3.70023 14.1734 6.5
      vertex 4.33327 11.991 6.5
    endloop
  endfacet
  facet normal -0 0 1
    outer loop
      vertex 3.11102 13.8203 6.5
      vertex 4.33327 11.991 6.5
      vertex 3.70023 14.1734 6.5
    endloop
  endfacet
  facet normal 0 0 1
    outer loop
      vertex 4.33327 11.991 6.5
      vertex 3.11102 13.8203 6.5
      vertex 3.95493 11.7104 6.5
    endloop
  endfacet
  facet normal -0 0 1
    outer loop
      vertex 2.55925 13.4111 6.5
      vertex 3.95493 11.7104 6.5
      vertex 3.11102 13.8203 6.5
    endloop
  endfacet
  facet normal 0 0 1
    outer loop
      vertex 3.95493 11.7104 6.5
      vertex 2.55925 13.4111 6.5
      vertex 3.6059 11.3941 6.5
    endloop
  endfacet
  facet normal -0 0 1
    outer loop
      vertex 2.05026 12.9497 6.5
      vertex 3.6059 11.3941 6.5
      vertex 2.55925 13.4111 6.5
    endloop
  endfacet
  facet normal 0 0 1
    outer loop
      vertex 3.6059 11.3941 6.5
      vertex 2.05026 12.9497 6.5
      vertex 3.28955 11.0451 6.5
    endloop
  endfacet
  facet normal -0 0 1
    outer loop
      vertex 1.58893 12.4408 6.5
      vertex 3.28955 11.0451 6.5
      vertex 2.05026 12.9497 6.5
    endloop
  endfacet
  facet normal 0 0 1
    outer loop
      vertex 3.28955 11.0451 6.5
      vertex 1.58893 12.4408 6.5
      vertex 3.00896 10.6667 6.5
    endloop
  endfacet
  facet normal -0 0 1
    outer loop
      vertex 1.17972 11.889 6.5
      vertex 3.00896 10.6667 6.5
      vertex 1.58893 12.4408 6.5
    endloop
  endfacet
  facet normal 0 0 1
    outer loop
      vertex 3.00896 10.6667 6.5
      vertex 1.17972 11.889 6.5
      vertex 2.76678 10.2627 6.5
    endloop
  endfacet
  facet normal -0 0 1
    outer loop
      vertex 0.826553 11.2998 6.5
      vertex 2.76678 10.2627 6.5
      vertex 1.17972 11.889 6.5
    endloop
  endfacet
  facet normal 0 0 1
    outer loop
      vertex 2.76678 10.2627 6.5
      vertex 0.826553 11.2998 6.5
      vertex 2.56538 9.83687 6.5
    endloop
  endfacet
  facet normal -0 0 1
    outer loop
      vertex 0.532852 10.6788 6.5
      vertex 2.56538 9.83687 6.5
      vertex 0.826553 11.2998 6.5
    endloop
  endfacet
  facet normal 0 0 1
    outer loop
      vertex 2.56538 9.83687 6.5
      vertex 0.532852 10.6788 6.5
      vertex 2.40669 9.39336 6.5
    endloop
  endfacet
  facet normal -0 0 1
    outer loop
      vertex 0.301422 10.032 6.5
      vertex 2.40669 9.39336 6.5
      vertex 0.532852 10.6788 6.5
    endloop
  endfacet
  facet normal 0 0 1
    outer loop
      vertex 2.40669 9.39336 6.5
      vertex 0.301422 10.032 6.5
      vertex 2.29224 8.93643 6.5
    endloop
  endfacet
  facet normal -0 0 1
    outer loop
      vertex 0.134506 9.36563 6.5
      vertex 2.29224 8.93643 6.5
      vertex 0.301422 10.032 6.5
    endloop
  endfacet
  facet normal 0 0 1
    outer loop
      vertex 2.29224 8.93643 6.5
      vertex 0.134506 9.36563 6.5
      vertex 2.22311 8.47047 6.5
    endloop
  endfacet
  facet normal -0 0 1
    outer loop
      vertex 0.0337219 8.68611 6.5
      vertex 2.22311 8.47047 6.5
      vertex 0.134506 9.36563 6.5
    endloop
  endfacet
  facet normal 0 0 1
    outer loop
      vertex 2.22311 8.47047 6.5
      vertex 0.0337219 8.68611 6.5
      vertex 2.20001 8 6.5
    endloop
  endfacet
  facet normal 0 0 1
    outer loop
      vertex 0 8 6.5
      vertex 2.20001 8 6.5
      vertex 0.0337219 8.68611 6.5
    endloop
  endfacet
  facet normal 0 0 1
    outer loop
      vertex 2.20001 8 6.5
      vertex 0 8 6.5
      vertex 2.20001 7.65 6.5
    endloop
  endfacet
  facet normal 0 0 1
    outer loop
      vertex 2.20001 7.65 6.5
      vertex 0 8 6.5
      vertex 0 7.65 6.5
    endloop
  endfacet
  facet normal -0 0 1
    outer loop
      vertex 43.4346 -9.83687 6.5
      vertex 45.4671 -10.6788 6.5
      vertex 43.5933 -9.39336 6.5
    endloop
  endfacet
  facet normal 0 0 1
    outer loop
      vertex 45.4671 -10.6788 6.5
      vertex 43.4346 -9.83687 6.5
      vertex 45.1734 -11.2998 6.5
    endloop
  endfacet
  facet normal -0 0 1
    outer loop
      vertex 43.2332 -10.2627 6.5
      vertex 45.1734 -11.2998 6.5
      vertex 43.4346 -9.83687 6.5
    endloop
  endfacet
  facet normal 0 0 1
    outer loop
      vertex 45.1734 -11.2998 6.5
      vertex 43.2332 -10.2627 6.5
      vertex 44.8203 -11.889 6.5
    endloop
  endfacet
  facet normal -0 0 1
    outer loop
      vertex 42.991 -10.6667 6.5
      vertex 44.8203 -11.889 6.5
      vertex 43.2332 -10.2627 6.5
    endloop
  endfacet
  facet normal 0 0 1
    outer loop
      vertex 44.8203 -11.889 6.5
      vertex 42.991 -10.6667 6.5
      vertex 44.4111 -12.4408 6.5
    endloop
  endfacet
  facet normal -0 0 1
    outer loop
      vertex 42.7104 -11.0451 6.5
      vertex 44.4111 -12.4408 6.5
      vertex 42.991 -10.6667 6.5
    endloop
  endfacet
  facet normal 0 0 1
    outer loop
      vertex 44.4111 -12.4408 6.5
      vertex 42.7104 -11.0451 6.5
      vertex 43.9497 -12.9497 6.5
    endloop
  endfacet
  facet normal -0 0 1
    outer loop
      vertex 42.3941 -11.3941 6.5
      vertex 43.9497 -12.9497 6.5
      vertex 42.7104 -11.0451 6.5
    endloop
  endfacet
  facet normal 0 0 1
    outer loop
      vertex 43.9497 -12.9497 6.5
      vertex 42.3941 -11.3941 6.5
      vertex 43.4408 -13.4111 6.5
    endloop
  endfacet
  facet normal -0 0 1
    outer loop
      vertex 42.0451 -11.7104 6.5
      vertex 43.4408 -13.4111 6.5
      vertex 42.3941 -11.3941 6.5
    endloop
  endfacet
  facet normal 0 0 1
    outer loop
      vertex 43.4408 -13.4111 6.5
      vertex 42.0451 -11.7104 6.5
      vertex 42.889 -13.8203 6.5
    endloop
  endfacet
  facet normal -0 0 1
    outer loop
      vertex 41.6667 -11.991 6.5
      vertex 42.889 -13.8203 6.5
      vertex 42.0451 -11.7104 6.5
    endloop
  endfacet
  facet normal 0 0 1
    outer loop
      vertex 42.889 -13.8203 6.5
      vertex 41.6667 -11.991 6.5
      vertex 42.2998 -14.1734 6.5
    endloop
  endfacet
  facet normal -0 0 1
    outer loop
      vertex 41.2627 -12.2332 6.5
      vertex 42.2998 -14.1734 6.5
      vertex 41.6667 -11.991 6.5
    endloop
  endfacet
  facet normal 0 0 1
    outer loop
      vertex 42.2998 -14.1734 6.5
      vertex 41.2627 -12.2332 6.5
      vertex 41.6788 -14.4671 6.5
    endloop
  endfacet
  facet normal -0 0 1
    outer loop
      vertex 40.8369 -12.4346 6.5
      vertex 41.6788 -14.4671 6.5
      vertex 41.2627 -12.2332 6.5
    endloop
  endfacet
  facet normal 0 0 1
    outer loop
      vertex 41.6788 -14.4671 6.5
      vertex 40.8369 -12.4346 6.5
      vertex 41.032 -14.6986 6.5
    endloop
  endfacet
  facet normal -0 0 1
    outer loop
      vertex 40.3934 -12.5933 6.5
      vertex 41.032 -14.6986 6.5
      vertex 40.8369 -12.4346 6.5
    endloop
  endfacet
  facet normal 0 0 1
    outer loop
      vertex 40.3934 -12.5933 6.5
      vertex 40.3656 -14.8655 6.5
      vertex 41.032 -14.6986 6.5
    endloop
  endfacet
  facet normal -0 0 1
    outer loop
      vertex 39.9364 -12.7078 6.5
      vertex 40.3656 -14.8655 6.5
      vertex 40.3934 -12.5933 6.5
    endloop
  endfacet
  facet normal 0 0 1
    outer loop
      vertex 39.9364 -12.7078 6.5
      vertex 39.6861 -14.9663 6.5
      vertex 40.3656 -14.8655 6.5
    endloop
  endfacet
  facet normal -0 0 1
    outer loop
      vertex 39.4705 -12.7769 6.5
      vertex 39.6861 -14.9663 6.5
      vertex 39.9364 -12.7078 6.5
    endloop
  endfacet
  facet normal -0 0 1
    outer loop
      vertex 39 -12.8 6.5
      vertex 39.6861 -14.9663 6.5
      vertex 39.4705 -12.7769 6.5
    endloop
  endfacet
  facet normal 0 0 1
    outer loop
      vertex 39 -12.8 6.5
      vertex 39 -15 6.5
      vertex 39.6861 -14.9663 6.5
    endloop
  endfacet
  facet normal -0 0 1
    outer loop
      vertex 7 -12.8 6.5
      vertex 39 -15 6.5
      vertex 39 -12.8 6.5
    endloop
  endfacet
  facet normal 0 0 1
    outer loop
      vertex 7 -12.8 6.5
      vertex 7 -15 6.5
      vertex 39 -15 6.5
    endloop
  endfacet
  facet normal 0 0 1
    outer loop
      vertex 6.52953 -12.7769 6.5
      vertex 7 -15 6.5
      vertex 7 -12.8 6.5
    endloop
  endfacet
  facet normal 0 0 1
    outer loop
      vertex 6.52953 -12.7769 6.5
      vertex 6.31389 -14.9663 6.5
      vertex 7 -15 6.5
    endloop
  endfacet
  facet normal 0 0 1
    outer loop
      vertex 6.06357 -12.7078 6.5
      vertex 6.31389 -14.9663 6.5
      vertex 6.52953 -12.7769 6.5
    endloop
  endfacet
  facet normal 0 0 1
    outer loop
      vertex 6.06357 -12.7078 6.5
      vertex 5.63437 -14.8655 6.5
      vertex 6.31389 -14.9663 6.5
    endloop
  endfacet
  facet normal 0 0 1
    outer loop
      vertex 5.60664 -12.5933 6.5
      vertex 5.63437 -14.8655 6.5
      vertex 6.06357 -12.7078 6.5
    endloop
  endfacet
  facet normal 0 0 1
    outer loop
      vertex 4.96802 -14.6986 6.5
      vertex 5.60664 -12.5933 6.5
      vertex 5.16313 -12.4346 6.5
    endloop
  endfacet
  facet normal 0 0 1
    outer loop
      vertex 5.60664 -12.5933 6.5
      vertex 4.96802 -14.6986 6.5
      vertex 5.63437 -14.8655 6.5
    endloop
  endfacet
  facet normal 0 0 1
    outer loop
      vertex 4.32123 -14.4671 6.5
      vertex 5.16313 -12.4346 6.5
      vertex 4.7373 -12.2332 6.5
    endloop
  endfacet
  facet normal 0 0 1
    outer loop
      vertex 3.70023 -14.1734 6.5
      vertex 4.7373 -12.2332 6.5
      vertex 4.33327 -11.991 6.5
    endloop
  endfacet
  facet normal 0 0 1
    outer loop
      vertex 5.16313 -12.4346 6.5
      vertex 4.32123 -14.4671 6.5
      vertex 4.96802 -14.6986 6.5
    endloop
  endfacet
  facet normal 0 0 1
    outer loop
      vertex 3.11102 -13.8203 6.5
      vertex 4.33327 -11.991 6.5
      vertex 3.95493 -11.7104 6.5
    endloop
  endfacet
  facet normal 0 0 1
    outer loop
      vertex 4.7373 -12.2332 6.5
      vertex 3.70023 -14.1734 6.5
      vertex 4.32123 -14.4671 6.5
    endloop
  endfacet
  facet normal 0 0 1
    outer loop
      vertex 2.55925 -13.4111 6.5
      vertex 3.95493 -11.7104 6.5
      vertex 3.6059 -11.3941 6.5
    endloop
  endfacet
  facet normal 0 0 1
    outer loop
      vertex 2.05026 -12.9497 6.5
      vertex 3.6059 -11.3941 6.5
      vertex 3.28955 -11.0451 6.5
    endloop
  endfacet
  facet normal 0 0 1
    outer loop
      vertex 4.33327 -11.991 6.5
      vertex 3.11102 -13.8203 6.5
      vertex 3.70023 -14.1734 6.5
    endloop
  endfacet
  facet normal 0 0 1
    outer loop
      vertex 2.05026 -12.9497 6.5
      vertex 3.28955 -11.0451 6.5
      vertex 3.00896 -10.6667 6.5
    endloop
  endfacet
  facet normal 0 0 1
    outer loop
      vertex 2.05026 -12.9497 6.5
      vertex 3.00896 -10.6667 6.5
      vertex 2.76678 -10.2627 6.5
    endloop
  endfacet
  facet normal 0 0 1
    outer loop
      vertex 2.05026 -12.9497 6.5
      vertex 2.76678 -10.2627 6.5
      vertex 2.56538 -9.83687 6.5
    endloop
  endfacet
  facet normal 0 0 1
    outer loop
      vertex 3.95493 -11.7104 6.5
      vertex 2.55925 -13.4111 6.5
      vertex 3.11102 -13.8203 6.5
    endloop
  endfacet
  facet normal 0 0 1
    outer loop
      vertex 2.05026 -12.9497 6.5
      vertex 2.56538 -9.83687 6.5
      vertex 2.40669 -9.39336 6.5
    endloop
  endfacet
  facet normal 0 0 1
    outer loop
      vertex 2.05026 -12.9497 6.5
      vertex 2.40669 -9.39336 6.5
      vertex 2.29224 -8.93643 6.5
    endloop
  endfacet
  facet normal 0 0 1
    outer loop
      vertex 2.05026 -12.9497 6.5
      vertex 2.29224 -8.93643 6.5
      vertex 2.22311 -8.47047 6.5
    endloop
  endfacet
  facet normal 0 0 1
    outer loop
      vertex 3.6059 -11.3941 6.5
      vertex 2.05026 -12.9497 6.5
      vertex 2.55925 -13.4111 6.5
    endloop
  endfacet
  facet normal 0 0 1
    outer loop
      vertex 2.05026 -12.9497 6.5
      vertex 2.22311 -8.47047 6.5
      vertex 2.20001 -8 6.5
    endloop
  endfacet
  facet normal 0 0 1
    outer loop
      vertex 41.1785 2.2048 6.5
      vertex 42.8 4.72631 6.5
      vertex 42.5927 4.85057 6.5
    endloop
  endfacet
  facet normal 0 0 1
    outer loop
      vertex 42.8 4.72631 6.5
      vertex 42.5 0 6.5
      vertex 42.8 -4.72631 6.5
    endloop
  endfacet
  facet normal -0 0 1
    outer loop
      vertex 42.488 -0.245043 6.5
      vertex 42.8 -4.72631 6.5
      vertex 42.5 0 6.5
    endloop
  endfacet
  facet normal 0 0 1
    outer loop
      vertex 42.8 4.72631 6.5
      vertex 42.488 0.245043 6.5
      vertex 42.5 0 6.5
    endloop
  endfacet
  facet normal 0 0 1
    outer loop
      vertex 42.8 4.72631 6.5
      vertex 42.452 0.487725 6.5
      vertex 42.488 0.245043 6.5
    endloop
  endfacet
  facet normal 0 0 1
    outer loop
      vertex 42.8 4.72631 6.5
      vertex 42.3923 0.725711 6.5
      vertex 42.452 0.487725 6.5
    endloop
  endfacet
  facet normal 0 0 1
    outer loop
      vertex 42.8 4.72631 6.5
      vertex 42.3097 0.956708 6.5
      vertex 42.3923 0.725711 6.5
    endloop
  endfacet
  facet normal 0 0 1
    outer loop
      vertex 42.8 4.72631 6.5
      vertex 42.2048 1.17849 6.5
      vertex 42.3097 0.956708 6.5
    endloop
  endfacet
  facet normal 0 0 1
    outer loop
      vertex 41.1785 2.2048 6.5
      vertex 42.5927 4.85057 6.5
      vertex 42.1048 5.08134 6.5
    endloop
  endfacet
  facet normal 0 0 1
    outer loop
      vertex 42.8 4.72631 6.5
      vertex 42.0787 1.38893 6.5
      vertex 42.2048 1.17849 6.5
    endloop
  endfacet
  facet normal 0 0 1
    outer loop
      vertex 42.8 4.72631 6.5
      vertex 41.9325 1.58598 6.5
      vertex 42.0787 1.38893 6.5
    endloop
  endfacet
  facet normal 0 0 1
    outer loop
      vertex 42.8 4.72631 6.5
      vertex 41.7678 1.76777 6.5
      vertex 41.9325 1.58598 6.5
    endloop
  endfacet
  facet normal 0 0 1
    outer loop
      vertex 40.9567 2.3097 6.5
      vertex 42.1048 5.08134 6.5
      vertex 41.5966 5.26317 6.5
    endloop
  endfacet
  facet normal 0 0 1
    outer loop
      vertex 42.8 4.72631 6.5
      vertex 41.586 1.93253 6.5
      vertex 41.7678 1.76777 6.5
    endloop
  endfacet
  facet normal 0 0 1
    outer loop
      vertex 42.8 4.72631 6.5
      vertex 41.3889 2.07867 6.5
      vertex 41.586 1.93253 6.5
    endloop
  endfacet
  facet normal 0 0 1
    outer loop
      vertex 42.8 4.72631 6.5
      vertex 41.1785 2.2048 6.5
      vertex 41.3889 2.07867 6.5
    endloop
  endfacet
  facet normal 0 0 1
    outer loop
      vertex 40.7257 2.39235 6.5
      vertex 41.5966 5.26317 6.5
      vertex 41.073 5.39432 6.5
    endloop
  endfacet
  facet normal 0 0 1
    outer loop
      vertex 42.1048 5.08134 6.5
      vertex 40.9567 2.3097 6.5
      vertex 41.1785 2.2048 6.5
    endloop
  endfacet
  facet normal 0 0 1
    outer loop
      vertex 41.5966 5.26317 6.5
      vertex 40.7257 2.39235 6.5
      vertex 40.9567 2.3097 6.5
    endloop
  endfacet
  facet normal 0 0 1
    outer loop
      vertex 40.4877 2.45196 6.5
      vertex 41.073 5.39432 6.5
      vertex 40.5391 5.47352 6.5
    endloop
  endfacet
  facet normal 0 0 1
    outer loop
      vertex 41.073 5.39432 6.5
      vertex 40.4877 2.45196 6.5
      vertex 40.7257 2.39235 6.5
    endloop
  endfacet
  facet normal 0 0 1
    outer loop
      vertex 40.5391 5.47352 6.5
      vertex 40.245 2.48796 6.5
      vertex 40.4877 2.45196 6.5
    endloop
  endfacet
  facet normal 0 0 1
    outer loop
      vertex 40 5.5 6.5
      vertex 40.245 2.48796 6.5
      vertex 40.5391 5.47352 6.5
    endloop
  endfacet
  facet normal 0 0 1
    outer loop
      vertex 40 5.5 6.5
      vertex 40 2.5 6.5
      vertex 40.245 2.48796 6.5
    endloop
  endfacet
  facet normal 0 0 1
    outer loop
      vertex 40 5.5 6.5
      vertex 39.755 2.48796 6.5
      vertex 40 2.5 6.5
    endloop
  endfacet
  facet normal -0 0 1
    outer loop
      vertex 39.4609 5.47352 6.5
      vertex 39.755 2.48796 6.5
      vertex 40 5.5 6.5
    endloop
  endfacet
  facet normal 0 0 1
    outer loop
      vertex 39.755 2.48796 6.5
      vertex 39.4609 5.47352 6.5
      vertex 39.5123 2.45196 6.5
    endloop
  endfacet
  facet normal -0 0 1
    outer loop
      vertex 38.927 5.39432 6.5
      vertex 39.5123 2.45196 6.5
      vertex 39.4609 5.47352 6.5
    endloop
  endfacet
  facet normal 0 0 1
    outer loop
      vertex 39.5123 2.45196 6.5
      vertex 38.927 5.39432 6.5
      vertex 39.2743 2.39235 6.5
    endloop
  endfacet
  facet normal -0 0 1
    outer loop
      vertex 38.4034 5.26317 6.5
      vertex 39.2743 2.39235 6.5
      vertex 38.927 5.39432 6.5
    endloop
  endfacet
  facet normal 0 0 1
    outer loop
      vertex 39.2743 2.39235 6.5
      vertex 38.4034 5.26317 6.5
      vertex 39.0433 2.3097 6.5
    endloop
  endfacet
  facet normal -0 0 1
    outer loop
      vertex 37.8952 5.08134 6.5
      vertex 39.0433 2.3097 6.5
      vertex 38.4034 5.26317 6.5
    endloop
  endfacet
  facet normal 0 0 1
    outer loop
      vertex 39.0433 2.3097 6.5
      vertex 37.8952 5.08134 6.5
      vertex 38.8215 2.2048 6.5
    endloop
  endfacet
  facet normal -0 0 1
    outer loop
      vertex 37.4073 4.85057 6.5
      vertex 38.8215 2.2048 6.5
      vertex 37.8952 5.08134 6.5
    endloop
  endfacet
  facet normal 0 0 1
    outer loop
      vertex 38.8215 2.2048 6.5
      vertex 37.4073 4.85057 6.5
      vertex 38.6111 2.07867 6.5
    endloop
  endfacet
  facet normal -0 0 1
    outer loop
      vertex 36.9444 4.57308 6.5
      vertex 38.6111 2.07867 6.5
      vertex 37.4073 4.85057 6.5
    endloop
  endfacet
  facet normal 0 0 1
    outer loop
      vertex 38.6111 2.07867 6.5
      vertex 36.9444 4.57308 6.5
      vertex 38.414 1.93253 6.5
    endloop
  endfacet
  facet normal -0 0 1
    outer loop
      vertex 36.5108 4.25156 6.5
      vertex 38.414 1.93253 6.5
      vertex 36.9444 4.57308 6.5
    endloop
  endfacet
  facet normal 0 0 1
    outer loop
      vertex 38.414 1.93253 6.5
      vertex 36.5108 4.25156 6.5
      vertex 38.2322 1.76777 6.5
    endloop
  endfacet
  facet normal -0 0 1
    outer loop
      vertex 36.1109 3.88909 6.5
      vertex 38.2322 1.76777 6.5
      vertex 36.5108 4.25156 6.5
    endloop
  endfacet
  facet normal 0 0 1
    outer loop
      vertex 38.2322 1.76777 6.5
      vertex 36.1109 3.88909 6.5
      vertex 38.0675 1.58598 6.5
    endloop
  endfacet
  facet normal -0 0 1
    outer loop
      vertex 35.7484 3.48916 6.5
      vertex 38.0675 1.58598 6.5
      vertex 36.1109 3.88909 6.5
    endloop
  endfacet
  facet normal 0 0 1
    outer loop
      vertex 38.0675 1.58598 6.5
      vertex 35.7484 3.48916 6.5
      vertex 37.9213 1.38893 6.5
    endloop
  endfacet
  facet normal 0 0 1
    outer loop
      vertex 37.9213 1.38893 6.5
      vertex 35.4269 3.05564 6.5
      vertex 37.7952 1.17849 6.5
    endloop
  endfacet
  facet normal -0 0 1
    outer loop
      vertex 35.4269 3.05564 6.5
      vertex 37.9213 1.38893 6.5
      vertex 35.7484 3.48916 6.5
    endloop
  endfacet
  facet normal -0 0 1
    outer loop
      vertex 42.452 -0.487725 6.5
      vertex 42.8 -4.72631 6.5
      vertex 42.488 -0.245043 6.5
    endloop
  endfacet
  facet normal -0 0 1
    outer loop
      vertex 42.3923 -0.725711 6.5
      vertex 42.8 -4.72631 6.5
      vertex 42.452 -0.487725 6.5
    endloop
  endfacet
  facet normal -0 0 1
    outer loop
      vertex 42.3097 -0.956708 6.5
      vertex 42.8 -4.72631 6.5
      vertex 42.3923 -0.725711 6.5
    endloop
  endfacet
  facet normal -0 0 1
    outer loop
      vertex 42.2048 -1.17849 6.5
      vertex 42.8 -4.72631 6.5
      vertex 42.3097 -0.956708 6.5
    endloop
  endfacet
  facet normal -0 0 1
    outer loop
      vertex 42.0787 -1.38893 6.5
      vertex 42.8 -4.72631 6.5
      vertex 42.2048 -1.17849 6.5
    endloop
  endfacet
  facet normal -0 0 1
    outer loop
      vertex 41.9325 -1.58598 6.5
      vertex 42.8 -4.72631 6.5
      vertex 42.0787 -1.38893 6.5
    endloop
  endfacet
  facet normal -0 0 1
    outer loop
      vertex 41.7678 -1.76777 6.5
      vertex 42.8 -4.72631 6.5
      vertex 41.9325 -1.58598 6.5
    endloop
  endfacet
  facet normal -0 0 1
    outer loop
      vertex 41.586 -1.93253 6.5
      vertex 42.8 -4.72631 6.5
      vertex 41.7678 -1.76777 6.5
    endloop
  endfacet
  facet normal -0 0 1
    outer loop
      vertex 41.3889 -2.07867 6.5
      vertex 42.8 -4.72631 6.5
      vertex 41.586 -1.93253 6.5
    endloop
  endfacet
  facet normal -0 0 1
    outer loop
      vertex 41.1785 -2.2048 6.5
      vertex 42.8 -4.72631 6.5
      vertex 41.3889 -2.07867 6.5
    endloop
  endfacet
  facet normal 0 0 1
    outer loop
      vertex 42.8 -4.72631 6.5
      vertex 41.1785 -2.2048 6.5
      vertex 42.5927 -4.85057 6.5
    endloop
  endfacet
  facet normal 0 0 1
    outer loop
      vertex 42.5927 -4.85057 6.5
      vertex 41.1785 -2.2048 6.5
      vertex 42.1048 -5.08134 6.5
    endloop
  endfacet
  facet normal -0 0 1
    outer loop
      vertex 40.9567 -2.3097 6.5
      vertex 42.1048 -5.08134 6.5
      vertex 41.1785 -2.2048 6.5
    endloop
  endfacet
  facet normal 0 0 1
    outer loop
      vertex 42.1048 -5.08134 6.5
      vertex 40.9567 -2.3097 6.5
      vertex 41.5966 -5.26317 6.5
    endloop
  endfacet
  facet normal -0 0 1
    outer loop
      vertex 40.7257 -2.39235 6.5
      vertex 41.5966 -5.26317 6.5
      vertex 40.9567 -2.3097 6.5
    endloop
  endfacet
  facet normal 0 0 1
    outer loop
      vertex 41.5966 -5.26317 6.5
      vertex 40.7257 -2.39235 6.5
      vertex 41.073 -5.39432 6.5
    endloop
  endfacet
  facet normal -0 0 1
    outer loop
      vertex 40.4877 -2.45196 6.5
      vertex 41.073 -5.39432 6.5
      vertex 40.7257 -2.39235 6.5
    endloop
  endfacet
  facet normal 0 0 1
    outer loop
      vertex 41.073 -5.39432 6.5
      vertex 40.4877 -2.45196 6.5
      vertex 40.5391 -5.47352 6.5
    endloop
  endfacet
  facet normal -0 0 1
    outer loop
      vertex 40.245 -2.48796 6.5
      vertex 40.5391 -5.47352 6.5
      vertex 40.4877 -2.45196 6.5
    endloop
  endfacet
  facet normal -0 0 1
    outer loop
      vertex 40 -2.5 6.5
      vertex 40.5391 -5.47352 6.5
      vertex 40.245 -2.48796 6.5
    endloop
  endfacet
  facet normal 0 0 1
    outer loop
      vertex 40 -2.5 6.5
      vertex 40 -5.5 6.5
      vertex 40.5391 -5.47352 6.5
    endloop
  endfacet
  facet normal 0 0 1
    outer loop
      vertex 39.755 -2.48796 6.5
      vertex 40 -5.5 6.5
      vertex 40 -2.5 6.5
    endloop
  endfacet
  facet normal 0 0 1
    outer loop
      vertex 39.4609 -5.47352 6.5
      vertex 39.755 -2.48796 6.5
      vertex 39.5123 -2.45196 6.5
    endloop
  endfacet
  facet normal 0 0 1
    outer loop
      vertex 39.755 -2.48796 6.5
      vertex 39.4609 -5.47352 6.5
      vertex 40 -5.5 6.5
    endloop
  endfacet
  facet normal 0 0 1
    outer loop
      vertex 38.927 -5.39432 6.5
      vertex 39.5123 -2.45196 6.5
      vertex 39.2743 -2.39235 6.5
    endloop
  endfacet
  facet normal 0 0 1
    outer loop
      vertex 38.4034 -5.26317 6.5
      vertex 39.2743 -2.39235 6.5
      vertex 39.0433 -2.3097 6.5
    endloop
  endfacet
  facet normal 0 0 1
    outer loop
      vertex 39.5123 -2.45196 6.5
      vertex 38.927 -5.39432 6.5
      vertex 39.4609 -5.47352 6.5
    endloop
  endfacet
  facet normal 0 0 1
    outer loop
      vertex 37.8952 -5.08134 6.5
      vertex 39.0433 -2.3097 6.5
      vertex 38.8215 -2.2048 6.5
    endloop
  endfacet
  facet normal 0 0 1
    outer loop
      vertex 37.4073 -4.85057 6.5
      vertex 38.8215 -2.2048 6.5
      vertex 38.6111 -2.07867 6.5
    endloop
  endfacet
  facet normal 0 0 1
    outer loop
      vertex 36.9444 -4.57308 6.5
      vertex 38.6111 -2.07867 6.5
      vertex 38.414 -1.93253 6.5
    endloop
  endfacet
  facet normal 0 0 1
    outer loop
      vertex 39.2743 -2.39235 6.5
      vertex 38.4034 -5.26317 6.5
      vertex 38.927 -5.39432 6.5
    endloop
  endfacet
  facet normal 0 0 1
    outer loop
      vertex 36.5108 -4.25156 6.5
      vertex 38.414 -1.93253 6.5
      vertex 38.2322 -1.76777 6.5
    endloop
  endfacet
  facet normal 0 0 1
    outer loop
      vertex 36.1109 -3.88909 6.5
      vertex 38.2322 -1.76777 6.5
      vertex 38.0675 -1.58598 6.5
    endloop
  endfacet
  facet normal 0 0 1
    outer loop
      vertex 35.7484 -3.48916 6.5
      vertex 38.0675 -1.58598 6.5
      vertex 37.9213 -1.38893 6.5
    endloop
  endfacet
  facet normal 0 0 1
    outer loop
      vertex 39.0433 -2.3097 6.5
      vertex 37.8952 -5.08134 6.5
      vertex 38.4034 -5.26317 6.5
    endloop
  endfacet
  facet normal 0 0 1
    outer loop
      vertex 35.4269 -3.05564 6.5
      vertex 37.9213 -1.38893 6.5
      vertex 37.7952 -1.17849 6.5
    endloop
  endfacet
  facet normal 0 0 1
    outer loop
      vertex 35.1494 -2.59268 6.5
      vertex 37.7952 -1.17849 6.5
      vertex 37.6903 -0.956708 6.5
    endloop
  endfacet
  facet normal 0 0 1
    outer loop
      vertex 34.9187 -2.10476 6.5
      vertex 37.6903 -0.956708 6.5
      vertex 37.6077 -0.725711 6.5
    endloop
  endfacet
  facet normal 0 0 1
    outer loop
      vertex 34.7368 -1.59657 6.5
      vertex 37.6077 -0.725711 6.5
      vertex 37.548 -0.487725 6.5
    endloop
  endfacet
  facet normal 0 0 1
    outer loop
      vertex 34.6057 -1.073 6.5
      vertex 37.548 -0.487725 6.5
      vertex 37.512 -0.245043 6.5
    endloop
  endfacet
  facet normal 0 0 1
    outer loop
      vertex 38.8215 -2.2048 6.5
      vertex 37.4073 -4.85057 6.5
      vertex 37.8952 -5.08134 6.5
    endloop
  endfacet
  facet normal 0 0 1
    outer loop
      vertex 34.5265 -0.539094 6.5
      vertex 37.512 -0.245043 6.5
      vertex 37.5 0 6.5
    endloop
  endfacet
  facet normal -0 0 1
    outer loop
      vertex 35.1494 2.59268 6.5
      vertex 37.7952 1.17849 6.5
      vertex 35.4269 3.05564 6.5
    endloop
  endfacet
  facet normal 0 0 1
    outer loop
      vertex 37.7952 1.17849 6.5
      vertex 35.1494 2.59268 6.5
      vertex 37.6903 0.956708 6.5
    endloop
  endfacet
  facet normal 0 0 1
    outer loop
      vertex 38.6111 -2.07867 6.5
      vertex 36.9444 -4.57308 6.5
      vertex 37.4073 -4.85057 6.5
    endloop
  endfacet
  facet normal -0 0 1
    outer loop
      vertex 34.9187 2.10476 6.5
      vertex 37.6903 0.956708 6.5
      vertex 35.1494 2.59268 6.5
    endloop
  endfacet
  facet normal 0 0 1
    outer loop
      vertex 38.414 -1.93253 6.5
      vertex 36.5108 -4.25156 6.5
      vertex 36.9444 -4.57308 6.5
    endloop
  endfacet
  facet normal 0 0 1
    outer loop
      vertex 37.6903 0.956708 6.5
      vertex 34.9187 2.10476 6.5
      vertex 37.6077 0.725711 6.5
    endloop
  endfacet
  facet normal 0 0 1
    outer loop
      vertex 38.2322 -1.76777 6.5
      vertex 36.1109 -3.88909 6.5
      vertex 36.5108 -4.25156 6.5
    endloop
  endfacet
  facet normal -0 0 1
    outer loop
      vertex 34.7368 1.59657 6.5
      vertex 37.6077 0.725711 6.5
      vertex 34.9187 2.10476 6.5
    endloop
  endfacet
  facet normal 0 0 1
    outer loop
      vertex 38.0675 -1.58598 6.5
      vertex 35.7484 -3.48916 6.5
      vertex 36.1109 -3.88909 6.5
    endloop
  endfacet
  facet normal 0 0 1
    outer loop
      vertex 37.6077 0.725711 6.5
      vertex 34.7368 1.59657 6.5
      vertex 37.548 0.487725 6.5
    endloop
  endfacet
  facet normal 0 0 1
    outer loop
      vertex 37.9213 -1.38893 6.5
      vertex 35.4269 -3.05564 6.5
      vertex 35.7484 -3.48916 6.5
    endloop
  endfacet
  facet normal -0 0 1
    outer loop
      vertex 34.6057 1.073 6.5
      vertex 37.548 0.487725 6.5
      vertex 34.7368 1.59657 6.5
    endloop
  endfacet
  facet normal 0 0 1
    outer loop
      vertex 37.7952 -1.17849 6.5
      vertex 35.1494 -2.59268 6.5
      vertex 35.4269 -3.05564 6.5
    endloop
  endfacet
  facet normal 0 0 1
    outer loop
      vertex 37.548 0.487725 6.5
      vertex 34.6057 1.073 6.5
      vertex 37.512 0.245043 6.5
    endloop
  endfacet
  facet normal 0 0 1
    outer loop
      vertex 37.6903 -0.956708 6.5
      vertex 34.9187 -2.10476 6.5
      vertex 35.1494 -2.59268 6.5
    endloop
  endfacet
  facet normal -0 0 1
    outer loop
      vertex 34.5265 0.539094 6.5
      vertex 37.512 0.245043 6.5
      vertex 34.6057 1.073 6.5
    endloop
  endfacet
  facet normal 0 0 1
    outer loop
      vertex 37.6077 -0.725711 6.5
      vertex 34.7368 -1.59657 6.5
      vertex 34.9187 -2.10476 6.5
    endloop
  endfacet
  facet normal 0 0 1
    outer loop
      vertex 37.512 0.245043 6.5
      vertex 34.5265 0.539094 6.5
      vertex 37.5 0 6.5
    endloop
  endfacet
  facet normal 0 0 1
    outer loop
      vertex 37.548 -0.487725 6.5
      vertex 34.6057 -1.073 6.5
      vertex 34.7368 -1.59657 6.5
    endloop
  endfacet
  facet normal 0 0 1
    outer loop
      vertex 34.5 0 6.5
      vertex 37.5 0 6.5
      vertex 34.5265 0.539094 6.5
    endloop
  endfacet
  facet normal 0 0 1
    outer loop
      vertex 37.512 -0.245043 6.5
      vertex 34.5265 -0.539094 6.5
      vertex 34.6057 -1.073 6.5
    endloop
  endfacet
  facet normal 0 0 1
    outer loop
      vertex 37.5 0 6.5
      vertex 34.5 0 6.5
      vertex 34.5265 -0.539094 6.5
    endloop
  endfacet
  facet normal 0 0 1
    outer loop
      vertex 8.18315 0.34306 6.5
      vertex 8.18315 -0.34306 6.5
      vertex 8.2 0 6.5
    endloop
  endfacet
  facet normal 0 0 1
    outer loop
      vertex 8.13275 0.682816 6.5
      vertex 8.18315 -0.34306 6.5
      vertex 8.18315 0.34306 6.5
    endloop
  endfacet
  facet normal 0 0 1
    outer loop
      vertex 8.13275 0.682816 6.5
      vertex 8.13275 -0.682816 6.5
      vertex 8.18315 -0.34306 6.5
    endloop
  endfacet
  facet normal 0 0 1
    outer loop
      vertex 8.04929 1.016 6.5
      vertex 8.13275 -0.682816 6.5
      vertex 8.13275 0.682816 6.5
    endloop
  endfacet
  facet normal 0 0 1
    outer loop
      vertex 8.04929 1.016 6.5
      vertex 8.04929 -1.016 6.5
      vertex 8.13275 -0.682816 6.5
    endloop
  endfacet
  facet normal 0 0 1
    outer loop
      vertex 7.93358 1.33939 6.5
      vertex 8.04929 -1.016 6.5
      vertex 8.04929 1.016 6.5
    endloop
  endfacet
  facet normal 0 0 1
    outer loop
      vertex 7.93358 1.33939 6.5
      vertex 7.93358 -1.33939 6.5
      vertex 8.04929 -1.016 6.5
    endloop
  endfacet
  facet normal 0 0 1
    outer loop
      vertex 7.78672 1.64989 6.5
      vertex 7.93358 -1.33939 6.5
      vertex 7.93358 1.33939 6.5
    endloop
  endfacet
  facet normal 0 0 1
    outer loop
      vertex 7.78672 1.64989 6.5
      vertex 7.78672 -1.64989 6.5
      vertex 7.93358 -1.33939 6.5
    endloop
  endfacet
  facet normal 0 0 1
    outer loop
      vertex 7.5 2.09301 6.5
      vertex 7.78672 1.64989 6.5
      vertex 7.61014 1.9445 6.5
    endloop
  endfacet
  facet normal 0 0 1
    outer loop
      vertex 7.78672 1.64989 6.5
      vertex 7.5 2.09301 6.5
      vertex 7.78672 -1.64989 6.5
    endloop
  endfacet
  facet normal 0 0 1
    outer loop
      vertex 7.5 -2.09301 6.5
      vertex 7.78672 -1.64989 6.5
      vertex 7.5 2.09301 6.5
    endloop
  endfacet
  facet normal 0 0 1
    outer loop
      vertex 7.78672 -1.64989 6.5
      vertex 7.5 -2.09301 6.5
      vertex 7.61014 -1.9445 6.5
    endloop
  endfacet
  facet normal 0 0 1
    outer loop
      vertex 14.1846 -9.68635 6.5
      vertex 11.9952 -9.90198 6.5
      vertex 12 -10 6.5
    endloop
  endfacet
  facet normal 0 0 1
    outer loop
      vertex 12.5085 -7.17785 6.5
      vertex 11.9808 -9.80491 6.5
      vertex 11.9952 -9.90198 6.5
    endloop
  endfacet
  facet normal 0 0 1
    outer loop
      vertex 12.5085 -7.17785 6.5
      vertex 11.9569 -9.70971 6.5
      vertex 11.9808 -9.80491 6.5
    endloop
  endfacet
  facet normal 0 0 1
    outer loop
      vertex 11.3827 -9.07612 6.5
      vertex 12.2246 -7.04358 6.5
      vertex 11.9289 -6.93779 6.5
    endloop
  endfacet
  facet normal 0 0 1
    outer loop
      vertex 12.5085 -7.17785 6.5
      vertex 11.9239 -9.61732 6.5
      vertex 11.9569 -9.70971 6.5
    endloop
  endfacet
  facet normal 0 0 1
    outer loop
      vertex 12.5085 -7.17785 6.5
      vertex 11.8819 -9.5286 6.5
      vertex 11.9239 -9.61732 6.5
    endloop
  endfacet
  facet normal 0 0 1
    outer loop
      vertex 12.5085 -7.17785 6.5
      vertex 11.8315 -9.44443 6.5
      vertex 11.8819 -9.5286 6.5
    endloop
  endfacet
  facet normal 0 0 1
    outer loop
      vertex 12.5085 -7.17785 6.5
      vertex 11.773 -9.36561 6.5
      vertex 11.8315 -9.44443 6.5
    endloop
  endfacet
  facet normal 0 0 1
    outer loop
      vertex 12.5085 -7.17785 6.5
      vertex 11.7071 -9.29289 6.5
      vertex 11.773 -9.36561 6.5
    endloop
  endfacet
  facet normal 0 0 1
    outer loop
      vertex 12.5085 -7.17785 6.5
      vertex 11.6344 -9.22699 6.5
      vertex 11.7071 -9.29289 6.5
    endloop
  endfacet
  facet normal 0 0 1
    outer loop
      vertex 11.2903 -9.04306 6.5
      vertex 11.9289 -6.93779 6.5
      vertex 11.6243 -6.86149 6.5
    endloop
  endfacet
  facet normal 0 0 1
    outer loop
      vertex 12.5085 -7.17785 6.5
      vertex 11.5556 -9.16853 6.5
      vertex 11.6344 -9.22699 6.5
    endloop
  endfacet
  facet normal 0 0 1
    outer loop
      vertex 12.5085 -7.17785 6.5
      vertex 11.4714 -9.11808 6.5
      vertex 11.5556 -9.16853 6.5
    endloop
  endfacet
  facet normal 0 0 1
    outer loop
      vertex 12.2246 -7.04358 6.5
      vertex 11.3827 -9.07612 6.5
      vertex 11.4714 -9.11808 6.5
    endloop
  endfacet
  facet normal 0 0 1
    outer loop
      vertex 11.1951 -9.01921 6.5
      vertex 11.6243 -6.86149 6.5
      vertex 11.3137 -6.81541 6.5
    endloop
  endfacet
  facet normal 0 0 1
    outer loop
      vertex 11.9289 -6.93779 6.5
      vertex 11.2903 -9.04306 6.5
      vertex 11.3827 -9.07612 6.5
    endloop
  endfacet
  facet normal 0 0 1
    outer loop
      vertex 11.6243 -6.86149 6.5
      vertex 11.1951 -9.01921 6.5
      vertex 11.2903 -9.04306 6.5
    endloop
  endfacet
  facet normal 0 0 1
    outer loop
      vertex 11.3137 -6.81541 6.5
      vertex 11.098 -9.00482 6.5
      vertex 11.1951 -9.01921 6.5
    endloop
  endfacet
  facet normal 0 0 1
    outer loop
      vertex 11 -6.8 6.5
      vertex 11.098 -9.00482 6.5
      vertex 11.3137 -6.81541 6.5
    endloop
  endfacet
  facet normal 0 0 1
    outer loop
      vertex 11 -6.8 6.5
      vertex 11 -9 6.5
      vertex 11.098 -9.00482 6.5
    endloop
  endfacet
  facet normal 0 0 1
    outer loop
      vertex 11 -6.8 6.5
      vertex 10.902 -9.00482 6.5
      vertex 11 -9 6.5
    endloop
  endfacet
  facet normal -0 0 1
    outer loop
      vertex 10.6863 -6.81541 6.5
      vertex 10.902 -9.00482 6.5
      vertex 11 -6.8 6.5
    endloop
  endfacet
  facet normal 0 0 1
    outer loop
      vertex 10.902 -9.00482 6.5
      vertex 10.6863 -6.81541 6.5
      vertex 10.8049 -9.01921 6.5
    endloop
  endfacet
  facet normal -0 0 1
    outer loop
      vertex 10.3757 -6.86149 6.5
      vertex 10.8049 -9.01921 6.5
      vertex 10.6863 -6.81541 6.5
    endloop
  endfacet
  facet normal 0 0 1
    outer loop
      vertex 10.8049 -9.01921 6.5
      vertex 10.3757 -6.86149 6.5
      vertex 10.7097 -9.04306 6.5
    endloop
  endfacet
  facet normal -0 0 1
    outer loop
      vertex 10.0711 -6.93779 6.5
      vertex 10.7097 -9.04306 6.5
      vertex 10.3757 -6.86149 6.5
    endloop
  endfacet
  facet normal 0 0 1
    outer loop
      vertex 10.7097 -9.04306 6.5
      vertex 10.0711 -6.93779 6.5
      vertex 10.6173 -9.07612 6.5
    endloop
  endfacet
  facet normal -0 0 1
    outer loop
      vertex 9.77541 -7.04358 6.5
      vertex 10.6173 -9.07612 6.5
      vertex 10.0711 -6.93779 6.5
    endloop
  endfacet
  facet normal 0 0 1
    outer loop
      vertex 10.6173 -9.07612 6.5
      vertex 9.77541 -7.04358 6.5
      vertex 10.5286 -9.11808 6.5
    endloop
  endfacet
  facet normal -0 0 1
    outer loop
      vertex 9.49153 -7.17785 6.5
      vertex 10.5286 -9.11808 6.5
      vertex 9.77541 -7.04358 6.5
    endloop
  endfacet
  facet normal 0 0 1
    outer loop
      vertex 10.5286 -9.11808 6.5
      vertex 9.49153 -7.17785 6.5
      vertex 10.4444 -9.16853 6.5
    endloop
  endfacet
  facet normal -0 0 1
    outer loop
      vertex 9.22217 -7.3393 6.5
      vertex 10.4444 -9.16853 6.5
      vertex 9.49153 -7.17785 6.5
    endloop
  endfacet
  facet normal 0 0 1
    outer loop
      vertex 10.4444 -9.16853 6.5
      vertex 9.22217 -7.3393 6.5
      vertex 10.3656 -9.22699 6.5
    endloop
  endfacet
  facet normal -0 0 1
    outer loop
      vertex 8.96994 -7.52637 6.5
      vertex 10.3656 -9.22699 6.5
      vertex 9.22217 -7.3393 6.5
    endloop
  endfacet
  facet normal 0 0 1
    outer loop
      vertex 10.3656 -9.22699 6.5
      vertex 8.96994 -7.52637 6.5
      vertex 10.2929 -9.29289 6.5
    endloop
  endfacet
  facet normal -0 0 1
    outer loop
      vertex 8.73726 -7.73726 6.5
      vertex 10.2929 -9.29289 6.5
      vertex 8.96994 -7.52637 6.5
    endloop
  endfacet
  facet normal 0 0 1
    outer loop
      vertex 10.2929 -9.29289 6.5
      vertex 8.73726 -7.73726 6.5
      vertex 10.227 -9.36561 6.5
    endloop
  endfacet
  facet normal -0 0 1
    outer loop
      vertex 8.52637 -7.96994 6.5
      vertex 10.227 -9.36561 6.5
      vertex 8.73726 -7.73726 6.5
    endloop
  endfacet
  facet normal 0 0 1
    outer loop
      vertex 10.227 -9.36561 6.5
      vertex 8.52637 -7.96994 6.5
      vertex 10.1685 -9.44443 6.5
    endloop
  endfacet
  facet normal -0 0 1
    outer loop
      vertex 8.3393 -8.22217 6.5
      vertex 10.1685 -9.44443 6.5
      vertex 8.52637 -7.96994 6.5
    endloop
  endfacet
  facet normal 0 0 1
    outer loop
      vertex 12 -10 6.5
      vertex 14.2 -10 6.5
      vertex 14.1846 -9.68635 6.5
    endloop
  endfacet
  facet normal 0 0 1
    outer loop
      vertex 11.9952 -9.90198 6.5
      vertex 14.1846 -9.68635 6.5
      vertex 14.1385 -9.37571 6.5
    endloop
  endfacet
  facet normal 0 0 1
    outer loop
      vertex 14.2 -10 6.5
      vertex 12 -10 6.5
      vertex 14.1846 -10.3137 6.5
    endloop
  endfacet
  facet normal 0 0 1
    outer loop
      vertex 11.9952 -9.90198 6.5
      vertex 14.1385 -9.37571 6.5
      vertex 14.0622 -9.07109 6.5
    endloop
  endfacet
  facet normal -0 0 1
    outer loop
      vertex 11.9952 -10.098 6.5
      vertex 14.1846 -10.3137 6.5
      vertex 12 -10 6.5
    endloop
  endfacet
  facet normal 0 0 1
    outer loop
      vertex 11.9952 -9.90198 6.5
      vertex 14.0622 -9.07109 6.5
      vertex 13.9564 -8.77541 6.5
    endloop
  endfacet
  facet normal 0 0 1
    outer loop
      vertex 14.1846 -10.3137 6.5
      vertex 11.9952 -10.098 6.5
      vertex 14.1385 -10.6243 6.5
    endloop
  endfacet
  facet normal 0 0 1
    outer loop
      vertex 11.9952 -9.90198 6.5
      vertex 13.9564 -8.77541 6.5
      vertex 13.8221 -8.49153 6.5
    endloop
  endfacet
  facet normal -0 0 1
    outer loop
      vertex 11.9808 -10.1951 6.5
      vertex 14.1385 -10.6243 6.5
      vertex 11.9952 -10.098 6.5
    endloop
  endfacet
  facet normal 0 0 1
    outer loop
      vertex 11.9952 -9.90198 6.5
      vertex 13.8221 -8.49153 6.5
      vertex 13.6607 -8.22217 6.5
    endloop
  endfacet
  facet normal 0 0 1
    outer loop
      vertex 14.1385 -10.6243 6.5
      vertex 11.9808 -10.1951 6.5
      vertex 14.0622 -10.9289 6.5
    endloop
  endfacet
  facet normal -0 0 1
    outer loop
      vertex 11.9569 -10.2903 6.5
      vertex 14.0622 -10.9289 6.5
      vertex 11.9808 -10.1951 6.5
    endloop
  endfacet
  facet normal 0 0 1
    outer loop
      vertex 11.9952 -9.90198 6.5
      vertex 13.6607 -8.22217 6.5
      vertex 13.4736 -7.96994 6.5
    endloop
  endfacet
  facet normal 0 0 1
    outer loop
      vertex 11.9952 -9.90198 6.5
      vertex 13.4736 -7.96994 6.5
      vertex 13.2627 -7.73726 6.5
    endloop
  endfacet
  facet normal 0 0 1
    outer loop
      vertex 11.9952 -9.90198 6.5
      vertex 13.2627 -7.73726 6.5
      vertex 13.0301 -7.52637 6.5
    endloop
  endfacet
  facet normal 0 0 1
    outer loop
      vertex 11.9952 -9.90198 6.5
      vertex 13.0301 -7.52637 6.5
      vertex 12.7778 -7.3393 6.5
    endloop
  endfacet
  facet normal 0 0 1
    outer loop
      vertex 11.9952 -9.90198 6.5
      vertex 12.7778 -7.3393 6.5
      vertex 12.5085 -7.17785 6.5
    endloop
  endfacet
  facet normal 0 0 1
    outer loop
      vertex 11.4714 -9.11808 6.5
      vertex 12.5085 -7.17785 6.5
      vertex 12.2246 -7.04358 6.5
    endloop
  endfacet
  facet normal 0 0 1
    outer loop
      vertex 14.0622 -10.9289 6.5
      vertex 11.9569 -10.2903 6.5
      vertex 13.9564 -11.2246 6.5
    endloop
  endfacet
  facet normal -0 0 1
    outer loop
      vertex 11.9239 -10.3827 6.5
      vertex 13.9564 -11.2246 6.5
      vertex 11.9569 -10.2903 6.5
    endloop
  endfacet
  facet normal 0 0 1
    outer loop
      vertex 13.9564 -11.2246 6.5
      vertex 11.9239 -10.3827 6.5
      vertex 13.8221 -11.5085 6.5
    endloop
  endfacet
  facet normal -0 0 1
    outer loop
      vertex 11.8819 -10.4714 6.5
      vertex 13.8221 -11.5085 6.5
      vertex 11.9239 -10.3827 6.5
    endloop
  endfacet
  facet normal 0 0 1
    outer loop
      vertex 13.8221 -11.5085 6.5
      vertex 11.8819 -10.4714 6.5
      vertex 13.6607 -11.7778 6.5
    endloop
  endfacet
  facet normal -0 0 1
    outer loop
      vertex 11.8315 -10.5556 6.5
      vertex 13.6607 -11.7778 6.5
      vertex 11.8819 -10.4714 6.5
    endloop
  endfacet
  facet normal 0 0 1
    outer loop
      vertex 13.6607 -11.7778 6.5
      vertex 11.8315 -10.5556 6.5
      vertex 13.6443 -11.8 6.5
    endloop
  endfacet
  facet normal -0 0 1
    outer loop
      vertex 11.773 -10.6344 6.5
      vertex 13.6443 -11.8 6.5
      vertex 11.8315 -10.5556 6.5
    endloop
  endfacet
  facet normal -0 0 1
    outer loop
      vertex 11.7071 -10.7071 6.5
      vertex 13.6443 -11.8 6.5
      vertex 11.773 -10.6344 6.5
    endloop
  endfacet
  facet normal -0 0 1
    outer loop
      vertex 11.6344 -10.773 6.5
      vertex 13.6443 -11.8 6.5
      vertex 11.7071 -10.7071 6.5
    endloop
  endfacet
  facet normal -0 0 1
    outer loop
      vertex 11.5556 -10.8315 6.5
      vertex 13.6443 -11.8 6.5
      vertex 11.6344 -10.773 6.5
    endloop
  endfacet
  facet normal -0 0 1
    outer loop
      vertex 11.4714 -10.8819 6.5
      vertex 13.6443 -11.8 6.5
      vertex 11.5556 -10.8315 6.5
    endloop
  endfacet
  facet normal -0 0 1
    outer loop
      vertex 11.3827 -10.9239 6.5
      vertex 13.6443 -11.8 6.5
      vertex 11.4714 -10.8819 6.5
    endloop
  endfacet
  facet normal -0 0 1
    outer loop
      vertex 11.2903 -10.9569 6.5
      vertex 13.6443 -11.8 6.5
      vertex 11.3827 -10.9239 6.5
    endloop
  endfacet
  facet normal -0 0 1
    outer loop
      vertex 11.1951 -10.9808 6.5
      vertex 13.6443 -11.8 6.5
      vertex 11.2903 -10.9569 6.5
    endloop
  endfacet
  facet normal -0 0 1
    outer loop
      vertex 11.098 -10.9952 6.5
      vertex 13.6443 -11.8 6.5
      vertex 11.1951 -10.9808 6.5
    endloop
  endfacet
  facet normal -0 0 1
    outer loop
      vertex 11 -11 6.5
      vertex 13.6443 -11.8 6.5
      vertex 11.098 -10.9952 6.5
    endloop
  endfacet
  facet normal 0 0 1
    outer loop
      vertex 8.35573 -11.8 6.5
      vertex 11 -11 6.5
      vertex 10.902 -10.9952 6.5
    endloop
  endfacet
  facet normal 0 0 1
    outer loop
      vertex 8.35573 -11.8 6.5
      vertex 10.902 -10.9952 6.5
      vertex 10.8049 -10.9808 6.5
    endloop
  endfacet
  facet normal 0 0 1
    outer loop
      vertex 8.35573 -11.8 6.5
      vertex 10.8049 -10.9808 6.5
      vertex 10.7097 -10.9569 6.5
    endloop
  endfacet
  facet normal 0 0 1
    outer loop
      vertex 10.1685 -9.44443 6.5
      vertex 8.3393 -8.22217 6.5
      vertex 10.1181 -9.5286 6.5
    endloop
  endfacet
  facet normal -0 0 1
    outer loop
      vertex 8.17785 -8.49153 6.5
      vertex 10.1181 -9.5286 6.5
      vertex 8.3393 -8.22217 6.5
    endloop
  endfacet
  facet normal 0 0 1
    outer loop
      vertex 10.1181 -9.5286 6.5
      vertex 8.17785 -8.49153 6.5
      vertex 10.0761 -9.61732 6.5
    endloop
  endfacet
  facet normal -0 0 1
    outer loop
      vertex 8.04358 -8.77541 6.5
      vertex 10.0761 -9.61732 6.5
      vertex 8.17785 -8.49153 6.5
    endloop
  endfacet
  facet normal 0 0 1
    outer loop
      vertex 10.0761 -9.61732 6.5
      vertex 8.04358 -8.77541 6.5
      vertex 10.0431 -9.70971 6.5
    endloop
  endfacet
  facet normal -0 0 1
    outer loop
      vertex 7.93779 -9.07109 6.5
      vertex 10.0431 -9.70971 6.5
      vertex 8.04358 -8.77541 6.5
    endloop
  endfacet
  facet normal 0 0 1
    outer loop
      vertex 10.0431 -9.70971 6.5
      vertex 7.93779 -9.07109 6.5
      vertex 10.0192 -9.80491 6.5
    endloop
  endfacet
  facet normal -0 0 1
    outer loop
      vertex 7.86149 -9.37571 6.5
      vertex 10.0192 -9.80491 6.5
      vertex 7.93779 -9.07109 6.5
    endloop
  endfacet
  facet normal 0 0 1
    outer loop
      vertex 10.0192 -9.80491 6.5
      vertex 7.86149 -9.37571 6.5
      vertex 10.0048 -9.90198 6.5
    endloop
  endfacet
  facet normal -0 0 1
    outer loop
      vertex 7.81541 -9.68635 6.5
      vertex 10.0048 -9.90198 6.5
      vertex 7.86149 -9.37571 6.5
    endloop
  endfacet
  facet normal 0 0 1
    outer loop
      vertex 10.0048 -9.90198 6.5
      vertex 7.81541 -9.68635 6.5
      vertex 10 -10 6.5
    endloop
  endfacet
  facet normal 0 0 1
    outer loop
      vertex 11 -11 6.5
      vertex 8.35573 -11.8 6.5
      vertex 13.6443 -11.8 6.5
    endloop
  endfacet
  facet normal 0 0 1
    outer loop
      vertex 10.6173 -10.9239 6.5
      vertex 8.35573 -11.8 6.5
      vertex 10.7097 -10.9569 6.5
    endloop
  endfacet
  facet normal 0 0 1
    outer loop
      vertex 10.5286 -10.8819 6.5
      vertex 8.35573 -11.8 6.5
      vertex 10.6173 -10.9239 6.5
    endloop
  endfacet
  facet normal 0 0 1
    outer loop
      vertex 10.4444 -10.8315 6.5
      vertex 8.35573 -11.8 6.5
      vertex 10.5286 -10.8819 6.5
    endloop
  endfacet
  facet normal 0 0 1
    outer loop
      vertex 10.3656 -10.773 6.5
      vertex 8.35573 -11.8 6.5
      vertex 10.4444 -10.8315 6.5
    endloop
  endfacet
  facet normal 0 0 1
    outer loop
      vertex 10.2929 -10.7071 6.5
      vertex 8.35573 -11.8 6.5
      vertex 10.3656 -10.773 6.5
    endloop
  endfacet
  facet normal 0 0 1
    outer loop
      vertex 10.227 -10.6344 6.5
      vertex 8.35573 -11.8 6.5
      vertex 10.2929 -10.7071 6.5
    endloop
  endfacet
  facet normal 0 0 1
    outer loop
      vertex 10.1685 -10.5556 6.5
      vertex 8.35573 -11.8 6.5
      vertex 10.227 -10.6344 6.5
    endloop
  endfacet
  facet normal 0 0 1
    outer loop
      vertex 7.8 -10 6.5
      vertex 10 -10 6.5
      vertex 7.81541 -9.68635 6.5
    endloop
  endfacet
  facet normal 0 0 1
    outer loop
      vertex 10 -10 6.5
      vertex 7.8 -10 6.5
      vertex 10.0048 -10.098 6.5
    endloop
  endfacet
  facet normal 0 -0 1
    outer loop
      vertex 7.81541 -10.3137 6.5
      vertex 10.0048 -10.098 6.5
      vertex 7.8 -10 6.5
    endloop
  endfacet
  facet normal 0 -0 1
    outer loop
      vertex 8.3393 -11.7778 6.5
      vertex 10.1685 -10.5556 6.5
      vertex 8.17785 -11.5085 6.5
    endloop
  endfacet
  facet normal 0 0 1
    outer loop
      vertex 10.1685 -10.5556 6.5
      vertex 8.3393 -11.7778 6.5
      vertex 8.35573 -11.8 6.5
    endloop
  endfacet
  facet normal 0 0 1
    outer loop
      vertex 10.0048 -10.098 6.5
      vertex 7.81541 -10.3137 6.5
      vertex 10.0192 -10.1951 6.5
    endloop
  endfacet
  facet normal 0 0 1
    outer loop
      vertex 10.1181 -10.4714 6.5
      vertex 8.17785 -11.5085 6.5
      vertex 10.1685 -10.5556 6.5
    endloop
  endfacet
  facet normal 0 -0 1
    outer loop
      vertex 7.86149 -10.6243 6.5
      vertex 10.0192 -10.1951 6.5
      vertex 7.81541 -10.3137 6.5
    endloop
  endfacet
  facet normal 0 -0 1
    outer loop
      vertex 8.17785 -11.5085 6.5
      vertex 10.1181 -10.4714 6.5
      vertex 8.04358 -11.2246 6.5
    endloop
  endfacet
  facet normal 0 0 1
    outer loop
      vertex 10.0192 -10.1951 6.5
      vertex 7.86149 -10.6243 6.5
      vertex 10.0431 -10.2903 6.5
    endloop
  endfacet
  facet normal 0 0 1
    outer loop
      vertex 10.0761 -10.3827 6.5
      vertex 8.04358 -11.2246 6.5
      vertex 10.1181 -10.4714 6.5
    endloop
  endfacet
  facet normal 0 -0 1
    outer loop
      vertex 7.93779 -10.9289 6.5
      vertex 10.0431 -10.2903 6.5
      vertex 7.86149 -10.6243 6.5
    endloop
  endfacet
  facet normal 0 -0 1
    outer loop
      vertex 8.04358 -11.2246 6.5
      vertex 10.0761 -10.3827 6.5
      vertex 7.93779 -10.9289 6.5
    endloop
  endfacet
  facet normal 0 0 1
    outer loop
      vertex 10.0431 -10.2903 6.5
      vertex 7.93779 -10.9289 6.5
      vertex 10.0761 -10.3827 6.5
    endloop
  endfacet
  facet normal 0 0 1
    outer loop
      vertex 32.1846 -9.68635 6.5
      vertex 29.9952 -9.90198 6.5
      vertex 30 -10 6.5
    endloop
  endfacet
  facet normal 0 0 1
    outer loop
      vertex 30.5085 -7.17785 6.5
      vertex 29.9808 -9.80491 6.5
      vertex 29.9952 -9.90198 6.5
    endloop
  endfacet
  facet normal 0 0 1
    outer loop
      vertex 30.5085 -7.17785 6.5
      vertex 29.9569 -9.70971 6.5
      vertex 29.9808 -9.80491 6.5
    endloop
  endfacet
  facet normal 0 0 1
    outer loop
      vertex 29.3827 -9.07612 6.5
      vertex 30.2246 -7.04358 6.5
      vertex 29.9289 -6.93779 6.5
    endloop
  endfacet
  facet normal 0 0 1
    outer loop
      vertex 30.5085 -7.17785 6.5
      vertex 29.9239 -9.61732 6.5
      vertex 29.9569 -9.70971 6.5
    endloop
  endfacet
  facet normal 0 0 1
    outer loop
      vertex 30.5085 -7.17785 6.5
      vertex 29.8819 -9.5286 6.5
      vertex 29.9239 -9.61732 6.5
    endloop
  endfacet
  facet normal 0 0 1
    outer loop
      vertex 30.5085 -7.17785 6.5
      vertex 29.8315 -9.44443 6.5
      vertex 29.8819 -9.5286 6.5
    endloop
  endfacet
  facet normal 0 0 1
    outer loop
      vertex 30.5085 -7.17785 6.5
      vertex 29.773 -9.36561 6.5
      vertex 29.8315 -9.44443 6.5
    endloop
  endfacet
  facet normal 0 0 1
    outer loop
      vertex 30.5085 -7.17785 6.5
      vertex 29.7071 -9.29289 6.5
      vertex 29.773 -9.36561 6.5
    endloop
  endfacet
  facet normal 0 0 1
    outer loop
      vertex 30.5085 -7.17785 6.5
      vertex 29.6344 -9.22699 6.5
      vertex 29.7071 -9.29289 6.5
    endloop
  endfacet
  facet normal 0 0 1
    outer loop
      vertex 29.2903 -9.04306 6.5
      vertex 29.9289 -6.93779 6.5
      vertex 29.6243 -6.86149 6.5
    endloop
  endfacet
  facet normal 0 0 1
    outer loop
      vertex 30.5085 -7.17785 6.5
      vertex 29.5556 -9.16853 6.5
      vertex 29.6344 -9.22699 6.5
    endloop
  endfacet
  facet normal 0 0 1
    outer loop
      vertex 30.5085 -7.17785 6.5
      vertex 29.4714 -9.11808 6.5
      vertex 29.5556 -9.16853 6.5
    endloop
  endfacet
  facet normal 0 0 1
    outer loop
      vertex 30.2246 -7.04358 6.5
      vertex 29.3827 -9.07612 6.5
      vertex 29.4714 -9.11808 6.5
    endloop
  endfacet
  facet normal 0 0 1
    outer loop
      vertex 29.1951 -9.01921 6.5
      vertex 29.6243 -6.86149 6.5
      vertex 29.3137 -6.81541 6.5
    endloop
  endfacet
  facet normal 0 0 1
    outer loop
      vertex 29.9289 -6.93779 6.5
      vertex 29.2903 -9.04306 6.5
      vertex 29.3827 -9.07612 6.5
    endloop
  endfacet
  facet normal 0 0 1
    outer loop
      vertex 29.6243 -6.86149 6.5
      vertex 29.1951 -9.01921 6.5
      vertex 29.2903 -9.04306 6.5
    endloop
  endfacet
  facet normal 0 0 1
    outer loop
      vertex 29.3137 -6.81541 6.5
      vertex 29.098 -9.00482 6.5
      vertex 29.1951 -9.01921 6.5
    endloop
  endfacet
  facet normal 0 0 1
    outer loop
      vertex 29 -6.8 6.5
      vertex 29.098 -9.00482 6.5
      vertex 29.3137 -6.81541 6.5
    endloop
  endfacet
  facet normal 0 0 1
    outer loop
      vertex 29 -6.8 6.5
      vertex 29 -9 6.5
      vertex 29.098 -9.00482 6.5
    endloop
  endfacet
  facet normal 0 0 1
    outer loop
      vertex 29 -6.8 6.5
      vertex 28.902 -9.00482 6.5
      vertex 29 -9 6.5
    endloop
  endfacet
  facet normal -0 0 1
    outer loop
      vertex 28.6863 -6.81541 6.5
      vertex 28.902 -9.00482 6.5
      vertex 29 -6.8 6.5
    endloop
  endfacet
  facet normal 0 0 1
    outer loop
      vertex 28.902 -9.00482 6.5
      vertex 28.6863 -6.81541 6.5
      vertex 28.8049 -9.01921 6.5
    endloop
  endfacet
  facet normal -0 0 1
    outer loop
      vertex 28.3757 -6.86149 6.5
      vertex 28.8049 -9.01921 6.5
      vertex 28.6863 -6.81541 6.5
    endloop
  endfacet
  facet normal 0 0 1
    outer loop
      vertex 28.8049 -9.01921 6.5
      vertex 28.3757 -6.86149 6.5
      vertex 28.7097 -9.04306 6.5
    endloop
  endfacet
  facet normal -0 0 1
    outer loop
      vertex 28.0711 -6.93779 6.5
      vertex 28.7097 -9.04306 6.5
      vertex 28.3757 -6.86149 6.5
    endloop
  endfacet
  facet normal 0 0 1
    outer loop
      vertex 28.7097 -9.04306 6.5
      vertex 28.0711 -6.93779 6.5
      vertex 28.6173 -9.07612 6.5
    endloop
  endfacet
  facet normal -0 0 1
    outer loop
      vertex 27.7754 -7.04358 6.5
      vertex 28.6173 -9.07612 6.5
      vertex 28.0711 -6.93779 6.5
    endloop
  endfacet
  facet normal 0 0 1
    outer loop
      vertex 28.6173 -9.07612 6.5
      vertex 27.7754 -7.04358 6.5
      vertex 28.5286 -9.11808 6.5
    endloop
  endfacet
  facet normal -0 0 1
    outer loop
      vertex 27.4915 -7.17785 6.5
      vertex 28.5286 -9.11808 6.5
      vertex 27.7754 -7.04358 6.5
    endloop
  endfacet
  facet normal 0 0 1
    outer loop
      vertex 28.5286 -9.11808 6.5
      vertex 27.4915 -7.17785 6.5
      vertex 28.4444 -9.16853 6.5
    endloop
  endfacet
  facet normal -0 0 1
    outer loop
      vertex 27.2222 -7.3393 6.5
      vertex 28.4444 -9.16853 6.5
      vertex 27.4915 -7.17785 6.5
    endloop
  endfacet
  facet normal 0 0 1
    outer loop
      vertex 28.4444 -9.16853 6.5
      vertex 27.2222 -7.3393 6.5
      vertex 28.3656 -9.22699 6.5
    endloop
  endfacet
  facet normal -0 0 1
    outer loop
      vertex 26.9699 -7.52637 6.5
      vertex 28.3656 -9.22699 6.5
      vertex 27.2222 -7.3393 6.5
    endloop
  endfacet
  facet normal 0 0 1
    outer loop
      vertex 28.3656 -9.22699 6.5
      vertex 26.9699 -7.52637 6.5
      vertex 28.2929 -9.29289 6.5
    endloop
  endfacet
  facet normal -0 0 1
    outer loop
      vertex 26.7373 -7.73726 6.5
      vertex 28.2929 -9.29289 6.5
      vertex 26.9699 -7.52637 6.5
    endloop
  endfacet
  facet normal 0 0 1
    outer loop
      vertex 28.2929 -9.29289 6.5
      vertex 26.7373 -7.73726 6.5
      vertex 28.227 -9.36561 6.5
    endloop
  endfacet
  facet normal -0 0 1
    outer loop
      vertex 26.5264 -7.96994 6.5
      vertex 28.227 -9.36561 6.5
      vertex 26.7373 -7.73726 6.5
    endloop
  endfacet
  facet normal 0 0 1
    outer loop
      vertex 28.227 -9.36561 6.5
      vertex 26.5264 -7.96994 6.5
      vertex 28.1685 -9.44443 6.5
    endloop
  endfacet
  facet normal -0 0 1
    outer loop
      vertex 26.3393 -8.22217 6.5
      vertex 28.1685 -9.44443 6.5
      vertex 26.5264 -7.96994 6.5
    endloop
  endfacet
  facet normal 0 0 1
    outer loop
      vertex 30 -10 6.5
      vertex 32.2 -10 6.5
      vertex 32.1846 -9.68635 6.5
    endloop
  endfacet
  facet normal 0 0 1
    outer loop
      vertex 29.9952 -9.90198 6.5
      vertex 32.1846 -9.68635 6.5
      vertex 32.1385 -9.37571 6.5
    endloop
  endfacet
  facet normal 0 0 1
    outer loop
      vertex 32.2 -10 6.5
      vertex 30 -10 6.5
      vertex 32.1846 -10.3137 6.5
    endloop
  endfacet
  facet normal 0 0 1
    outer loop
      vertex 29.9952 -9.90198 6.5
      vertex 32.1385 -9.37571 6.5
      vertex 32.0622 -9.07109 6.5
    endloop
  endfacet
  facet normal -0 0 1
    outer loop
      vertex 29.9952 -10.098 6.5
      vertex 32.1846 -10.3137 6.5
      vertex 30 -10 6.5
    endloop
  endfacet
  facet normal 0 0 1
    outer loop
      vertex 29.9952 -9.90198 6.5
      vertex 32.0622 -9.07109 6.5
      vertex 31.9564 -8.77541 6.5
    endloop
  endfacet
  facet normal 0 0 1
    outer loop
      vertex 32.1846 -10.3137 6.5
      vertex 29.9952 -10.098 6.5
      vertex 32.1385 -10.6243 6.5
    endloop
  endfacet
  facet normal 0 0 1
    outer loop
      vertex 29.9952 -9.90198 6.5
      vertex 31.9564 -8.77541 6.5
      vertex 31.8221 -8.49153 6.5
    endloop
  endfacet
  facet normal -0 0 1
    outer loop
      vertex 29.9808 -10.1951 6.5
      vertex 32.1385 -10.6243 6.5
      vertex 29.9952 -10.098 6.5
    endloop
  endfacet
  facet normal 0 0 1
    outer loop
      vertex 29.9952 -9.90198 6.5
      vertex 31.8221 -8.49153 6.5
      vertex 31.6607 -8.22217 6.5
    endloop
  endfacet
  facet normal 0 0 1
    outer loop
      vertex 32.1385 -10.6243 6.5
      vertex 29.9808 -10.1951 6.5
      vertex 32.0622 -10.9289 6.5
    endloop
  endfacet
  facet normal -0 0 1
    outer loop
      vertex 29.9569 -10.2903 6.5
      vertex 32.0622 -10.9289 6.5
      vertex 29.9808 -10.1951 6.5
    endloop
  endfacet
  facet normal 0 0 1
    outer loop
      vertex 29.9952 -9.90198 6.5
      vertex 31.6607 -8.22217 6.5
      vertex 31.4736 -7.96994 6.5
    endloop
  endfacet
  facet normal 0 0 1
    outer loop
      vertex 29.9952 -9.90198 6.5
      vertex 31.4736 -7.96994 6.5
      vertex 31.2627 -7.73726 6.5
    endloop
  endfacet
  facet normal 0 0 1
    outer loop
      vertex 29.9952 -9.90198 6.5
      vertex 31.2627 -7.73726 6.5
      vertex 31.0301 -7.52637 6.5
    endloop
  endfacet
  facet normal 0 0 1
    outer loop
      vertex 29.9952 -9.90198 6.5
      vertex 31.0301 -7.52637 6.5
      vertex 30.7778 -7.3393 6.5
    endloop
  endfacet
  facet normal 0 0 1
    outer loop
      vertex 29.9952 -9.90198 6.5
      vertex 30.7778 -7.3393 6.5
      vertex 30.5085 -7.17785 6.5
    endloop
  endfacet
  facet normal 0 0 1
    outer loop
      vertex 29.4714 -9.11808 6.5
      vertex 30.5085 -7.17785 6.5
      vertex 30.2246 -7.04358 6.5
    endloop
  endfacet
  facet normal 0 0 1
    outer loop
      vertex 32.0622 -10.9289 6.5
      vertex 29.9569 -10.2903 6.5
      vertex 31.9564 -11.2246 6.5
    endloop
  endfacet
  facet normal -0 0 1
    outer loop
      vertex 29.9239 -10.3827 6.5
      vertex 31.9564 -11.2246 6.5
      vertex 29.9569 -10.2903 6.5
    endloop
  endfacet
  facet normal 0 0 1
    outer loop
      vertex 31.9564 -11.2246 6.5
      vertex 29.9239 -10.3827 6.5
      vertex 31.8221 -11.5085 6.5
    endloop
  endfacet
  facet normal -0 0 1
    outer loop
      vertex 29.8819 -10.4714 6.5
      vertex 31.8221 -11.5085 6.5
      vertex 29.9239 -10.3827 6.5
    endloop
  endfacet
  facet normal 0 0 1
    outer loop
      vertex 31.8221 -11.5085 6.5
      vertex 29.8819 -10.4714 6.5
      vertex 31.6607 -11.7778 6.5
    endloop
  endfacet
  facet normal -0 0 1
    outer loop
      vertex 29.8315 -10.5556 6.5
      vertex 31.6607 -11.7778 6.5
      vertex 29.8819 -10.4714 6.5
    endloop
  endfacet
  facet normal 0 0 1
    outer loop
      vertex 31.6607 -11.7778 6.5
      vertex 29.8315 -10.5556 6.5
      vertex 31.6443 -11.8 6.5
    endloop
  endfacet
  facet normal -0 0 1
    outer loop
      vertex 29.773 -10.6344 6.5
      vertex 31.6443 -11.8 6.5
      vertex 29.8315 -10.5556 6.5
    endloop
  endfacet
  facet normal -0 0 1
    outer loop
      vertex 29.7071 -10.7071 6.5
      vertex 31.6443 -11.8 6.5
      vertex 29.773 -10.6344 6.5
    endloop
  endfacet
  facet normal -0 0 1
    outer loop
      vertex 29.6344 -10.773 6.5
      vertex 31.6443 -11.8 6.5
      vertex 29.7071 -10.7071 6.5
    endloop
  endfacet
  facet normal -0 0 1
    outer loop
      vertex 29.5556 -10.8315 6.5
      vertex 31.6443 -11.8 6.5
      vertex 29.6344 -10.773 6.5
    endloop
  endfacet
  facet normal -0 0 1
    outer loop
      vertex 29.4714 -10.8819 6.5
      vertex 31.6443 -11.8 6.5
      vertex 29.5556 -10.8315 6.5
    endloop
  endfacet
  facet normal -0 0 1
    outer loop
      vertex 29.3827 -10.9239 6.5
      vertex 31.6443 -11.8 6.5
      vertex 29.4714 -10.8819 6.5
    endloop
  endfacet
  facet normal -0 0 1
    outer loop
      vertex 29.2903 -10.9569 6.5
      vertex 31.6443 -11.8 6.5
      vertex 29.3827 -10.9239 6.5
    endloop
  endfacet
  facet normal -0 0 1
    outer loop
      vertex 29.1951 -10.9808 6.5
      vertex 31.6443 -11.8 6.5
      vertex 29.2903 -10.9569 6.5
    endloop
  endfacet
  facet normal -0 0 1
    outer loop
      vertex 29.098 -10.9952 6.5
      vertex 31.6443 -11.8 6.5
      vertex 29.1951 -10.9808 6.5
    endloop
  endfacet
  facet normal -0 0 1
    outer loop
      vertex 29 -11 6.5
      vertex 31.6443 -11.8 6.5
      vertex 29.098 -10.9952 6.5
    endloop
  endfacet
  facet normal 0 0 1
    outer loop
      vertex 26.3557 -11.8 6.5
      vertex 29 -11 6.5
      vertex 28.902 -10.9952 6.5
    endloop
  endfacet
  facet normal 0 0 1
    outer loop
      vertex 26.3557 -11.8 6.5
      vertex 28.902 -10.9952 6.5
      vertex 28.8049 -10.9808 6.5
    endloop
  endfacet
  facet normal 0 0 1
    outer loop
      vertex 26.3557 -11.8 6.5
      vertex 28.8049 -10.9808 6.5
      vertex 28.7097 -10.9569 6.5
    endloop
  endfacet
  facet normal 0 0 1
    outer loop
      vertex 28.1685 -9.44443 6.5
      vertex 26.3393 -8.22217 6.5
      vertex 28.1181 -9.5286 6.5
    endloop
  endfacet
  facet normal -0 0 1
    outer loop
      vertex 26.1779 -8.49153 6.5
      vertex 28.1181 -9.5286 6.5
      vertex 26.3393 -8.22217 6.5
    endloop
  endfacet
  facet normal 0 0 1
    outer loop
      vertex 28.1181 -9.5286 6.5
      vertex 26.1779 -8.49153 6.5
      vertex 28.0761 -9.61732 6.5
    endloop
  endfacet
  facet normal -0 0 1
    outer loop
      vertex 26.0436 -8.77541 6.5
      vertex 28.0761 -9.61732 6.5
      vertex 26.1779 -8.49153 6.5
    endloop
  endfacet
  facet normal 0 0 1
    outer loop
      vertex 28.0761 -9.61732 6.5
      vertex 26.0436 -8.77541 6.5
      vertex 28.0431 -9.70971 6.5
    endloop
  endfacet
  facet normal -0 0 1
    outer loop
      vertex 25.9378 -9.07109 6.5
      vertex 28.0431 -9.70971 6.5
      vertex 26.0436 -8.77541 6.5
    endloop
  endfacet
  facet normal 0 0 1
    outer loop
      vertex 28.0431 -9.70971 6.5
      vertex 25.9378 -9.07109 6.5
      vertex 28.0192 -9.80491 6.5
    endloop
  endfacet
  facet normal -0 0 1
    outer loop
      vertex 25.8615 -9.37571 6.5
      vertex 28.0192 -9.80491 6.5
      vertex 25.9378 -9.07109 6.5
    endloop
  endfacet
  facet normal 0 0 1
    outer loop
      vertex 28.0192 -9.80491 6.5
      vertex 25.8615 -9.37571 6.5
      vertex 28.0048 -9.90198 6.5
    endloop
  endfacet
  facet normal -0 0 1
    outer loop
      vertex 25.8154 -9.68635 6.5
      vertex 28.0048 -9.90198 6.5
      vertex 25.8615 -9.37571 6.5
    endloop
  endfacet
  facet normal 0 0 1
    outer loop
      vertex 28.0048 -9.90198 6.5
      vertex 25.8154 -9.68635 6.5
      vertex 28 -10 6.5
    endloop
  endfacet
  facet normal 0 0 1
    outer loop
      vertex 29 -11 6.5
      vertex 26.3557 -11.8 6.5
      vertex 31.6443 -11.8 6.5
    endloop
  endfacet
  facet normal 0 0 1
    outer loop
      vertex 28.6173 -10.9239 6.5
      vertex 26.3557 -11.8 6.5
      vertex 28.7097 -10.9569 6.5
    endloop
  endfacet
  facet normal 0 0 1
    outer loop
      vertex 28.5286 -10.8819 6.5
      vertex 26.3557 -11.8 6.5
      vertex 28.6173 -10.9239 6.5
    endloop
  endfacet
  facet normal 0 0 1
    outer loop
      vertex 28.4444 -10.8315 6.5
      vertex 26.3557 -11.8 6.5
      vertex 28.5286 -10.8819 6.5
    endloop
  endfacet
  facet normal 0 0 1
    outer loop
      vertex 28.3656 -10.773 6.5
      vertex 26.3557 -11.8 6.5
      vertex 28.4444 -10.8315 6.5
    endloop
  endfacet
  facet normal 0 0 1
    outer loop
      vertex 28.2929 -10.7071 6.5
      vertex 26.3557 -11.8 6.5
      vertex 28.3656 -10.773 6.5
    endloop
  endfacet
  facet normal 0 0 1
    outer loop
      vertex 28.227 -10.6344 6.5
      vertex 26.3557 -11.8 6.5
      vertex 28.2929 -10.7071 6.5
    endloop
  endfacet
  facet normal 0 0 1
    outer loop
      vertex 28.1685 -10.5556 6.5
      vertex 26.3557 -11.8 6.5
      vertex 28.227 -10.6344 6.5
    endloop
  endfacet
  facet normal 0 0 1
    outer loop
      vertex 25.8 -10 6.5
      vertex 28 -10 6.5
      vertex 25.8154 -9.68635 6.5
    endloop
  endfacet
  facet normal 0 0 1
    outer loop
      vertex 28 -10 6.5
      vertex 25.8 -10 6.5
      vertex 28.0048 -10.098 6.5
    endloop
  endfacet
  facet normal 0 -0 1
    outer loop
      vertex 25.8154 -10.3137 6.5
      vertex 28.0048 -10.098 6.5
      vertex 25.8 -10 6.5
    endloop
  endfacet
  facet normal 0 -0 1
    outer loop
      vertex 26.3393 -11.7778 6.5
      vertex 28.1685 -10.5556 6.5
      vertex 26.1779 -11.5085 6.5
    endloop
  endfacet
  facet normal 0 0 1
    outer loop
      vertex 28.1685 -10.5556 6.5
      vertex 26.3393 -11.7778 6.5
      vertex 26.3557 -11.8 6.5
    endloop
  endfacet
  facet normal 0 0 1
    outer loop
      vertex 28.0048 -10.098 6.5
      vertex 25.8154 -10.3137 6.5
      vertex 28.0192 -10.1951 6.5
    endloop
  endfacet
  facet normal 0 0 1
    outer loop
      vertex 28.1181 -10.4714 6.5
      vertex 26.1779 -11.5085 6.5
      vertex 28.1685 -10.5556 6.5
    endloop
  endfacet
  facet normal 0 -0 1
    outer loop
      vertex 25.8615 -10.6243 6.5
      vertex 28.0192 -10.1951 6.5
      vertex 25.8154 -10.3137 6.5
    endloop
  endfacet
  facet normal 0 -0 1
    outer loop
      vertex 26.1779 -11.5085 6.5
      vertex 28.1181 -10.4714 6.5
      vertex 26.0436 -11.2246 6.5
    endloop
  endfacet
  facet normal 0 0 1
    outer loop
      vertex 28.0192 -10.1951 6.5
      vertex 25.8615 -10.6243 6.5
      vertex 28.0431 -10.2903 6.5
    endloop
  endfacet
  facet normal 0 0 1
    outer loop
      vertex 28.0761 -10.3827 6.5
      vertex 26.0436 -11.2246 6.5
      vertex 28.1181 -10.4714 6.5
    endloop
  endfacet
  facet normal 0 -0 1
    outer loop
      vertex 25.9378 -10.9289 6.5
      vertex 28.0431 -10.2903 6.5
      vertex 25.8615 -10.6243 6.5
    endloop
  endfacet
  facet normal 0 -0 1
    outer loop
      vertex 26.0436 -11.2246 6.5
      vertex 28.0761 -10.3827 6.5
      vertex 25.9378 -10.9289 6.5
    endloop
  endfacet
  facet normal 0 0 1
    outer loop
      vertex 28.0431 -10.2903 6.5
      vertex 25.9378 -10.9289 6.5
      vertex 28.0761 -10.3827 6.5
    endloop
  endfacet
  facet normal 0 0 1
    outer loop
      vertex 12 10 6.5
      vertex 14.2 10 6.5
      vertex 14.1846 10.3137 6.5
    endloop
  endfacet
  facet normal 0 0 1
    outer loop
      vertex 11.9952 10.098 6.5
      vertex 14.1846 10.3137 6.5
      vertex 14.1385 10.6243 6.5
    endloop
  endfacet
  facet normal 0 0 1
    outer loop
      vertex 14.2 10 6.5
      vertex 12 10 6.5
      vertex 14.1846 9.68635 6.5
    endloop
  endfacet
  facet normal 0 0 1
    outer loop
      vertex 11.9808 10.1951 6.5
      vertex 14.1385 10.6243 6.5
      vertex 14.0622 10.9289 6.5
    endloop
  endfacet
  facet normal -0 0 1
    outer loop
      vertex 11.9952 9.90198 6.5
      vertex 14.1846 9.68635 6.5
      vertex 12 10 6.5
    endloop
  endfacet
  facet normal 0 0 1
    outer loop
      vertex 11.9569 10.2903 6.5
      vertex 14.0622 10.9289 6.5
      vertex 13.9564 11.2246 6.5
    endloop
  endfacet
  facet normal 0 0 1
    outer loop
      vertex 14.1846 9.68635 6.5
      vertex 11.9952 9.90198 6.5
      vertex 14.1385 9.37571 6.5
    endloop
  endfacet
  facet normal 0 0 1
    outer loop
      vertex 11.9239 10.3827 6.5
      vertex 13.9564 11.2246 6.5
      vertex 13.8221 11.5085 6.5
    endloop
  endfacet
  facet normal -0 0 1
    outer loop
      vertex 11.9808 9.80491 6.5
      vertex 14.1385 9.37571 6.5
      vertex 11.9952 9.90198 6.5
    endloop
  endfacet
  facet normal 0 0 1
    outer loop
      vertex 11.8819 10.4714 6.5
      vertex 13.8221 11.5085 6.5
      vertex 13.6607 11.7778 6.5
    endloop
  endfacet
  facet normal 0 0 1
    outer loop
      vertex 14.1385 9.37571 6.5
      vertex 11.9808 9.80491 6.5
      vertex 14.0622 9.07109 6.5
    endloop
  endfacet
  facet normal 0 0 1
    outer loop
      vertex 11.8315 10.5556 6.5
      vertex 13.6607 11.7778 6.5
      vertex 13.6443 11.8 6.5
    endloop
  endfacet
  facet normal -0 0 1
    outer loop
      vertex 11.9569 9.70971 6.5
      vertex 14.0622 9.07109 6.5
      vertex 11.9808 9.80491 6.5
    endloop
  endfacet
  facet normal -0 0 1
    outer loop
      vertex 11.9239 9.61732 6.5
      vertex 13.9564 8.77541 6.5
      vertex 11.9569 9.70971 6.5
    endloop
  endfacet
  facet normal 0 0 1
    outer loop
      vertex 13.9564 8.77541 6.5
      vertex 11.9239 9.61732 6.5
      vertex 13.8221 8.49153 6.5
    endloop
  endfacet
  facet normal 0 0 1
    outer loop
      vertex 13.8221 8.49153 6.5
      vertex 11.8819 9.5286 6.5
      vertex 13.6607 8.22217 6.5
    endloop
  endfacet
  facet normal -0 0 1
    outer loop
      vertex 11.8315 9.44443 6.5
      vertex 13.6607 8.22217 6.5
      vertex 11.8819 9.5286 6.5
    endloop
  endfacet
  facet normal -0 0 1
    outer loop
      vertex 11.773 9.36561 6.5
      vertex 13.4736 7.96994 6.5
      vertex 11.8315 9.44443 6.5
    endloop
  endfacet
  facet normal 0 0 1
    outer loop
      vertex 14.0622 9.07109 6.5
      vertex 11.9569 9.70971 6.5
      vertex 13.9564 8.77541 6.5
    endloop
  endfacet
  facet normal 0 0 1
    outer loop
      vertex 14.1846 10.3137 6.5
      vertex 11.9952 10.098 6.5
      vertex 12 10 6.5
    endloop
  endfacet
  facet normal 0 0 1
    outer loop
      vertex 14.1385 10.6243 6.5
      vertex 11.9808 10.1951 6.5
      vertex 11.9952 10.098 6.5
    endloop
  endfacet
  facet normal 0 0 1
    outer loop
      vertex 14.0622 10.9289 6.5
      vertex 11.9569 10.2903 6.5
      vertex 11.9808 10.1951 6.5
    endloop
  endfacet
  facet normal 0 0 1
    outer loop
      vertex 13.9564 11.2246 6.5
      vertex 11.9239 10.3827 6.5
      vertex 11.9569 10.2903 6.5
    endloop
  endfacet
  facet normal 0 0 1
    outer loop
      vertex 13.8221 11.5085 6.5
      vertex 11.8819 10.4714 6.5
      vertex 11.9239 10.3827 6.5
    endloop
  endfacet
  facet normal 0 0 1
    outer loop
      vertex 13.6607 11.7778 6.5
      vertex 11.8315 10.5556 6.5
      vertex 11.8819 10.4714 6.5
    endloop
  endfacet
  facet normal 0 0 1
    outer loop
      vertex 13.6443 11.8 6.5
      vertex 11.773 10.6344 6.5
      vertex 11.8315 10.5556 6.5
    endloop
  endfacet
  facet normal 0 0 1
    outer loop
      vertex 13.6443 11.8 6.5
      vertex 11.7071 10.7071 6.5
      vertex 11.773 10.6344 6.5
    endloop
  endfacet
  facet normal 0 0 1
    outer loop
      vertex 13.6443 11.8 6.5
      vertex 11.6344 10.773 6.5
      vertex 11.7071 10.7071 6.5
    endloop
  endfacet
  facet normal 0 0 1
    outer loop
      vertex 13.6443 11.8 6.5
      vertex 11.5556 10.8315 6.5
      vertex 11.6344 10.773 6.5
    endloop
  endfacet
  facet normal 0 0 1
    outer loop
      vertex 13.6443 11.8 6.5
      vertex 11.4714 10.8819 6.5
      vertex 11.5556 10.8315 6.5
    endloop
  endfacet
  facet normal 0 0 1
    outer loop
      vertex 13.6443 11.8 6.5
      vertex 11.3827 10.9239 6.5
      vertex 11.4714 10.8819 6.5
    endloop
  endfacet
  facet normal 0 0 1
    outer loop
      vertex 13.6443 11.8 6.5
      vertex 11.2903 10.9569 6.5
      vertex 11.3827 10.9239 6.5
    endloop
  endfacet
  facet normal 0 0 1
    outer loop
      vertex 13.6443 11.8 6.5
      vertex 11.1951 10.9808 6.5
      vertex 11.2903 10.9569 6.5
    endloop
  endfacet
  facet normal 0 0 1
    outer loop
      vertex 13.6443 11.8 6.5
      vertex 11.098 10.9952 6.5
      vertex 11.1951 10.9808 6.5
    endloop
  endfacet
  facet normal 0 0 1
    outer loop
      vertex 13.6443 11.8 6.5
      vertex 11 11 6.5
      vertex 11.098 10.9952 6.5
    endloop
  endfacet
  facet normal -0 0 1
    outer loop
      vertex 8.35573 11.8 6.5
      vertex 11 11 6.5
      vertex 13.6443 11.8 6.5
    endloop
  endfacet
  facet normal 0 0 1
    outer loop
      vertex 11 11 6.5
      vertex 8.35573 11.8 6.5
      vertex 10.902 10.9952 6.5
    endloop
  endfacet
  facet normal 0 0 1
    outer loop
      vertex 10.902 10.9952 6.5
      vertex 8.35573 11.8 6.5
      vertex 10.8049 10.9808 6.5
    endloop
  endfacet
  facet normal 0 0 1
    outer loop
      vertex 7.8 10 6.5
      vertex 10 10 6.5
      vertex 10.0048 10.098 6.5
    endloop
  endfacet
  facet normal 0 0 1
    outer loop
      vertex 10 10 6.5
      vertex 9.49153 7.17785 6.5
      vertex 9.77541 7.04358 6.5
    endloop
  endfacet
  facet normal 0 0 1
    outer loop
      vertex 7.81541 10.3137 6.5
      vertex 10.0048 10.098 6.5
      vertex 10.0192 10.1951 6.5
    endloop
  endfacet
  facet normal 0 0 1
    outer loop
      vertex 10 10 6.5
      vertex 9.22217 7.3393 6.5
      vertex 9.49153 7.17785 6.5
    endloop
  endfacet
  facet normal 0 0 1
    outer loop
      vertex 7.86149 10.6243 6.5
      vertex 10.0192 10.1951 6.5
      vertex 10.0431 10.2903 6.5
    endloop
  endfacet
  facet normal 0 0 1
    outer loop
      vertex 10 10 6.5
      vertex 8.96994 7.52637 6.5
      vertex 9.22217 7.3393 6.5
    endloop
  endfacet
  facet normal 0 0 1
    outer loop
      vertex 7.93779 10.9289 6.5
      vertex 10.0431 10.2903 6.5
      vertex 10.0761 10.3827 6.5
    endloop
  endfacet
  facet normal 0 0 1
    outer loop
      vertex 10 10 6.5
      vertex 8.73726 7.73726 6.5
      vertex 8.96994 7.52637 6.5
    endloop
  endfacet
  facet normal 0 0 1
    outer loop
      vertex 8.04358 11.2246 6.5
      vertex 10.0761 10.3827 6.5
      vertex 10.1181 10.4714 6.5
    endloop
  endfacet
  facet normal 0 0 1
    outer loop
      vertex 10 10 6.5
      vertex 8.52637 7.96994 6.5
      vertex 8.73726 7.73726 6.5
    endloop
  endfacet
  facet normal 0 0 1
    outer loop
      vertex 8.17785 11.5085 6.5
      vertex 10.1181 10.4714 6.5
      vertex 10.1685 10.5556 6.5
    endloop
  endfacet
  facet normal 0 0 1
    outer loop
      vertex 10.8049 10.9808 6.5
      vertex 8.35573 11.8 6.5
      vertex 10.7097 10.9569 6.5
    endloop
  endfacet
  facet normal 0 0 1
    outer loop
      vertex 8.35573 11.8 6.5
      vertex 10.6173 10.9239 6.5
      vertex 10.7097 10.9569 6.5
    endloop
  endfacet
  facet normal 0 0 1
    outer loop
      vertex 8.35573 11.8 6.5
      vertex 10.5286 10.8819 6.5
      vertex 10.6173 10.9239 6.5
    endloop
  endfacet
  facet normal 0 0 1
    outer loop
      vertex 8.35573 11.8 6.5
      vertex 10.4444 10.8315 6.5
      vertex 10.5286 10.8819 6.5
    endloop
  endfacet
  facet normal 0 0 1
    outer loop
      vertex 8.35573 11.8 6.5
      vertex 10.3656 10.773 6.5
      vertex 10.4444 10.8315 6.5
    endloop
  endfacet
  facet normal 0 0 1
    outer loop
      vertex 8.35573 11.8 6.5
      vertex 10.2929 10.7071 6.5
      vertex 10.3656 10.773 6.5
    endloop
  endfacet
  facet normal 0 0 1
    outer loop
      vertex 8.35573 11.8 6.5
      vertex 10.227 10.6344 6.5
      vertex 10.2929 10.7071 6.5
    endloop
  endfacet
  facet normal 0 0 1
    outer loop
      vertex 8.35573 11.8 6.5
      vertex 10.1685 10.5556 6.5
      vertex 10.227 10.6344 6.5
    endloop
  endfacet
  facet normal -0 0 1
    outer loop
      vertex 8.3393 11.7778 6.5
      vertex 10.1685 10.5556 6.5
      vertex 8.35573 11.8 6.5
    endloop
  endfacet
  facet normal 0 0 1
    outer loop
      vertex 10.1685 10.5556 6.5
      vertex 8.3393 11.7778 6.5
      vertex 8.17785 11.5085 6.5
    endloop
  endfacet
  facet normal 0 0 1
    outer loop
      vertex 10 10 6.5
      vertex 8.3393 8.22217 6.5
      vertex 8.52637 7.96994 6.5
    endloop
  endfacet
  facet normal 0 0 1
    outer loop
      vertex 10.1181 10.4714 6.5
      vertex 8.17785 11.5085 6.5
      vertex 8.04358 11.2246 6.5
    endloop
  endfacet
  facet normal 0 0 1
    outer loop
      vertex 10 10 6.5
      vertex 8.17785 8.49153 6.5
      vertex 8.3393 8.22217 6.5
    endloop
  endfacet
  facet normal 0 0 1
    outer loop
      vertex 10.0761 10.3827 6.5
      vertex 8.04358 11.2246 6.5
      vertex 7.93779 10.9289 6.5
    endloop
  endfacet
  facet normal 0 0 1
    outer loop
      vertex 10 10 6.5
      vertex 8.04358 8.77541 6.5
      vertex 8.17785 8.49153 6.5
    endloop
  endfacet
  facet normal 0 0 1
    outer loop
      vertex 10.0431 10.2903 6.5
      vertex 7.93779 10.9289 6.5
      vertex 7.86149 10.6243 6.5
    endloop
  endfacet
  facet normal 0 0 1
    outer loop
      vertex 10 10 6.5
      vertex 7.93779 9.07109 6.5
      vertex 8.04358 8.77541 6.5
    endloop
  endfacet
  facet normal 0 0 1
    outer loop
      vertex 10.0192 10.1951 6.5
      vertex 7.86149 10.6243 6.5
      vertex 7.81541 10.3137 6.5
    endloop
  endfacet
  facet normal 0 0 1
    outer loop
      vertex 10 10 6.5
      vertex 7.86149 9.37571 6.5
      vertex 7.93779 9.07109 6.5
    endloop
  endfacet
  facet normal 0 0 1
    outer loop
      vertex 10.0048 10.098 6.5
      vertex 7.81541 10.3137 6.5
      vertex 7.8 10 6.5
    endloop
  endfacet
  facet normal 0 0 1
    outer loop
      vertex 10 10 6.5
      vertex 7.81541 9.68635 6.5
      vertex 7.86149 9.37571 6.5
    endloop
  endfacet
  facet normal 0 0 1
    outer loop
      vertex 10 10 6.5
      vertex 7.8 10 6.5
      vertex 7.81541 9.68635 6.5
    endloop
  endfacet
  facet normal -0 0 1
    outer loop
      vertex 11.8819 9.5286 6.5
      vertex 13.8221 8.49153 6.5
      vertex 11.9239 9.61732 6.5
    endloop
  endfacet
  facet normal 0 0 1
    outer loop
      vertex 13.6607 8.22217 6.5
      vertex 11.8315 9.44443 6.5
      vertex 13.4736 7.96994 6.5
    endloop
  endfacet
  facet normal 0 0 1
    outer loop
      vertex 13.4736 7.96994 6.5
      vertex 11.773 9.36561 6.5
      vertex 13.2627 7.73726 6.5
    endloop
  endfacet
  facet normal -0 0 1
    outer loop
      vertex 11.7071 9.29289 6.5
      vertex 13.2627 7.73726 6.5
      vertex 11.773 9.36561 6.5
    endloop
  endfacet
  facet normal 0 0 1
    outer loop
      vertex 13.2627 7.73726 6.5
      vertex 11.7071 9.29289 6.5
      vertex 13.0301 7.52637 6.5
    endloop
  endfacet
  facet normal -0 0 1
    outer loop
      vertex 11.6344 9.22699 6.5
      vertex 13.0301 7.52637 6.5
      vertex 11.7071 9.29289 6.5
    endloop
  endfacet
  facet normal 0 0 1
    outer loop
      vertex 13.0301 7.52637 6.5
      vertex 11.6344 9.22699 6.5
      vertex 12.7778 7.3393 6.5
    endloop
  endfacet
  facet normal -0 0 1
    outer loop
      vertex 11.5556 9.16853 6.5
      vertex 12.7778 7.3393 6.5
      vertex 11.6344 9.22699 6.5
    endloop
  endfacet
  facet normal 0 0 1
    outer loop
      vertex 12.7778 7.3393 6.5
      vertex 11.5556 9.16853 6.5
      vertex 12.5085 7.17785 6.5
    endloop
  endfacet
  facet normal -0 0 1
    outer loop
      vertex 11.4714 9.11808 6.5
      vertex 12.5085 7.17785 6.5
      vertex 11.5556 9.16853 6.5
    endloop
  endfacet
  facet normal 0 0 1
    outer loop
      vertex 12.5085 7.17785 6.5
      vertex 11.4714 9.11808 6.5
      vertex 12.2246 7.04358 6.5
    endloop
  endfacet
  facet normal -0 0 1
    outer loop
      vertex 11.3827 9.07612 6.5
      vertex 12.2246 7.04358 6.5
      vertex 11.4714 9.11808 6.5
    endloop
  endfacet
  facet normal 0 0 1
    outer loop
      vertex 12.2246 7.04358 6.5
      vertex 11.3827 9.07612 6.5
      vertex 11.9289 6.93779 6.5
    endloop
  endfacet
  facet normal -0 0 1
    outer loop
      vertex 11.2903 9.04306 6.5
      vertex 11.9289 6.93779 6.5
      vertex 11.3827 9.07612 6.5
    endloop
  endfacet
  facet normal 0 0 1
    outer loop
      vertex 11.9289 6.93779 6.5
      vertex 11.2903 9.04306 6.5
      vertex 11.6243 6.86149 6.5
    endloop
  endfacet
  facet normal -0 0 1
    outer loop
      vertex 11.1951 9.01921 6.5
      vertex 11.6243 6.86149 6.5
      vertex 11.2903 9.04306 6.5
    endloop
  endfacet
  facet normal 0 0 1
    outer loop
      vertex 11.6243 6.86149 6.5
      vertex 11.1951 9.01921 6.5
      vertex 11.3137 6.81541 6.5
    endloop
  endfacet
  facet normal -0 0 1
    outer loop
      vertex 11.098 9.00482 6.5
      vertex 11.3137 6.81541 6.5
      vertex 11.1951 9.01921 6.5
    endloop
  endfacet
  facet normal -0 0 1
    outer loop
      vertex 11 9 6.5
      vertex 11.3137 6.81541 6.5
      vertex 11.098 9.00482 6.5
    endloop
  endfacet
  facet normal 0 0 1
    outer loop
      vertex 11 9 6.5
      vertex 11 6.8 6.5
      vertex 11.3137 6.81541 6.5
    endloop
  endfacet
  facet normal 0 0 1
    outer loop
      vertex 10.902 9.00482 6.5
      vertex 11 6.8 6.5
      vertex 11 9 6.5
    endloop
  endfacet
  facet normal 0 0 1
    outer loop
      vertex 10.6863 6.81541 6.5
      vertex 10.902 9.00482 6.5
      vertex 10.8049 9.01921 6.5
    endloop
  endfacet
  facet normal 0 0 1
    outer loop
      vertex 10.3757 6.86149 6.5
      vertex 10.8049 9.01921 6.5
      vertex 10.7097 9.04306 6.5
    endloop
  endfacet
  facet normal 0 0 1
    outer loop
      vertex 10.902 9.00482 6.5
      vertex 10.6863 6.81541 6.5
      vertex 11 6.8 6.5
    endloop
  endfacet
  facet normal 0 0 1
    outer loop
      vertex 10.0711 6.93779 6.5
      vertex 10.7097 9.04306 6.5
      vertex 10.6173 9.07612 6.5
    endloop
  endfacet
  facet normal 0 0 1
    outer loop
      vertex 9.77541 7.04358 6.5
      vertex 10.6173 9.07612 6.5
      vertex 10.5286 9.11808 6.5
    endloop
  endfacet
  facet normal 0 0 1
    outer loop
      vertex 9.77541 7.04358 6.5
      vertex 10.5286 9.11808 6.5
      vertex 10.4444 9.16853 6.5
    endloop
  endfacet
  facet normal 0 0 1
    outer loop
      vertex 10.8049 9.01921 6.5
      vertex 10.3757 6.86149 6.5
      vertex 10.6863 6.81541 6.5
    endloop
  endfacet
  facet normal 0 0 1
    outer loop
      vertex 9.77541 7.04358 6.5
      vertex 10.4444 9.16853 6.5
      vertex 10.3656 9.22699 6.5
    endloop
  endfacet
  facet normal 0 0 1
    outer loop
      vertex 9.77541 7.04358 6.5
      vertex 10.3656 9.22699 6.5
      vertex 10.2929 9.29289 6.5
    endloop
  endfacet
  facet normal 0 0 1
    outer loop
      vertex 9.77541 7.04358 6.5
      vertex 10.2929 9.29289 6.5
      vertex 10.227 9.36561 6.5
    endloop
  endfacet
  facet normal 0 0 1
    outer loop
      vertex 9.77541 7.04358 6.5
      vertex 10.227 9.36561 6.5
      vertex 10.1685 9.44443 6.5
    endloop
  endfacet
  facet normal 0 0 1
    outer loop
      vertex 9.77541 7.04358 6.5
      vertex 10.1685 9.44443 6.5
      vertex 10.1181 9.5286 6.5
    endloop
  endfacet
  facet normal 0 0 1
    outer loop
      vertex 9.77541 7.04358 6.5
      vertex 10.1181 9.5286 6.5
      vertex 10.0761 9.61732 6.5
    endloop
  endfacet
  facet normal 0 0 1
    outer loop
      vertex 10.7097 9.04306 6.5
      vertex 10.0711 6.93779 6.5
      vertex 10.3757 6.86149 6.5
    endloop
  endfacet
  facet normal 0 0 1
    outer loop
      vertex 9.77541 7.04358 6.5
      vertex 10.0761 9.61732 6.5
      vertex 10.0431 9.70971 6.5
    endloop
  endfacet
  facet normal 0 0 1
    outer loop
      vertex 9.77541 7.04358 6.5
      vertex 10.0431 9.70971 6.5
      vertex 10.0192 9.80491 6.5
    endloop
  endfacet
  facet normal 0 0 1
    outer loop
      vertex 9.77541 7.04358 6.5
      vertex 10.0192 9.80491 6.5
      vertex 10.0048 9.90198 6.5
    endloop
  endfacet
  facet normal 0 0 1
    outer loop
      vertex 9.77541 7.04358 6.5
      vertex 10.0048 9.90198 6.5
      vertex 10 10 6.5
    endloop
  endfacet
  facet normal 0 0 1
    outer loop
      vertex 10.6173 9.07612 6.5
      vertex 9.77541 7.04358 6.5
      vertex 10.0711 6.93779 6.5
    endloop
  endfacet
  facet normal 0 0 1
    outer loop
      vertex 30 10 6.5
      vertex 32.2 10 6.5
      vertex 32.1846 10.3137 6.5
    endloop
  endfacet
  facet normal 0 0 1
    outer loop
      vertex 29.9952 10.098 6.5
      vertex 32.1846 10.3137 6.5
      vertex 32.1385 10.6243 6.5
    endloop
  endfacet
  facet normal 0 0 1
    outer loop
      vertex 32.2 10 6.5
      vertex 30 10 6.5
      vertex 32.1846 9.68635 6.5
    endloop
  endfacet
  facet normal 0 0 1
    outer loop
      vertex 29.9808 10.1951 6.5
      vertex 32.1385 10.6243 6.5
      vertex 32.0622 10.9289 6.5
    endloop
  endfacet
  facet normal -0 0 1
    outer loop
      vertex 29.9952 9.90198 6.5
      vertex 32.1846 9.68635 6.5
      vertex 30 10 6.5
    endloop
  endfacet
  facet normal 0 0 1
    outer loop
      vertex 29.9569 10.2903 6.5
      vertex 32.0622 10.9289 6.5
      vertex 31.9564 11.2246 6.5
    endloop
  endfacet
  facet normal 0 0 1
    outer loop
      vertex 32.1846 9.68635 6.5
      vertex 29.9952 9.90198 6.5
      vertex 32.1385 9.37571 6.5
    endloop
  endfacet
  facet normal 0 0 1
    outer loop
      vertex 29.9239 10.3827 6.5
      vertex 31.9564 11.2246 6.5
      vertex 31.8221 11.5085 6.5
    endloop
  endfacet
  facet normal -0 0 1
    outer loop
      vertex 29.9808 9.80491 6.5
      vertex 32.1385 9.37571 6.5
      vertex 29.9952 9.90198 6.5
    endloop
  endfacet
  facet normal 0 0 1
    outer loop
      vertex 29.8819 10.4714 6.5
      vertex 31.8221 11.5085 6.5
      vertex 31.6607 11.7778 6.5
    endloop
  endfacet
  facet normal 0 0 1
    outer loop
      vertex 32.1385 9.37571 6.5
      vertex 29.9808 9.80491 6.5
      vertex 32.0622 9.07109 6.5
    endloop
  endfacet
  facet normal 0 0 1
    outer loop
      vertex 29.8315 10.5556 6.5
      vertex 31.6607 11.7778 6.5
      vertex 31.6443 11.8 6.5
    endloop
  endfacet
  facet normal -0 0 1
    outer loop
      vertex 29.9569 9.70971 6.5
      vertex 32.0622 9.07109 6.5
      vertex 29.9808 9.80491 6.5
    endloop
  endfacet
  facet normal -0 0 1
    outer loop
      vertex 29.9239 9.61732 6.5
      vertex 31.9564 8.77541 6.5
      vertex 29.9569 9.70971 6.5
    endloop
  endfacet
  facet normal 0 0 1
    outer loop
      vertex 31.9564 8.77541 6.5
      vertex 29.9239 9.61732 6.5
      vertex 31.8221 8.49153 6.5
    endloop
  endfacet
  facet normal 0 0 1
    outer loop
      vertex 31.8221 8.49153 6.5
      vertex 29.8819 9.5286 6.5
      vertex 31.6607 8.22217 6.5
    endloop
  endfacet
  facet normal -0 0 1
    outer loop
      vertex 29.8315 9.44443 6.5
      vertex 31.6607 8.22217 6.5
      vertex 29.8819 9.5286 6.5
    endloop
  endfacet
  facet normal -0 0 1
    outer loop
      vertex 29.773 9.36561 6.5
      vertex 31.4736 7.96994 6.5
      vertex 29.8315 9.44443 6.5
    endloop
  endfacet
  facet normal 0 0 1
    outer loop
      vertex 32.0622 9.07109 6.5
      vertex 29.9569 9.70971 6.5
      vertex 31.9564 8.77541 6.5
    endloop
  endfacet
  facet normal 0 0 1
    outer loop
      vertex 32.1846 10.3137 6.5
      vertex 29.9952 10.098 6.5
      vertex 30 10 6.5
    endloop
  endfacet
  facet normal 0 0 1
    outer loop
      vertex 32.1385 10.6243 6.5
      vertex 29.9808 10.1951 6.5
      vertex 29.9952 10.098 6.5
    endloop
  endfacet
  facet normal 0 0 1
    outer loop
      vertex 32.0622 10.9289 6.5
      vertex 29.9569 10.2903 6.5
      vertex 29.9808 10.1951 6.5
    endloop
  endfacet
  facet normal 0 0 1
    outer loop
      vertex 31.9564 11.2246 6.5
      vertex 29.9239 10.3827 6.5
      vertex 29.9569 10.2903 6.5
    endloop
  endfacet
  facet normal 0 0 1
    outer loop
      vertex 31.8221 11.5085 6.5
      vertex 29.8819 10.4714 6.5
      vertex 29.9239 10.3827 6.5
    endloop
  endfacet
  facet normal 0 0 1
    outer loop
      vertex 31.6607 11.7778 6.5
      vertex 29.8315 10.5556 6.5
      vertex 29.8819 10.4714 6.5
    endloop
  endfacet
  facet normal 0 0 1
    outer loop
      vertex 31.6443 11.8 6.5
      vertex 29.773 10.6344 6.5
      vertex 29.8315 10.5556 6.5
    endloop
  endfacet
  facet normal 0 0 1
    outer loop
      vertex 31.6443 11.8 6.5
      vertex 29.7071 10.7071 6.5
      vertex 29.773 10.6344 6.5
    endloop
  endfacet
  facet normal 0 0 1
    outer loop
      vertex 31.6443 11.8 6.5
      vertex 29.6344 10.773 6.5
      vertex 29.7071 10.7071 6.5
    endloop
  endfacet
  facet normal 0 0 1
    outer loop
      vertex 31.6443 11.8 6.5
      vertex 29.5556 10.8315 6.5
      vertex 29.6344 10.773 6.5
    endloop
  endfacet
  facet normal 0 0 1
    outer loop
      vertex 31.6443 11.8 6.5
      vertex 29.4714 10.8819 6.5
      vertex 29.5556 10.8315 6.5
    endloop
  endfacet
  facet normal 0 0 1
    outer loop
      vertex 31.6443 11.8 6.5
      vertex 29.3827 10.9239 6.5
      vertex 29.4714 10.8819 6.5
    endloop
  endfacet
  facet normal 0 0 1
    outer loop
      vertex 31.6443 11.8 6.5
      vertex 29.2903 10.9569 6.5
      vertex 29.3827 10.9239 6.5
    endloop
  endfacet
  facet normal 0 0 1
    outer loop
      vertex 31.6443 11.8 6.5
      vertex 29.1951 10.9808 6.5
      vertex 29.2903 10.9569 6.5
    endloop
  endfacet
  facet normal 0 0 1
    outer loop
      vertex 31.6443 11.8 6.5
      vertex 29.098 10.9952 6.5
      vertex 29.1951 10.9808 6.5
    endloop
  endfacet
  facet normal 0 0 1
    outer loop
      vertex 31.6443 11.8 6.5
      vertex 29 11 6.5
      vertex 29.098 10.9952 6.5
    endloop
  endfacet
  facet normal -0 0 1
    outer loop
      vertex 26.3557 11.8 6.5
      vertex 29 11 6.5
      vertex 31.6443 11.8 6.5
    endloop
  endfacet
  facet normal 0 0 1
    outer loop
      vertex 29 11 6.5
      vertex 26.3557 11.8 6.5
      vertex 28.902 10.9952 6.5
    endloop
  endfacet
  facet normal 0 0 1
    outer loop
      vertex 28.902 10.9952 6.5
      vertex 26.3557 11.8 6.5
      vertex 28.8049 10.9808 6.5
    endloop
  endfacet
  facet normal 0 0 1
    outer loop
      vertex 25.8 10 6.5
      vertex 28 10 6.5
      vertex 28.0048 10.098 6.5
    endloop
  endfacet
  facet normal 0 0 1
    outer loop
      vertex 28 10 6.5
      vertex 27.4915 7.17785 6.5
      vertex 27.7754 7.04358 6.5
    endloop
  endfacet
  facet normal 0 0 1
    outer loop
      vertex 25.8154 10.3137 6.5
      vertex 28.0048 10.098 6.5
      vertex 28.0192 10.1951 6.5
    endloop
  endfacet
  facet normal 0 0 1
    outer loop
      vertex 28 10 6.5
      vertex 27.2222 7.3393 6.5
      vertex 27.4915 7.17785 6.5
    endloop
  endfacet
  facet normal 0 0 1
    outer loop
      vertex 25.8615 10.6243 6.5
      vertex 28.0192 10.1951 6.5
      vertex 28.0431 10.2903 6.5
    endloop
  endfacet
  facet normal 0 0 1
    outer loop
      vertex 28 10 6.5
      vertex 26.9699 7.52637 6.5
      vertex 27.2222 7.3393 6.5
    endloop
  endfacet
  facet normal 0 0 1
    outer loop
      vertex 25.9378 10.9289 6.5
      vertex 28.0431 10.2903 6.5
      vertex 28.0761 10.3827 6.5
    endloop
  endfacet
  facet normal 0 0 1
    outer loop
      vertex 28 10 6.5
      vertex 26.7373 7.73726 6.5
      vertex 26.9699 7.52637 6.5
    endloop
  endfacet
  facet normal 0 0 1
    outer loop
      vertex 26.0436 11.2246 6.5
      vertex 28.0761 10.3827 6.5
      vertex 28.1181 10.4714 6.5
    endloop
  endfacet
  facet normal 0 0 1
    outer loop
      vertex 28 10 6.5
      vertex 26.5264 7.96994 6.5
      vertex 26.7373 7.73726 6.5
    endloop
  endfacet
  facet normal 0 0 1
    outer loop
      vertex 26.1779 11.5085 6.5
      vertex 28.1181 10.4714 6.5
      vertex 28.1685 10.5556 6.5
    endloop
  endfacet
  facet normal 0 0 1
    outer loop
      vertex 28.8049 10.9808 6.5
      vertex 26.3557 11.8 6.5
      vertex 28.7097 10.9569 6.5
    endloop
  endfacet
  facet normal 0 0 1
    outer loop
      vertex 26.3557 11.8 6.5
      vertex 28.6173 10.9239 6.5
      vertex 28.7097 10.9569 6.5
    endloop
  endfacet
  facet normal 0 0 1
    outer loop
      vertex 26.3557 11.8 6.5
      vertex 28.5286 10.8819 6.5
      vertex 28.6173 10.9239 6.5
    endloop
  endfacet
  facet normal 0 0 1
    outer loop
      vertex 26.3557 11.8 6.5
      vertex 28.4444 10.8315 6.5
      vertex 28.5286 10.8819 6.5
    endloop
  endfacet
  facet normal 0 0 1
    outer loop
      vertex 26.3557 11.8 6.5
      vertex 28.3656 10.773 6.5
      vertex 28.4444 10.8315 6.5
    endloop
  endfacet
  facet normal 0 0 1
    outer loop
      vertex 26.3557 11.8 6.5
      vertex 28.2929 10.7071 6.5
      vertex 28.3656 10.773 6.5
    endloop
  endfacet
  facet normal 0 0 1
    outer loop
      vertex 26.3557 11.8 6.5
      vertex 28.227 10.6344 6.5
      vertex 28.2929 10.7071 6.5
    endloop
  endfacet
  facet normal 0 0 1
    outer loop
      vertex 26.3557 11.8 6.5
      vertex 28.1685 10.5556 6.5
      vertex 28.227 10.6344 6.5
    endloop
  endfacet
  facet normal -0 0 1
    outer loop
      vertex 26.3393 11.7778 6.5
      vertex 28.1685 10.5556 6.5
      vertex 26.3557 11.8 6.5
    endloop
  endfacet
  facet normal 0 0 1
    outer loop
      vertex 28.1685 10.5556 6.5
      vertex 26.3393 11.7778 6.5
      vertex 26.1779 11.5085 6.5
    endloop
  endfacet
  facet normal 0 0 1
    outer loop
      vertex 28 10 6.5
      vertex 26.3393 8.22217 6.5
      vertex 26.5264 7.96994 6.5
    endloop
  endfacet
  facet normal 0 0 1
    outer loop
      vertex 28.1181 10.4714 6.5
      vertex 26.1779 11.5085 6.5
      vertex 26.0436 11.2246 6.5
    endloop
  endfacet
  facet normal 0 0 1
    outer loop
      vertex 28 10 6.5
      vertex 26.1779 8.49153 6.5
      vertex 26.3393 8.22217 6.5
    endloop
  endfacet
  facet normal 0 0 1
    outer loop
      vertex 28.0761 10.3827 6.5
      vertex 26.0436 11.2246 6.5
      vertex 25.9378 10.9289 6.5
    endloop
  endfacet
  facet normal 0 0 1
    outer loop
      vertex 28 10 6.5
      vertex 26.0436 8.77541 6.5
      vertex 26.1779 8.49153 6.5
    endloop
  endfacet
  facet normal 0 0 1
    outer loop
      vertex 28.0431 10.2903 6.5
      vertex 25.9378 10.9289 6.5
      vertex 25.8615 10.6243 6.5
    endloop
  endfacet
  facet normal 0 0 1
    outer loop
      vertex 28 10 6.5
      vertex 25.9378 9.07109 6.5
      vertex 26.0436 8.77541 6.5
    endloop
  endfacet
  facet normal 0 0 1
    outer loop
      vertex 28.0192 10.1951 6.5
      vertex 25.8615 10.6243 6.5
      vertex 25.8154 10.3137 6.5
    endloop
  endfacet
  facet normal 0 0 1
    outer loop
      vertex 28 10 6.5
      vertex 25.8615 9.37571 6.5
      vertex 25.9378 9.07109 6.5
    endloop
  endfacet
  facet normal 0 0 1
    outer loop
      vertex 28.0048 10.098 6.5
      vertex 25.8154 10.3137 6.5
      vertex 25.8 10 6.5
    endloop
  endfacet
  facet normal 0 0 1
    outer loop
      vertex 28 10 6.5
      vertex 25.8154 9.68635 6.5
      vertex 25.8615 9.37571 6.5
    endloop
  endfacet
  facet normal 0 0 1
    outer loop
      vertex 28 10 6.5
      vertex 25.8 10 6.5
      vertex 25.8154 9.68635 6.5
    endloop
  endfacet
  facet normal -0 0 1
    outer loop
      vertex 29.8819 9.5286 6.5
      vertex 31.8221 8.49153 6.5
      vertex 29.9239 9.61732 6.5
    endloop
  endfacet
  facet normal 0 0 1
    outer loop
      vertex 31.6607 8.22217 6.5
      vertex 29.8315 9.44443 6.5
      vertex 31.4736 7.96994 6.5
    endloop
  endfacet
  facet normal 0 0 1
    outer loop
      vertex 31.4736 7.96994 6.5
      vertex 29.773 9.36561 6.5
      vertex 31.2627 7.73726 6.5
    endloop
  endfacet
  facet normal -0 0 1
    outer loop
      vertex 29.7071 9.29289 6.5
      vertex 31.2627 7.73726 6.5
      vertex 29.773 9.36561 6.5
    endloop
  endfacet
  facet normal 0 0 1
    outer loop
      vertex 31.2627 7.73726 6.5
      vertex 29.7071 9.29289 6.5
      vertex 31.0301 7.52637 6.5
    endloop
  endfacet
  facet normal -0 0 1
    outer loop
      vertex 29.6344 9.22699 6.5
      vertex 31.0301 7.52637 6.5
      vertex 29.7071 9.29289 6.5
    endloop
  endfacet
  facet normal 0 0 1
    outer loop
      vertex 31.0301 7.52637 6.5
      vertex 29.6344 9.22699 6.5
      vertex 30.7778 7.3393 6.5
    endloop
  endfacet
  facet normal -0 0 1
    outer loop
      vertex 29.5556 9.16853 6.5
      vertex 30.7778 7.3393 6.5
      vertex 29.6344 9.22699 6.5
    endloop
  endfacet
  facet normal 0 0 1
    outer loop
      vertex 30.7778 7.3393 6.5
      vertex 29.5556 9.16853 6.5
      vertex 30.5085 7.17785 6.5
    endloop
  endfacet
  facet normal -0 0 1
    outer loop
      vertex 29.4714 9.11808 6.5
      vertex 30.5085 7.17785 6.5
      vertex 29.5556 9.16853 6.5
    endloop
  endfacet
  facet normal 0 0 1
    outer loop
      vertex 30.5085 7.17785 6.5
      vertex 29.4714 9.11808 6.5
      vertex 30.2246 7.04358 6.5
    endloop
  endfacet
  facet normal -0 0 1
    outer loop
      vertex 29.3827 9.07612 6.5
      vertex 30.2246 7.04358 6.5
      vertex 29.4714 9.11808 6.5
    endloop
  endfacet
  facet normal 0 0 1
    outer loop
      vertex 30.2246 7.04358 6.5
      vertex 29.3827 9.07612 6.5
      vertex 29.9289 6.93779 6.5
    endloop
  endfacet
  facet normal -0 0 1
    outer loop
      vertex 29.2903 9.04306 6.5
      vertex 29.9289 6.93779 6.5
      vertex 29.3827 9.07612 6.5
    endloop
  endfacet
  facet normal 0 0 1
    outer loop
      vertex 29.9289 6.93779 6.5
      vertex 29.2903 9.04306 6.5
      vertex 29.6243 6.86149 6.5
    endloop
  endfacet
  facet normal -0 0 1
    outer loop
      vertex 29.1951 9.01921 6.5
      vertex 29.6243 6.86149 6.5
      vertex 29.2903 9.04306 6.5
    endloop
  endfacet
  facet normal 0 0 1
    outer loop
      vertex 29.6243 6.86149 6.5
      vertex 29.1951 9.01921 6.5
      vertex 29.3137 6.81541 6.5
    endloop
  endfacet
  facet normal -0 0 1
    outer loop
      vertex 29.098 9.00482 6.5
      vertex 29.3137 6.81541 6.5
      vertex 29.1951 9.01921 6.5
    endloop
  endfacet
  facet normal -0 0 1
    outer loop
      vertex 29 9 6.5
      vertex 29.3137 6.81541 6.5
      vertex 29.098 9.00482 6.5
    endloop
  endfacet
  facet normal 0 0 1
    outer loop
      vertex 29 9 6.5
      vertex 29 6.8 6.5
      vertex 29.3137 6.81541 6.5
    endloop
  endfacet
  facet normal 0 0 1
    outer loop
      vertex 28.902 9.00482 6.5
      vertex 29 6.8 6.5
      vertex 29 9 6.5
    endloop
  endfacet
  facet normal 0 0 1
    outer loop
      vertex 28.6863 6.81541 6.5
      vertex 28.902 9.00482 6.5
      vertex 28.8049 9.01921 6.5
    endloop
  endfacet
  facet normal 0 0 1
    outer loop
      vertex 28.3757 6.86149 6.5
      vertex 28.8049 9.01921 6.5
      vertex 28.7097 9.04306 6.5
    endloop
  endfacet
  facet normal 0 0 1
    outer loop
      vertex 28.902 9.00482 6.5
      vertex 28.6863 6.81541 6.5
      vertex 29 6.8 6.5
    endloop
  endfacet
  facet normal 0 0 1
    outer loop
      vertex 28.0711 6.93779 6.5
      vertex 28.7097 9.04306 6.5
      vertex 28.6173 9.07612 6.5
    endloop
  endfacet
  facet normal 0 0 1
    outer loop
      vertex 27.7754 7.04358 6.5
      vertex 28.6173 9.07612 6.5
      vertex 28.5286 9.11808 6.5
    endloop
  endfacet
  facet normal 0 0 1
    outer loop
      vertex 27.7754 7.04358 6.5
      vertex 28.5286 9.11808 6.5
      vertex 28.4444 9.16853 6.5
    endloop
  endfacet
  facet normal 0 0 1
    outer loop
      vertex 28.8049 9.01921 6.5
      vertex 28.3757 6.86149 6.5
      vertex 28.6863 6.81541 6.5
    endloop
  endfacet
  facet normal 0 0 1
    outer loop
      vertex 27.7754 7.04358 6.5
      vertex 28.4444 9.16853 6.5
      vertex 28.3656 9.22699 6.5
    endloop
  endfacet
  facet normal 0 0 1
    outer loop
      vertex 27.7754 7.04358 6.5
      vertex 28.3656 9.22699 6.5
      vertex 28.2929 9.29289 6.5
    endloop
  endfacet
  facet normal 0 0 1
    outer loop
      vertex 27.7754 7.04358 6.5
      vertex 28.2929 9.29289 6.5
      vertex 28.227 9.36561 6.5
    endloop
  endfacet
  facet normal 0 0 1
    outer loop
      vertex 27.7754 7.04358 6.5
      vertex 28.227 9.36561 6.5
      vertex 28.1685 9.44443 6.5
    endloop
  endfacet
  facet normal 0 0 1
    outer loop
      vertex 27.7754 7.04358 6.5
      vertex 28.1685 9.44443 6.5
      vertex 28.1181 9.5286 6.5
    endloop
  endfacet
  facet normal 0 0 1
    outer loop
      vertex 27.7754 7.04358 6.5
      vertex 28.1181 9.5286 6.5
      vertex 28.0761 9.61732 6.5
    endloop
  endfacet
  facet normal 0 0 1
    outer loop
      vertex 28.7097 9.04306 6.5
      vertex 28.0711 6.93779 6.5
      vertex 28.3757 6.86149 6.5
    endloop
  endfacet
  facet normal 0 0 1
    outer loop
      vertex 27.7754 7.04358 6.5
      vertex 28.0761 9.61732 6.5
      vertex 28.0431 9.70971 6.5
    endloop
  endfacet
  facet normal 0 0 1
    outer loop
      vertex 27.7754 7.04358 6.5
      vertex 28.0431 9.70971 6.5
      vertex 28.0192 9.80491 6.5
    endloop
  endfacet
  facet normal 0 0 1
    outer loop
      vertex 27.7754 7.04358 6.5
      vertex 28.0192 9.80491 6.5
      vertex 28.0048 9.90198 6.5
    endloop
  endfacet
  facet normal 0 0 1
    outer loop
      vertex 27.7754 7.04358 6.5
      vertex 28.0048 9.90198 6.5
      vertex 28 10 6.5
    endloop
  endfacet
  facet normal 0 0 1
    outer loop
      vertex 28.6173 9.07612 6.5
      vertex 27.7754 7.04358 6.5
      vertex 28.0711 6.93779 6.5
    endloop
  endfacet
  facet normal -0.59568 -0.803222 0
    outer loop
      vertex 2.55925 -13.4111 0
      vertex 3.11102 -13.8203 6.5
      vertex 2.55925 -13.4111 6.5
    endloop
  endfacet
  facet normal -0.59568 -0.803222 -0
    outer loop
      vertex 3.11102 -13.8203 6.5
      vertex 2.55925 -13.4111 0
      vertex 3.11102 -13.8203 0
    endloop
  endfacet
  facet normal -0.671622 -0.740894 0
    outer loop
      vertex 2.05026 -12.9497 0
      vertex 2.55925 -13.4111 6.5
      vertex 2.05026 -12.9497 6.5
    endloop
  endfacet
  facet normal -0.671622 -0.740894 -0
    outer loop
      vertex 2.55925 -13.4111 6.5
      vertex 2.05026 -12.9497 0
      vertex 2.55925 -13.4111 0
    endloop
  endfacet
  facet normal -0.427542 0.903996 0
    outer loop
      vertex 4.32123 14.4671 0
      vertex 3.70023 14.1734 6.5
      vertex 4.32123 14.4671 6.5
    endloop
  endfacet
  facet normal -0.427542 0.903996 0
    outer loop
      vertex 3.70023 14.1734 6.5
      vertex 4.32123 14.4671 0
      vertex 3.70023 14.1734 0
    endloop
  endfacet
  facet normal 0.336982 0.941511 -0
    outer loop
      vertex 41.6788 14.4671 0
      vertex 41.032 14.6986 6.5
      vertex 41.6788 14.4671 6.5
    endloop
  endfacet
  facet normal 0.336982 0.941511 0
    outer loop
      vertex 41.032 14.6986 6.5
      vertex 41.6788 14.4671 0
      vertex 41.032 14.6986 0
    endloop
  endfacet
  facet normal -0.740886 -0.671631 0
    outer loop
      vertex 2.05026 -12.9497 0
      vertex 1.58893 -12.4408 6.5
      vertex 1.58893 -12.4408 0
    endloop
  endfacet
  facet normal -0.740886 -0.671631 0
    outer loop
      vertex 1.58893 -12.4408 6.5
      vertex 2.05026 -12.9497 0
      vertex 2.05026 -12.9497 6.5
    endloop
  endfacet
  facet normal 0.857763 -0.514046 0
    outer loop
      vertex 44.8203 -11.889 6.5
      vertex 45.1734 -11.2998 0
      vertex 45.1734 -11.2998 6.5
    endloop
  endfacet
  facet normal 0.857763 -0.514046 0
    outer loop
      vertex 45.1734 -11.2998 0
      vertex 44.8203 -11.889 6.5
      vertex 44.8203 -11.889 0
    endloop
  endfacet
  facet normal 0.857763 0.514046 0
    outer loop
      vertex 45.1734 11.2998 6.5
      vertex 44.8203 11.889 0
      vertex 44.8203 11.889 6.5
    endloop
  endfacet
  facet normal 0.857763 0.514046 0
    outer loop
      vertex 44.8203 11.889 0
      vertex 45.1734 11.2998 6.5
      vertex 45.1734 11.2998 0
    endloop
  endfacet
  facet normal 0.427542 -0.903996 0
    outer loop
      vertex 41.6788 -14.4671 0
      vertex 42.2998 -14.1734 6.5
      vertex 41.6788 -14.4671 6.5
    endloop
  endfacet
  facet normal 0.427542 -0.903996 0
    outer loop
      vertex 42.2998 -14.1734 6.5
      vertex 41.6788 -14.4671 0
      vertex 42.2998 -14.1734 0
    endloop
  endfacet
  facet normal -0.336986 -0.94151 0
    outer loop
      vertex 4.32123 -14.4671 0
      vertex 4.96802 -14.6986 6.5
      vertex 4.32123 -14.4671 6.5
    endloop
  endfacet
  facet normal -0.336986 -0.94151 -0
    outer loop
      vertex 4.96802 -14.6986 6.5
      vertex 4.32123 -14.4671 0
      vertex 4.96802 -14.6986 0
    endloop
  endfacet
  facet normal -0.427542 -0.903996 0
    outer loop
      vertex 3.70023 -14.1734 0
      vertex 4.32123 -14.4671 6.5
      vertex 3.70023 -14.1734 6.5
    endloop
  endfacet
  facet normal -0.427542 -0.903996 -0
    outer loop
      vertex 4.32123 -14.4671 6.5
      vertex 3.70023 -14.1734 0
      vertex 4.32123 -14.4671 0
    endloop
  endfacet
  facet normal 0.671687 0.740835 -0
    outer loop
      vertex 43.9497 12.9497 0
      vertex 43.4408 13.4111 6.5
      vertex 43.9497 12.9497 6.5
    endloop
  endfacet
  facet normal 0.671687 0.740835 0
    outer loop
      vertex 43.4408 13.4111 6.5
      vertex 43.9497 12.9497 0
      vertex 43.4408 13.4111 0
    endloop
  endfacet
  facet normal -0.0490583 -0.998796 0
    outer loop
      vertex 6.31389 -14.9663 0
      vertex 7 -15 6.5
      vertex 6.31389 -14.9663 6.5
    endloop
  endfacet
  facet normal -0.0490583 -0.998796 -0
    outer loop
      vertex 7 -15 6.5
      vertex 6.31389 -14.9663 0
      vertex 7 -15 0
    endloop
  endfacet
  facet normal 0.514046 0.857763 -0
    outer loop
      vertex 42.889 13.8203 0
      vertex 42.2998 14.1734 6.5
      vertex 42.889 13.8203 6.5
    endloop
  endfacet
  facet normal 0.514046 0.857763 0
    outer loop
      vertex 42.2998 14.1734 6.5
      vertex 42.889 13.8203 0
      vertex 42.2998 14.1734 0
    endloop
  endfacet
  facet normal 0.242947 0.97004 -0
    outer loop
      vertex 41.032 14.6986 0
      vertex 40.3656 14.8655 6.5
      vertex 41.032 14.6986 6.5
    endloop
  endfacet
  facet normal 0.242947 0.97004 0
    outer loop
      vertex 40.3656 14.8655 6.5
      vertex 41.032 14.6986 0
      vertex 40.3656 14.8655 0
    endloop
  endfacet
  facet normal -0 0 -1
    outer loop
      vertex 10.5286 9.11808 0
      vertex 5.25557 0.83147 0
      vertex 10.4444 9.16853 0
    endloop
  endfacet
  facet normal 0 0 -1
    outer loop
      vertex 5.1714 0.881921 0
      vertex 10.4444 9.16853 0
      vertex 5.25557 0.83147 0
    endloop
  endfacet
  facet normal -0 0 -1
    outer loop
      vertex 10.4444 9.16853 0
      vertex 5.1714 0.881921 0
      vertex 10.3656 9.22699 0
    endloop
  endfacet
  facet normal 0 0 -1
    outer loop
      vertex 5.08268 0.923879 0
      vertex 10.3656 9.22699 0
      vertex 5.1714 0.881921 0
    endloop
  endfacet
  facet normal -0 0 -1
    outer loop
      vertex 10.3656 9.22699 0
      vertex 5.08268 0.923879 0
      vertex 10.2929 9.29289 0
    endloop
  endfacet
  facet normal 0 0 -1
    outer loop
      vertex 4.99028 0.95694 0
      vertex 10.2929 9.29289 0
      vertex 5.08268 0.923879 0
    endloop
  endfacet
  facet normal -0 0 -1
    outer loop
      vertex 10.2929 9.29289 0
      vertex 4.99028 0.95694 0
      vertex 10.227 9.36561 0
    endloop
  endfacet
  facet normal 0 0 -1
    outer loop
      vertex 4.89509 0.980784 0
      vertex 10.227 9.36561 0
      vertex 4.99028 0.95694 0
    endloop
  endfacet
  facet normal -0 0 -1
    outer loop
      vertex 10.227 9.36561 0
      vertex 4.89509 0.980784 0
      vertex 10.1685 9.44443 0
    endloop
  endfacet
  facet normal 0 0 -1
    outer loop
      vertex 4.79802 0.995184 0
      vertex 10.1685 9.44443 0
      vertex 4.89509 0.980784 0
    endloop
  endfacet
  facet normal 0 0 -1
    outer loop
      vertex 0 8 0
      vertex 10.1685 9.44443 0
      vertex 4.79802 0.995184 0
    endloop
  endfacet
  facet normal -0 0 -1
    outer loop
      vertex 10.1685 9.44443 0
      vertex 0 8 0
      vertex 10.1181 9.5286 0
    endloop
  endfacet
  facet normal -0 0 -1
    outer loop
      vertex 10.1181 9.5286 0
      vertex 0 8 0
      vertex 10.0761 9.61732 0
    endloop
  endfacet
  facet normal 0 -0 -1
    outer loop
      vertex 0.134506 9.36563 0
      vertex 10.0431 9.70971 0
      vertex 0.0337219 8.68611 0
    endloop
  endfacet
  facet normal 0 0 -1
    outer loop
      vertex 10.0192 9.80491 0
      vertex 5.63437 14.8655 0
      vertex 6.31389 14.9663 0
    endloop
  endfacet
  facet normal -0 0 -1
    outer loop
      vertex 10.0761 9.61732 0
      vertex 0 8 0
      vertex 10.0431 9.70971 0
    endloop
  endfacet
  facet normal 0 -0 -1
    outer loop
      vertex 0.0337219 8.68611 0
      vertex 10.0431 9.70971 0
      vertex 0 8 0
    endloop
  endfacet
  facet normal 0 0 -1
    outer loop
      vertex 0 8 0
      vertex 4.79802 0.995184 0
      vertex 4.7 1 0
    endloop
  endfacet
  facet normal 0 0 -1
    outer loop
      vertex 0 8 0
      vertex 4.7 1 0
      vertex 4.60198 0.995184 0
    endloop
  endfacet
  facet normal 0 0 -1
    outer loop
      vertex 0 8 0
      vertex 4.60198 0.995184 0
      vertex 4.50491 0.980784 0
    endloop
  endfacet
  facet normal 0 0 -1
    outer loop
      vertex 0 8 0
      vertex 4.50491 0.980784 0
      vertex 4.40971 0.95694 0
    endloop
  endfacet
  facet normal 0 0 -1
    outer loop
      vertex 10.0192 9.80491 0
      vertex 4.96802 14.6986 0
      vertex 5.63437 14.8655 0
    endloop
  endfacet
  facet normal 0 0 -1
    outer loop
      vertex 0 8 0
      vertex 4.40971 0.95694 0
      vertex 4.31732 0.923879 0
    endloop
  endfacet
  facet normal 0 0 -1
    outer loop
      vertex 0 8 0
      vertex 4.31732 0.923879 0
      vertex 4.2286 0.881921 0
    endloop
  endfacet
  facet normal 0 0 -1
    outer loop
      vertex 0 8 0
      vertex 4.2286 0.881921 0
      vertex 4.14443 0.83147 0
    endloop
  endfacet
  facet normal 0 0 -1
    outer loop
      vertex 0 8 0
      vertex 4.14443 0.83147 0
      vertex 4.06561 0.77301 0
    endloop
  endfacet
  facet normal 0 0 -1
    outer loop
      vertex 0 8 0
      vertex 4.06561 0.77301 0
      vertex 3.99289 0.707107 0
    endloop
  endfacet
  facet normal 0 0 -1
    outer loop
      vertex 0 8 0
      vertex 3.99289 0.707107 0
      vertex 3.92699 0.634393 0
    endloop
  endfacet
  facet normal 0 0 -1
    outer loop
      vertex 0 8 0
      vertex 3.92699 0.634393 0
      vertex 3.86853 0.55557 0
    endloop
  endfacet
  facet normal 0 0 -1
    outer loop
      vertex 0 8 0
      vertex 3.86853 0.55557 0
      vertex 3.81808 0.471396 0
    endloop
  endfacet
  facet normal 0 0 -1
    outer loop
      vertex 0 8 0
      vertex 3.81808 0.471396 0
      vertex 3.77612 0.382683 0
    endloop
  endfacet
  facet normal 0 0 -1
    outer loop
      vertex 0 8 0
      vertex 3.77612 0.382683 0
      vertex 3.74306 0.290284 0
    endloop
  endfacet
  facet normal 0 0 -1
    outer loop
      vertex 0 8 0
      vertex 3.74306 0.290284 0
      vertex 3.71921 0.19509 0
    endloop
  endfacet
  facet normal 0 0 -1
    outer loop
      vertex 0 8 0
      vertex 3.71921 0.19509 0
      vertex 3.70481 0.0980167 0
    endloop
  endfacet
  facet normal 0 0 -1
    outer loop
      vertex 10.0192 9.80491 0
      vertex 4.32123 14.4671 0
      vertex 4.96802 14.6986 0
    endloop
  endfacet
  facet normal 0 0 -1
    outer loop
      vertex 0 8 0
      vertex 3.70481 0.0980167 0
      vertex 3.7 0 0
    endloop
  endfacet
  facet normal -0 0 -1
    outer loop
      vertex 3.70481 -0.0980167 0
      vertex 0 -8 0
      vertex 3.7 0 0
    endloop
  endfacet
  facet normal 0 0 -1
    outer loop
      vertex 0 8 0
      vertex 3.7 0 0
      vertex 0 -8 0
    endloop
  endfacet
  facet normal 0 0 -1
    outer loop
      vertex 0 -8 0
      vertex 3.11102 -13.8203 0
      vertex 2.55925 -13.4111 0
    endloop
  endfacet
  facet normal 0 0 -1
    outer loop
      vertex 10.0192 9.80491 0
      vertex 3.70023 14.1734 0
      vertex 4.32123 14.4671 0
    endloop
  endfacet
  facet normal 0 0 -1
    outer loop
      vertex 0 -8 0
      vertex 2.55925 -13.4111 0
      vertex 2.05026 -12.9497 0
    endloop
  endfacet
  facet normal 0 0 -1
    outer loop
      vertex 10.0192 9.80491 0
      vertex 3.11102 13.8203 0
      vertex 3.70023 14.1734 0
    endloop
  endfacet
  facet normal 0 0 -1
    outer loop
      vertex 0 -8 0
      vertex 2.05026 -12.9497 0
      vertex 1.58893 -12.4408 0
    endloop
  endfacet
  facet normal 0 0 -1
    outer loop
      vertex 10.0192 9.80491 0
      vertex 2.55925 13.4111 0
      vertex 3.11102 13.8203 0
    endloop
  endfacet
  facet normal 0 0 -1
    outer loop
      vertex 0 -8 0
      vertex 1.58893 -12.4408 0
      vertex 1.17972 -11.889 0
    endloop
  endfacet
  facet normal 0 0 -1
    outer loop
      vertex 10.0192 9.80491 0
      vertex 2.05026 12.9497 0
      vertex 2.55925 13.4111 0
    endloop
  endfacet
  facet normal 0 0 -1
    outer loop
      vertex 0 -8 0
      vertex 1.17972 -11.889 0
      vertex 0.826553 -11.2998 0
    endloop
  endfacet
  facet normal 0 0 -1
    outer loop
      vertex 10.0192 9.80491 0
      vertex 1.58893 12.4408 0
      vertex 2.05026 12.9497 0
    endloop
  endfacet
  facet normal 0 0 -1
    outer loop
      vertex 0 -8 0
      vertex 0.826553 -11.2998 0
      vertex 0.532852 -10.6788 0
    endloop
  endfacet
  facet normal 0 0 -1
    outer loop
      vertex 10.0192 9.80491 0
      vertex 1.17972 11.889 0
      vertex 1.58893 12.4408 0
    endloop
  endfacet
  facet normal 0 0 -1
    outer loop
      vertex 0 -8 0
      vertex 0.532852 -10.6788 0
      vertex 0.301422 -10.032 0
    endloop
  endfacet
  facet normal 0 0 -1
    outer loop
      vertex 10.0192 9.80491 0
      vertex 0.826553 11.2998 0
      vertex 1.17972 11.889 0
    endloop
  endfacet
  facet normal 0 0 -1
    outer loop
      vertex 0 -8 0
      vertex 0.301422 -10.032 0
      vertex 0.134506 -9.36563 0
    endloop
  endfacet
  facet normal 0 0 -1
    outer loop
      vertex 10.0192 9.80491 0
      vertex 0.532852 10.6788 0
      vertex 0.826553 11.2998 0
    endloop
  endfacet
  facet normal 0 0 -1
    outer loop
      vertex 0 -8 0
      vertex 0.134506 -9.36563 0
      vertex 0.0337219 -8.68611 0
    endloop
  endfacet
  facet normal 0 0 -1
    outer loop
      vertex 10.0192 9.80491 0
      vertex 0.301422 10.032 0
      vertex 0.532852 10.6788 0
    endloop
  endfacet
  facet normal 0 0 -1
    outer loop
      vertex 10.0431 9.70971 0
      vertex 0.301422 10.032 0
      vertex 10.0192 9.80491 0
    endloop
  endfacet
  facet normal 0 -0 -1
    outer loop
      vertex 0.301422 10.032 0
      vertex 10.0431 9.70971 0
      vertex 0.134506 9.36563 0
    endloop
  endfacet
  facet normal 0 0 -1
    outer loop
      vertex 28.1181 -9.5286 0
      vertex 11.8819 -9.5286 0
      vertex 28.1685 -9.44443 0
    endloop
  endfacet
  facet normal 0 0 -1
    outer loop
      vertex 28.2929 9.29289 0
      vertex 11.9952 9.90198 0
      vertex 12 10 0
    endloop
  endfacet
  facet normal 0 0 -1
    outer loop
      vertex 11.8315 -9.44443 0
      vertex 28.1685 -9.44443 0
      vertex 11.8819 -9.5286 0
    endloop
  endfacet
  facet normal 0 0 -1
    outer loop
      vertex 28.2929 9.29289 0
      vertex 11.9808 9.80491 0
      vertex 11.9952 9.90198 0
    endloop
  endfacet
  facet normal 0 0 -1
    outer loop
      vertex 28.1685 -9.44443 0
      vertex 11.8315 -9.44443 0
      vertex 28.227 -9.36561 0
    endloop
  endfacet
  facet normal 0 0 -1
    outer loop
      vertex 28.2929 9.29289 0
      vertex 11.9569 9.70971 0
      vertex 11.9808 9.80491 0
    endloop
  endfacet
  facet normal 0 0 -1
    outer loop
      vertex 11.773 -9.36561 0
      vertex 28.227 -9.36561 0
      vertex 11.8315 -9.44443 0
    endloop
  endfacet
  facet normal 0 0 -1
    outer loop
      vertex 28.2929 9.29289 0
      vertex 11.9239 9.61732 0
      vertex 11.9569 9.70971 0
    endloop
  endfacet
  facet normal 0 0 -1
    outer loop
      vertex 28.227 -9.36561 0
      vertex 11.773 -9.36561 0
      vertex 28.2929 -9.29289 0
    endloop
  endfacet
  facet normal 0 0 -1
    outer loop
      vertex 28.2929 9.29289 0
      vertex 11.8819 9.5286 0
      vertex 11.9239 9.61732 0
    endloop
  endfacet
  facet normal 0 0 -1
    outer loop
      vertex 11.7071 -9.29289 0
      vertex 28.2929 -9.29289 0
      vertex 11.773 -9.36561 0
    endloop
  endfacet
  facet normal 0 0 -1
    outer loop
      vertex 28.2929 9.29289 0
      vertex 11.8315 9.44443 0
      vertex 11.8819 9.5286 0
    endloop
  endfacet
  facet normal 0 0 -1
    outer loop
      vertex 28.2929 -9.29289 0
      vertex 11.7071 -9.29289 0
      vertex 28.2929 9.29289 0
    endloop
  endfacet
  facet normal 0 0 -1
    outer loop
      vertex 28.2929 9.29289 0
      vertex 11.773 9.36561 0
      vertex 11.8315 9.44443 0
    endloop
  endfacet
  facet normal 0 0 -1
    outer loop
      vertex 11.7071 9.29289 0
      vertex 28.2929 9.29289 0
      vertex 11.7071 -9.29289 0
    endloop
  endfacet
  facet normal 0 0 -1
    outer loop
      vertex 28.2929 9.29289 0
      vertex 11.7071 9.29289 0
      vertex 11.773 9.36561 0
    endloop
  endfacet
  facet normal 0 0 -1
    outer loop
      vertex 11.6344 -9.22699 0
      vertex 11.7071 9.29289 0
      vertex 11.7071 -9.29289 0
    endloop
  endfacet
  facet normal 0 0 -1
    outer loop
      vertex 11.6344 -9.22699 0
      vertex 11.6344 9.22699 0
      vertex 11.7071 9.29289 0
    endloop
  endfacet
  facet normal 0 0 -1
    outer loop
      vertex 11.5556 -9.16853 0
      vertex 11.6344 9.22699 0
      vertex 11.6344 -9.22699 0
    endloop
  endfacet
  facet normal 0 0 -1
    outer loop
      vertex 11.5556 -9.16853 0
      vertex 11.5556 9.16853 0
      vertex 11.6344 9.22699 0
    endloop
  endfacet
  facet normal 0 0 -1
    outer loop
      vertex 11.4714 -9.11808 0
      vertex 11.5556 9.16853 0
      vertex 11.5556 -9.16853 0
    endloop
  endfacet
  facet normal 0 0 -1
    outer loop
      vertex 11.4714 -9.11808 0
      vertex 11.4714 9.11808 0
      vertex 11.5556 9.16853 0
    endloop
  endfacet
  facet normal 0 0 -1
    outer loop
      vertex 11.3827 -9.07612 0
      vertex 11.4714 9.11808 0
      vertex 11.4714 -9.11808 0
    endloop
  endfacet
  facet normal 0 0 -1
    outer loop
      vertex 11.3827 -9.07612 0
      vertex 11.3827 9.07612 0
      vertex 11.4714 9.11808 0
    endloop
  endfacet
  facet normal 0 0 -1
    outer loop
      vertex 5.69518 -0.0980167 0
      vertex 11.3827 -9.07612 0
      vertex 11.2903 -9.04306 0
    endloop
  endfacet
  facet normal 0 0 -1
    outer loop
      vertex 11.3827 -9.07612 0
      vertex 5.7 0 0
      vertex 11.3827 9.07612 0
    endloop
  endfacet
  facet normal 0 0 -1
    outer loop
      vertex 5.68079 -0.19509 0
      vertex 11.2903 -9.04306 0
      vertex 11.1951 -9.01921 0
    endloop
  endfacet
  facet normal 0 0 -1
    outer loop
      vertex 5.69518 0.0980167 0
      vertex 11.3827 9.07612 0
      vertex 5.7 0 0
    endloop
  endfacet
  facet normal 0 0 -1
    outer loop
      vertex 5.65694 -0.290284 0
      vertex 11.1951 -9.01921 0
      vertex 11.098 -9.00482 0
    endloop
  endfacet
  facet normal 0 0 -1
    outer loop
      vertex 11.3827 9.07612 0
      vertex 5.69518 0.0980167 0
      vertex 11.2903 9.04306 0
    endloop
  endfacet
  facet normal 0 0 -1
    outer loop
      vertex 5.62388 -0.382683 0
      vertex 11.098 -9.00482 0
      vertex 11 -9 0
    endloop
  endfacet
  facet normal 0 0 -1
    outer loop
      vertex 5.68079 0.19509 0
      vertex 11.2903 9.04306 0
      vertex 5.69518 0.0980167 0
    endloop
  endfacet
  facet normal 0 0 -1
    outer loop
      vertex 5.58192 -0.471396 0
      vertex 11 -9 0
      vertex 10.902 -9.00482 0
    endloop
  endfacet
  facet normal 0 0 -1
    outer loop
      vertex 11.2903 9.04306 0
      vertex 5.68079 0.19509 0
      vertex 11.1951 9.01921 0
    endloop
  endfacet
  facet normal 0 0 -1
    outer loop
      vertex 5.53147 -0.55557 0
      vertex 10.902 -9.00482 0
      vertex 10.8049 -9.01921 0
    endloop
  endfacet
  facet normal 0 0 -1
    outer loop
      vertex 5.65694 0.290284 0
      vertex 11.1951 9.01921 0
      vertex 5.68079 0.19509 0
    endloop
  endfacet
  facet normal 0 0 -1
    outer loop
      vertex 5.47301 -0.634393 0
      vertex 10.8049 -9.01921 0
      vertex 10.7097 -9.04306 0
    endloop
  endfacet
  facet normal 0 0 -1
    outer loop
      vertex 11.1951 9.01921 0
      vertex 5.65694 0.290284 0
      vertex 11.098 9.00482 0
    endloop
  endfacet
  facet normal 0 0 -1
    outer loop
      vertex 5.40711 -0.707107 0
      vertex 10.7097 -9.04306 0
      vertex 10.6173 -9.07612 0
    endloop
  endfacet
  facet normal 0 0 -1
    outer loop
      vertex 5.62388 0.382683 0
      vertex 11.098 9.00482 0
      vertex 5.65694 0.290284 0
    endloop
  endfacet
  facet normal 0 0 -1
    outer loop
      vertex 5.33439 -0.77301 0
      vertex 10.6173 -9.07612 0
      vertex 10.5286 -9.11808 0
    endloop
  endfacet
  facet normal 0 0 -1
    outer loop
      vertex 11.098 9.00482 0
      vertex 5.62388 0.382683 0
      vertex 11 9 0
    endloop
  endfacet
  facet normal 0 0 -1
    outer loop
      vertex 5.25557 -0.83147 0
      vertex 10.5286 -9.11808 0
      vertex 10.4444 -9.16853 0
    endloop
  endfacet
  facet normal 0 0 -1
    outer loop
      vertex 5.58192 0.471396 0
      vertex 11 9 0
      vertex 5.62388 0.382683 0
    endloop
  endfacet
  facet normal 0 0 -1
    outer loop
      vertex 5.1714 -0.881921 0
      vertex 10.4444 -9.16853 0
      vertex 10.3656 -9.22699 0
    endloop
  endfacet
  facet normal -0 0 -1
    outer loop
      vertex 11 9 0
      vertex 5.58192 0.471396 0
      vertex 10.902 9.00482 0
    endloop
  endfacet
  facet normal 0 0 -1
    outer loop
      vertex 5.08268 -0.923879 0
      vertex 10.3656 -9.22699 0
      vertex 10.2929 -9.29289 0
    endloop
  endfacet
  facet normal 0 0 -1
    outer loop
      vertex 5.53147 0.55557 0
      vertex 10.902 9.00482 0
      vertex 5.58192 0.471396 0
    endloop
  endfacet
  facet normal 0 0 -1
    outer loop
      vertex 4.99028 -0.95694 0
      vertex 10.2929 -9.29289 0
      vertex 10.227 -9.36561 0
    endloop
  endfacet
  facet normal -0 0 -1
    outer loop
      vertex 10.902 9.00482 0
      vertex 5.53147 0.55557 0
      vertex 10.8049 9.01921 0
    endloop
  endfacet
  facet normal 0 0 -1
    outer loop
      vertex 4.89509 -0.980784 0
      vertex 10.227 -9.36561 0
      vertex 10.1685 -9.44443 0
    endloop
  endfacet
  facet normal 0 0 -1
    outer loop
      vertex 5.47301 0.634393 0
      vertex 10.8049 9.01921 0
      vertex 5.53147 0.55557 0
    endloop
  endfacet
  facet normal 0 0 -1
    outer loop
      vertex 0 -8 0
      vertex 10.1685 -9.44443 0
      vertex 10.1181 -9.5286 0
    endloop
  endfacet
  facet normal -0 0 -1
    outer loop
      vertex 10.8049 9.01921 0
      vertex 5.47301 0.634393 0
      vertex 10.7097 9.04306 0
    endloop
  endfacet
  facet normal 0 0 -1
    outer loop
      vertex 0 -8 0
      vertex 10.1181 -9.5286 0
      vertex 10.0761 -9.61732 0
    endloop
  endfacet
  facet normal 0 0 -1
    outer loop
      vertex 5.40711 0.707107 0
      vertex 10.7097 9.04306 0
      vertex 5.47301 0.634393 0
    endloop
  endfacet
  facet normal 0 0 -1
    outer loop
      vertex 10.0192 -9.80491 0
      vertex 0 -8 0
      vertex 10.0431 -9.70971 0
    endloop
  endfacet
  facet normal -0 0 -1
    outer loop
      vertex 10.7097 9.04306 0
      vertex 5.40711 0.707107 0
      vertex 10.6173 9.07612 0
    endloop
  endfacet
  facet normal 0 0 -1
    outer loop
      vertex 0 -8 0
      vertex 10.0192 -9.80491 0
      vertex 3.11102 -13.8203 0
    endloop
  endfacet
  facet normal 0 0 -1
    outer loop
      vertex 5.33439 0.77301 0
      vertex 10.6173 9.07612 0
      vertex 5.40711 0.707107 0
    endloop
  endfacet
  facet normal 0 0 -1
    outer loop
      vertex 3.11102 -13.8203 0
      vertex 10.0192 -9.80491 0
      vertex 10.0048 -9.90198 0
    endloop
  endfacet
  facet normal -0 0 -1
    outer loop
      vertex 10.6173 9.07612 0
      vertex 5.33439 0.77301 0
      vertex 10.5286 9.11808 0
    endloop
  endfacet
  facet normal 0 0 -1
    outer loop
      vertex 3.11102 -13.8203 0
      vertex 10.0048 -9.90198 0
      vertex 10 -10 0
    endloop
  endfacet
  facet normal 0 0 -1
    outer loop
      vertex 5.25557 0.83147 0
      vertex 10.5286 9.11808 0
      vertex 5.33439 0.77301 0
    endloop
  endfacet
  facet normal 0 0 -1
    outer loop
      vertex 29.6344 -9.22699 0
      vertex 38.0675 -1.58598 0
      vertex 29.7071 -9.29289 0
    endloop
  endfacet
  facet normal 0 0 -1
    outer loop
      vertex 37.5 0 0
      vertex 29.9952 9.90198 0
      vertex 30 10 0
    endloop
  endfacet
  facet normal -0 0 -1
    outer loop
      vertex 38.0675 -1.58598 0
      vertex 29.6344 -9.22699 0
      vertex 37.9213 -1.38893 0
    endloop
  endfacet
  facet normal 0 0 -1
    outer loop
      vertex 37.5 0 0
      vertex 29.9808 9.80491 0
      vertex 29.9952 9.90198 0
    endloop
  endfacet
  facet normal 0 0 -1
    outer loop
      vertex 29.5556 -9.16853 0
      vertex 37.9213 -1.38893 0
      vertex 29.6344 -9.22699 0
    endloop
  endfacet
  facet normal 0 0 -1
    outer loop
      vertex 37.5 0 0
      vertex 29.9569 9.70971 0
      vertex 29.9808 9.80491 0
    endloop
  endfacet
  facet normal -0 0 -1
    outer loop
      vertex 37.9213 -1.38893 0
      vertex 29.5556 -9.16853 0
      vertex 37.7952 -1.17849 0
    endloop
  endfacet
  facet normal 0 0 -1
    outer loop
      vertex 37.5 0 0
      vertex 29.9239 9.61732 0
      vertex 29.9569 9.70971 0
    endloop
  endfacet
  facet normal 0 0 -1
    outer loop
      vertex 29.4714 -9.11808 0
      vertex 37.7952 -1.17849 0
      vertex 29.5556 -9.16853 0
    endloop
  endfacet
  facet normal 0 0 -1
    outer loop
      vertex 37.5 0 0
      vertex 29.8819 9.5286 0
      vertex 29.9239 9.61732 0
    endloop
  endfacet
  facet normal -0 0 -1
    outer loop
      vertex 37.7952 -1.17849 0
      vertex 29.4714 -9.11808 0
      vertex 37.6903 -0.956708 0
    endloop
  endfacet
  facet normal 0 0 -1
    outer loop
      vertex 37.5 0 0
      vertex 29.8315 9.44443 0
      vertex 29.8819 9.5286 0
    endloop
  endfacet
  facet normal 0 0 -1
    outer loop
      vertex 29.3827 -9.07612 0
      vertex 37.6903 -0.956708 0
      vertex 29.4714 -9.11808 0
    endloop
  endfacet
  facet normal 0 0 -1
    outer loop
      vertex 37.5 0 0
      vertex 29.773 9.36561 0
      vertex 29.8315 9.44443 0
    endloop
  endfacet
  facet normal -0 0 -1
    outer loop
      vertex 37.6903 -0.956708 0
      vertex 29.3827 -9.07612 0
      vertex 37.6077 -0.725711 0
    endloop
  endfacet
  facet normal 0 0 -1
    outer loop
      vertex 37.5 0 0
      vertex 29.7071 9.29289 0
      vertex 29.773 9.36561 0
    endloop
  endfacet
  facet normal 0 0 -1
    outer loop
      vertex 29.2903 -9.04306 0
      vertex 37.6077 -0.725711 0
      vertex 29.3827 -9.07612 0
    endloop
  endfacet
  facet normal 0 0 -1
    outer loop
      vertex 37.5 0 0
      vertex 29.6344 9.22699 0
      vertex 29.7071 9.29289 0
    endloop
  endfacet
  facet normal 0 0 -1
    outer loop
      vertex 29.1951 -9.01921 0
      vertex 37.6077 -0.725711 0
      vertex 29.2903 -9.04306 0
    endloop
  endfacet
  facet normal 0 0 -1
    outer loop
      vertex 37.5 0 0
      vertex 29.5556 9.16853 0
      vertex 29.6344 9.22699 0
    endloop
  endfacet
  facet normal -0 0 -1
    outer loop
      vertex 37.6077 -0.725711 0
      vertex 29.1951 -9.01921 0
      vertex 37.548 -0.487725 0
    endloop
  endfacet
  facet normal 0 0 -1
    outer loop
      vertex 37.5 0 0
      vertex 29.4714 9.11808 0
      vertex 29.5556 9.16853 0
    endloop
  endfacet
  facet normal 0 0 -1
    outer loop
      vertex 29.098 -9.00482 0
      vertex 37.548 -0.487725 0
      vertex 29.1951 -9.01921 0
    endloop
  endfacet
  facet normal 0 0 -1
    outer loop
      vertex 37.5 0 0
      vertex 29.3827 9.07612 0
      vertex 29.4714 9.11808 0
    endloop
  endfacet
  facet normal -0 0 -1
    outer loop
      vertex 37.548 -0.487725 0
      vertex 29.098 -9.00482 0
      vertex 37.512 -0.245043 0
    endloop
  endfacet
  facet normal 0 0 -1
    outer loop
      vertex 37.5 0 0
      vertex 29.2903 9.04306 0
      vertex 29.3827 9.07612 0
    endloop
  endfacet
  facet normal 0 0 -1
    outer loop
      vertex 29 -9 0
      vertex 37.512 -0.245043 0
      vertex 29.098 -9.00482 0
    endloop
  endfacet
  facet normal 0 0 -1
    outer loop
      vertex 37.5 0 0
      vertex 29.1951 9.01921 0
      vertex 29.2903 9.04306 0
    endloop
  endfacet
  facet normal -0 0 -1
    outer loop
      vertex 37.512 -0.245043 0
      vertex 29 -9 0
      vertex 37.5 0 0
    endloop
  endfacet
  facet normal 0 0 -1
    outer loop
      vertex 37.5 0 0
      vertex 29.098 9.00482 0
      vertex 29.1951 9.01921 0
    endloop
  endfacet
  facet normal 0 0 -1
    outer loop
      vertex 29 9 0
      vertex 37.5 0 0
      vertex 29 -9 0
    endloop
  endfacet
  facet normal 0 0 -1
    outer loop
      vertex 37.5 0 0
      vertex 29 9 0
      vertex 29.098 9.00482 0
    endloop
  endfacet
  facet normal 0 0 -1
    outer loop
      vertex 28.902 -9.00482 0
      vertex 29 9 0
      vertex 29 -9 0
    endloop
  endfacet
  facet normal 0 0 -1
    outer loop
      vertex 28.902 -9.00482 0
      vertex 28.902 9.00482 0
      vertex 29 9 0
    endloop
  endfacet
  facet normal 0 0 -1
    outer loop
      vertex 28.8049 -9.01921 0
      vertex 28.902 9.00482 0
      vertex 28.902 -9.00482 0
    endloop
  endfacet
  facet normal 0 0 -1
    outer loop
      vertex 28.8049 -9.01921 0
      vertex 28.8049 9.01921 0
      vertex 28.902 9.00482 0
    endloop
  endfacet
  facet normal 0 0 -1
    outer loop
      vertex 28.7097 -9.04306 0
      vertex 28.8049 9.01921 0
      vertex 28.8049 -9.01921 0
    endloop
  endfacet
  facet normal 0 0 -1
    outer loop
      vertex 28.7097 -9.04306 0
      vertex 28.7097 9.04306 0
      vertex 28.8049 9.01921 0
    endloop
  endfacet
  facet normal 0 0 -1
    outer loop
      vertex 28.6173 -9.07612 0
      vertex 28.7097 9.04306 0
      vertex 28.7097 -9.04306 0
    endloop
  endfacet
  facet normal 0 0 -1
    outer loop
      vertex 28.6173 -9.07612 0
      vertex 28.6173 9.07612 0
      vertex 28.7097 9.04306 0
    endloop
  endfacet
  facet normal 0 0 -1
    outer loop
      vertex 28.5286 -9.11808 0
      vertex 28.6173 9.07612 0
      vertex 28.6173 -9.07612 0
    endloop
  endfacet
  facet normal 0 0 -1
    outer loop
      vertex 28.5286 -9.11808 0
      vertex 28.5286 9.11808 0
      vertex 28.6173 9.07612 0
    endloop
  endfacet
  facet normal 0 0 -1
    outer loop
      vertex 28.4444 -9.16853 0
      vertex 28.5286 9.11808 0
      vertex 28.5286 -9.11808 0
    endloop
  endfacet
  facet normal 0 0 -1
    outer loop
      vertex 28.4444 -9.16853 0
      vertex 28.4444 9.16853 0
      vertex 28.5286 9.11808 0
    endloop
  endfacet
  facet normal 0 0 -1
    outer loop
      vertex 28.3656 -9.22699 0
      vertex 28.4444 9.16853 0
      vertex 28.4444 -9.16853 0
    endloop
  endfacet
  facet normal 0 0 -1
    outer loop
      vertex 28.3656 -9.22699 0
      vertex 28.3656 9.22699 0
      vertex 28.4444 9.16853 0
    endloop
  endfacet
  facet normal 0 0 -1
    outer loop
      vertex 28.2929 -9.29289 0
      vertex 28.3656 9.22699 0
      vertex 28.3656 -9.22699 0
    endloop
  endfacet
  facet normal 0 0 -1
    outer loop
      vertex 28.2929 -9.29289 0
      vertex 28.2929 9.29289 0
      vertex 28.3656 9.22699 0
    endloop
  endfacet
  facet normal 0 0 -1
    outer loop
      vertex 11.9239 -9.61732 0
      vertex 28.0761 -9.61732 0
      vertex 11.9569 -9.70971 0
    endloop
  endfacet
  facet normal 0 0 -1
    outer loop
      vertex 28.0761 -9.61732 0
      vertex 11.9239 -9.61732 0
      vertex 28.1181 -9.5286 0
    endloop
  endfacet
  facet normal 0 0 -1
    outer loop
      vertex 28.0431 -9.70971 0
      vertex 11.9569 -9.70971 0
      vertex 28.0761 -9.61732 0
    endloop
  endfacet
  facet normal 0 0 -1
    outer loop
      vertex 11.8819 -9.5286 0
      vertex 28.1181 -9.5286 0
      vertex 11.9239 -9.61732 0
    endloop
  endfacet
  facet normal 0 0 -1
    outer loop
      vertex 11.9569 -9.70971 0
      vertex 28.0431 -9.70971 0
      vertex 11.9808 -9.80491 0
    endloop
  endfacet
  facet normal 0 0 -1
    outer loop
      vertex 28.2929 9.29289 0
      vertex 12 10 0
      vertex 28.227 9.36561 0
    endloop
  endfacet
  facet normal 0 0 -1
    outer loop
      vertex 28.0192 -9.80491 0
      vertex 11.9808 -9.80491 0
      vertex 28.0431 -9.70971 0
    endloop
  endfacet
  facet normal 0 0 -1
    outer loop
      vertex 28.227 9.36561 0
      vertex 12 10 0
      vertex 28.1685 9.44443 0
    endloop
  endfacet
  facet normal 0 0 -1
    outer loop
      vertex 11.9808 -9.80491 0
      vertex 28.0192 -9.80491 0
      vertex 11.9952 -9.90198 0
    endloop
  endfacet
  facet normal 0 0 -1
    outer loop
      vertex 28.1685 9.44443 0
      vertex 12 10 0
      vertex 28.1181 9.5286 0
    endloop
  endfacet
  facet normal 0 0 -1
    outer loop
      vertex 28.0048 -9.90198 0
      vertex 11.9952 -9.90198 0
      vertex 28.0192 -9.80491 0
    endloop
  endfacet
  facet normal 0 0 -1
    outer loop
      vertex 28.1181 9.5286 0
      vertex 12 10 0
      vertex 28.0761 9.61732 0
    endloop
  endfacet
  facet normal 0 0 -1
    outer loop
      vertex 11.9952 -9.90198 0
      vertex 28.0048 -9.90198 0
      vertex 12 -10 0
    endloop
  endfacet
  facet normal 0 0 -1
    outer loop
      vertex 28.0761 9.61732 0
      vertex 12 10 0
      vertex 28.0431 9.70971 0
    endloop
  endfacet
  facet normal 0 0 -1
    outer loop
      vertex 12 -10 0
      vertex 28.0048 -9.90198 0
      vertex 28 -10 0
    endloop
  endfacet
  facet normal 0 0 -1
    outer loop
      vertex 28.0431 9.70971 0
      vertex 12 10 0
      vertex 28.0192 9.80491 0
    endloop
  endfacet
  facet normal 0 0 -1
    outer loop
      vertex 40.245 -2.48796 0
      vertex 46 -8 0
      vertex 45.9663 -8.68611 0
    endloop
  endfacet
  facet normal 0 0 -1
    outer loop
      vertex 46 -8 0
      vertex 42.5 0 0
      vertex 46 8 0
    endloop
  endfacet
  facet normal 0 0 -1
    outer loop
      vertex 40 -2.5 0
      vertex 45.9663 -8.68611 0
      vertex 45.8655 -9.36563 0
    endloop
  endfacet
  facet normal 0 0 -1
    outer loop
      vertex 42.488 0.245043 0
      vertex 46 8 0
      vertex 42.5 0 0
    endloop
  endfacet
  facet normal 0 0 -1
    outer loop
      vertex 40 -2.5 0
      vertex 45.8655 -9.36563 0
      vertex 45.6986 -10.032 0
    endloop
  endfacet
  facet normal 0 0 -1
    outer loop
      vertex 42.452 0.487725 0
      vertex 46 8 0
      vertex 42.488 0.245043 0
    endloop
  endfacet
  facet normal 0 0 -1
    outer loop
      vertex 40 -2.5 0
      vertex 45.6986 -10.032 0
      vertex 45.4671 -10.6788 0
    endloop
  endfacet
  facet normal 0 0 -1
    outer loop
      vertex 42.3923 0.725711 0
      vertex 46 8 0
      vertex 42.452 0.487725 0
    endloop
  endfacet
  facet normal 0 0 -1
    outer loop
      vertex 40 -2.5 0
      vertex 45.4671 -10.6788 0
      vertex 45.1734 -11.2998 0
    endloop
  endfacet
  facet normal 0 0 -1
    outer loop
      vertex 42.3097 0.956708 0
      vertex 46 8 0
      vertex 42.3923 0.725711 0
    endloop
  endfacet
  facet normal 0 0 -1
    outer loop
      vertex 40 -2.5 0
      vertex 45.1734 -11.2998 0
      vertex 44.8203 -11.889 0
    endloop
  endfacet
  facet normal 0 0 -1
    outer loop
      vertex 42.2048 1.17849 0
      vertex 46 8 0
      vertex 42.3097 0.956708 0
    endloop
  endfacet
  facet normal 0 0 -1
    outer loop
      vertex 40 -2.5 0
      vertex 44.8203 -11.889 0
      vertex 44.4111 -12.4408 0
    endloop
  endfacet
  facet normal 0 0 -1
    outer loop
      vertex 42.0787 1.38893 0
      vertex 46 8 0
      vertex 42.2048 1.17849 0
    endloop
  endfacet
  facet normal 0 0 -1
    outer loop
      vertex 40 -2.5 0
      vertex 44.4111 -12.4408 0
      vertex 43.9497 -12.9497 0
    endloop
  endfacet
  facet normal 0 0 -1
    outer loop
      vertex 41.9325 1.58598 0
      vertex 46 8 0
      vertex 42.0787 1.38893 0
    endloop
  endfacet
  facet normal 0 0 -1
    outer loop
      vertex 40 -2.5 0
      vertex 43.9497 -12.9497 0
      vertex 43.4408 -13.4111 0
    endloop
  endfacet
  facet normal 0 0 -1
    outer loop
      vertex 41.7678 1.76777 0
      vertex 46 8 0
      vertex 41.9325 1.58598 0
    endloop
  endfacet
  facet normal 0 0 -1
    outer loop
      vertex 39.755 -2.48796 0
      vertex 43.4408 -13.4111 0
      vertex 42.889 -13.8203 0
    endloop
  endfacet
  facet normal 0 0 -1
    outer loop
      vertex 41.586 1.93253 0
      vertex 46 8 0
      vertex 41.7678 1.76777 0
    endloop
  endfacet
  facet normal 0 0 -1
    outer loop
      vertex 41.3889 2.07867 0
      vertex 46 8 0
      vertex 41.586 1.93253 0
    endloop
  endfacet
  facet normal 0 0 -1
    outer loop
      vertex 46 -8 0
      vertex 42.488 -0.245043 0
      vertex 42.5 0 0
    endloop
  endfacet
  facet normal 0 0 -1
    outer loop
      vertex 46 -8 0
      vertex 42.452 -0.487725 0
      vertex 42.488 -0.245043 0
    endloop
  endfacet
  facet normal 0 0 -1
    outer loop
      vertex 46 -8 0
      vertex 42.3923 -0.725711 0
      vertex 42.452 -0.487725 0
    endloop
  endfacet
  facet normal 0 0 -1
    outer loop
      vertex 46 -8 0
      vertex 42.3097 -0.956708 0
      vertex 42.3923 -0.725711 0
    endloop
  endfacet
  facet normal 0 0 -1
    outer loop
      vertex 39.755 -2.48796 0
      vertex 42.889 -13.8203 0
      vertex 42.2998 -14.1734 0
    endloop
  endfacet
  facet normal 0 0 -1
    outer loop
      vertex 46 -8 0
      vertex 42.2048 -1.17849 0
      vertex 42.3097 -0.956708 0
    endloop
  endfacet
  facet normal 0 0 -1
    outer loop
      vertex 46 -8 0
      vertex 42.0787 -1.38893 0
      vertex 42.2048 -1.17849 0
    endloop
  endfacet
  facet normal 0 0 -1
    outer loop
      vertex 46 -8 0
      vertex 41.9325 -1.58598 0
      vertex 42.0787 -1.38893 0
    endloop
  endfacet
  facet normal 0 0 -1
    outer loop
      vertex 46 -8 0
      vertex 41.7678 -1.76777 0
      vertex 41.9325 -1.58598 0
    endloop
  endfacet
  facet normal 0 0 -1
    outer loop
      vertex 39.755 -2.48796 0
      vertex 42.2998 -14.1734 0
      vertex 41.6788 -14.4671 0
    endloop
  endfacet
  facet normal 0 0 -1
    outer loop
      vertex 46 -8 0
      vertex 41.586 -1.93253 0
      vertex 41.7678 -1.76777 0
    endloop
  endfacet
  facet normal 0 0 -1
    outer loop
      vertex 46 -8 0
      vertex 41.3889 -2.07867 0
      vertex 41.586 -1.93253 0
    endloop
  endfacet
  facet normal 0 0 -1
    outer loop
      vertex 46 -8 0
      vertex 41.1785 -2.2048 0
      vertex 41.3889 -2.07867 0
    endloop
  endfacet
  facet normal 0 0 -1
    outer loop
      vertex 39.755 -2.48796 0
      vertex 41.6788 -14.4671 0
      vertex 41.032 -14.6986 0
    endloop
  endfacet
  facet normal 0 0 -1
    outer loop
      vertex 46 -8 0
      vertex 40.9567 -2.3097 0
      vertex 41.1785 -2.2048 0
    endloop
  endfacet
  facet normal 0 0 -1
    outer loop
      vertex 46 -8 0
      vertex 40.7257 -2.39235 0
      vertex 40.9567 -2.3097 0
    endloop
  endfacet
  facet normal 0 0 -1
    outer loop
      vertex 46 -8 0
      vertex 40.4877 -2.45196 0
      vertex 40.7257 -2.39235 0
    endloop
  endfacet
  facet normal 0 0 -1
    outer loop
      vertex 39.755 -2.48796 0
      vertex 41.032 -14.6986 0
      vertex 40.3656 -14.8655 0
    endloop
  endfacet
  facet normal 0 0 -1
    outer loop
      vertex 46 -8 0
      vertex 40.245 -2.48796 0
      vertex 40.4877 -2.45196 0
    endloop
  endfacet
  facet normal 0 0 -1
    outer loop
      vertex 45.9663 -8.68611 0
      vertex 40 -2.5 0
      vertex 40.245 -2.48796 0
    endloop
  endfacet
  facet normal 0 0 -1
    outer loop
      vertex 43.4408 -13.4111 0
      vertex 39.755 -2.48796 0
      vertex 40 -2.5 0
    endloop
  endfacet
  facet normal 0 0 -1
    outer loop
      vertex 39.6861 -14.9663 0
      vertex 39.755 -2.48796 0
      vertex 40.3656 -14.8655 0
    endloop
  endfacet
  facet normal 0 0 -1
    outer loop
      vertex 39 -15 0
      vertex 39.755 -2.48796 0
      vertex 39.6861 -14.9663 0
    endloop
  endfacet
  facet normal -0 0 -1
    outer loop
      vertex 39.755 -2.48796 0
      vertex 39 -15 0
      vertex 39.5123 -2.45196 0
    endloop
  endfacet
  facet normal -0 0 -1
    outer loop
      vertex 39.5123 -2.45196 0
      vertex 39 -15 0
      vertex 39.2743 -2.39235 0
    endloop
  endfacet
  facet normal -0 0 -1
    outer loop
      vertex 39.2743 -2.39235 0
      vertex 39 -15 0
      vertex 39.0433 -2.3097 0
    endloop
  endfacet
  facet normal 0 0 -1
    outer loop
      vertex 29.9952 -9.90198 0
      vertex 39 -15 0
      vertex 30 -10 0
    endloop
  endfacet
  facet normal 0 0 -1
    outer loop
      vertex 29.9808 -9.80491 0
      vertex 39 -15 0
      vertex 29.9952 -9.90198 0
    endloop
  endfacet
  facet normal 0 0 -1
    outer loop
      vertex 39 -15 0
      vertex 29.9808 -9.80491 0
      vertex 39.0433 -2.3097 0
    endloop
  endfacet
  facet normal 0 0 -1
    outer loop
      vertex 29.9569 -9.70971 0
      vertex 39.0433 -2.3097 0
      vertex 29.9808 -9.80491 0
    endloop
  endfacet
  facet normal -0 0 -1
    outer loop
      vertex 39.0433 -2.3097 0
      vertex 29.9569 -9.70971 0
      vertex 38.8215 -2.2048 0
    endloop
  endfacet
  facet normal 0 0 -1
    outer loop
      vertex 29.9239 -9.61732 0
      vertex 38.8215 -2.2048 0
      vertex 29.9569 -9.70971 0
    endloop
  endfacet
  facet normal -0 0 -1
    outer loop
      vertex 38.8215 -2.2048 0
      vertex 29.9239 -9.61732 0
      vertex 38.6111 -2.07867 0
    endloop
  endfacet
  facet normal 0 0 -1
    outer loop
      vertex 29.8819 -9.5286 0
      vertex 38.6111 -2.07867 0
      vertex 29.9239 -9.61732 0
    endloop
  endfacet
  facet normal -0 0 -1
    outer loop
      vertex 38.6111 -2.07867 0
      vertex 29.8819 -9.5286 0
      vertex 38.414 -1.93253 0
    endloop
  endfacet
  facet normal 0 0 -1
    outer loop
      vertex 29.8315 -9.44443 0
      vertex 38.414 -1.93253 0
      vertex 29.8819 -9.5286 0
    endloop
  endfacet
  facet normal -0 0 -1
    outer loop
      vertex 38.414 -1.93253 0
      vertex 29.8315 -9.44443 0
      vertex 38.2322 -1.76777 0
    endloop
  endfacet
  facet normal -0 0 -1
    outer loop
      vertex 38.2322 -1.76777 0
      vertex 29.773 -9.36561 0
      vertex 38.0675 -1.58598 0
    endloop
  endfacet
  facet normal 0 0 -1
    outer loop
      vertex 29.773 -9.36561 0
      vertex 38.2322 -1.76777 0
      vertex 29.8315 -9.44443 0
    endloop
  endfacet
  facet normal 0 0 -1
    outer loop
      vertex 39 -15 0
      vertex 29.9952 -10.098 0
      vertex 30 -10 0
    endloop
  endfacet
  facet normal 0 0 -1
    outer loop
      vertex 39 -15 0
      vertex 29.9808 -10.1951 0
      vertex 29.9952 -10.098 0
    endloop
  endfacet
  facet normal 0 0 -1
    outer loop
      vertex 39 -15 0
      vertex 29.9569 -10.2903 0
      vertex 29.9808 -10.1951 0
    endloop
  endfacet
  facet normal 0 0 -1
    outer loop
      vertex 39 -15 0
      vertex 29.9239 -10.3827 0
      vertex 29.9569 -10.2903 0
    endloop
  endfacet
  facet normal 0 0 -1
    outer loop
      vertex 39 -15 0
      vertex 29.8819 -10.4714 0
      vertex 29.9239 -10.3827 0
    endloop
  endfacet
  facet normal 0 0 -1
    outer loop
      vertex 39 -15 0
      vertex 29.8315 -10.5556 0
      vertex 29.8819 -10.4714 0
    endloop
  endfacet
  facet normal 0 0 -1
    outer loop
      vertex 39 -15 0
      vertex 29.773 -10.6344 0
      vertex 29.8315 -10.5556 0
    endloop
  endfacet
  facet normal 0 0 -1
    outer loop
      vertex 39 -15 0
      vertex 29.7071 -10.7071 0
      vertex 29.773 -10.6344 0
    endloop
  endfacet
  facet normal 0 0 -1
    outer loop
      vertex 39 -15 0
      vertex 29.6344 -10.773 0
      vertex 29.7071 -10.7071 0
    endloop
  endfacet
  facet normal 0 0 -1
    outer loop
      vertex 39 -15 0
      vertex 29.5556 -10.8315 0
      vertex 29.6344 -10.773 0
    endloop
  endfacet
  facet normal 0 0 -1
    outer loop
      vertex 39 -15 0
      vertex 29.4714 -10.8819 0
      vertex 29.5556 -10.8315 0
    endloop
  endfacet
  facet normal 0 0 -1
    outer loop
      vertex 39 -15 0
      vertex 29.3827 -10.9239 0
      vertex 29.4714 -10.8819 0
    endloop
  endfacet
  facet normal 0 0 -1
    outer loop
      vertex 39 -15 0
      vertex 29.2903 -10.9569 0
      vertex 29.3827 -10.9239 0
    endloop
  endfacet
  facet normal 0 0 -1
    outer loop
      vertex 39 -15 0
      vertex 29.1951 -10.9808 0
      vertex 29.2903 -10.9569 0
    endloop
  endfacet
  facet normal 0 0 -1
    outer loop
      vertex 39 -15 0
      vertex 29.098 -10.9952 0
      vertex 29.1951 -10.9808 0
    endloop
  endfacet
  facet normal 0 0 -1
    outer loop
      vertex 39 -15 0
      vertex 29 -11 0
      vertex 29.098 -10.9952 0
    endloop
  endfacet
  facet normal 0 0 -1
    outer loop
      vertex 39 -15 0
      vertex 28.902 -10.9952 0
      vertex 29 -11 0
    endloop
  endfacet
  facet normal 0 0 -1
    outer loop
      vertex 39 -15 0
      vertex 28.8049 -10.9808 0
      vertex 28.902 -10.9952 0
    endloop
  endfacet
  facet normal 0 0 -1
    outer loop
      vertex 7 -15 0
      vertex 28.8049 -10.9808 0
      vertex 39 -15 0
    endloop
  endfacet
  facet normal -0 0 -1
    outer loop
      vertex 28.8049 -10.9808 0
      vertex 7 -15 0
      vertex 28.7097 -10.9569 0
    endloop
  endfacet
  facet normal 0 0 -1
    outer loop
      vertex 28.0192 9.80491 0
      vertex 12 10 0
      vertex 28.0048 9.90198 0
    endloop
  endfacet
  facet normal 0 0 -1
    outer loop
      vertex 28.0048 -10.098 0
      vertex 12 -10 0
      vertex 28 -10 0
    endloop
  endfacet
  facet normal 0 0 -1
    outer loop
      vertex 11.9952 -10.098 0
      vertex 28.0048 -10.098 0
      vertex 28.0192 -10.1951 0
    endloop
  endfacet
  facet normal 0 0 -1
    outer loop
      vertex 11.9808 -10.1951 0
      vertex 28.0192 -10.1951 0
      vertex 28.0431 -10.2903 0
    endloop
  endfacet
  facet normal 0 0 -1
    outer loop
      vertex 11.9569 -10.2903 0
      vertex 28.0431 -10.2903 0
      vertex 28.0761 -10.3827 0
    endloop
  endfacet
  facet normal 0 0 -1
    outer loop
      vertex 11.9239 -10.3827 0
      vertex 28.0761 -10.3827 0
      vertex 28.1181 -10.4714 0
    endloop
  endfacet
  facet normal 0 0 -1
    outer loop
      vertex 11.8819 -10.4714 0
      vertex 28.1181 -10.4714 0
      vertex 28.1685 -10.5556 0
    endloop
  endfacet
  facet normal 0 0 -1
    outer loop
      vertex 11.8315 -10.5556 0
      vertex 28.1685 -10.5556 0
      vertex 28.227 -10.6344 0
    endloop
  endfacet
  facet normal 0 0 -1
    outer loop
      vertex 11.773 -10.6344 0
      vertex 28.227 -10.6344 0
      vertex 28.2929 -10.7071 0
    endloop
  endfacet
  facet normal 0 0 -1
    outer loop
      vertex 11.7071 -10.7071 0
      vertex 28.2929 -10.7071 0
      vertex 28.3656 -10.773 0
    endloop
  endfacet
  facet normal 0 0 -1
    outer loop
      vertex 11.6344 -10.773 0
      vertex 28.3656 -10.773 0
      vertex 28.4444 -10.8315 0
    endloop
  endfacet
  facet normal 0 0 -1
    outer loop
      vertex 7 -15 0
      vertex 28.4444 -10.8315 0
      vertex 28.5286 -10.8819 0
    endloop
  endfacet
  facet normal 0 0 -1
    outer loop
      vertex 7 -15 0
      vertex 28.5286 -10.8819 0
      vertex 28.6173 -10.9239 0
    endloop
  endfacet
  facet normal -0 0 -1
    outer loop
      vertex 28.7097 -10.9569 0
      vertex 7 -15 0
      vertex 28.6173 -10.9239 0
    endloop
  endfacet
  facet normal 0 0 -1
    outer loop
      vertex 28.0048 -10.098 0
      vertex 11.9952 -10.098 0
      vertex 12 -10 0
    endloop
  endfacet
  facet normal 0 0 -1
    outer loop
      vertex 28.0192 -10.1951 0
      vertex 11.9808 -10.1951 0
      vertex 11.9952 -10.098 0
    endloop
  endfacet
  facet normal 0 0 -1
    outer loop
      vertex 28.0431 -10.2903 0
      vertex 11.9569 -10.2903 0
      vertex 11.9808 -10.1951 0
    endloop
  endfacet
  facet normal 0 0 -1
    outer loop
      vertex 28.0761 -10.3827 0
      vertex 11.9239 -10.3827 0
      vertex 11.9569 -10.2903 0
    endloop
  endfacet
  facet normal 0 0 -1
    outer loop
      vertex 28.1181 -10.4714 0
      vertex 11.8819 -10.4714 0
      vertex 11.9239 -10.3827 0
    endloop
  endfacet
  facet normal 0 0 -1
    outer loop
      vertex 28.1685 -10.5556 0
      vertex 11.8315 -10.5556 0
      vertex 11.8819 -10.4714 0
    endloop
  endfacet
  facet normal 0 0 -1
    outer loop
      vertex 28.227 -10.6344 0
      vertex 11.773 -10.6344 0
      vertex 11.8315 -10.5556 0
    endloop
  endfacet
  facet normal 0 0 -1
    outer loop
      vertex 28.2929 -10.7071 0
      vertex 11.7071 -10.7071 0
      vertex 11.773 -10.6344 0
    endloop
  endfacet
  facet normal 0 0 -1
    outer loop
      vertex 28.3656 -10.773 0
      vertex 11.6344 -10.773 0
      vertex 11.7071 -10.7071 0
    endloop
  endfacet
  facet normal 0 0 -1
    outer loop
      vertex 28.4444 -10.8315 0
      vertex 11.5556 -10.8315 0
      vertex 11.6344 -10.773 0
    endloop
  endfacet
  facet normal -0 0 -1
    outer loop
      vertex 28.4444 -10.8315 0
      vertex 7 -15 0
      vertex 11.5556 -10.8315 0
    endloop
  endfacet
  facet normal 0 0 -1
    outer loop
      vertex 11.5556 -10.8315 0
      vertex 7 -15 0
      vertex 11.4714 -10.8819 0
    endloop
  endfacet
  facet normal 0 0 -1
    outer loop
      vertex 11.4714 -10.8819 0
      vertex 7 -15 0
      vertex 11.3827 -10.9239 0
    endloop
  endfacet
  facet normal 0 0 -1
    outer loop
      vertex 11.3827 -10.9239 0
      vertex 7 -15 0
      vertex 11.2903 -10.9569 0
    endloop
  endfacet
  facet normal 0 0 -1
    outer loop
      vertex 11.2903 -10.9569 0
      vertex 7 -15 0
      vertex 11.1951 -10.9808 0
    endloop
  endfacet
  facet normal 0 0 -1
    outer loop
      vertex 11.1951 -10.9808 0
      vertex 7 -15 0
      vertex 11.098 -10.9952 0
    endloop
  endfacet
  facet normal 0 0 -1
    outer loop
      vertex 11.098 -10.9952 0
      vertex 7 -15 0
      vertex 11 -11 0
    endloop
  endfacet
  facet normal 0 0 -1
    outer loop
      vertex 4.96802 -14.6986 0
      vertex 10.0192 -10.1951 0
      vertex 5.63437 -14.8655 0
    endloop
  endfacet
  facet normal -0 0 -1
    outer loop
      vertex 10.0431 -10.2903 0
      vertex 5.63437 -14.8655 0
      vertex 10.0192 -10.1951 0
    endloop
  endfacet
  facet normal 0 0 -1
    outer loop
      vertex 5.63437 -14.8655 0
      vertex 10.0431 -10.2903 0
      vertex 6.31389 -14.9663 0
    endloop
  endfacet
  facet normal -0 0 -1
    outer loop
      vertex 10.0761 -10.3827 0
      vertex 6.31389 -14.9663 0
      vertex 10.0431 -10.2903 0
    endloop
  endfacet
  facet normal 0 0 -1
    outer loop
      vertex 6.31389 -14.9663 0
      vertex 10.0761 -10.3827 0
      vertex 7 -15 0
    endloop
  endfacet
  facet normal -0 0 -1
    outer loop
      vertex 10.1181 -10.4714 0
      vertex 7 -15 0
      vertex 10.0761 -10.3827 0
    endloop
  endfacet
  facet normal -0 0 -1
    outer loop
      vertex 10.1685 -10.5556 0
      vertex 7 -15 0
      vertex 10.1181 -10.4714 0
    endloop
  endfacet
  facet normal -0 0 -1
    outer loop
      vertex 10.227 -10.6344 0
      vertex 7 -15 0
      vertex 10.1685 -10.5556 0
    endloop
  endfacet
  facet normal -0 0 -1
    outer loop
      vertex 10.2929 -10.7071 0
      vertex 7 -15 0
      vertex 10.227 -10.6344 0
    endloop
  endfacet
  facet normal -0 0 -1
    outer loop
      vertex 10.3656 -10.773 0
      vertex 7 -15 0
      vertex 10.2929 -10.7071 0
    endloop
  endfacet
  facet normal -0 0 -1
    outer loop
      vertex 10.4444 -10.8315 0
      vertex 7 -15 0
      vertex 10.3656 -10.773 0
    endloop
  endfacet
  facet normal -0 0 -1
    outer loop
      vertex 10.5286 -10.8819 0
      vertex 7 -15 0
      vertex 10.4444 -10.8315 0
    endloop
  endfacet
  facet normal -0 0 -1
    outer loop
      vertex 10.6173 -10.9239 0
      vertex 7 -15 0
      vertex 10.5286 -10.8819 0
    endloop
  endfacet
  facet normal -0 0 -1
    outer loop
      vertex 10.7097 -10.9569 0
      vertex 7 -15 0
      vertex 10.6173 -10.9239 0
    endloop
  endfacet
  facet normal -0 0 -1
    outer loop
      vertex 10.8049 -10.9808 0
      vertex 7 -15 0
      vertex 10.7097 -10.9569 0
    endloop
  endfacet
  facet normal -0 0 -1
    outer loop
      vertex 10.902 -10.9952 0
      vertex 7 -15 0
      vertex 10.8049 -10.9808 0
    endloop
  endfacet
  facet normal -0 0 -1
    outer loop
      vertex 11 -11 0
      vertex 7 -15 0
      vertex 10.902 -10.9952 0
    endloop
  endfacet
  facet normal 0 0 -1
    outer loop
      vertex 41.1785 2.2048 0
      vertex 46 8 0
      vertex 41.3889 2.07867 0
    endloop
  endfacet
  facet normal 0 0 -1
    outer loop
      vertex 40.9567 2.3097 0
      vertex 46 8 0
      vertex 41.1785 2.2048 0
    endloop
  endfacet
  facet normal 0 0 -1
    outer loop
      vertex 40.7257 2.39235 0
      vertex 46 8 0
      vertex 40.9567 2.3097 0
    endloop
  endfacet
  facet normal 0 0 -1
    outer loop
      vertex 40.4877 2.45196 0
      vertex 46 8 0
      vertex 40.7257 2.39235 0
    endloop
  endfacet
  facet normal 0 0 -1
    outer loop
      vertex 40.245 2.48796 0
      vertex 46 8 0
      vertex 40.4877 2.45196 0
    endloop
  endfacet
  facet normal -0 0 -1
    outer loop
      vertex 46 8 0
      vertex 40.245 2.48796 0
      vertex 45.9663 8.68611 0
    endloop
  endfacet
  facet normal 0 0 -1
    outer loop
      vertex 40 2.5 0
      vertex 45.9663 8.68611 0
      vertex 40.245 2.48796 0
    endloop
  endfacet
  facet normal -0 0 -1
    outer loop
      vertex 45.9663 8.68611 0
      vertex 40 2.5 0
      vertex 45.8655 9.36563 0
    endloop
  endfacet
  facet normal -0 0 -1
    outer loop
      vertex 45.8655 9.36563 0
      vertex 40 2.5 0
      vertex 45.6986 10.032 0
    endloop
  endfacet
  facet normal -0 0 -1
    outer loop
      vertex 45.6986 10.032 0
      vertex 40 2.5 0
      vertex 45.4671 10.6788 0
    endloop
  endfacet
  facet normal -0 0 -1
    outer loop
      vertex 45.4671 10.6788 0
      vertex 40 2.5 0
      vertex 45.1734 11.2998 0
    endloop
  endfacet
  facet normal -0 0 -1
    outer loop
      vertex 45.1734 11.2998 0
      vertex 40 2.5 0
      vertex 44.8203 11.889 0
    endloop
  endfacet
  facet normal -0 0 -1
    outer loop
      vertex 44.8203 11.889 0
      vertex 40 2.5 0
      vertex 44.4111 12.4408 0
    endloop
  endfacet
  facet normal -0 0 -1
    outer loop
      vertex 44.4111 12.4408 0
      vertex 40 2.5 0
      vertex 43.9497 12.9497 0
    endloop
  endfacet
  facet normal -0 0 -1
    outer loop
      vertex 43.9497 12.9497 0
      vertex 40 2.5 0
      vertex 43.4408 13.4111 0
    endloop
  endfacet
  facet normal 0 0 -1
    outer loop
      vertex 39.755 2.48796 0
      vertex 43.4408 13.4111 0
      vertex 40 2.5 0
    endloop
  endfacet
  facet normal -0 0 -1
    outer loop
      vertex 43.4408 13.4111 0
      vertex 39.755 2.48796 0
      vertex 42.889 13.8203 0
    endloop
  endfacet
  facet normal -0 0 -1
    outer loop
      vertex 42.889 13.8203 0
      vertex 39.755 2.48796 0
      vertex 42.2998 14.1734 0
    endloop
  endfacet
  facet normal -0 0 -1
    outer loop
      vertex 42.2998 14.1734 0
      vertex 39.755 2.48796 0
      vertex 41.6788 14.4671 0
    endloop
  endfacet
  facet normal -0 0 -1
    outer loop
      vertex 41.6788 14.4671 0
      vertex 39.755 2.48796 0
      vertex 41.032 14.6986 0
    endloop
  endfacet
  facet normal -0 0 -1
    outer loop
      vertex 41.032 14.6986 0
      vertex 39.755 2.48796 0
      vertex 40.3656 14.8655 0
    endloop
  endfacet
  facet normal 0 0 -1
    outer loop
      vertex 39.755 2.48796 0
      vertex 39.6861 14.9663 0
      vertex 40.3656 14.8655 0
    endloop
  endfacet
  facet normal 0 0 -1
    outer loop
      vertex 39 15 0
      vertex 39.755 2.48796 0
      vertex 39.5123 2.45196 0
    endloop
  endfacet
  facet normal 0 0 -1
    outer loop
      vertex 39 15 0
      vertex 39.5123 2.45196 0
      vertex 39.2743 2.39235 0
    endloop
  endfacet
  facet normal 0 0 -1
    outer loop
      vertex 39 15 0
      vertex 39.2743 2.39235 0
      vertex 39.0433 2.3097 0
    endloop
  endfacet
  facet normal 0 0 -1
    outer loop
      vertex 39.755 2.48796 0
      vertex 39 15 0
      vertex 39.6861 14.9663 0
    endloop
  endfacet
  facet normal 0 0 -1
    outer loop
      vertex 30 10 0
      vertex 39.0433 2.3097 0
      vertex 38.8215 2.2048 0
    endloop
  endfacet
  facet normal 0 0 -1
    outer loop
      vertex 30 10 0
      vertex 38.8215 2.2048 0
      vertex 38.6111 2.07867 0
    endloop
  endfacet
  facet normal 0 0 -1
    outer loop
      vertex 30 10 0
      vertex 38.6111 2.07867 0
      vertex 38.414 1.93253 0
    endloop
  endfacet
  facet normal 0 0 -1
    outer loop
      vertex 30 10 0
      vertex 38.414 1.93253 0
      vertex 38.2322 1.76777 0
    endloop
  endfacet
  facet normal 0 0 -1
    outer loop
      vertex 30 10 0
      vertex 38.2322 1.76777 0
      vertex 38.0675 1.58598 0
    endloop
  endfacet
  facet normal 0 0 -1
    outer loop
      vertex 30 10 0
      vertex 38.0675 1.58598 0
      vertex 37.9213 1.38893 0
    endloop
  endfacet
  facet normal 0 0 -1
    outer loop
      vertex 30 10 0
      vertex 37.9213 1.38893 0
      vertex 37.7952 1.17849 0
    endloop
  endfacet
  facet normal 0 0 -1
    outer loop
      vertex 30 10 0
      vertex 37.7952 1.17849 0
      vertex 37.6903 0.956708 0
    endloop
  endfacet
  facet normal 0 0 -1
    outer loop
      vertex 30 10 0
      vertex 37.6903 0.956708 0
      vertex 37.6077 0.725711 0
    endloop
  endfacet
  facet normal 0 0 -1
    outer loop
      vertex 30 10 0
      vertex 37.6077 0.725711 0
      vertex 37.548 0.487725 0
    endloop
  endfacet
  facet normal 0 0 -1
    outer loop
      vertex 30 10 0
      vertex 37.548 0.487725 0
      vertex 37.512 0.245043 0
    endloop
  endfacet
  facet normal 0 0 -1
    outer loop
      vertex 29.7071 -9.29289 0
      vertex 38.0675 -1.58598 0
      vertex 29.773 -9.36561 0
    endloop
  endfacet
  facet normal 0 0 -1
    outer loop
      vertex 37.5 0 0
      vertex 30 10 0
      vertex 37.512 0.245043 0
    endloop
  endfacet
  facet normal 0 0 -1
    outer loop
      vertex 39.0433 2.3097 0
      vertex 30 10 0
      vertex 39 15 0
    endloop
  endfacet
  facet normal 0 0 -1
    outer loop
      vertex 29.9952 10.098 0
      vertex 39 15 0
      vertex 30 10 0
    endloop
  endfacet
  facet normal 0 0 -1
    outer loop
      vertex 29.9808 10.1951 0
      vertex 39 15 0
      vertex 29.9952 10.098 0
    endloop
  endfacet
  facet normal 0 0 -1
    outer loop
      vertex 29.9569 10.2903 0
      vertex 39 15 0
      vertex 29.9808 10.1951 0
    endloop
  endfacet
  facet normal 0 0 -1
    outer loop
      vertex 29.9239 10.3827 0
      vertex 39 15 0
      vertex 29.9569 10.2903 0
    endloop
  endfacet
  facet normal 0 0 -1
    outer loop
      vertex 29.8819 10.4714 0
      vertex 39 15 0
      vertex 29.9239 10.3827 0
    endloop
  endfacet
  facet normal 0 0 -1
    outer loop
      vertex 29.8315 10.5556 0
      vertex 39 15 0
      vertex 29.8819 10.4714 0
    endloop
  endfacet
  facet normal 0 0 -1
    outer loop
      vertex 29.773 10.6344 0
      vertex 39 15 0
      vertex 29.8315 10.5556 0
    endloop
  endfacet
  facet normal 0 0 -1
    outer loop
      vertex 29.7071 10.7071 0
      vertex 39 15 0
      vertex 29.773 10.6344 0
    endloop
  endfacet
  facet normal 0 0 -1
    outer loop
      vertex 29.6344 10.773 0
      vertex 39 15 0
      vertex 29.7071 10.7071 0
    endloop
  endfacet
  facet normal 0 0 -1
    outer loop
      vertex 29.5556 10.8315 0
      vertex 39 15 0
      vertex 29.6344 10.773 0
    endloop
  endfacet
  facet normal 0 0 -1
    outer loop
      vertex 29.4714 10.8819 0
      vertex 39 15 0
      vertex 29.5556 10.8315 0
    endloop
  endfacet
  facet normal 0 0 -1
    outer loop
      vertex 29.3827 10.9239 0
      vertex 39 15 0
      vertex 29.4714 10.8819 0
    endloop
  endfacet
  facet normal 0 0 -1
    outer loop
      vertex 29.2903 10.9569 0
      vertex 39 15 0
      vertex 29.3827 10.9239 0
    endloop
  endfacet
  facet normal 0 0 -1
    outer loop
      vertex 29.1951 10.9808 0
      vertex 39 15 0
      vertex 29.2903 10.9569 0
    endloop
  endfacet
  facet normal 0 0 -1
    outer loop
      vertex 29.098 10.9952 0
      vertex 39 15 0
      vertex 29.1951 10.9808 0
    endloop
  endfacet
  facet normal 0 0 -1
    outer loop
      vertex 29 11 0
      vertex 39 15 0
      vertex 29.098 10.9952 0
    endloop
  endfacet
  facet normal 0 0 -1
    outer loop
      vertex 28.902 10.9952 0
      vertex 39 15 0
      vertex 29 11 0
    endloop
  endfacet
  facet normal 0 0 -1
    outer loop
      vertex 28.8049 10.9808 0
      vertex 39 15 0
      vertex 28.902 10.9952 0
    endloop
  endfacet
  facet normal 0 0 -1
    outer loop
      vertex 7 15 0
      vertex 28.8049 10.9808 0
      vertex 28.7097 10.9569 0
    endloop
  endfacet
  facet normal 0 0 -1
    outer loop
      vertex 7 15 0
      vertex 28.7097 10.9569 0
      vertex 28.6173 10.9239 0
    endloop
  endfacet
  facet normal 0 0 -1
    outer loop
      vertex 28.0048 9.90198 0
      vertex 12 10 0
      vertex 28 10 0
    endloop
  endfacet
  facet normal 0 0 -1
    outer loop
      vertex 28 10 0
      vertex 12 10 0
      vertex 28.0048 10.098 0
    endloop
  endfacet
  facet normal 0 0 -1
    outer loop
      vertex 11.9952 10.098 0
      vertex 28.0048 10.098 0
      vertex 12 10 0
    endloop
  endfacet
  facet normal 0 0 -1
    outer loop
      vertex 28.0048 10.098 0
      vertex 11.9952 10.098 0
      vertex 28.0192 10.1951 0
    endloop
  endfacet
  facet normal 0 0 -1
    outer loop
      vertex 11.9808 10.1951 0
      vertex 28.0192 10.1951 0
      vertex 11.9952 10.098 0
    endloop
  endfacet
  facet normal 0 0 -1
    outer loop
      vertex 28.0192 10.1951 0
      vertex 11.9808 10.1951 0
      vertex 28.0431 10.2903 0
    endloop
  endfacet
  facet normal 0 0 -1
    outer loop
      vertex 11.9569 10.2903 0
      vertex 28.0431 10.2903 0
      vertex 11.9808 10.1951 0
    endloop
  endfacet
  facet normal 0 0 -1
    outer loop
      vertex 28.0431 10.2903 0
      vertex 11.9569 10.2903 0
      vertex 28.0761 10.3827 0
    endloop
  endfacet
  facet normal 0 0 -1
    outer loop
      vertex 11.9239 10.3827 0
      vertex 28.0761 10.3827 0
      vertex 11.9569 10.2903 0
    endloop
  endfacet
  facet normal 0 0 -1
    outer loop
      vertex 28.0761 10.3827 0
      vertex 11.9239 10.3827 0
      vertex 28.1181 10.4714 0
    endloop
  endfacet
  facet normal 0 0 -1
    outer loop
      vertex 11.8819 10.4714 0
      vertex 28.1181 10.4714 0
      vertex 11.9239 10.3827 0
    endloop
  endfacet
  facet normal 0 0 -1
    outer loop
      vertex 28.1181 10.4714 0
      vertex 11.8819 10.4714 0
      vertex 28.1685 10.5556 0
    endloop
  endfacet
  facet normal 0 0 -1
    outer loop
      vertex 11.8315 10.5556 0
      vertex 28.1685 10.5556 0
      vertex 11.8819 10.4714 0
    endloop
  endfacet
  facet normal 0 0 -1
    outer loop
      vertex 28.1685 10.5556 0
      vertex 11.8315 10.5556 0
      vertex 28.227 10.6344 0
    endloop
  endfacet
  facet normal 0 0 -1
    outer loop
      vertex 11.773 10.6344 0
      vertex 28.227 10.6344 0
      vertex 11.8315 10.5556 0
    endloop
  endfacet
  facet normal 0 0 -1
    outer loop
      vertex 28.227 10.6344 0
      vertex 11.773 10.6344 0
      vertex 28.2929 10.7071 0
    endloop
  endfacet
  facet normal 0 0 -1
    outer loop
      vertex 11.7071 10.7071 0
      vertex 28.2929 10.7071 0
      vertex 11.773 10.6344 0
    endloop
  endfacet
  facet normal 0 0 -1
    outer loop
      vertex 28.2929 10.7071 0
      vertex 11.7071 10.7071 0
      vertex 28.3656 10.773 0
    endloop
  endfacet
  facet normal 0 0 -1
    outer loop
      vertex 11.6344 10.773 0
      vertex 28.3656 10.773 0
      vertex 11.7071 10.7071 0
    endloop
  endfacet
  facet normal 0 0 -1
    outer loop
      vertex 28.3656 10.773 0
      vertex 11.6344 10.773 0
      vertex 28.4444 10.8315 0
    endloop
  endfacet
  facet normal 0 0 -1
    outer loop
      vertex 11.5556 10.8315 0
      vertex 28.4444 10.8315 0
      vertex 11.6344 10.773 0
    endloop
  endfacet
  facet normal 0 0 -1
    outer loop
      vertex 7 15 0
      vertex 28.4444 10.8315 0
      vertex 11.5556 10.8315 0
    endloop
  endfacet
  facet normal 0 0 -1
    outer loop
      vertex 28.4444 10.8315 0
      vertex 7 15 0
      vertex 28.5286 10.8819 0
    endloop
  endfacet
  facet normal 0 0 -1
    outer loop
      vertex 28.5286 10.8819 0
      vertex 7 15 0
      vertex 28.6173 10.9239 0
    endloop
  endfacet
  facet normal 0 0 -1
    outer loop
      vertex 7 15 0
      vertex 11.5556 10.8315 0
      vertex 11.4714 10.8819 0
    endloop
  endfacet
  facet normal 0 0 -1
    outer loop
      vertex 7 15 0
      vertex 11.4714 10.8819 0
      vertex 11.3827 10.9239 0
    endloop
  endfacet
  facet normal 0 0 -1
    outer loop
      vertex 7 15 0
      vertex 11.3827 10.9239 0
      vertex 11.2903 10.9569 0
    endloop
  endfacet
  facet normal 0 0 -1
    outer loop
      vertex 7 15 0
      vertex 11.2903 10.9569 0
      vertex 11.1951 10.9808 0
    endloop
  endfacet
  facet normal 0 0 -1
    outer loop
      vertex 7 15 0
      vertex 11.1951 10.9808 0
      vertex 11.098 10.9952 0
    endloop
  endfacet
  facet normal 0 0 -1
    outer loop
      vertex 7 15 0
      vertex 11.098 10.9952 0
      vertex 11 11 0
    endloop
  endfacet
  facet normal 0 0 -1
    outer loop
      vertex 7 15 0
      vertex 11 11 0
      vertex 10.902 10.9952 0
    endloop
  endfacet
  facet normal 0 0 -1
    outer loop
      vertex 11.2903 -9.04306 0
      vertex 5.68079 -0.19509 0
      vertex 5.69518 -0.0980167 0
    endloop
  endfacet
  facet normal 0 0 -1
    outer loop
      vertex 28.8049 10.9808 0
      vertex 7 15 0
      vertex 39 15 0
    endloop
  endfacet
  facet normal 0 0 -1
    outer loop
      vertex 10.8049 10.9808 0
      vertex 7 15 0
      vertex 10.902 10.9952 0
    endloop
  endfacet
  facet normal 0 0 -1
    outer loop
      vertex 10.7097 10.9569 0
      vertex 7 15 0
      vertex 10.8049 10.9808 0
    endloop
  endfacet
  facet normal 0 0 -1
    outer loop
      vertex 10.6173 10.9239 0
      vertex 7 15 0
      vertex 10.7097 10.9569 0
    endloop
  endfacet
  facet normal 0 0 -1
    outer loop
      vertex 10.5286 10.8819 0
      vertex 7 15 0
      vertex 10.6173 10.9239 0
    endloop
  endfacet
  facet normal 0 0 -1
    outer loop
      vertex 10.4444 10.8315 0
      vertex 7 15 0
      vertex 10.5286 10.8819 0
    endloop
  endfacet
  facet normal 0 0 -1
    outer loop
      vertex 10.3656 10.773 0
      vertex 7 15 0
      vertex 10.4444 10.8315 0
    endloop
  endfacet
  facet normal 0 0 -1
    outer loop
      vertex 10.2929 10.7071 0
      vertex 7 15 0
      vertex 10.3656 10.773 0
    endloop
  endfacet
  facet normal 0 0 -1
    outer loop
      vertex 10.227 10.6344 0
      vertex 7 15 0
      vertex 10.2929 10.7071 0
    endloop
  endfacet
  facet normal 0 0 -1
    outer loop
      vertex 10.1685 10.5556 0
      vertex 7 15 0
      vertex 10.227 10.6344 0
    endloop
  endfacet
  facet normal 0 0 -1
    outer loop
      vertex 10.1181 10.4714 0
      vertex 7 15 0
      vertex 10.1685 10.5556 0
    endloop
  endfacet
  facet normal 0 0 -1
    outer loop
      vertex 10.0761 10.3827 0
      vertex 7 15 0
      vertex 10.1181 10.4714 0
    endloop
  endfacet
  facet normal 0 0 -1
    outer loop
      vertex 6.31389 14.9663 0
      vertex 10.0761 10.3827 0
      vertex 10.0431 10.2903 0
    endloop
  endfacet
  facet normal 0 0 -1
    outer loop
      vertex 6.31389 14.9663 0
      vertex 10.0431 10.2903 0
      vertex 10.0192 10.1951 0
    endloop
  endfacet
  facet normal 0 0 -1
    outer loop
      vertex 6.31389 14.9663 0
      vertex 10.0192 10.1951 0
      vertex 10.0048 10.098 0
    endloop
  endfacet
  facet normal 0 0 -1
    outer loop
      vertex 11.3827 -9.07612 0
      vertex 5.69518 -0.0980167 0
      vertex 5.7 0 0
    endloop
  endfacet
  facet normal -0 0 -1
    outer loop
      vertex 10.0192 -10.1951 0
      vertex 4.96802 -14.6986 0
      vertex 10.0048 -10.098 0
    endloop
  endfacet
  facet normal 0 0 -1
    outer loop
      vertex 10 10 0
      vertex 6.31389 14.9663 0
      vertex 10.0048 10.098 0
    endloop
  endfacet
  facet normal 0 0 -1
    outer loop
      vertex 10.0761 10.3827 0
      vertex 6.31389 14.9663 0
      vertex 7 15 0
    endloop
  endfacet
  facet normal 0 0 -1
    outer loop
      vertex 10.0048 9.90198 0
      vertex 6.31389 14.9663 0
      vertex 10 10 0
    endloop
  endfacet
  facet normal 0 0 -1
    outer loop
      vertex 10.0192 9.80491 0
      vertex 6.31389 14.9663 0
      vertex 10.0048 9.90198 0
    endloop
  endfacet
  facet normal 0 0 -1
    outer loop
      vertex 11.1951 -9.01921 0
      vertex 5.65694 -0.290284 0
      vertex 5.68079 -0.19509 0
    endloop
  endfacet
  facet normal 0 0 -1
    outer loop
      vertex 4.32123 -14.4671 0
      vertex 10.0048 -10.098 0
      vertex 4.96802 -14.6986 0
    endloop
  endfacet
  facet normal 0 0 -1
    outer loop
      vertex 11.098 -9.00482 0
      vertex 5.62388 -0.382683 0
      vertex 5.65694 -0.290284 0
    endloop
  endfacet
  facet normal 0 0 -1
    outer loop
      vertex 11 -9 0
      vertex 5.58192 -0.471396 0
      vertex 5.62388 -0.382683 0
    endloop
  endfacet
  facet normal 0 0 -1
    outer loop
      vertex 10.902 -9.00482 0
      vertex 5.53147 -0.55557 0
      vertex 5.58192 -0.471396 0
    endloop
  endfacet
  facet normal 0 0 -1
    outer loop
      vertex 10.8049 -9.01921 0
      vertex 5.47301 -0.634393 0
      vertex 5.53147 -0.55557 0
    endloop
  endfacet
  facet normal 0 0 -1
    outer loop
      vertex 10.7097 -9.04306 0
      vertex 5.40711 -0.707107 0
      vertex 5.47301 -0.634393 0
    endloop
  endfacet
  facet normal 0 0 -1
    outer loop
      vertex 10.6173 -9.07612 0
      vertex 5.33439 -0.77301 0
      vertex 5.40711 -0.707107 0
    endloop
  endfacet
  facet normal 0 0 -1
    outer loop
      vertex 10.5286 -9.11808 0
      vertex 5.25557 -0.83147 0
      vertex 5.33439 -0.77301 0
    endloop
  endfacet
  facet normal 0 0 -1
    outer loop
      vertex 10.4444 -9.16853 0
      vertex 5.1714 -0.881921 0
      vertex 5.25557 -0.83147 0
    endloop
  endfacet
  facet normal 0 0 -1
    outer loop
      vertex 10.3656 -9.22699 0
      vertex 5.08268 -0.923879 0
      vertex 5.1714 -0.881921 0
    endloop
  endfacet
  facet normal 0 0 -1
    outer loop
      vertex 10.2929 -9.29289 0
      vertex 4.99028 -0.95694 0
      vertex 5.08268 -0.923879 0
    endloop
  endfacet
  facet normal 0 0 -1
    outer loop
      vertex 3.70023 -14.1734 0
      vertex 10.0048 -10.098 0
      vertex 4.32123 -14.4671 0
    endloop
  endfacet
  facet normal -0 0 -1
    outer loop
      vertex 10.0048 -10.098 0
      vertex 3.70023 -14.1734 0
      vertex 10 -10 0
    endloop
  endfacet
  facet normal 0 0 -1
    outer loop
      vertex 10.0431 -9.70971 0
      vertex 0 -8 0
      vertex 10.0761 -9.61732 0
    endloop
  endfacet
  facet normal 0 0 -1
    outer loop
      vertex 10.227 -9.36561 0
      vertex 4.89509 -0.980784 0
      vertex 4.99028 -0.95694 0
    endloop
  endfacet
  facet normal 0 0 -1
    outer loop
      vertex 10.1685 -9.44443 0
      vertex 4.79802 -0.995184 0
      vertex 4.89509 -0.980784 0
    endloop
  endfacet
  facet normal 0 0 -1
    outer loop
      vertex 10.1685 -9.44443 0
      vertex 0 -8 0
      vertex 4.79802 -0.995184 0
    endloop
  endfacet
  facet normal 0 0 -1
    outer loop
      vertex 4.79802 -0.995184 0
      vertex 0 -8 0
      vertex 4.7 -1 0
    endloop
  endfacet
  facet normal -0 0 -1
    outer loop
      vertex 4.7 -1 0
      vertex 0 -8 0
      vertex 4.60198 -0.995184 0
    endloop
  endfacet
  facet normal -0 0 -1
    outer loop
      vertex 4.60198 -0.995184 0
      vertex 0 -8 0
      vertex 4.50491 -0.980784 0
    endloop
  endfacet
  facet normal -0 0 -1
    outer loop
      vertex 4.50491 -0.980784 0
      vertex 0 -8 0
      vertex 4.40971 -0.95694 0
    endloop
  endfacet
  facet normal -0 0 -1
    outer loop
      vertex 4.40971 -0.95694 0
      vertex 0 -8 0
      vertex 4.31732 -0.923879 0
    endloop
  endfacet
  facet normal -0 0 -1
    outer loop
      vertex 4.31732 -0.923879 0
      vertex 0 -8 0
      vertex 4.2286 -0.881921 0
    endloop
  endfacet
  facet normal -0 0 -1
    outer loop
      vertex 4.2286 -0.881921 0
      vertex 0 -8 0
      vertex 4.14443 -0.83147 0
    endloop
  endfacet
  facet normal -0 0 -1
    outer loop
      vertex 4.14443 -0.83147 0
      vertex 0 -8 0
      vertex 4.06561 -0.77301 0
    endloop
  endfacet
  facet normal -0 0 -1
    outer loop
      vertex 4.06561 -0.77301 0
      vertex 0 -8 0
      vertex 3.99289 -0.707107 0
    endloop
  endfacet
  facet normal -0 0 -1
    outer loop
      vertex 3.99289 -0.707107 0
      vertex 0 -8 0
      vertex 3.92699 -0.634393 0
    endloop
  endfacet
  facet normal -0 0 -1
    outer loop
      vertex 3.92699 -0.634393 0
      vertex 0 -8 0
      vertex 3.86853 -0.55557 0
    endloop
  endfacet
  facet normal -0 0 -1
    outer loop
      vertex 3.86853 -0.55557 0
      vertex 0 -8 0
      vertex 3.81808 -0.471396 0
    endloop
  endfacet
  facet normal -0 0 -1
    outer loop
      vertex 3.81808 -0.471396 0
      vertex 0 -8 0
      vertex 3.77612 -0.382683 0
    endloop
  endfacet
  facet normal -0 0 -1
    outer loop
      vertex 3.77612 -0.382683 0
      vertex 0 -8 0
      vertex 3.74306 -0.290284 0
    endloop
  endfacet
  facet normal 0 0 -1
    outer loop
      vertex 10 -10 0
      vertex 3.70023 -14.1734 0
      vertex 3.11102 -13.8203 0
    endloop
  endfacet
  facet normal -0 0 -1
    outer loop
      vertex 3.74306 -0.290284 0
      vertex 0 -8 0
      vertex 3.71921 -0.19509 0
    endloop
  endfacet
  facet normal -0 0 -1
    outer loop
      vertex 3.71921 -0.19509 0
      vertex 0 -8 0
      vertex 3.70481 -0.0980167 0
    endloop
  endfacet
  facet normal 0.595659 0.803237 -0
    outer loop
      vertex 43.4408 13.4111 0
      vertex 42.889 13.8203 6.5
      vertex 43.4408 13.4111 6.5
    endloop
  endfacet
  facet normal 0.595659 0.803237 0
    outer loop
      vertex 42.889 13.8203 6.5
      vertex 43.4408 13.4111 0
      vertex 42.889 13.8203 0
    endloop
  endfacet
  facet normal 0.514046 -0.857763 0
    outer loop
      vertex 42.2998 -14.1734 0
      vertex 42.889 -13.8203 6.5
      vertex 42.2998 -14.1734 6.5
    endloop
  endfacet
  facet normal 0.514046 -0.857763 0
    outer loop
      vertex 42.889 -13.8203 6.5
      vertex 42.2998 -14.1734 0
      vertex 42.889 -13.8203 0
    endloop
  endfacet
  facet normal 0.989173 0.146754 0
    outer loop
      vertex 2.29224 -8.93643 6.45
      vertex 2.22311 -8.47047 2.2
      vertex 2.22311 -8.47047 6.45
    endloop
  endfacet
  facet normal 0.989173 0.146754 0
    outer loop
      vertex 2.22311 -8.47047 2.2
      vertex 2.29224 -8.93643 6.45
      vertex 2.29224 -8.93643 2.2
    endloop
  endfacet
  facet normal -0.989173 -0.146754 0
    outer loop
      vertex 2.29224 -8.93643 6.5
      vertex 2.22311 -8.47047 7.45
      vertex 2.22311 -8.47047 6.5
    endloop
  endfacet
  facet normal -0.989173 -0.146754 0
    outer loop
      vertex 2.22311 -8.47047 7.45
      vertex 2.29224 -8.93643 6.5
      vertex 2.29224 -8.93643 7.45
    endloop
  endfacet
  facet normal 0.998797 0.0490408 0
    outer loop
      vertex 2.22311 -8.47047 6.45
      vertex 2.20001 -8 2.2
      vertex 2.20001 -8 6.45
    endloop
  endfacet
  facet normal 0.998797 0.0490408 0
    outer loop
      vertex 2.20001 -8 2.2
      vertex 2.22311 -8.47047 6.45
      vertex 2.22311 -8.47047 2.2
    endloop
  endfacet
  facet normal -0.998797 -0.0490408 0
    outer loop
      vertex 2.22311 -8.47047 6.5
      vertex 2.20001 -8 7.45
      vertex 2.20001 -8 6.5
    endloop
  endfacet
  facet normal -0.998797 -0.0490408 0
    outer loop
      vertex 2.20001 -8 7.45
      vertex 2.22311 -8.47047 6.5
      vertex 2.22311 -8.47047 7.45
    endloop
  endfacet
  facet normal -0.671541 0.740967 0
    outer loop
      vertex 42.3941 -11.3941 2.2
      vertex 42.0451 -11.7104 6.45
      vertex 42.3941 -11.3941 6.45
    endloop
  endfacet
  facet normal -0.671541 0.740967 0
    outer loop
      vertex 42.0451 -11.7104 6.45
      vertex 42.3941 -11.3941 2.2
      vertex 42.0451 -11.7104 2.2
    endloop
  endfacet
  facet normal 0.671541 -0.740967 0
    outer loop
      vertex 42.0451 -11.7104 6.5
      vertex 42.3941 -11.3941 7.45
      vertex 42.0451 -11.7104 7.45
    endloop
  endfacet
  facet normal 0.671541 -0.740967 0
    outer loop
      vertex 42.3941 -11.3941 7.45
      vertex 42.0451 -11.7104 6.5
      vertex 42.3941 -11.3941 6.5
    endloop
  endfacet
  facet normal -0.14671 0.98918 0
    outer loop
      vertex 39.9364 -12.7078 2.2
      vertex 39.4705 -12.7769 6.45
      vertex 39.9364 -12.7078 6.45
    endloop
  endfacet
  facet normal -0.14671 0.98918 0
    outer loop
      vertex 39.4705 -12.7769 6.45
      vertex 39.9364 -12.7078 2.2
      vertex 39.4705 -12.7769 2.2
    endloop
  endfacet
  facet normal 0.14671 -0.98918 0
    outer loop
      vertex 39.4705 -12.7769 6.5
      vertex 39.9364 -12.7078 7.45
      vertex 39.4705 -12.7769 7.45
    endloop
  endfacet
  facet normal 0.14671 -0.98918 0
    outer loop
      vertex 39.9364 -12.7078 7.45
      vertex 39.4705 -12.7769 6.5
      vertex 39.9364 -12.7078 6.5
    endloop
  endfacet
  facet normal 0.941544 -0.336889 0
    outer loop
      vertex 2.40669 9.39336 6.45
      vertex 2.56538 9.83687 2.2
      vertex 2.56538 9.83687 6.45
    endloop
  endfacet
  facet normal 0.941544 -0.336889 0
    outer loop
      vertex 2.56538 9.83687 2.2
      vertex 2.40669 9.39336 6.45
      vertex 2.40669 9.39336 2.2
    endloop
  endfacet
  facet normal -0.941544 0.336889 0
    outer loop
      vertex 2.40669 9.39336 6.5
      vertex 2.56538 9.83687 7.45
      vertex 2.56538 9.83687 6.5
    endloop
  endfacet
  facet normal -0.941544 0.336889 0
    outer loop
      vertex 2.56538 9.83687 7.45
      vertex 2.40669 9.39336 6.5
      vertex 2.40669 9.39336 7.45
    endloop
  endfacet
  facet normal 0.514155 -0.857697 0
    outer loop
      vertex 4.33327 11.991 2.2
      vertex 4.7373 12.2332 6.45
      vertex 4.33327 11.991 6.45
    endloop
  endfacet
  facet normal 0.514155 -0.857697 0
    outer loop
      vertex 4.7373 12.2332 6.45
      vertex 4.33327 11.991 2.2
      vertex 4.7373 12.2332 2.2
    endloop
  endfacet
  facet normal -0.514155 0.857697 0
    outer loop
      vertex 4.7373 12.2332 6.5
      vertex 4.33327 11.991 7.45
      vertex 4.7373 12.2332 7.45
    endloop
  endfacet
  facet normal -0.514155 0.857697 0
    outer loop
      vertex 4.33327 11.991 7.45
      vertex 4.7373 12.2332 6.5
      vertex 4.33327 11.991 6.5
    endloop
  endfacet
  facet normal -0.243035 -0.970018 0
    outer loop
      vertex 39.9364 12.7078 2.2
      vertex 40.3934 12.5933 6.45
      vertex 39.9364 12.7078 6.45
    endloop
  endfacet
  facet normal -0.243035 -0.970018 -0
    outer loop
      vertex 40.3934 12.5933 6.45
      vertex 39.9364 12.7078 2.2
      vertex 40.3934 12.5933 2.2
    endloop
  endfacet
  facet normal 0.243035 0.970018 -0
    outer loop
      vertex 40.3934 12.5933 6.5
      vertex 39.9364 12.7078 7.45
      vertex 40.3934 12.5933 7.45
    endloop
  endfacet
  facet normal 0.243035 0.970018 0
    outer loop
      vertex 39.9364 12.7078 7.45
      vertex 40.3934 12.5933 6.5
      vertex 39.9364 12.7078 6.5
    endloop
  endfacet
  facet normal -0.998797 0.0490408 0
    outer loop
      vertex 43.7769 -8.47047 2.2
      vertex 43.8 -8 6.45
      vertex 43.8 -8 2.2
    endloop
  endfacet
  facet normal -0.998797 0.0490408 0
    outer loop
      vertex 43.8 -8 6.45
      vertex 43.7769 -8.47047 2.2
      vertex 43.7769 -8.47047 6.45
    endloop
  endfacet
  facet normal 0.998797 -0.0490408 0
    outer loop
      vertex 43.7769 -8.47047 7.45
      vertex 43.8 -8 6.5
      vertex 43.8 -8 7.45
    endloop
  endfacet
  facet normal 0.998797 -0.0490408 0
    outer loop
      vertex 43.8 -8 6.5
      vertex 43.7769 -8.47047 7.45
      vertex 43.7769 -8.47047 6.5
    endloop
  endfacet
  facet normal 0.24307 0.970009 -0
    outer loop
      vertex 6.06357 -12.7078 2.2
      vertex 5.60664 -12.5933 6.45
      vertex 6.06357 -12.7078 6.45
    endloop
  endfacet
  facet normal 0.24307 0.970009 0
    outer loop
      vertex 5.60664 -12.5933 6.45
      vertex 6.06357 -12.7078 2.2
      vertex 5.60664 -12.5933 2.2
    endloop
  endfacet
  facet normal -0.24307 -0.970009 0
    outer loop
      vertex 5.60664 -12.5933 6.5
      vertex 6.06357 -12.7078 7.45
      vertex 5.60664 -12.5933 7.45
    endloop
  endfacet
  facet normal -0.24307 -0.970009 -0
    outer loop
      vertex 6.06357 -12.7078 7.45
      vertex 5.60664 -12.5933 6.5
      vertex 6.06357 -12.7078 6.5
    endloop
  endfacet
  facet normal -0.970009 -0.24307 0
    outer loop
      vertex 43.7078 8.93643 2.2
      vertex 43.5933 9.39336 6.45
      vertex 43.5933 9.39336 2.2
    endloop
  endfacet
  facet normal -0.970009 -0.24307 0
    outer loop
      vertex 43.5933 9.39336 6.45
      vertex 43.7078 8.93643 2.2
      vertex 43.7078 8.93643 6.45
    endloop
  endfacet
  facet normal 0.970009 0.24307 0
    outer loop
      vertex 43.7078 8.93643 7.45
      vertex 43.5933 9.39336 6.5
      vertex 43.5933 9.39336 7.45
    endloop
  endfacet
  facet normal 0.970009 0.24307 0
    outer loop
      vertex 43.5933 9.39336 6.5
      vertex 43.7078 8.93643 7.45
      vertex 43.7078 8.93643 6.5
    endloop
  endfacet
  facet normal -0.427575 0.90398 0
    outer loop
      vertex 41.2627 -12.2332 2.2
      vertex 40.8369 -12.4346 6.45
      vertex 41.2627 -12.2332 6.45
    endloop
  endfacet
  facet normal -0.427575 0.90398 0
    outer loop
      vertex 40.8369 -12.4346 6.45
      vertex 41.2627 -12.2332 2.2
      vertex 40.8369 -12.4346 2.2
    endloop
  endfacet
  facet normal 0.427575 -0.90398 0
    outer loop
      vertex 40.8369 -12.4346 6.5
      vertex 41.2627 -12.2332 7.45
      vertex 40.8369 -12.4346 7.45
    endloop
  endfacet
  facet normal 0.427575 -0.90398 0
    outer loop
      vertex 41.2627 -12.2332 7.45
      vertex 40.8369 -12.4346 6.5
      vertex 41.2627 -12.2332 6.5
    endloop
  endfacet
  facet normal 0.514155 0.857697 -0
    outer loop
      vertex 4.7373 -12.2332 2.2
      vertex 4.33327 -11.991 6.45
      vertex 4.7373 -12.2332 6.45
    endloop
  endfacet
  facet normal 0.514155 0.857697 0
    outer loop
      vertex 4.33327 -11.991 6.45
      vertex 4.7373 -12.2332 2.2
      vertex 4.33327 -11.991 2.2
    endloop
  endfacet
  facet normal -0.514155 -0.857697 0
    outer loop
      vertex 4.33327 -11.991 6.5
      vertex 4.7373 -12.2332 7.45
      vertex 4.33327 -11.991 7.45
    endloop
  endfacet
  facet normal -0.514155 -0.857697 -0
    outer loop
      vertex 4.7373 -12.2332 7.45
      vertex 4.33327 -11.991 6.5
      vertex 4.7373 -12.2332 6.5
    endloop
  endfacet
  facet normal -0.740967 -0.671541 0
    outer loop
      vertex 42.7104 11.0451 2.2
      vertex 42.3941 11.3941 6.45
      vertex 42.3941 11.3941 2.2
    endloop
  endfacet
  facet normal -0.740967 -0.671541 0
    outer loop
      vertex 42.3941 11.3941 6.45
      vertex 42.7104 11.0451 2.2
      vertex 42.7104 11.0451 6.45
    endloop
  endfacet
  facet normal 0.740967 0.671541 0
    outer loop
      vertex 42.7104 11.0451 7.45
      vertex 42.3941 11.3941 6.5
      vertex 42.3941 11.3941 7.45
    endloop
  endfacet
  facet normal 0.740967 0.671541 0
    outer loop
      vertex 42.3941 11.3941 6.5
      vertex 42.7104 11.0451 7.45
      vertex 42.7104 11.0451 6.5
    endloop
  endfacet
  facet normal -0.514184 0.85768 0
    outer loop
      vertex 41.6667 -11.991 2.2
      vertex 41.2627 -12.2332 6.45
      vertex 41.6667 -11.991 6.45
    endloop
  endfacet
  facet normal -0.514184 0.85768 0
    outer loop
      vertex 41.2627 -12.2332 6.45
      vertex 41.6667 -11.991 2.2
      vertex 41.2627 -12.2332 2.2
    endloop
  endfacet
  facet normal 0.514184 -0.85768 0
    outer loop
      vertex 41.2627 -12.2332 6.5
      vertex 41.6667 -11.991 7.45
      vertex 41.2627 -12.2332 7.45
    endloop
  endfacet
  facet normal 0.514184 -0.85768 0
    outer loop
      vertex 41.6667 -11.991 7.45
      vertex 41.2627 -12.2332 6.5
      vertex 41.6667 -11.991 6.5
    endloop
  endfacet
  facet normal 0.998797 -0.0490408 0
    outer loop
      vertex 2.20001 8 6.45
      vertex 2.22311 8.47047 2.2
      vertex 2.22311 8.47047 6.45
    endloop
  endfacet
  facet normal 0.998797 -0.0490408 0
    outer loop
      vertex 2.22311 8.47047 2.2
      vertex 2.20001 8 6.45
      vertex 2.20001 8 2.2
    endloop
  endfacet
  facet normal -0.998797 0.0490408 0
    outer loop
      vertex 2.20001 8 6.5
      vertex 2.22311 8.47047 7.45
      vertex 2.22311 8.47047 6.5
    endloop
  endfacet
  facet normal -0.998797 0.0490408 0
    outer loop
      vertex 2.22311 8.47047 7.45
      vertex 2.20001 8 6.5
      vertex 2.20001 8 7.45
    endloop
  endfacet
  facet normal 1 0 0
    outer loop
      vertex 2.20001 7.65 5.15
      vertex 2.20001 8 6.45
      vertex 2.20001 7.65 6.45
    endloop
  endfacet
  facet normal 1 0 0
    outer loop
      vertex 2.20001 8 6.45
      vertex 2.20001 7.65 5.15
      vertex 2.20001 8 2.2
    endloop
  endfacet
  facet normal 1 0 0
    outer loop
      vertex 2.20001 2.44717 2.2
      vertex 2.20001 7.65 5.15
      vertex 2.20001 2.44717 5.15
    endloop
  endfacet
  facet normal 1 0 0
    outer loop
      vertex 2.20001 7.65 5.15
      vertex 2.20001 2.44717 2.2
      vertex 2.20001 8 2.2
    endloop
  endfacet
  facet normal 1 0 0
    outer loop
      vertex 2.20001 -7.65 6.45
      vertex 2.20001 -8 6.45
      vertex 2.20001 -7.65 5.15
    endloop
  endfacet
  facet normal 1 -0 0
    outer loop
      vertex 2.20001 -7.65 5.15
      vertex 2.20001 -2.44717 2.2
      vertex 2.20001 -2.44717 5.15
    endloop
  endfacet
  facet normal 1 0 0
    outer loop
      vertex 2.20001 -7.65 5.15
      vertex 2.20001 -8 2.2
      vertex 2.20001 -2.44717 2.2
    endloop
  endfacet
  facet normal 1 0 0
    outer loop
      vertex 2.20001 -8 2.2
      vertex 2.20001 -7.65 5.15
      vertex 2.20001 -8 6.45
    endloop
  endfacet
  facet normal -1 0 0
    outer loop
      vertex 2.20001 7.65 6.5
      vertex 2.20001 8 7.45
      vertex 2.20001 8 6.5
    endloop
  endfacet
  facet normal -1 -0 0
    outer loop
      vertex 2.20001 8 7.45
      vertex 2.20001 7.65 6.5
      vertex 2.20001 7.65 7.45
    endloop
  endfacet
  facet normal -1 0 0
    outer loop
      vertex 2.20001 -8 6.5
      vertex 2.20001 -7.65 7.45
      vertex 2.20001 -7.65 6.5
    endloop
  endfacet
  facet normal -1 -0 0
    outer loop
      vertex 2.20001 -7.65 7.45
      vertex 2.20001 -8 6.5
      vertex 2.20001 -8 7.45
    endloop
  endfacet
  facet normal -0.998797 -0.0490408 0
    outer loop
      vertex 43.8 8 2.2
      vertex 43.7769 8.47047 6.45
      vertex 43.7769 8.47047 2.2
    endloop
  endfacet
  facet normal -0.998797 -0.0490408 0
    outer loop
      vertex 43.7769 8.47047 6.45
      vertex 43.8 8 2.2
      vertex 43.8 8 6.45
    endloop
  endfacet
  facet normal 0.998797 0.0490408 0
    outer loop
      vertex 43.8 8 7.45
      vertex 43.7769 8.47047 6.5
      vertex 43.7769 8.47047 7.45
    endloop
  endfacet
  facet normal 0.998797 0.0490408 0
    outer loop
      vertex 43.7769 8.47047 6.5
      vertex 43.8 8 7.45
      vertex 43.8 8 6.5
    endloop
  endfacet
  facet normal -0.740967 0.671541 0
    outer loop
      vertex 42.3941 -11.3941 2.2
      vertex 42.7104 -11.0451 6.45
      vertex 42.7104 -11.0451 2.2
    endloop
  endfacet
  facet normal -0.740967 0.671541 0
    outer loop
      vertex 42.7104 -11.0451 6.45
      vertex 42.3941 -11.3941 2.2
      vertex 42.3941 -11.3941 6.45
    endloop
  endfacet
  facet normal 0.740967 -0.671541 0
    outer loop
      vertex 42.3941 -11.3941 7.45
      vertex 42.7104 -11.0451 6.5
      vertex 42.7104 -11.0451 7.45
    endloop
  endfacet
  facet normal 0.740967 -0.671541 0
    outer loop
      vertex 42.7104 -11.0451 6.5
      vertex 42.3941 -11.3941 7.45
      vertex 42.3941 -11.3941 6.5
    endloop
  endfacet
  facet normal -0.989182 -0.146692 0
    outer loop
      vertex 43.7769 8.47047 2.2
      vertex 43.7078 8.93643 6.45
      vertex 43.7078 8.93643 2.2
    endloop
  endfacet
  facet normal -0.989182 -0.146692 0
    outer loop
      vertex 43.7078 8.93643 6.45
      vertex 43.7769 8.47047 2.2
      vertex 43.7769 8.47047 6.45
    endloop
  endfacet
  facet normal 0.989182 0.146692 0
    outer loop
      vertex 43.7769 8.47047 7.45
      vertex 43.7078 8.93643 6.5
      vertex 43.7078 8.93643 7.45
    endloop
  endfacet
  facet normal 0.989182 0.146692 0
    outer loop
      vertex 43.7078 8.93643 6.5
      vertex 43.7769 8.47047 7.45
      vertex 43.7769 8.47047 6.5
    endloop
  endfacet
  facet normal -0.903991 -0.427551 0
    outer loop
      vertex 43.4346 9.83687 2.2
      vertex 43.2332 10.2627 6.45
      vertex 43.2332 10.2627 2.2
    endloop
  endfacet
  facet normal -0.903991 -0.427551 0
    outer loop
      vertex 43.2332 10.2627 6.45
      vertex 43.4346 9.83687 2.2
      vertex 43.4346 9.83687 6.45
    endloop
  endfacet
  facet normal 0.903991 0.427551 0
    outer loop
      vertex 43.4346 9.83687 7.45
      vertex 43.2332 10.2627 6.5
      vertex 43.2332 10.2627 7.45
    endloop
  endfacet
  facet normal 0.903991 0.427551 0
    outer loop
      vertex 43.2332 10.2627 6.5
      vertex 43.4346 9.83687 7.45
      vertex 43.4346 9.83687 6.5
    endloop
  endfacet
  facet normal 0 -1 0
    outer loop
      vertex 30.5454 12.8 2.2
      vertex 39 12.8 6.45
      vertex 30.5454 12.8 6.45
    endloop
  endfacet
  facet normal 0 -1 -0
    outer loop
      vertex 39 12.8 6.45
      vertex 30.5454 12.8 2.2
      vertex 39 12.8 2.2
    endloop
  endfacet
  facet normal 0 -1 0
    outer loop
      vertex 7 12.8 2.2
      vertex 9.45456 12.8 6.45
      vertex 7 12.8 6.45
    endloop
  endfacet
  facet normal 0 -1 -0
    outer loop
      vertex 9.45456 12.8 6.45
      vertex 7 12.8 2.2
      vertex 9.45456 12.8 2.2
    endloop
  endfacet
  facet normal 0 -1 0
    outer loop
      vertex 12.5454 12.8 2.2
      vertex 27.4546 12.8 6.45
      vertex 12.5454 12.8 6.45
    endloop
  endfacet
  facet normal 0 -1 -0
    outer loop
      vertex 27.4546 12.8 6.45
      vertex 12.5454 12.8 2.2
      vertex 27.4546 12.8 2.2
    endloop
  endfacet
  facet normal 0 1 -0
    outer loop
      vertex 39 12.8 6.5
      vertex 7 12.8 7.45
      vertex 39 12.8 7.45
    endloop
  endfacet
  facet normal 0 1 0
    outer loop
      vertex 7 12.8 7.45
      vertex 39 12.8 6.5
      vertex 7 12.8 6.5
    endloop
  endfacet
  facet normal 0.24307 -0.970009 0
    outer loop
      vertex 5.60664 12.5933 2.2
      vertex 6.06357 12.7078 6.45
      vertex 5.60664 12.5933 6.45
    endloop
  endfacet
  facet normal 0.24307 -0.970009 0
    outer loop
      vertex 6.06357 12.7078 6.45
      vertex 5.60664 12.5933 2.2
      vertex 6.06357 12.7078 2.2
    endloop
  endfacet
  facet normal -0.24307 0.970009 0
    outer loop
      vertex 6.06357 12.7078 6.5
      vertex 5.60664 12.5933 7.45
      vertex 6.06357 12.7078 7.45
    endloop
  endfacet
  facet normal -0.24307 0.970009 0
    outer loop
      vertex 5.60664 12.5933 7.45
      vertex 6.06357 12.7078 6.5
      vertex 5.60664 12.5933 6.5
    endloop
  endfacet
  facet normal -0.803249 0.595644 0
    outer loop
      vertex 42.7104 -11.0451 2.2
      vertex 42.991 -10.6667 6.45
      vertex 42.991 -10.6667 2.2
    endloop
  endfacet
  facet normal -0.803249 0.595644 0
    outer loop
      vertex 42.991 -10.6667 6.45
      vertex 42.7104 -11.0451 2.2
      vertex 42.7104 -11.0451 6.45
    endloop
  endfacet
  facet normal 0.803249 -0.595644 0
    outer loop
      vertex 42.7104 -11.0451 7.45
      vertex 42.991 -10.6667 6.5
      vertex 42.991 -10.6667 7.45
    endloop
  endfacet
  facet normal 0.803249 -0.595644 0
    outer loop
      vertex 42.991 -10.6667 6.5
      vertex 42.7104 -11.0451 7.45
      vertex 42.7104 -11.0451 6.5
    endloop
  endfacet
  facet normal -0.0490376 -0.998797 0
    outer loop
      vertex 39 12.8 2.2
      vertex 39.4705 12.7769 6.45
      vertex 39 12.8 6.45
    endloop
  endfacet
  facet normal -0.0490376 -0.998797 -0
    outer loop
      vertex 39.4705 12.7769 6.45
      vertex 39 12.8 2.2
      vertex 39.4705 12.7769 2.2
    endloop
  endfacet
  facet normal 0.0490376 0.998797 -0
    outer loop
      vertex 39.4705 12.7769 6.5
      vertex 39 12.8 7.45
      vertex 39.4705 12.7769 7.45
    endloop
  endfacet
  facet normal 0.0490376 0.998797 0
    outer loop
      vertex 39 12.8 7.45
      vertex 39.4705 12.7769 6.5
      vertex 39 12.8 6.5
    endloop
  endfacet
  facet normal 0.0490408 -0.998797 0
    outer loop
      vertex 6.52953 12.7769 2.2
      vertex 7 12.8 6.45
      vertex 6.52953 12.7769 6.45
    endloop
  endfacet
  facet normal 0.0490408 -0.998797 0
    outer loop
      vertex 7 12.8 6.45
      vertex 6.52953 12.7769 2.2
      vertex 7 12.8 2.2
    endloop
  endfacet
  facet normal -0.0490408 0.998797 0
    outer loop
      vertex 7 12.8 6.5
      vertex 6.52953 12.7769 7.45
      vertex 7 12.8 7.45
    endloop
  endfacet
  facet normal -0.0490408 0.998797 0
    outer loop
      vertex 6.52953 12.7769 7.45
      vertex 7 12.8 6.5
      vertex 6.52953 12.7769 6.5
    endloop
  endfacet
  facet normal -0.671541 -0.740967 0
    outer loop
      vertex 42.0451 11.7104 2.2
      vertex 42.3941 11.3941 6.45
      vertex 42.0451 11.7104 6.45
    endloop
  endfacet
  facet normal -0.671541 -0.740967 -0
    outer loop
      vertex 42.3941 11.3941 6.45
      vertex 42.0451 11.7104 2.2
      vertex 42.3941 11.3941 2.2
    endloop
  endfacet
  facet normal 0.671541 0.740967 -0
    outer loop
      vertex 42.3941 11.3941 6.5
      vertex 42.0451 11.7104 7.45
      vertex 42.3941 11.3941 7.45
    endloop
  endfacet
  facet normal 0.671541 0.740967 0
    outer loop
      vertex 42.0451 11.7104 7.45
      vertex 42.3941 11.3941 6.5
      vertex 42.0451 11.7104 6.5
    endloop
  endfacet
  facet normal 0.595705 -0.803204 0
    outer loop
      vertex 3.95493 11.7104 2.2
      vertex 4.33327 11.991 6.45
      vertex 3.95493 11.7104 6.45
    endloop
  endfacet
  facet normal 0.595705 -0.803204 0
    outer loop
      vertex 4.33327 11.991 6.45
      vertex 3.95493 11.7104 2.2
      vertex 4.33327 11.991 2.2
    endloop
  endfacet
  facet normal -0.595705 0.803204 0
    outer loop
      vertex 4.33327 11.991 6.5
      vertex 3.95493 11.7104 7.45
      vertex 4.33327 11.991 7.45
    endloop
  endfacet
  facet normal -0.595705 0.803204 0
    outer loop
      vertex 3.95493 11.7104 7.45
      vertex 4.33327 11.991 6.5
      vertex 3.95493 11.7104 6.5
    endloop
  endfacet
  facet normal 0.427551 -0.903991 0
    outer loop
      vertex 4.7373 12.2332 2.2
      vertex 5.16313 12.4346 6.45
      vertex 4.7373 12.2332 6.45
    endloop
  endfacet
  facet normal 0.427551 -0.903991 0
    outer loop
      vertex 5.16313 12.4346 6.45
      vertex 4.7373 12.2332 2.2
      vertex 5.16313 12.4346 2.2
    endloop
  endfacet
  facet normal -0.427551 0.903991 0
    outer loop
      vertex 5.16313 12.4346 6.5
      vertex 4.7373 12.2332 7.45
      vertex 5.16313 12.4346 7.45
    endloop
  endfacet
  facet normal -0.427551 0.903991 0
    outer loop
      vertex 4.7373 12.2332 7.45
      vertex 5.16313 12.4346 6.5
      vertex 4.7373 12.2332 6.5
    endloop
  endfacet
  facet normal -0.336915 0.941535 0
    outer loop
      vertex 40.8369 -12.4346 2.2
      vertex 40.3934 -12.5933 6.45
      vertex 40.8369 -12.4346 6.45
    endloop
  endfacet
  facet normal -0.336915 0.941535 0
    outer loop
      vertex 40.3934 -12.5933 6.45
      vertex 40.8369 -12.4346 2.2
      vertex 40.3934 -12.5933 2.2
    endloop
  endfacet
  facet normal 0.336915 -0.941535 0
    outer loop
      vertex 40.3934 -12.5933 6.5
      vertex 40.8369 -12.4346 7.45
      vertex 40.3934 -12.5933 7.45
    endloop
  endfacet
  facet normal 0.336915 -0.941535 0
    outer loop
      vertex 40.8369 -12.4346 7.45
      vertex 40.3934 -12.5933 6.5
      vertex 40.8369 -12.4346 6.5
    endloop
  endfacet
  facet normal -0.970009 0.24307 0
    outer loop
      vertex 43.5933 -9.39336 2.2
      vertex 43.7078 -8.93643 6.45
      vertex 43.7078 -8.93643 2.2
    endloop
  endfacet
  facet normal -0.970009 0.24307 0
    outer loop
      vertex 43.7078 -8.93643 6.45
      vertex 43.5933 -9.39336 2.2
      vertex 43.5933 -9.39336 6.45
    endloop
  endfacet
  facet normal 0.970009 -0.24307 0
    outer loop
      vertex 43.5933 -9.39336 7.45
      vertex 43.7078 -8.93643 6.5
      vertex 43.7078 -8.93643 7.45
    endloop
  endfacet
  facet normal 0.970009 -0.24307 0
    outer loop
      vertex 43.7078 -8.93643 6.5
      vertex 43.5933 -9.39336 7.45
      vertex 43.5933 -9.39336 6.5
    endloop
  endfacet
  facet normal -0.941538 -0.336908 0
    outer loop
      vertex 43.5933 9.39336 2.2
      vertex 43.4346 9.83687 6.45
      vertex 43.4346 9.83687 2.2
    endloop
  endfacet
  facet normal -0.941538 -0.336908 0
    outer loop
      vertex 43.4346 9.83687 6.45
      vertex 43.5933 9.39336 2.2
      vertex 43.5933 9.39336 6.45
    endloop
  endfacet
  facet normal 0.941538 0.336908 0
    outer loop
      vertex 43.5933 9.39336 7.45
      vertex 43.4346 9.83687 6.5
      vertex 43.4346 9.83687 7.45
    endloop
  endfacet
  facet normal 0.941538 0.336908 0
    outer loop
      vertex 43.4346 9.83687 6.5
      vertex 43.5933 9.39336 7.45
      vertex 43.5933 9.39336 6.5
    endloop
  endfacet
  facet normal 0.740914 0.6716 0
    outer loop
      vertex 3.6059 -11.3941 6.45
      vertex 3.28955 -11.0451 2.2
      vertex 3.28955 -11.0451 6.45
    endloop
  endfacet
  facet normal 0.740914 0.6716 0
    outer loop
      vertex 3.28955 -11.0451 2.2
      vertex 3.6059 -11.3941 6.45
      vertex 3.6059 -11.3941 2.2
    endloop
  endfacet
  facet normal -0.740914 -0.6716 0
    outer loop
      vertex 3.6059 -11.3941 6.5
      vertex 3.28955 -11.0451 7.45
      vertex 3.28955 -11.0451 6.5
    endloop
  endfacet
  facet normal -0.740914 -0.6716 0
    outer loop
      vertex 3.28955 -11.0451 7.45
      vertex 3.6059 -11.3941 6.5
      vertex 3.6059 -11.3941 7.45
    endloop
  endfacet
  facet normal 0.0490408 0.998797 -0
    outer loop
      vertex 7 -12.8 2.2
      vertex 6.52953 -12.7769 6.45
      vertex 7 -12.8 6.45
    endloop
  endfacet
  facet normal 0.0490408 0.998797 0
    outer loop
      vertex 6.52953 -12.7769 6.45
      vertex 7 -12.8 2.2
      vertex 6.52953 -12.7769 2.2
    endloop
  endfacet
  facet normal -0.0490408 -0.998797 0
    outer loop
      vertex 6.52953 -12.7769 6.5
      vertex 7 -12.8 7.45
      vertex 6.52953 -12.7769 7.45
    endloop
  endfacet
  facet normal -0.0490408 -0.998797 -0
    outer loop
      vertex 7 -12.8 7.45
      vertex 6.52953 -12.7769 6.5
      vertex 7 -12.8 6.5
    endloop
  endfacet
  facet normal 0 1 -0
    outer loop
      vertex 9.45456 -12.8 2.2
      vertex 7 -12.8 6.45
      vertex 9.45456 -12.8 6.45
    endloop
  endfacet
  facet normal 0 1 0
    outer loop
      vertex 7 -12.8 6.45
      vertex 9.45456 -12.8 2.2
      vertex 7 -12.8 2.2
    endloop
  endfacet
  facet normal 0 1 -0
    outer loop
      vertex 39 -12.8 2.2
      vertex 30.5454 -12.8 6.45
      vertex 39 -12.8 6.45
    endloop
  endfacet
  facet normal 0 1 0
    outer loop
      vertex 30.5454 -12.8 6.45
      vertex 39 -12.8 2.2
      vertex 30.5454 -12.8 2.2
    endloop
  endfacet
  facet normal 0 -1 0
    outer loop
      vertex 7 -12.8 6.5
      vertex 39 -12.8 7.45
      vertex 7 -12.8 7.45
    endloop
  endfacet
  facet normal 0 -1 -0
    outer loop
      vertex 39 -12.8 7.45
      vertex 7 -12.8 6.5
      vertex 39 -12.8 6.5
    endloop
  endfacet
  facet normal 0 1 -0
    outer loop
      vertex 27.4546 -12.8 2.2
      vertex 12.5454 -12.8 6.45
      vertex 27.4546 -12.8 6.45
    endloop
  endfacet
  facet normal 0 1 0
    outer loop
      vertex 12.5454 -12.8 6.45
      vertex 27.4546 -12.8 2.2
      vertex 12.5454 -12.8 2.2
    endloop
  endfacet
  facet normal 0.803259 -0.59563 0
    outer loop
      vertex 3.00896 10.6667 6.45
      vertex 3.28955 11.0451 2.2
      vertex 3.28955 11.0451 6.45
    endloop
  endfacet
  facet normal 0.803259 -0.59563 0
    outer loop
      vertex 3.28955 11.0451 2.2
      vertex 3.00896 10.6667 6.45
      vertex 3.00896 10.6667 2.2
    endloop
  endfacet
  facet normal -0.803259 0.59563 0
    outer loop
      vertex 3.00896 10.6667 6.5
      vertex 3.28955 11.0451 7.45
      vertex 3.28955 11.0451 6.5
    endloop
  endfacet
  facet normal -0.803259 0.59563 0
    outer loop
      vertex 3.28955 11.0451 7.45
      vertex 3.00896 10.6667 6.5
      vertex 3.00896 10.6667 7.45
    endloop
  endfacet
  facet normal -0.336915 -0.941535 0
    outer loop
      vertex 40.3934 12.5933 2.2
      vertex 40.8369 12.4346 6.45
      vertex 40.3934 12.5933 6.45
    endloop
  endfacet
  facet normal -0.336915 -0.941535 -0
    outer loop
      vertex 40.8369 12.4346 6.45
      vertex 40.3934 12.5933 2.2
      vertex 40.8369 12.4346 2.2
    endloop
  endfacet
  facet normal 0.336915 0.941535 -0
    outer loop
      vertex 40.8369 12.4346 6.5
      vertex 40.3934 12.5933 7.45
      vertex 40.8369 12.4346 7.45
    endloop
  endfacet
  facet normal 0.336915 0.941535 0
    outer loop
      vertex 40.3934 12.5933 7.45
      vertex 40.8369 12.4346 6.5
      vertex 40.3934 12.5933 6.5
    endloop
  endfacet
  facet normal -0.0490376 0.998797 0
    outer loop
      vertex 39.4705 -12.7769 2.2
      vertex 39 -12.8 6.45
      vertex 39.4705 -12.7769 6.45
    endloop
  endfacet
  facet normal -0.0490376 0.998797 0
    outer loop
      vertex 39 -12.8 6.45
      vertex 39.4705 -12.7769 2.2
      vertex 39 -12.8 2.2
    endloop
  endfacet
  facet normal 0.0490376 -0.998797 0
    outer loop
      vertex 39 -12.8 6.5
      vertex 39.4705 -12.7769 7.45
      vertex 39 -12.8 7.45
    endloop
  endfacet
  facet normal 0.0490376 -0.998797 0
    outer loop
      vertex 39.4705 -12.7769 7.45
      vertex 39 -12.8 6.5
      vertex 39.4705 -12.7769 6.5
    endloop
  endfacet
  facet normal 0.803259 0.59563 0
    outer loop
      vertex 3.28955 -11.0451 6.45
      vertex 3.00896 -10.6667 2.2
      vertex 3.00896 -10.6667 6.45
    endloop
  endfacet
  facet normal 0.803259 0.59563 0
    outer loop
      vertex 3.00896 -10.6667 2.2
      vertex 3.28955 -11.0451 6.45
      vertex 3.28955 -11.0451 2.2
    endloop
  endfacet
  facet normal -0.803259 -0.59563 0
    outer loop
      vertex 3.28955 -11.0451 6.5
      vertex 3.00896 -10.6667 7.45
      vertex 3.00896 -10.6667 6.5
    endloop
  endfacet
  facet normal -0.803259 -0.59563 0
    outer loop
      vertex 3.00896 -10.6667 7.45
      vertex 3.28955 -11.0451 6.5
      vertex 3.28955 -11.0451 7.45
    endloop
  endfacet
  facet normal -0.595644 0.803249 0
    outer loop
      vertex 42.0451 -11.7104 2.2
      vertex 41.6667 -11.991 6.45
      vertex 42.0451 -11.7104 6.45
    endloop
  endfacet
  facet normal -0.595644 0.803249 0
    outer loop
      vertex 41.6667 -11.991 6.45
      vertex 42.0451 -11.7104 2.2
      vertex 41.6667 -11.991 2.2
    endloop
  endfacet
  facet normal 0.595644 -0.803249 0
    outer loop
      vertex 41.6667 -11.991 6.5
      vertex 42.0451 -11.7104 7.45
      vertex 41.6667 -11.991 7.45
    endloop
  endfacet
  facet normal 0.595644 -0.803249 0
    outer loop
      vertex 42.0451 -11.7104 7.45
      vertex 41.6667 -11.991 6.5
      vertex 42.0451 -11.7104 6.5
    endloop
  endfacet
  facet normal 0.67151 -0.740996 0
    outer loop
      vertex 3.6059 11.3941 2.2
      vertex 3.95493 11.7104 6.45
      vertex 3.6059 11.3941 6.45
    endloop
  endfacet
  facet normal 0.67151 -0.740996 0
    outer loop
      vertex 3.95493 11.7104 6.45
      vertex 3.6059 11.3941 2.2
      vertex 3.95493 11.7104 2.2
    endloop
  endfacet
  facet normal -0.67151 0.740996 0
    outer loop
      vertex 3.95493 11.7104 6.5
      vertex 3.6059 11.3941 7.45
      vertex 3.95493 11.7104 7.45
    endloop
  endfacet
  facet normal -0.67151 0.740996 0
    outer loop
      vertex 3.6059 11.3941 7.45
      vertex 3.95493 11.7104 6.5
      vertex 3.6059 11.3941 6.5
    endloop
  endfacet
  facet normal 0.740914 -0.6716 0
    outer loop
      vertex 3.28955 11.0451 6.45
      vertex 3.6059 11.3941 2.2
      vertex 3.6059 11.3941 6.45
    endloop
  endfacet
  facet normal 0.740914 -0.6716 0
    outer loop
      vertex 3.6059 11.3941 2.2
      vertex 3.28955 11.0451 6.45
      vertex 3.28955 11.0451 2.2
    endloop
  endfacet
  facet normal -0.740914 0.6716 0
    outer loop
      vertex 3.28955 11.0451 6.5
      vertex 3.6059 11.3941 7.45
      vertex 3.6059 11.3941 6.5
    endloop
  endfacet
  facet normal -0.740914 0.6716 0
    outer loop
      vertex 3.6059 11.3941 7.45
      vertex 3.28955 11.0451 6.5
      vertex 3.28955 11.0451 7.45
    endloop
  endfacet
  facet normal -0.85768 -0.514184 0
    outer loop
      vertex 43.2332 10.2627 2.2
      vertex 42.991 10.6667 6.45
      vertex 42.991 10.6667 2.2
    endloop
  endfacet
  facet normal -0.85768 -0.514184 0
    outer loop
      vertex 42.991 10.6667 6.45
      vertex 43.2332 10.2627 2.2
      vertex 43.2332 10.2627 6.45
    endloop
  endfacet
  facet normal 0.85768 0.514184 0
    outer loop
      vertex 43.2332 10.2627 7.45
      vertex 42.991 10.6667 6.5
      vertex 42.991 10.6667 7.45
    endloop
  endfacet
  facet normal 0.85768 0.514184 0
    outer loop
      vertex 42.991 10.6667 6.5
      vertex 43.2332 10.2627 7.45
      vertex 43.2332 10.2627 6.5
    endloop
  endfacet
  facet normal -0.941538 0.336908 0
    outer loop
      vertex 43.4346 -9.83687 2.2
      vertex 43.5933 -9.39336 6.45
      vertex 43.5933 -9.39336 2.2
    endloop
  endfacet
  facet normal -0.941538 0.336908 0
    outer loop
      vertex 43.5933 -9.39336 6.45
      vertex 43.4346 -9.83687 2.2
      vertex 43.4346 -9.83687 6.45
    endloop
  endfacet
  facet normal 0.941538 -0.336908 0
    outer loop
      vertex 43.4346 -9.83687 7.45
      vertex 43.5933 -9.39336 6.5
      vertex 43.5933 -9.39336 7.45
    endloop
  endfacet
  facet normal 0.941538 -0.336908 0
    outer loop
      vertex 43.5933 -9.39336 6.5
      vertex 43.4346 -9.83687 7.45
      vertex 43.4346 -9.83687 6.5
    endloop
  endfacet
  facet normal -0.903991 0.427551 0
    outer loop
      vertex 43.2332 -10.2627 2.2
      vertex 43.4346 -9.83687 6.45
      vertex 43.4346 -9.83687 2.2
    endloop
  endfacet
  facet normal -0.903991 0.427551 0
    outer loop
      vertex 43.4346 -9.83687 6.45
      vertex 43.2332 -10.2627 2.2
      vertex 43.2332 -10.2627 6.45
    endloop
  endfacet
  facet normal 0.903991 -0.427551 0
    outer loop
      vertex 43.2332 -10.2627 7.45
      vertex 43.4346 -9.83687 6.5
      vertex 43.4346 -9.83687 7.45
    endloop
  endfacet
  facet normal 0.903991 -0.427551 0
    outer loop
      vertex 43.4346 -9.83687 6.5
      vertex 43.2332 -10.2627 7.45
      vertex 43.2332 -10.2627 6.5
    endloop
  endfacet
  facet normal -1 0 0
    outer loop
      vertex 43.8 -8 2.2
      vertex 43.8 -3.96984 6.45
      vertex 43.8 -3.96984 2.2
    endloop
  endfacet
  facet normal -1 -0 0
    outer loop
      vertex 43.8 -3.96984 6.45
      vertex 43.8 -8 2.2
      vertex 43.8 -8 6.45
    endloop
  endfacet
  facet normal -1 0 0
    outer loop
      vertex 43.8 3.96984 2.2
      vertex 43.8 8 6.45
      vertex 43.8 8 2.2
    endloop
  endfacet
  facet normal -1 -0 0
    outer loop
      vertex 43.8 8 6.45
      vertex 43.8 3.96984 2.2
      vertex 43.8 3.96984 6.45
    endloop
  endfacet
  facet normal 1 -0 0
    outer loop
      vertex 43.8 -8 7.45
      vertex 43.8 8 6.5
      vertex 43.8 8 7.45
    endloop
  endfacet
  facet normal 1 0 0
    outer loop
      vertex 43.8 8 6.5
      vertex 43.8 -8 7.45
      vertex 43.8 -8 6.5
    endloop
  endfacet
  facet normal -0.803249 -0.595644 0
    outer loop
      vertex 42.991 10.6667 2.2
      vertex 42.7104 11.0451 6.45
      vertex 42.7104 11.0451 2.2
    endloop
  endfacet
  facet normal -0.803249 -0.595644 0
    outer loop
      vertex 42.7104 11.0451 6.45
      vertex 42.991 10.6667 2.2
      vertex 42.991 10.6667 6.45
    endloop
  endfacet
  facet normal 0.803249 0.595644 0
    outer loop
      vertex 42.991 10.6667 7.45
      vertex 42.7104 11.0451 6.5
      vertex 42.7104 11.0451 7.45
    endloop
  endfacet
  facet normal 0.803249 0.595644 0
    outer loop
      vertex 42.7104 11.0451 6.5
      vertex 42.991 10.6667 7.45
      vertex 42.991 10.6667 6.5
    endloop
  endfacet
  facet normal 0.857699 0.514152 0
    outer loop
      vertex 3.00896 -10.6667 6.45
      vertex 2.76678 -10.2627 2.2
      vertex 2.76678 -10.2627 6.45
    endloop
  endfacet
  facet normal 0.857699 0.514152 0
    outer loop
      vertex 2.76678 -10.2627 2.2
      vertex 3.00896 -10.6667 6.45
      vertex 3.00896 -10.6667 2.2
    endloop
  endfacet
  facet normal -0.857699 -0.514152 0
    outer loop
      vertex 3.00896 -10.6667 6.5
      vertex 2.76678 -10.2627 7.45
      vertex 2.76678 -10.2627 6.5
    endloop
  endfacet
  facet normal -0.857699 -0.514152 0
    outer loop
      vertex 2.76678 -10.2627 7.45
      vertex 3.00896 -10.6667 6.5
      vertex 3.00896 -10.6667 7.45
    endloop
  endfacet
  facet normal 0.595705 0.803204 -0
    outer loop
      vertex 4.33327 -11.991 2.2
      vertex 3.95493 -11.7104 6.45
      vertex 4.33327 -11.991 6.45
    endloop
  endfacet
  facet normal 0.595705 0.803204 0
    outer loop
      vertex 3.95493 -11.7104 6.45
      vertex 4.33327 -11.991 2.2
      vertex 3.95493 -11.7104 2.2
    endloop
  endfacet
  facet normal -0.595705 -0.803204 0
    outer loop
      vertex 3.95493 -11.7104 6.5
      vertex 4.33327 -11.991 7.45
      vertex 3.95493 -11.7104 7.45
    endloop
  endfacet
  facet normal -0.595705 -0.803204 -0
    outer loop
      vertex 4.33327 -11.991 7.45
      vertex 3.95493 -11.7104 6.5
      vertex 4.33327 -11.991 6.5
    endloop
  endfacet
  facet normal 0.989173 -0.146754 0
    outer loop
      vertex 2.22311 8.47047 6.45
      vertex 2.29224 8.93643 2.2
      vertex 2.29224 8.93643 6.45
    endloop
  endfacet
  facet normal 0.989173 -0.146754 0
    outer loop
      vertex 2.29224 8.93643 2.2
      vertex 2.22311 8.47047 6.45
      vertex 2.22311 8.47047 2.2
    endloop
  endfacet
  facet normal -0.989173 0.146754 0
    outer loop
      vertex 2.22311 8.47047 6.5
      vertex 2.29224 8.93643 7.45
      vertex 2.29224 8.93643 6.5
    endloop
  endfacet
  facet normal -0.989173 0.146754 0
    outer loop
      vertex 2.29224 8.93643 7.45
      vertex 2.22311 8.47047 6.5
      vertex 2.22311 8.47047 7.45
    endloop
  endfacet
  facet normal 0.903991 -0.427551 0
    outer loop
      vertex 2.56538 9.83687 6.45
      vertex 2.76678 10.2627 2.2
      vertex 2.76678 10.2627 6.45
    endloop
  endfacet
  facet normal 0.903991 -0.427551 0
    outer loop
      vertex 2.76678 10.2627 2.2
      vertex 2.56538 9.83687 6.45
      vertex 2.56538 9.83687 2.2
    endloop
  endfacet
  facet normal -0.903991 0.427551 0
    outer loop
      vertex 2.56538 9.83687 6.5
      vertex 2.76678 10.2627 7.45
      vertex 2.76678 10.2627 6.5
    endloop
  endfacet
  facet normal -0.903991 0.427551 0
    outer loop
      vertex 2.76678 10.2627 7.45
      vertex 2.56538 9.83687 6.5
      vertex 2.56538 9.83687 7.45
    endloop
  endfacet
  facet normal 0.903991 0.427551 0
    outer loop
      vertex 2.76678 -10.2627 6.45
      vertex 2.56538 -9.83687 2.2
      vertex 2.56538 -9.83687 6.45
    endloop
  endfacet
  facet normal 0.903991 0.427551 0
    outer loop
      vertex 2.56538 -9.83687 2.2
      vertex 2.76678 -10.2627 6.45
      vertex 2.76678 -10.2627 2.2
    endloop
  endfacet
  facet normal -0.903991 -0.427551 0
    outer loop
      vertex 2.76678 -10.2627 6.5
      vertex 2.56538 -9.83687 7.45
      vertex 2.56538 -9.83687 6.5
    endloop
  endfacet
  facet normal -0.903991 -0.427551 0
    outer loop
      vertex 2.56538 -9.83687 7.45
      vertex 2.76678 -10.2627 6.5
      vertex 2.76678 -10.2627 7.45
    endloop
  endfacet
  facet normal -0.514184 -0.85768 0
    outer loop
      vertex 41.2627 12.2332 2.2
      vertex 41.6667 11.991 6.45
      vertex 41.2627 12.2332 6.45
    endloop
  endfacet
  facet normal -0.514184 -0.85768 -0
    outer loop
      vertex 41.6667 11.991 6.45
      vertex 41.2627 12.2332 2.2
      vertex 41.6667 11.991 2.2
    endloop
  endfacet
  facet normal 0.514184 0.85768 -0
    outer loop
      vertex 41.6667 11.991 6.5
      vertex 41.2627 12.2332 7.45
      vertex 41.6667 11.991 7.45
    endloop
  endfacet
  facet normal 0.514184 0.85768 0
    outer loop
      vertex 41.2627 12.2332 7.45
      vertex 41.6667 11.991 6.5
      vertex 41.2627 12.2332 6.5
    endloop
  endfacet
  facet normal 0.146692 -0.989182 0
    outer loop
      vertex 6.06357 12.7078 2.2
      vertex 6.52953 12.7769 6.45
      vertex 6.06357 12.7078 6.45
    endloop
  endfacet
  facet normal 0.146692 -0.989182 0
    outer loop
      vertex 6.52953 12.7769 6.45
      vertex 6.06357 12.7078 2.2
      vertex 6.52953 12.7769 2.2
    endloop
  endfacet
  facet normal -0.146692 0.989182 0
    outer loop
      vertex 6.52953 12.7769 6.5
      vertex 6.06357 12.7078 7.45
      vertex 6.52953 12.7769 7.45
    endloop
  endfacet
  facet normal -0.146692 0.989182 0
    outer loop
      vertex 6.06357 12.7078 7.45
      vertex 6.52953 12.7769 6.5
      vertex 6.06357 12.7078 6.5
    endloop
  endfacet
  facet normal -0.243035 0.970018 0
    outer loop
      vertex 40.3934 -12.5933 2.2
      vertex 39.9364 -12.7078 6.45
      vertex 40.3934 -12.5933 6.45
    endloop
  endfacet
  facet normal -0.243035 0.970018 0
    outer loop
      vertex 39.9364 -12.7078 6.45
      vertex 40.3934 -12.5933 2.2
      vertex 39.9364 -12.7078 2.2
    endloop
  endfacet
  facet normal 0.243035 -0.970018 0
    outer loop
      vertex 39.9364 -12.7078 6.5
      vertex 40.3934 -12.5933 7.45
      vertex 39.9364 -12.7078 7.45
    endloop
  endfacet
  facet normal 0.243035 -0.970018 0
    outer loop
      vertex 40.3934 -12.5933 7.45
      vertex 39.9364 -12.7078 6.5
      vertex 40.3934 -12.5933 6.5
    endloop
  endfacet
  facet normal -0.427575 -0.90398 0
    outer loop
      vertex 40.8369 12.4346 2.2
      vertex 41.2627 12.2332 6.45
      vertex 40.8369 12.4346 6.45
    endloop
  endfacet
  facet normal -0.427575 -0.90398 -0
    outer loop
      vertex 41.2627 12.2332 6.45
      vertex 40.8369 12.4346 2.2
      vertex 41.2627 12.2332 2.2
    endloop
  endfacet
  facet normal 0.427575 0.90398 -0
    outer loop
      vertex 41.2627 12.2332 6.5
      vertex 40.8369 12.4346 7.45
      vertex 41.2627 12.2332 7.45
    endloop
  endfacet
  facet normal 0.427575 0.90398 0
    outer loop
      vertex 40.8369 12.4346 7.45
      vertex 41.2627 12.2332 6.5
      vertex 40.8369 12.4346 6.5
    endloop
  endfacet
  facet normal 0.857699 -0.514152 0
    outer loop
      vertex 2.76678 10.2627 6.45
      vertex 3.00896 10.6667 2.2
      vertex 3.00896 10.6667 6.45
    endloop
  endfacet
  facet normal 0.857699 -0.514152 0
    outer loop
      vertex 3.00896 10.6667 2.2
      vertex 2.76678 10.2627 6.45
      vertex 2.76678 10.2627 2.2
    endloop
  endfacet
  facet normal -0.857699 0.514152 0
    outer loop
      vertex 2.76678 10.2627 6.5
      vertex 3.00896 10.6667 7.45
      vertex 3.00896 10.6667 6.5
    endloop
  endfacet
  facet normal -0.857699 0.514152 0
    outer loop
      vertex 3.00896 10.6667 7.45
      vertex 2.76678 10.2627 6.5
      vertex 2.76678 10.2627 7.45
    endloop
  endfacet
  facet normal -0.595644 -0.803249 0
    outer loop
      vertex 41.6667 11.991 2.2
      vertex 42.0451 11.7104 6.45
      vertex 41.6667 11.991 6.45
    endloop
  endfacet
  facet normal -0.595644 -0.803249 -0
    outer loop
      vertex 42.0451 11.7104 6.45
      vertex 41.6667 11.991 2.2
      vertex 42.0451 11.7104 2.2
    endloop
  endfacet
  facet normal 0.595644 0.803249 -0
    outer loop
      vertex 42.0451 11.7104 6.5
      vertex 41.6667 11.991 7.45
      vertex 42.0451 11.7104 7.45
    endloop
  endfacet
  facet normal 0.595644 0.803249 0
    outer loop
      vertex 41.6667 11.991 7.45
      vertex 42.0451 11.7104 6.5
      vertex 41.6667 11.991 6.5
    endloop
  endfacet
  facet normal -0.85768 0.514184 0
    outer loop
      vertex 42.991 -10.6667 2.2
      vertex 43.2332 -10.2627 6.45
      vertex 43.2332 -10.2627 2.2
    endloop
  endfacet
  facet normal -0.85768 0.514184 0
    outer loop
      vertex 43.2332 -10.2627 6.45
      vertex 42.991 -10.6667 2.2
      vertex 42.991 -10.6667 6.45
    endloop
  endfacet
  facet normal 0.85768 -0.514184 0
    outer loop
      vertex 42.991 -10.6667 7.45
      vertex 43.2332 -10.2627 6.5
      vertex 43.2332 -10.2627 7.45
    endloop
  endfacet
  facet normal 0.85768 -0.514184 0
    outer loop
      vertex 43.2332 -10.2627 6.5
      vertex 42.991 -10.6667 7.45
      vertex 42.991 -10.6667 6.5
    endloop
  endfacet
  facet normal 0.336908 -0.941538 0
    outer loop
      vertex 5.16313 12.4346 2.2
      vertex 5.60664 12.5933 6.45
      vertex 5.16313 12.4346 6.45
    endloop
  endfacet
  facet normal 0.336908 -0.941538 0
    outer loop
      vertex 5.60664 12.5933 6.45
      vertex 5.16313 12.4346 2.2
      vertex 5.60664 12.5933 2.2
    endloop
  endfacet
  facet normal -0.336908 0.941538 0
    outer loop
      vertex 5.60664 12.5933 6.5
      vertex 5.16313 12.4346 7.45
      vertex 5.60664 12.5933 7.45
    endloop
  endfacet
  facet normal -0.336908 0.941538 0
    outer loop
      vertex 5.16313 12.4346 7.45
      vertex 5.60664 12.5933 6.5
      vertex 5.16313 12.4346 6.5
    endloop
  endfacet
  facet normal -0.14671 -0.98918 0
    outer loop
      vertex 39.4705 12.7769 2.2
      vertex 39.9364 12.7078 6.45
      vertex 39.4705 12.7769 6.45
    endloop
  endfacet
  facet normal -0.14671 -0.98918 -0
    outer loop
      vertex 39.9364 12.7078 6.45
      vertex 39.4705 12.7769 2.2
      vertex 39.9364 12.7078 2.2
    endloop
  endfacet
  facet normal 0.14671 0.98918 -0
    outer loop
      vertex 39.9364 12.7078 6.5
      vertex 39.4705 12.7769 7.45
      vertex 39.9364 12.7078 7.45
    endloop
  endfacet
  facet normal 0.14671 0.98918 0
    outer loop
      vertex 39.4705 12.7769 7.45
      vertex 39.9364 12.7078 6.5
      vertex 39.4705 12.7769 6.5
    endloop
  endfacet
  facet normal -0.989182 0.146692 0
    outer loop
      vertex 43.7078 -8.93643 2.2
      vertex 43.7769 -8.47047 6.45
      vertex 43.7769 -8.47047 2.2
    endloop
  endfacet
  facet normal -0.989182 0.146692 0
    outer loop
      vertex 43.7769 -8.47047 6.45
      vertex 43.7078 -8.93643 2.2
      vertex 43.7078 -8.93643 6.45
    endloop
  endfacet
  facet normal 0.989182 -0.146692 0
    outer loop
      vertex 43.7078 -8.93643 7.45
      vertex 43.7769 -8.47047 6.5
      vertex 43.7769 -8.47047 7.45
    endloop
  endfacet
  facet normal 0.989182 -0.146692 0
    outer loop
      vertex 43.7769 -8.47047 6.5
      vertex 43.7078 -8.93643 7.45
      vertex 43.7078 -8.93643 6.5
    endloop
  endfacet
  facet normal 0.146692 0.989182 -0
    outer loop
      vertex 6.52953 -12.7769 2.2
      vertex 6.06357 -12.7078 6.45
      vertex 6.52953 -12.7769 6.45
    endloop
  endfacet
  facet normal 0.146692 0.989182 0
    outer loop
      vertex 6.06357 -12.7078 6.45
      vertex 6.52953 -12.7769 2.2
      vertex 6.06357 -12.7078 2.2
    endloop
  endfacet
  facet normal -0.146692 -0.989182 0
    outer loop
      vertex 6.06357 -12.7078 6.5
      vertex 6.52953 -12.7769 7.45
      vertex 6.06357 -12.7078 7.45
    endloop
  endfacet
  facet normal -0.146692 -0.989182 -0
    outer loop
      vertex 6.52953 -12.7769 7.45
      vertex 6.06357 -12.7078 6.5
      vertex 6.52953 -12.7769 6.5
    endloop
  endfacet
  facet normal 0.970034 -0.24297 0
    outer loop
      vertex 2.29224 8.93643 6.45
      vertex 2.40669 9.39336 2.2
      vertex 2.40669 9.39336 6.45
    endloop
  endfacet
  facet normal 0.970034 -0.24297 0
    outer loop
      vertex 2.40669 9.39336 2.2
      vertex 2.29224 8.93643 6.45
      vertex 2.29224 8.93643 2.2
    endloop
  endfacet
  facet normal -0.970034 0.24297 0
    outer loop
      vertex 2.29224 8.93643 6.5
      vertex 2.40669 9.39336 7.45
      vertex 2.40669 9.39336 6.5
    endloop
  endfacet
  facet normal -0.970034 0.24297 0
    outer loop
      vertex 2.40669 9.39336 7.45
      vertex 2.29224 8.93643 6.5
      vertex 2.29224 8.93643 7.45
    endloop
  endfacet
  facet normal 0.427551 0.903991 -0
    outer loop
      vertex 5.16313 -12.4346 2.2
      vertex 4.7373 -12.2332 6.45
      vertex 5.16313 -12.4346 6.45
    endloop
  endfacet
  facet normal 0.427551 0.903991 0
    outer loop
      vertex 4.7373 -12.2332 6.45
      vertex 5.16313 -12.4346 2.2
      vertex 4.7373 -12.2332 2.2
    endloop
  endfacet
  facet normal -0.427551 -0.903991 0
    outer loop
      vertex 4.7373 -12.2332 6.5
      vertex 5.16313 -12.4346 7.45
      vertex 4.7373 -12.2332 7.45
    endloop
  endfacet
  facet normal -0.427551 -0.903991 -0
    outer loop
      vertex 5.16313 -12.4346 7.45
      vertex 4.7373 -12.2332 6.5
      vertex 5.16313 -12.4346 6.5
    endloop
  endfacet
  facet normal 0.336908 0.941538 -0
    outer loop
      vertex 5.60664 -12.5933 2.2
      vertex 5.16313 -12.4346 6.45
      vertex 5.60664 -12.5933 6.45
    endloop
  endfacet
  facet normal 0.336908 0.941538 0
    outer loop
      vertex 5.16313 -12.4346 6.45
      vertex 5.60664 -12.5933 2.2
      vertex 5.16313 -12.4346 2.2
    endloop
  endfacet
  facet normal -0.336908 -0.941538 0
    outer loop
      vertex 5.16313 -12.4346 6.5
      vertex 5.60664 -12.5933 7.45
      vertex 5.16313 -12.4346 7.45
    endloop
  endfacet
  facet normal -0.336908 -0.941538 -0
    outer loop
      vertex 5.60664 -12.5933 7.45
      vertex 5.16313 -12.4346 6.5
      vertex 5.60664 -12.5933 6.5
    endloop
  endfacet
  facet normal 0.67151 0.740996 -0
    outer loop
      vertex 3.95493 -11.7104 2.2
      vertex 3.6059 -11.3941 6.45
      vertex 3.95493 -11.7104 6.45
    endloop
  endfacet
  facet normal 0.67151 0.740996 0
    outer loop
      vertex 3.6059 -11.3941 6.45
      vertex 3.95493 -11.7104 2.2
      vertex 3.6059 -11.3941 2.2
    endloop
  endfacet
  facet normal -0.67151 -0.740996 0
    outer loop
      vertex 3.6059 -11.3941 6.5
      vertex 3.95493 -11.7104 7.45
      vertex 3.6059 -11.3941 7.45
    endloop
  endfacet
  facet normal -0.67151 -0.740996 -0
    outer loop
      vertex 3.95493 -11.7104 7.45
      vertex 3.6059 -11.3941 6.5
      vertex 3.95493 -11.7104 6.5
    endloop
  endfacet
  facet normal 0 0 1
    outer loop
      vertex 12.3 4 2.2
      vertex 7.61014 1.9445 2.2
      vertex 7.78672 1.64989 2.2
    endloop
  endfacet
  facet normal 0 0 1
    outer loop
      vertex 7.81541 9.68635 2.2
      vertex 7.40554 2.22038 2.2
      vertex 7.61014 1.9445 2.2
    endloop
  endfacet
  facet normal 0 0 1
    outer loop
      vertex 4.33327 11.991 2.2
      vertex 7.8 10 2.2
      vertex 7.81541 10.3137 2.2
    endloop
  endfacet
  facet normal 0 0 1
    outer loop
      vertex 7.81541 9.68635 2.2
      vertex 7.17487 2.47487 2.2
      vertex 7.40554 2.22038 2.2
    endloop
  endfacet
  facet normal -0 0 1
    outer loop
      vertex 7 12.8 2.2
      vertex 9.22217 12.6607 2.2
      vertex 9.45456 12.8 2.2
    endloop
  endfacet
  facet normal 0 0 1
    outer loop
      vertex 7 12.8 2.2
      vertex 8.96994 12.4736 2.2
      vertex 9.22217 12.6607 2.2
    endloop
  endfacet
  facet normal 0 0 1
    outer loop
      vertex 7 12.8 2.2
      vertex 8.73726 12.2627 2.2
      vertex 8.96994 12.4736 2.2
    endloop
  endfacet
  facet normal 0 0 1
    outer loop
      vertex 7 12.8 2.2
      vertex 8.52637 12.0301 2.2
      vertex 8.73726 12.2627 2.2
    endloop
  endfacet
  facet normal 0 0 1
    outer loop
      vertex 7 12.8 2.2
      vertex 8.3393 11.7778 2.2
      vertex 8.52637 12.0301 2.2
    endloop
  endfacet
  facet normal 0 0 1
    outer loop
      vertex 7 12.8 2.2
      vertex 8.17785 11.5085 2.2
      vertex 8.3393 11.7778 2.2
    endloop
  endfacet
  facet normal 0 0 1
    outer loop
      vertex 7 12.8 2.2
      vertex 8.04358 11.2246 2.2
      vertex 8.17785 11.5085 2.2
    endloop
  endfacet
  facet normal -0 0 1
    outer loop
      vertex 6.52953 12.7769 2.2
      vertex 8.04358 11.2246 2.2
      vertex 7 12.8 2.2
    endloop
  endfacet
  facet normal 0 0 1
    outer loop
      vertex 8.04358 11.2246 2.2
      vertex 6.52953 12.7769 2.2
      vertex 7.93779 10.9289 2.2
    endloop
  endfacet
  facet normal -0 0 1
    outer loop
      vertex 6.06357 12.7078 2.2
      vertex 7.93779 10.9289 2.2
      vertex 6.52953 12.7769 2.2
    endloop
  endfacet
  facet normal 0 0 1
    outer loop
      vertex 7.93779 10.9289 2.2
      vertex 6.06357 12.7078 2.2
      vertex 7.86149 10.6243 2.2
    endloop
  endfacet
  facet normal 0 0 1
    outer loop
      vertex 7.81541 9.68635 2.2
      vertex 6.92038 2.70554 2.2
      vertex 7.17487 2.47487 2.2
    endloop
  endfacet
  facet normal 0 0 1
    outer loop
      vertex 7.81541 9.68635 2.2
      vertex 6.6445 2.91014 2.2
      vertex 6.92038 2.70554 2.2
    endloop
  endfacet
  facet normal -0 0 1
    outer loop
      vertex 5.60664 12.5933 2.2
      vertex 7.86149 10.6243 2.2
      vertex 6.06357 12.7078 2.2
    endloop
  endfacet
  facet normal 0 0 1
    outer loop
      vertex 7.81541 9.68635 2.2
      vertex 6.34989 3.08672 2.2
      vertex 6.6445 2.91014 2.2
    endloop
  endfacet
  facet normal -0 0 1
    outer loop
      vertex 5.16313 12.4346 2.2
      vertex 7.86149 10.6243 2.2
      vertex 5.60664 12.5933 2.2
    endloop
  endfacet
  facet normal 0 0 1
    outer loop
      vertex 7.81541 9.68635 2.2
      vertex 6.03939 3.23358 2.2
      vertex 6.34989 3.08672 2.2
    endloop
  endfacet
  facet normal 0 0 1
    outer loop
      vertex 7.81541 9.68635 2.2
      vertex 5.716 3.34929 2.2
      vertex 6.03939 3.23358 2.2
    endloop
  endfacet
  facet normal 0 0 1
    outer loop
      vertex 7.86149 10.6243 2.2
      vertex 5.16313 12.4346 2.2
      vertex 7.81541 10.3137 2.2
    endloop
  endfacet
  facet normal -0 0 1
    outer loop
      vertex 4.7373 12.2332 2.2
      vertex 7.81541 10.3137 2.2
      vertex 5.16313 12.4346 2.2
    endloop
  endfacet
  facet normal 0 0 1
    outer loop
      vertex 7.81541 9.68635 2.2
      vertex 2.20001 8 2.2
      vertex 5.04306 3.48315 2.2
    endloop
  endfacet
  facet normal 0 0 1
    outer loop
      vertex 7.81541 9.68635 2.2
      vertex 5.38282 3.43275 2.2
      vertex 5.716 3.34929 2.2
    endloop
  endfacet
  facet normal -0 0 1
    outer loop
      vertex 4.33327 11.991 2.2
      vertex 7.81541 10.3137 2.2
      vertex 4.7373 12.2332 2.2
    endloop
  endfacet
  facet normal 0 0 1
    outer loop
      vertex 7.81541 9.68635 2.2
      vertex 5.04306 3.48315 2.2
      vertex 5.38282 3.43275 2.2
    endloop
  endfacet
  facet normal 0 0 1
    outer loop
      vertex 5.04306 3.48315 2.2
      vertex 2.20001 8 2.2
      vertex 4.7 3.5 2.2
    endloop
  endfacet
  facet normal 0 0 1
    outer loop
      vertex 7.8 10 2.2
      vertex 4.33327 11.991 2.2
      vertex 3.95493 11.7104 2.2
    endloop
  endfacet
  facet normal 0 0 1
    outer loop
      vertex 4.7 3.5 2.2
      vertex 2.20001 8 2.2
      vertex 4.35694 3.48315 2.2
    endloop
  endfacet
  facet normal 0 0 1
    outer loop
      vertex 7.8 10 2.2
      vertex 3.95493 11.7104 2.2
      vertex 3.6059 11.3941 2.2
    endloop
  endfacet
  facet normal 0 0 1
    outer loop
      vertex 4.35694 3.48315 2.2
      vertex 2.20001 8 2.2
      vertex 4.01718 3.43275 2.2
    endloop
  endfacet
  facet normal 0 0 1
    outer loop
      vertex 7.81541 9.68635 2.2
      vertex 3.6059 11.3941 2.2
      vertex 3.28955 11.0451 2.2
    endloop
  endfacet
  facet normal 0 0 1
    outer loop
      vertex 4.01718 3.43275 2.2
      vertex 2.20001 8 2.2
      vertex 3.684 3.34929 2.2
    endloop
  endfacet
  facet normal 0 0 1
    outer loop
      vertex 7.81541 9.68635 2.2
      vertex 3.28955 11.0451 2.2
      vertex 3.00896 10.6667 2.2
    endloop
  endfacet
  facet normal 0 0 1
    outer loop
      vertex 3.684 3.34929 2.2
      vertex 2.20001 8 2.2
      vertex 3.36061 3.23358 2.2
    endloop
  endfacet
  facet normal 0 0 1
    outer loop
      vertex 7.81541 9.68635 2.2
      vertex 3.00896 10.6667 2.2
      vertex 2.76678 10.2627 2.2
    endloop
  endfacet
  facet normal 0 0 1
    outer loop
      vertex 7.81541 9.68635 2.2
      vertex 2.76678 10.2627 2.2
      vertex 2.56538 9.83687 2.2
    endloop
  endfacet
  facet normal 0 0 1
    outer loop
      vertex 3.36061 3.23358 2.2
      vertex 2.20001 8 2.2
      vertex 3.05011 3.08672 2.2
    endloop
  endfacet
  facet normal 0 0 1
    outer loop
      vertex 7.81541 9.68635 2.2
      vertex 2.56538 9.83687 2.2
      vertex 2.40669 9.39336 2.2
    endloop
  endfacet
  facet normal 0 0 1
    outer loop
      vertex 3.05011 3.08672 2.2
      vertex 2.20001 8 2.2
      vertex 2.7555 2.91014 2.2
    endloop
  endfacet
  facet normal 0 0 1
    outer loop
      vertex 7.81541 9.68635 2.2
      vertex 2.40669 9.39336 2.2
      vertex 2.29224 8.93643 2.2
    endloop
  endfacet
  facet normal 0 0 1
    outer loop
      vertex 7.81541 9.68635 2.2
      vertex 2.29224 8.93643 2.2
      vertex 2.22311 8.47047 2.2
    endloop
  endfacet
  facet normal 0 0 1
    outer loop
      vertex 2.7555 2.91014 2.2
      vertex 2.20001 8 2.2
      vertex 2.47962 2.70554 2.2
    endloop
  endfacet
  facet normal 0 0 1
    outer loop
      vertex 7.81541 9.68635 2.2
      vertex 2.22311 8.47047 2.2
      vertex 2.20001 8 2.2
    endloop
  endfacet
  facet normal 0 0 1
    outer loop
      vertex 2.47962 2.70554 2.2
      vertex 2.20001 8 2.2
      vertex 2.22513 2.47487 2.2
    endloop
  endfacet
  facet normal 0 0 1
    outer loop
      vertex 2.22513 2.47487 2.2
      vertex 2.20001 8 2.2
      vertex 2.20001 2.44717 2.2
    endloop
  endfacet
  facet normal -0 0 1
    outer loop
      vertex 7.17487 -2.47487 2.2
      vertex 10.0711 -6.93779 2.2
      vertex 7.40554 -2.22038 2.2
    endloop
  endfacet
  facet normal 0 0 1
    outer loop
      vertex 10.0711 -6.93779 2.2
      vertex 7.17487 -2.47487 2.2
      vertex 9.77541 -7.04358 2.2
    endloop
  endfacet
  facet normal -0 0 1
    outer loop
      vertex 6.92038 -2.70554 2.2
      vertex 9.77541 -7.04358 2.2
      vertex 7.17487 -2.47487 2.2
    endloop
  endfacet
  facet normal 0 0 1
    outer loop
      vertex 9.77541 -7.04358 2.2
      vertex 6.92038 -2.70554 2.2
      vertex 9.49153 -7.17785 2.2
    endloop
  endfacet
  facet normal -0 0 1
    outer loop
      vertex 6.6445 -2.91014 2.2
      vertex 9.49153 -7.17785 2.2
      vertex 6.92038 -2.70554 2.2
    endloop
  endfacet
  facet normal 0 0 1
    outer loop
      vertex 9.49153 -7.17785 2.2
      vertex 6.6445 -2.91014 2.2
      vertex 9.22217 -7.3393 2.2
    endloop
  endfacet
  facet normal -0 0 1
    outer loop
      vertex 6.34989 -3.08672 2.2
      vertex 9.22217 -7.3393 2.2
      vertex 6.6445 -2.91014 2.2
    endloop
  endfacet
  facet normal 0 0 1
    outer loop
      vertex 9.22217 -7.3393 2.2
      vertex 6.34989 -3.08672 2.2
      vertex 8.96994 -7.52637 2.2
    endloop
  endfacet
  facet normal -0 0 1
    outer loop
      vertex 6.03939 -3.23358 2.2
      vertex 8.96994 -7.52637 2.2
      vertex 6.34989 -3.08672 2.2
    endloop
  endfacet
  facet normal 0 0 1
    outer loop
      vertex 8.96994 -7.52637 2.2
      vertex 6.03939 -3.23358 2.2
      vertex 8.73726 -7.73726 2.2
    endloop
  endfacet
  facet normal -0 0 1
    outer loop
      vertex 5.716 -3.34929 2.2
      vertex 8.73726 -7.73726 2.2
      vertex 6.03939 -3.23358 2.2
    endloop
  endfacet
  facet normal 0 0 1
    outer loop
      vertex 8.73726 -7.73726 2.2
      vertex 5.716 -3.34929 2.2
      vertex 8.52637 -7.96994 2.2
    endloop
  endfacet
  facet normal -0 0 1
    outer loop
      vertex 5.38282 -3.43275 2.2
      vertex 8.52637 -7.96994 2.2
      vertex 5.716 -3.34929 2.2
    endloop
  endfacet
  facet normal 0 0 1
    outer loop
      vertex 8.52637 -7.96994 2.2
      vertex 5.38282 -3.43275 2.2
      vertex 8.3393 -8.22217 2.2
    endloop
  endfacet
  facet normal -0 0 1
    outer loop
      vertex 5.04306 -3.48315 2.2
      vertex 8.3393 -8.22217 2.2
      vertex 5.38282 -3.43275 2.2
    endloop
  endfacet
  facet normal 0 0 1
    outer loop
      vertex 9.22217 -12.6607 2.2
      vertex 7 -12.8 2.2
      vertex 9.45456 -12.8 2.2
    endloop
  endfacet
  facet normal 0 0 1
    outer loop
      vertex 8.96994 -12.4736 2.2
      vertex 7 -12.8 2.2
      vertex 9.22217 -12.6607 2.2
    endloop
  endfacet
  facet normal 0 0 1
    outer loop
      vertex 8.73726 -12.2627 2.2
      vertex 7 -12.8 2.2
      vertex 8.96994 -12.4736 2.2
    endloop
  endfacet
  facet normal 0 0 1
    outer loop
      vertex 8.52637 -12.0301 2.2
      vertex 7 -12.8 2.2
      vertex 8.73726 -12.2627 2.2
    endloop
  endfacet
  facet normal 0 0 1
    outer loop
      vertex 8.3393 -11.7778 2.2
      vertex 7 -12.8 2.2
      vertex 8.52637 -12.0301 2.2
    endloop
  endfacet
  facet normal 0 0 1
    outer loop
      vertex 8.17785 -11.5085 2.2
      vertex 7 -12.8 2.2
      vertex 8.3393 -11.7778 2.2
    endloop
  endfacet
  facet normal 0 0 1
    outer loop
      vertex 8.04358 -11.2246 2.2
      vertex 7 -12.8 2.2
      vertex 8.17785 -11.5085 2.2
    endloop
  endfacet
  facet normal 0 0 1
    outer loop
      vertex 6.52953 -12.7769 2.2
      vertex 8.04358 -11.2246 2.2
      vertex 7.93779 -10.9289 2.2
    endloop
  endfacet
  facet normal 0 0 1
    outer loop
      vertex 6.06357 -12.7078 2.2
      vertex 7.93779 -10.9289 2.2
      vertex 7.86149 -10.6243 2.2
    endloop
  endfacet
  facet normal 0 0 1
    outer loop
      vertex 5.16313 -12.4346 2.2
      vertex 7.86149 -10.6243 2.2
      vertex 7.81541 -10.3137 2.2
    endloop
  endfacet
  facet normal 0 0 1
    outer loop
      vertex 8.3393 -8.22217 2.2
      vertex 5.04306 -3.48315 2.2
      vertex 8.17785 -8.49153 2.2
    endloop
  endfacet
  facet normal -0 0 1
    outer loop
      vertex 2.20001 -8 2.2
      vertex 8.17785 -8.49153 2.2
      vertex 5.04306 -3.48315 2.2
    endloop
  endfacet
  facet normal 0 0 1
    outer loop
      vertex 8.17785 -8.49153 2.2
      vertex 2.20001 -8 2.2
      vertex 8.04358 -8.77541 2.2
    endloop
  endfacet
  facet normal 0 0 1
    outer loop
      vertex 8.04358 -8.77541 2.2
      vertex 2.20001 -8 2.2
      vertex 7.93779 -9.07109 2.2
    endloop
  endfacet
  facet normal -0 -0 1
    outer loop
      vertex 2.22311 -8.47047 2.2
      vertex 7.93779 -9.07109 2.2
      vertex 2.20001 -8 2.2
    endloop
  endfacet
  facet normal -0 -0 1
    outer loop
      vertex 2.29224 -8.93643 2.2
      vertex 7.93779 -9.07109 2.2
      vertex 2.22311 -8.47047 2.2
    endloop
  endfacet
  facet normal 0 0 1
    outer loop
      vertex 8.04358 -11.2246 2.2
      vertex 6.52953 -12.7769 2.2
      vertex 7 -12.8 2.2
    endloop
  endfacet
  facet normal 0 0 1
    outer loop
      vertex 7.93779 -10.9289 2.2
      vertex 6.06357 -12.7078 2.2
      vertex 6.52953 -12.7769 2.2
    endloop
  endfacet
  facet normal 0 0 1
    outer loop
      vertex 7.86149 -10.6243 2.2
      vertex 5.60664 -12.5933 2.2
      vertex 6.06357 -12.7078 2.2
    endloop
  endfacet
  facet normal 0 0 1
    outer loop
      vertex 7.93779 -9.07109 2.2
      vertex 2.40669 -9.39336 2.2
      vertex 7.86149 -9.37571 2.2
    endloop
  endfacet
  facet normal 0 0 1
    outer loop
      vertex 7.86149 -10.6243 2.2
      vertex 5.16313 -12.4346 2.2
      vertex 5.60664 -12.5933 2.2
    endloop
  endfacet
  facet normal 0 -0 1
    outer loop
      vertex 2.40669 -9.39336 2.2
      vertex 7.93779 -9.07109 2.2
      vertex 2.29224 -8.93643 2.2
    endloop
  endfacet
  facet normal 0 -0 1
    outer loop
      vertex 2.56538 -9.83687 2.2
      vertex 7.86149 -9.37571 2.2
      vertex 2.40669 -9.39336 2.2
    endloop
  endfacet
  facet normal 0 0 1
    outer loop
      vertex 2.20001 -8 2.2
      vertex 5.04306 -3.48315 2.2
      vertex 4.7 -3.5 2.2
    endloop
  endfacet
  facet normal 0 0 1
    outer loop
      vertex 2.20001 -8 2.2
      vertex 4.7 -3.5 2.2
      vertex 4.35694 -3.48315 2.2
    endloop
  endfacet
  facet normal 0 0 1
    outer loop
      vertex 7.81541 -10.3137 2.2
      vertex 4.7373 -12.2332 2.2
      vertex 5.16313 -12.4346 2.2
    endloop
  endfacet
  facet normal 0 0 1
    outer loop
      vertex 2.20001 -8 2.2
      vertex 4.35694 -3.48315 2.2
      vertex 4.01718 -3.43275 2.2
    endloop
  endfacet
  facet normal 0 0 1
    outer loop
      vertex 7.81541 -10.3137 2.2
      vertex 4.33327 -11.991 2.2
      vertex 4.7373 -12.2332 2.2
    endloop
  endfacet
  facet normal 0 0 1
    outer loop
      vertex 2.20001 -8 2.2
      vertex 4.01718 -3.43275 2.2
      vertex 3.684 -3.34929 2.2
    endloop
  endfacet
  facet normal 0 0 1
    outer loop
      vertex 7.8 -10 2.2
      vertex 4.33327 -11.991 2.2
      vertex 7.81541 -10.3137 2.2
    endloop
  endfacet
  facet normal 0 0 1
    outer loop
      vertex 2.20001 -8 2.2
      vertex 3.684 -3.34929 2.2
      vertex 3.36061 -3.23358 2.2
    endloop
  endfacet
  facet normal 0 -0 1
    outer loop
      vertex 4.33327 -11.991 2.2
      vertex 7.8 -10 2.2
      vertex 3.95493 -11.7104 2.2
    endloop
  endfacet
  facet normal 0 0 1
    outer loop
      vertex 2.20001 -8 2.2
      vertex 3.36061 -3.23358 2.2
      vertex 3.05011 -3.08672 2.2
    endloop
  endfacet
  facet normal 0 -0 1
    outer loop
      vertex 3.95493 -11.7104 2.2
      vertex 7.8 -10 2.2
      vertex 3.6059 -11.3941 2.2
    endloop
  endfacet
  facet normal 0 0 1
    outer loop
      vertex 7.81541 -9.68635 2.2
      vertex 3.6059 -11.3941 2.2
      vertex 7.8 -10 2.2
    endloop
  endfacet
  facet normal 0 0 1
    outer loop
      vertex 2.20001 -8 2.2
      vertex 3.05011 -3.08672 2.2
      vertex 2.7555 -2.91014 2.2
    endloop
  endfacet
  facet normal 0 -0 1
    outer loop
      vertex 3.6059 -11.3941 2.2
      vertex 7.81541 -9.68635 2.2
      vertex 3.28955 -11.0451 2.2
    endloop
  endfacet
  facet normal 0 0 1
    outer loop
      vertex 2.20001 -8 2.2
      vertex 2.7555 -2.91014 2.2
      vertex 2.47962 -2.70554 2.2
    endloop
  endfacet
  facet normal 0 -0 1
    outer loop
      vertex 3.28955 -11.0451 2.2
      vertex 7.81541 -9.68635 2.2
      vertex 3.00896 -10.6667 2.2
    endloop
  endfacet
  facet normal 0 0 1
    outer loop
      vertex 7.86149 -9.37571 2.2
      vertex 3.00896 -10.6667 2.2
      vertex 7.81541 -9.68635 2.2
    endloop
  endfacet
  facet normal 0 0 1
    outer loop
      vertex 2.20001 -8 2.2
      vertex 2.47962 -2.70554 2.2
      vertex 2.22513 -2.47487 2.2
    endloop
  endfacet
  facet normal 0 -0 1
    outer loop
      vertex 3.00896 -10.6667 2.2
      vertex 7.86149 -9.37571 2.2
      vertex 2.76678 -10.2627 2.2
    endloop
  endfacet
  facet normal 0 0 1
    outer loop
      vertex 2.20001 -8 2.2
      vertex 2.22513 -2.47487 2.2
      vertex 2.20001 -2.44717 2.2
    endloop
  endfacet
  facet normal 0 -0 1
    outer loop
      vertex 2.76678 -10.2627 2.2
      vertex 7.86149 -9.37571 2.2
      vertex 2.56538 -9.83687 2.2
    endloop
  endfacet
  facet normal 0 0 1
    outer loop
      vertex 25.8154 10.3137 2.2
      vertex 14.2 10 2.2
      vertex 25.8 10 2.2
    endloop
  endfacet
  facet normal 0 0 1
    outer loop
      vertex 14.1846 10.3137 2.2
      vertex 25.8154 10.3137 2.2
      vertex 25.8615 10.6243 2.2
    endloop
  endfacet
  facet normal 0 0 1
    outer loop
      vertex 14.1385 10.6243 2.2
      vertex 25.8615 10.6243 2.2
      vertex 25.9378 10.9289 2.2
    endloop
  endfacet
  facet normal 0 0 1
    outer loop
      vertex 14.0622 10.9289 2.2
      vertex 25.9378 10.9289 2.2
      vertex 26.0436 11.2246 2.2
    endloop
  endfacet
  facet normal 0 0 1
    outer loop
      vertex 13.9564 11.2246 2.2
      vertex 26.0436 11.2246 2.2
      vertex 26.1779 11.5085 2.2
    endloop
  endfacet
  facet normal 0 0 1
    outer loop
      vertex 13.8221 11.5085 2.2
      vertex 26.1779 11.5085 2.2
      vertex 26.3393 11.7778 2.2
    endloop
  endfacet
  facet normal 0 0 1
    outer loop
      vertex 13.6607 11.7778 2.2
      vertex 26.3393 11.7778 2.2
      vertex 26.5264 12.0301 2.2
    endloop
  endfacet
  facet normal 0 0 1
    outer loop
      vertex 13.4736 12.0301 2.2
      vertex 26.5264 12.0301 2.2
      vertex 26.7373 12.2627 2.2
    endloop
  endfacet
  facet normal 0 0 1
    outer loop
      vertex 13.2627 12.2627 2.2
      vertex 26.7373 12.2627 2.2
      vertex 26.9699 12.4736 2.2
    endloop
  endfacet
  facet normal 0 0 1
    outer loop
      vertex 13.0301 12.4736 2.2
      vertex 26.9699 12.4736 2.2
      vertex 27.2222 12.6607 2.2
    endloop
  endfacet
  facet normal 0 0 1
    outer loop
      vertex 12.7778 12.6607 2.2
      vertex 27.2222 12.6607 2.2
      vertex 27.4546 12.8 2.2
    endloop
  endfacet
  facet normal 0 0 1
    outer loop
      vertex 25.8154 10.3137 2.2
      vertex 14.1846 10.3137 2.2
      vertex 14.2 10 2.2
    endloop
  endfacet
  facet normal 0 0 1
    outer loop
      vertex 25.8615 10.6243 2.2
      vertex 14.1385 10.6243 2.2
      vertex 14.1846 10.3137 2.2
    endloop
  endfacet
  facet normal 0 0 1
    outer loop
      vertex 25.9378 10.9289 2.2
      vertex 14.0622 10.9289 2.2
      vertex 14.1385 10.6243 2.2
    endloop
  endfacet
  facet normal 0 0 1
    outer loop
      vertex 26.0436 11.2246 2.2
      vertex 13.9564 11.2246 2.2
      vertex 14.0622 10.9289 2.2
    endloop
  endfacet
  facet normal 0 0 1
    outer loop
      vertex 26.1779 11.5085 2.2
      vertex 13.8221 11.5085 2.2
      vertex 13.9564 11.2246 2.2
    endloop
  endfacet
  facet normal 0 0 1
    outer loop
      vertex 26.3393 11.7778 2.2
      vertex 13.6607 11.7778 2.2
      vertex 13.8221 11.5085 2.2
    endloop
  endfacet
  facet normal 0 0 1
    outer loop
      vertex 26.5264 12.0301 2.2
      vertex 13.4736 12.0301 2.2
      vertex 13.6607 11.7778 2.2
    endloop
  endfacet
  facet normal 0 0 1
    outer loop
      vertex 26.7373 12.2627 2.2
      vertex 13.2627 12.2627 2.2
      vertex 13.4736 12.0301 2.2
    endloop
  endfacet
  facet normal 0 0 1
    outer loop
      vertex 26.9699 12.4736 2.2
      vertex 13.0301 12.4736 2.2
      vertex 13.2627 12.2627 2.2
    endloop
  endfacet
  facet normal 0 0 1
    outer loop
      vertex 27.2222 12.6607 2.2
      vertex 12.7778 12.6607 2.2
      vertex 13.0301 12.4736 2.2
    endloop
  endfacet
  facet normal 0 -0 1
    outer loop
      vertex 12.7778 12.6607 2.2
      vertex 27.4546 12.8 2.2
      vertex 12.5454 12.8 2.2
    endloop
  endfacet
  facet normal -0 0 1
    outer loop
      vertex 31.0301 7.52637 2.2
      vertex 35.7484 3.48916 2.2
      vertex 31.2627 7.73726 2.2
    endloop
  endfacet
  facet normal 0 0 1
    outer loop
      vertex 34.5 0 2.2
      vertex 32.1846 -9.68635 2.2
      vertex 32.2 -10 2.2
    endloop
  endfacet
  facet normal 0 0 1
    outer loop
      vertex 35.7484 3.48916 2.2
      vertex 31.0301 7.52637 2.2
      vertex 35.4269 3.05564 2.2
    endloop
  endfacet
  facet normal 0 0 1
    outer loop
      vertex 34.5 0 2.2
      vertex 32.1385 -9.37571 2.2
      vertex 32.1846 -9.68635 2.2
    endloop
  endfacet
  facet normal -0 0 1
    outer loop
      vertex 30.7778 7.3393 2.2
      vertex 35.4269 3.05564 2.2
      vertex 31.0301 7.52637 2.2
    endloop
  endfacet
  facet normal 0 0 1
    outer loop
      vertex 34.5 0 2.2
      vertex 32.0622 -9.07109 2.2
      vertex 32.1385 -9.37571 2.2
    endloop
  endfacet
  facet normal 0 0 1
    outer loop
      vertex 35.4269 3.05564 2.2
      vertex 30.7778 7.3393 2.2
      vertex 35.1494 2.59268 2.2
    endloop
  endfacet
  facet normal 0 0 1
    outer loop
      vertex 34.5 0 2.2
      vertex 31.9564 -8.77541 2.2
      vertex 32.0622 -9.07109 2.2
    endloop
  endfacet
  facet normal -0 0 1
    outer loop
      vertex 30.5085 7.17785 2.2
      vertex 35.1494 2.59268 2.2
      vertex 30.7778 7.3393 2.2
    endloop
  endfacet
  facet normal 0 0 1
    outer loop
      vertex 34.5 0 2.2
      vertex 31.8221 -8.49153 2.2
      vertex 31.9564 -8.77541 2.2
    endloop
  endfacet
  facet normal -0 0 1
    outer loop
      vertex 30.2246 7.04358 2.2
      vertex 35.1494 2.59268 2.2
      vertex 30.5085 7.17785 2.2
    endloop
  endfacet
  facet normal 0 0 1
    outer loop
      vertex 34.5 0 2.2
      vertex 31.6607 -8.22217 2.2
      vertex 31.8221 -8.49153 2.2
    endloop
  endfacet
  facet normal 0 0 1
    outer loop
      vertex 35.1494 2.59268 2.2
      vertex 30.2246 7.04358 2.2
      vertex 34.9187 2.10476 2.2
    endloop
  endfacet
  facet normal 0 0 1
    outer loop
      vertex 34.5 0 2.2
      vertex 31.4736 -7.96994 2.2
      vertex 31.6607 -8.22217 2.2
    endloop
  endfacet
  facet normal -0 0 1
    outer loop
      vertex 27.7 4 2.2
      vertex 34.9187 2.10476 2.2
      vertex 30.2246 7.04358 2.2
    endloop
  endfacet
  facet normal 0 0 1
    outer loop
      vertex 34.5 0 2.2
      vertex 31.2627 -7.73726 2.2
      vertex 31.4736 -7.96994 2.2
    endloop
  endfacet
  facet normal 0 0 1
    outer loop
      vertex 34.9187 2.10476 2.2
      vertex 27.7 4 2.2
      vertex 34.7368 1.59657 2.2
    endloop
  endfacet
  facet normal 0 0 1
    outer loop
      vertex 34.5 0 2.2
      vertex 31.0301 -7.52637 2.2
      vertex 31.2627 -7.73726 2.2
    endloop
  endfacet
  facet normal 0 0 1
    outer loop
      vertex 34.7368 1.59657 2.2
      vertex 27.7 4 2.2
      vertex 34.6057 1.073 2.2
    endloop
  endfacet
  facet normal 0 0 1
    outer loop
      vertex 34.5 0 2.2
      vertex 30.7778 -7.3393 2.2
      vertex 31.0301 -7.52637 2.2
    endloop
  endfacet
  facet normal 0 0 1
    outer loop
      vertex 34.6057 1.073 2.2
      vertex 27.7 4 2.2
      vertex 34.5265 0.539094 2.2
    endloop
  endfacet
  facet normal 0 0 1
    outer loop
      vertex 27.7 -4 2.2
      vertex 34.5 0 2.2
      vertex 27.7 4 2.2
    endloop
  endfacet
  facet normal 0 0 1
    outer loop
      vertex 34.5265 0.539094 2.2
      vertex 27.7 4 2.2
      vertex 34.5 0 2.2
    endloop
  endfacet
  facet normal 0 -0 1
    outer loop
      vertex 30.2246 -7.04358 2.2
      vertex 34.5 0 2.2
      vertex 27.7 -4 2.2
    endloop
  endfacet
  facet normal 0 0 1
    outer loop
      vertex 27.7 4 2.2
      vertex 30.2246 7.04358 2.2
      vertex 29.9289 6.93779 2.2
    endloop
  endfacet
  facet normal 0 0 1
    outer loop
      vertex 34.5 0 2.2
      vertex 30.5085 -7.17785 2.2
      vertex 30.7778 -7.3393 2.2
    endloop
  endfacet
  facet normal 0 0 1
    outer loop
      vertex 27.7 4 2.2
      vertex 29.9289 6.93779 2.2
      vertex 29.6243 6.86149 2.2
    endloop
  endfacet
  facet normal 0 0 1
    outer loop
      vertex 34.5 0 2.2
      vertex 30.2246 -7.04358 2.2
      vertex 30.5085 -7.17785 2.2
    endloop
  endfacet
  facet normal 0 0 1
    outer loop
      vertex 27.7 4 2.2
      vertex 29.6243 6.86149 2.2
      vertex 29.3137 6.81541 2.2
    endloop
  endfacet
  facet normal 0 0 1
    outer loop
      vertex 30.2246 -7.04358 2.2
      vertex 27.7 -4 2.2
      vertex 29.9289 -6.93779 2.2
    endloop
  endfacet
  facet normal 0 0 1
    outer loop
      vertex 27.7 4 2.2
      vertex 29.3137 6.81541 2.2
      vertex 29 6.8 2.2
    endloop
  endfacet
  facet normal 0 0 1
    outer loop
      vertex 29.9289 -6.93779 2.2
      vertex 27.7 -4 2.2
      vertex 29.6243 -6.86149 2.2
    endloop
  endfacet
  facet normal 0 0 1
    outer loop
      vertex 27.7 4 2.2
      vertex 29 6.8 2.2
      vertex 28.6863 6.81541 2.2
    endloop
  endfacet
  facet normal 0 0 1
    outer loop
      vertex 29.6243 -6.86149 2.2
      vertex 27.7 -4 2.2
      vertex 29.3137 -6.81541 2.2
    endloop
  endfacet
  facet normal 0 0 1
    outer loop
      vertex 27.7 4 2.2
      vertex 28.6863 6.81541 2.2
      vertex 28.3757 6.86149 2.2
    endloop
  endfacet
  facet normal 0 0 1
    outer loop
      vertex 29.3137 -6.81541 2.2
      vertex 27.7 -4 2.2
      vertex 29 -6.8 2.2
    endloop
  endfacet
  facet normal 0 0 1
    outer loop
      vertex 27.7 4 2.2
      vertex 28.3757 6.86149 2.2
      vertex 28.0711 6.93779 2.2
    endloop
  endfacet
  facet normal 0 0 1
    outer loop
      vertex 29 -6.8 2.2
      vertex 27.7 -4 2.2
      vertex 28.6863 -6.81541 2.2
    endloop
  endfacet
  facet normal 0 0 1
    outer loop
      vertex 27.7 4 2.2
      vertex 28.0711 6.93779 2.2
      vertex 27.7754 7.04358 2.2
    endloop
  endfacet
  facet normal 0 0 1
    outer loop
      vertex 28.6863 -6.81541 2.2
      vertex 27.7 -4 2.2
      vertex 28.3757 -6.86149 2.2
    endloop
  endfacet
  facet normal 0 0 1
    outer loop
      vertex 28.3757 -6.86149 2.2
      vertex 27.7 -4 2.2
      vertex 28.0711 -6.93779 2.2
    endloop
  endfacet
  facet normal 0 0 1
    outer loop
      vertex 27.4915 7.17785 2.2
      vertex 27.7 4 2.2
      vertex 27.7754 7.04358 2.2
    endloop
  endfacet
  facet normal 0 0 1
    outer loop
      vertex 27.2222 7.3393 2.2
      vertex 27.7 4 2.2
      vertex 27.4915 7.17785 2.2
    endloop
  endfacet
  facet normal 0 0 1
    outer loop
      vertex 26.9699 7.52637 2.2
      vertex 27.7 4 2.2
      vertex 27.2222 7.3393 2.2
    endloop
  endfacet
  facet normal 0 0 1
    outer loop
      vertex 26.7373 7.73726 2.2
      vertex 27.7 4 2.2
      vertex 26.9699 7.52637 2.2
    endloop
  endfacet
  facet normal 0 0 1
    outer loop
      vertex 26.5264 7.96994 2.2
      vertex 27.7 4 2.2
      vertex 26.7373 7.73726 2.2
    endloop
  endfacet
  facet normal 0 0 1
    outer loop
      vertex 26.3393 8.22217 2.2
      vertex 27.7 4 2.2
      vertex 26.5264 7.96994 2.2
    endloop
  endfacet
  facet normal 0 0 1
    outer loop
      vertex 13.6607 8.22217 2.2
      vertex 26.3393 8.22217 2.2
      vertex 26.1779 8.49153 2.2
    endloop
  endfacet
  facet normal 0 0 1
    outer loop
      vertex 13.8221 8.49153 2.2
      vertex 26.1779 8.49153 2.2
      vertex 26.0436 8.77541 2.2
    endloop
  endfacet
  facet normal 0 0 1
    outer loop
      vertex 13.9564 8.77541 2.2
      vertex 26.0436 8.77541 2.2
      vertex 25.9378 9.07109 2.2
    endloop
  endfacet
  facet normal -0 0 1
    outer loop
      vertex 14.2 10 2.2
      vertex 25.8154 9.68635 2.2
      vertex 25.8 10 2.2
    endloop
  endfacet
  facet normal 0 0 1
    outer loop
      vertex 14.1846 9.68635 2.2
      vertex 25.8154 9.68635 2.2
      vertex 14.2 10 2.2
    endloop
  endfacet
  facet normal 0 0 1
    outer loop
      vertex 25.8154 9.68635 2.2
      vertex 14.1846 9.68635 2.2
      vertex 25.8615 9.37571 2.2
    endloop
  endfacet
  facet normal 0 0 1
    outer loop
      vertex 14.1385 9.37571 2.2
      vertex 25.8615 9.37571 2.2
      vertex 14.1846 9.68635 2.2
    endloop
  endfacet
  facet normal 0 0 1
    outer loop
      vertex 25.8615 9.37571 2.2
      vertex 14.1385 9.37571 2.2
      vertex 25.9378 9.07109 2.2
    endloop
  endfacet
  facet normal 0 0 1
    outer loop
      vertex 14.0622 9.07109 2.2
      vertex 25.9378 9.07109 2.2
      vertex 14.1385 9.37571 2.2
    endloop
  endfacet
  facet normal 0 0 1
    outer loop
      vertex 13.9564 8.77541 2.2
      vertex 25.9378 9.07109 2.2
      vertex 14.0622 9.07109 2.2
    endloop
  endfacet
  facet normal 0 0 1
    outer loop
      vertex 26.0436 8.77541 2.2
      vertex 13.9564 8.77541 2.2
      vertex 13.8221 8.49153 2.2
    endloop
  endfacet
  facet normal 0 0 1
    outer loop
      vertex 26.1779 8.49153 2.2
      vertex 13.8221 8.49153 2.2
      vertex 13.6607 8.22217 2.2
    endloop
  endfacet
  facet normal 0 0 1
    outer loop
      vertex 26.3393 8.22217 2.2
      vertex 13.6607 8.22217 2.2
      vertex 27.7 4 2.2
    endloop
  endfacet
  facet normal 0 0 1
    outer loop
      vertex 12.3 4 2.2
      vertex 13.6607 8.22217 2.2
      vertex 13.4736 7.96994 2.2
    endloop
  endfacet
  facet normal 0 0 1
    outer loop
      vertex 12.3 4 2.2
      vertex 13.4736 7.96994 2.2
      vertex 13.2627 7.73726 2.2
    endloop
  endfacet
  facet normal 0 0 1
    outer loop
      vertex 12.3 4 2.2
      vertex 13.2627 7.73726 2.2
      vertex 13.0301 7.52637 2.2
    endloop
  endfacet
  facet normal 0 0 1
    outer loop
      vertex 12.3 4 2.2
      vertex 13.0301 7.52637 2.2
      vertex 12.7778 7.3393 2.2
    endloop
  endfacet
  facet normal 0 0 1
    outer loop
      vertex 12.3 4 2.2
      vertex 12.7778 7.3393 2.2
      vertex 12.5085 7.17785 2.2
    endloop
  endfacet
  facet normal 0 0 1
    outer loop
      vertex 13.6607 8.22217 2.2
      vertex 12.3 4 2.2
      vertex 27.7 4 2.2
    endloop
  endfacet
  facet normal -0 0 1
    outer loop
      vertex 11.9289 6.93779 2.2
      vertex 12.3 4 2.2
      vertex 12.2246 7.04358 2.2
    endloop
  endfacet
  facet normal -0 0 1
    outer loop
      vertex 12.2246 7.04358 2.2
      vertex 12.3 4 2.2
      vertex 12.5085 7.17785 2.2
    endloop
  endfacet
  facet normal 0 0 1
    outer loop
      vertex 40.5391 5.47352 2.2
      vertex 43.8 8 2.2
      vertex 43.7769 8.47047 2.2
    endloop
  endfacet
  facet normal 0 0 1
    outer loop
      vertex 40.5391 5.47352 2.2
      vertex 43.7769 8.47047 2.2
      vertex 43.7078 8.93643 2.2
    endloop
  endfacet
  facet normal 0 0 1
    outer loop
      vertex 40.5391 5.47352 2.2
      vertex 43.7078 8.93643 2.2
      vertex 43.5933 9.39336 2.2
    endloop
  endfacet
  facet normal 0 0 1
    outer loop
      vertex 43.8 8 2.2
      vertex 43.4892 4.25156 2.2
      vertex 43.8 3.96984 2.2
    endloop
  endfacet
  facet normal 0 0 1
    outer loop
      vertex 40.5391 5.47352 2.2
      vertex 43.5933 9.39336 2.2
      vertex 43.4346 9.83687 2.2
    endloop
  endfacet
  facet normal 0 0 1
    outer loop
      vertex 40.5391 5.47352 2.2
      vertex 43.4346 9.83687 2.2
      vertex 43.2332 10.2627 2.2
    endloop
  endfacet
  facet normal 0 0 1
    outer loop
      vertex 43.8 8 2.2
      vertex 43.0556 4.57308 2.2
      vertex 43.4892 4.25156 2.2
    endloop
  endfacet
  facet normal 0 0 1
    outer loop
      vertex 40 5.5 2.2
      vertex 43.2332 10.2627 2.2
      vertex 42.991 10.6667 2.2
    endloop
  endfacet
  facet normal 0 0 1
    outer loop
      vertex 40 5.5 2.2
      vertex 42.991 10.6667 2.2
      vertex 42.7104 11.0451 2.2
    endloop
  endfacet
  facet normal 0 0 1
    outer loop
      vertex 43.8 8 2.2
      vertex 42.5927 4.85057 2.2
      vertex 43.0556 4.57308 2.2
    endloop
  endfacet
  facet normal 0 0 1
    outer loop
      vertex 40 5.5 2.2
      vertex 42.7104 11.0451 2.2
      vertex 42.3941 11.3941 2.2
    endloop
  endfacet
  facet normal 0 0 1
    outer loop
      vertex 43.8 8 2.2
      vertex 42.1048 5.08134 2.2
      vertex 42.5927 4.85057 2.2
    endloop
  endfacet
  facet normal 0 0 1
    outer loop
      vertex 40 5.5 2.2
      vertex 42.3941 11.3941 2.2
      vertex 42.0451 11.7104 2.2
    endloop
  endfacet
  facet normal 0 0 1
    outer loop
      vertex 40 5.5 2.2
      vertex 42.0451 11.7104 2.2
      vertex 41.6667 11.991 2.2
    endloop
  endfacet
  facet normal 0 0 1
    outer loop
      vertex 43.8 8 2.2
      vertex 41.5966 5.26317 2.2
      vertex 42.1048 5.08134 2.2
    endloop
  endfacet
  facet normal 0 0 1
    outer loop
      vertex 40 5.5 2.2
      vertex 41.6667 11.991 2.2
      vertex 41.2627 12.2332 2.2
    endloop
  endfacet
  facet normal 0 0 1
    outer loop
      vertex 43.8 8 2.2
      vertex 41.073 5.39432 2.2
      vertex 41.5966 5.26317 2.2
    endloop
  endfacet
  facet normal 0 0 1
    outer loop
      vertex 39.4609 5.47352 2.2
      vertex 41.2627 12.2332 2.2
      vertex 40.8369 12.4346 2.2
    endloop
  endfacet
  facet normal 0 0 1
    outer loop
      vertex 43.8 8 2.2
      vertex 40.5391 5.47352 2.2
      vertex 41.073 5.39432 2.2
    endloop
  endfacet
  facet normal 0 0 1
    outer loop
      vertex 39.4609 5.47352 2.2
      vertex 40.8369 12.4346 2.2
      vertex 40.3934 12.5933 2.2
    endloop
  endfacet
  facet normal 0 0 1
    outer loop
      vertex 43.2332 10.2627 2.2
      vertex 40 5.5 2.2
      vertex 40.5391 5.47352 2.2
    endloop
  endfacet
  facet normal 0 0 1
    outer loop
      vertex 39.4609 5.47352 2.2
      vertex 40.3934 12.5933 2.2
      vertex 39.9364 12.7078 2.2
    endloop
  endfacet
  facet normal 0 0 1
    outer loop
      vertex 39.4609 5.47352 2.2
      vertex 39.9364 12.7078 2.2
      vertex 39.4705 12.7769 2.2
    endloop
  endfacet
  facet normal 0 0 1
    outer loop
      vertex 41.2627 12.2332 2.2
      vertex 39.4609 5.47352 2.2
      vertex 40 5.5 2.2
    endloop
  endfacet
  facet normal 0 0 1
    outer loop
      vertex 39 12.8 2.2
      vertex 39.4609 5.47352 2.2
      vertex 39.4705 12.7769 2.2
    endloop
  endfacet
  facet normal 0 0 1
    outer loop
      vertex 39 12.8 2.2
      vertex 38.927 5.39432 2.2
      vertex 39.4609 5.47352 2.2
    endloop
  endfacet
  facet normal 0 0 1
    outer loop
      vertex 39 12.8 2.2
      vertex 38.4034 5.26317 2.2
      vertex 38.927 5.39432 2.2
    endloop
  endfacet
  facet normal 0 0 1
    outer loop
      vertex 39 12.8 2.2
      vertex 37.8952 5.08134 2.2
      vertex 38.4034 5.26317 2.2
    endloop
  endfacet
  facet normal 0 0 1
    outer loop
      vertex 32.1846 9.68635 2.2
      vertex 39 12.8 2.2
      vertex 32.2 10 2.2
    endloop
  endfacet
  facet normal 0 0 1
    outer loop
      vertex 39 12.8 2.2
      vertex 32.1846 9.68635 2.2
      vertex 37.8952 5.08134 2.2
    endloop
  endfacet
  facet normal -0 0 1
    outer loop
      vertex 32.1385 9.37571 2.2
      vertex 37.8952 5.08134 2.2
      vertex 32.1846 9.68635 2.2
    endloop
  endfacet
  facet normal 0 0 1
    outer loop
      vertex 37.8952 5.08134 2.2
      vertex 32.1385 9.37571 2.2
      vertex 37.4073 4.85057 2.2
    endloop
  endfacet
  facet normal -0 0 1
    outer loop
      vertex 32.0622 9.07109 2.2
      vertex 37.4073 4.85057 2.2
      vertex 32.1385 9.37571 2.2
    endloop
  endfacet
  facet normal 0 0 1
    outer loop
      vertex 37.4073 4.85057 2.2
      vertex 32.0622 9.07109 2.2
      vertex 36.9444 4.57308 2.2
    endloop
  endfacet
  facet normal -0 0 1
    outer loop
      vertex 31.9564 8.77541 2.2
      vertex 36.9444 4.57308 2.2
      vertex 32.0622 9.07109 2.2
    endloop
  endfacet
  facet normal -0 0 1
    outer loop
      vertex 31.8221 8.49153 2.2
      vertex 36.9444 4.57308 2.2
      vertex 31.9564 8.77541 2.2
    endloop
  endfacet
  facet normal 0 0 1
    outer loop
      vertex 36.1109 3.88909 2.2
      vertex 31.4736 7.96994 2.2
      vertex 35.7484 3.48916 2.2
    endloop
  endfacet
  facet normal -0 0 1
    outer loop
      vertex 31.4736 7.96994 2.2
      vertex 36.1109 3.88909 2.2
      vertex 31.6607 8.22217 2.2
    endloop
  endfacet
  facet normal 0 0 1
    outer loop
      vertex 36.5108 4.25156 2.2
      vertex 31.6607 8.22217 2.2
      vertex 36.1109 3.88909 2.2
    endloop
  endfacet
  facet normal -0 0 1
    outer loop
      vertex 31.6607 8.22217 2.2
      vertex 36.5108 4.25156 2.2
      vertex 31.8221 8.49153 2.2
    endloop
  endfacet
  facet normal 0 0 1
    outer loop
      vertex 36.9444 4.57308 2.2
      vertex 31.8221 8.49153 2.2
      vertex 36.5108 4.25156 2.2
    endloop
  endfacet
  facet normal 0 0 1
    outer loop
      vertex 39 12.8 2.2
      vertex 32.1846 10.3137 2.2
      vertex 32.2 10 2.2
    endloop
  endfacet
  facet normal 0 0 1
    outer loop
      vertex 39 12.8 2.2
      vertex 32.1385 10.6243 2.2
      vertex 32.1846 10.3137 2.2
    endloop
  endfacet
  facet normal 0 0 1
    outer loop
      vertex 39 12.8 2.2
      vertex 32.0622 10.9289 2.2
      vertex 32.1385 10.6243 2.2
    endloop
  endfacet
  facet normal 0 0 1
    outer loop
      vertex 39 12.8 2.2
      vertex 31.9564 11.2246 2.2
      vertex 32.0622 10.9289 2.2
    endloop
  endfacet
  facet normal 0 0 1
    outer loop
      vertex 39 12.8 2.2
      vertex 31.8221 11.5085 2.2
      vertex 31.9564 11.2246 2.2
    endloop
  endfacet
  facet normal 0 0 1
    outer loop
      vertex 39 12.8 2.2
      vertex 31.6607 11.7778 2.2
      vertex 31.8221 11.5085 2.2
    endloop
  endfacet
  facet normal 0 0 1
    outer loop
      vertex 39 12.8 2.2
      vertex 31.4736 12.0301 2.2
      vertex 31.6607 11.7778 2.2
    endloop
  endfacet
  facet normal 0 0 1
    outer loop
      vertex 39 12.8 2.2
      vertex 31.2627 12.2627 2.2
      vertex 31.4736 12.0301 2.2
    endloop
  endfacet
  facet normal 0 0 1
    outer loop
      vertex 39 12.8 2.2
      vertex 31.0301 12.4736 2.2
      vertex 31.2627 12.2627 2.2
    endloop
  endfacet
  facet normal 0 0 1
    outer loop
      vertex 39 12.8 2.2
      vertex 30.7778 12.6607 2.2
      vertex 31.0301 12.4736 2.2
    endloop
  endfacet
  facet normal 0 -0 1
    outer loop
      vertex 30.7778 12.6607 2.2
      vertex 39 12.8 2.2
      vertex 30.5454 12.8 2.2
    endloop
  endfacet
  facet normal -0 0 1
    outer loop
      vertex 43.4892 -4.25156 2.2
      vertex 43.8 -8 2.2
      vertex 43.8 -3.96984 2.2
    endloop
  endfacet
  facet normal -0 0 1
    outer loop
      vertex 43.0556 -4.57308 2.2
      vertex 43.8 -8 2.2
      vertex 43.4892 -4.25156 2.2
    endloop
  endfacet
  facet normal -0 0 1
    outer loop
      vertex 42.5927 -4.85057 2.2
      vertex 43.8 -8 2.2
      vertex 43.0556 -4.57308 2.2
    endloop
  endfacet
  facet normal -0 0 1
    outer loop
      vertex 42.1048 -5.08134 2.2
      vertex 43.8 -8 2.2
      vertex 42.5927 -4.85057 2.2
    endloop
  endfacet
  facet normal -0 0 1
    outer loop
      vertex 41.5966 -5.26317 2.2
      vertex 43.8 -8 2.2
      vertex 42.1048 -5.08134 2.2
    endloop
  endfacet
  facet normal -0 0 1
    outer loop
      vertex 41.073 -5.39432 2.2
      vertex 43.8 -8 2.2
      vertex 41.5966 -5.26317 2.2
    endloop
  endfacet
  facet normal -0 0 1
    outer loop
      vertex 40.5391 -5.47352 2.2
      vertex 43.8 -8 2.2
      vertex 41.073 -5.39432 2.2
    endloop
  endfacet
  facet normal 0 0 1
    outer loop
      vertex 43.8 -8 2.2
      vertex 40.5391 -5.47352 2.2
      vertex 43.7769 -8.47047 2.2
    endloop
  endfacet
  facet normal 0 0 1
    outer loop
      vertex 43.7769 -8.47047 2.2
      vertex 40.5391 -5.47352 2.2
      vertex 43.7078 -8.93643 2.2
    endloop
  endfacet
  facet normal 0 0 1
    outer loop
      vertex 43.7078 -8.93643 2.2
      vertex 40.5391 -5.47352 2.2
      vertex 43.5933 -9.39336 2.2
    endloop
  endfacet
  facet normal 0 0 1
    outer loop
      vertex 43.5933 -9.39336 2.2
      vertex 40.5391 -5.47352 2.2
      vertex 43.4346 -9.83687 2.2
    endloop
  endfacet
  facet normal 0 0 1
    outer loop
      vertex 43.4346 -9.83687 2.2
      vertex 40.5391 -5.47352 2.2
      vertex 43.2332 -10.2627 2.2
    endloop
  endfacet
  facet normal -0 0 1
    outer loop
      vertex 40 -5.5 2.2
      vertex 43.2332 -10.2627 2.2
      vertex 40.5391 -5.47352 2.2
    endloop
  endfacet
  facet normal 0 0 1
    outer loop
      vertex 43.2332 -10.2627 2.2
      vertex 40 -5.5 2.2
      vertex 42.991 -10.6667 2.2
    endloop
  endfacet
  facet normal 0 0 1
    outer loop
      vertex 42.991 -10.6667 2.2
      vertex 40 -5.5 2.2
      vertex 42.7104 -11.0451 2.2
    endloop
  endfacet
  facet normal 0 0 1
    outer loop
      vertex 42.7104 -11.0451 2.2
      vertex 40 -5.5 2.2
      vertex 42.3941 -11.3941 2.2
    endloop
  endfacet
  facet normal 0 0 1
    outer loop
      vertex 42.3941 -11.3941 2.2
      vertex 40 -5.5 2.2
      vertex 42.0451 -11.7104 2.2
    endloop
  endfacet
  facet normal 0 0 1
    outer loop
      vertex 42.0451 -11.7104 2.2
      vertex 40 -5.5 2.2
      vertex 41.6667 -11.991 2.2
    endloop
  endfacet
  facet normal 0 0 1
    outer loop
      vertex 41.6667 -11.991 2.2
      vertex 40 -5.5 2.2
      vertex 41.2627 -12.2332 2.2
    endloop
  endfacet
  facet normal 0 0 1
    outer loop
      vertex 39.4609 -5.47352 2.2
      vertex 41.2627 -12.2332 2.2
      vertex 40 -5.5 2.2
    endloop
  endfacet
  facet normal 0 0 1
    outer loop
      vertex 41.2627 -12.2332 2.2
      vertex 39.4609 -5.47352 2.2
      vertex 40.8369 -12.4346 2.2
    endloop
  endfacet
  facet normal 0 0 1
    outer loop
      vertex 40.8369 -12.4346 2.2
      vertex 39.4609 -5.47352 2.2
      vertex 40.3934 -12.5933 2.2
    endloop
  endfacet
  facet normal 0 0 1
    outer loop
      vertex 40.3934 -12.5933 2.2
      vertex 39.4609 -5.47352 2.2
      vertex 39.9364 -12.7078 2.2
    endloop
  endfacet
  facet normal 0 0 1
    outer loop
      vertex 39.9364 -12.7078 2.2
      vertex 39.4609 -5.47352 2.2
      vertex 39.4705 -12.7769 2.2
    endloop
  endfacet
  facet normal 0 0 1
    outer loop
      vertex 39.4609 -5.47352 2.2
      vertex 39 -12.8 2.2
      vertex 39.4705 -12.7769 2.2
    endloop
  endfacet
  facet normal 0 0 1
    outer loop
      vertex 38.927 -5.39432 2.2
      vertex 39 -12.8 2.2
      vertex 39.4609 -5.47352 2.2
    endloop
  endfacet
  facet normal 0 0 1
    outer loop
      vertex 38.4034 -5.26317 2.2
      vertex 39 -12.8 2.2
      vertex 38.927 -5.39432 2.2
    endloop
  endfacet
  facet normal 0 0 1
    outer loop
      vertex 37.8952 -5.08134 2.2
      vertex 39 -12.8 2.2
      vertex 38.4034 -5.26317 2.2
    endloop
  endfacet
  facet normal 0 0 1
    outer loop
      vertex 32.2 -10 2.2
      vertex 37.8952 -5.08134 2.2
      vertex 37.4073 -4.85057 2.2
    endloop
  endfacet
  facet normal 0 0 1
    outer loop
      vertex 32.2 -10 2.2
      vertex 37.4073 -4.85057 2.2
      vertex 36.9444 -4.57308 2.2
    endloop
  endfacet
  facet normal 0 0 1
    outer loop
      vertex 32.2 -10 2.2
      vertex 36.9444 -4.57308 2.2
      vertex 36.5108 -4.25156 2.2
    endloop
  endfacet
  facet normal 0 0 1
    outer loop
      vertex 32.2 -10 2.2
      vertex 36.5108 -4.25156 2.2
      vertex 36.1109 -3.88909 2.2
    endloop
  endfacet
  facet normal 0 0 1
    outer loop
      vertex 32.2 -10 2.2
      vertex 36.1109 -3.88909 2.2
      vertex 35.7484 -3.48916 2.2
    endloop
  endfacet
  facet normal 0 0 1
    outer loop
      vertex 32.2 -10 2.2
      vertex 35.7484 -3.48916 2.2
      vertex 35.4269 -3.05564 2.2
    endloop
  endfacet
  facet normal 0 0 1
    outer loop
      vertex 32.2 -10 2.2
      vertex 35.4269 -3.05564 2.2
      vertex 35.1494 -2.59268 2.2
    endloop
  endfacet
  facet normal 0 0 1
    outer loop
      vertex 32.2 -10 2.2
      vertex 35.1494 -2.59268 2.2
      vertex 34.9187 -2.10476 2.2
    endloop
  endfacet
  facet normal -0 0 1
    outer loop
      vertex 31.2627 7.73726 2.2
      vertex 35.7484 3.48916 2.2
      vertex 31.4736 7.96994 2.2
    endloop
  endfacet
  facet normal 0 0 1
    outer loop
      vertex 34.5 0 2.2
      vertex 32.2 -10 2.2
      vertex 34.5265 -0.539094 2.2
    endloop
  endfacet
  facet normal 0 0 1
    outer loop
      vertex 34.5265 -0.539094 2.2
      vertex 32.2 -10 2.2
      vertex 34.6057 -1.073 2.2
    endloop
  endfacet
  facet normal 0 0 1
    outer loop
      vertex 32.2 -10 2.2
      vertex 34.7368 -1.59657 2.2
      vertex 34.6057 -1.073 2.2
    endloop
  endfacet
  facet normal 0 0 1
    outer loop
      vertex 32.2 -10 2.2
      vertex 34.9187 -2.10476 2.2
      vertex 34.7368 -1.59657 2.2
    endloop
  endfacet
  facet normal 0 0 1
    outer loop
      vertex 37.8952 -5.08134 2.2
      vertex 32.2 -10 2.2
      vertex 39 -12.8 2.2
    endloop
  endfacet
  facet normal -0 0 1
    outer loop
      vertex 32.1846 -10.3137 2.2
      vertex 39 -12.8 2.2
      vertex 32.2 -10 2.2
    endloop
  endfacet
  facet normal -0 0 1
    outer loop
      vertex 32.1385 -10.6243 2.2
      vertex 39 -12.8 2.2
      vertex 32.1846 -10.3137 2.2
    endloop
  endfacet
  facet normal -0 0 1
    outer loop
      vertex 32.0622 -10.9289 2.2
      vertex 39 -12.8 2.2
      vertex 32.1385 -10.6243 2.2
    endloop
  endfacet
  facet normal -0 0 1
    outer loop
      vertex 31.9564 -11.2246 2.2
      vertex 39 -12.8 2.2
      vertex 32.0622 -10.9289 2.2
    endloop
  endfacet
  facet normal -0 0 1
    outer loop
      vertex 31.8221 -11.5085 2.2
      vertex 39 -12.8 2.2
      vertex 31.9564 -11.2246 2.2
    endloop
  endfacet
  facet normal -0 0 1
    outer loop
      vertex 31.6607 -11.7778 2.2
      vertex 39 -12.8 2.2
      vertex 31.8221 -11.5085 2.2
    endloop
  endfacet
  facet normal -0 0 1
    outer loop
      vertex 31.4736 -12.0301 2.2
      vertex 39 -12.8 2.2
      vertex 31.6607 -11.7778 2.2
    endloop
  endfacet
  facet normal -0 0 1
    outer loop
      vertex 31.2627 -12.2627 2.2
      vertex 39 -12.8 2.2
      vertex 31.4736 -12.0301 2.2
    endloop
  endfacet
  facet normal -0 0 1
    outer loop
      vertex 31.0301 -12.4736 2.2
      vertex 39 -12.8 2.2
      vertex 31.2627 -12.2627 2.2
    endloop
  endfacet
  facet normal -0 0 1
    outer loop
      vertex 30.7778 -12.6607 2.2
      vertex 39 -12.8 2.2
      vertex 31.0301 -12.4736 2.2
    endloop
  endfacet
  facet normal 0 0 1
    outer loop
      vertex 39 -12.8 2.2
      vertex 30.7778 -12.6607 2.2
      vertex 30.5454 -12.8 2.2
    endloop
  endfacet
  facet normal 0 0 1
    outer loop
      vertex 28.0711 -6.93779 2.2
      vertex 27.7 -4 2.2
      vertex 27.7754 -7.04358 2.2
    endloop
  endfacet
  facet normal 0 0 1
    outer loop
      vertex 27.7 -4 2.2
      vertex 27.4915 -7.17785 2.2
      vertex 27.7754 -7.04358 2.2
    endloop
  endfacet
  facet normal 0 0 1
    outer loop
      vertex 27.7 -4 2.2
      vertex 27.2222 -7.3393 2.2
      vertex 27.4915 -7.17785 2.2
    endloop
  endfacet
  facet normal 0 0 1
    outer loop
      vertex 27.7 -4 2.2
      vertex 26.9699 -7.52637 2.2
      vertex 27.2222 -7.3393 2.2
    endloop
  endfacet
  facet normal 0 0 1
    outer loop
      vertex 27.7 -4 2.2
      vertex 26.7373 -7.73726 2.2
      vertex 26.9699 -7.52637 2.2
    endloop
  endfacet
  facet normal 0 0 1
    outer loop
      vertex 27.7 -4 2.2
      vertex 26.5264 -7.96994 2.2
      vertex 26.7373 -7.73726 2.2
    endloop
  endfacet
  facet normal 0 0 1
    outer loop
      vertex 27.7 -4 2.2
      vertex 26.3393 -8.22217 2.2
      vertex 26.5264 -7.96994 2.2
    endloop
  endfacet
  facet normal 0 0 1
    outer loop
      vertex 13.6607 -8.22217 2.2
      vertex 26.3393 -8.22217 2.2
      vertex 27.7 -4 2.2
    endloop
  endfacet
  facet normal 0 0 1
    outer loop
      vertex 26.3393 -8.22217 2.2
      vertex 13.6607 -8.22217 2.2
      vertex 26.1779 -8.49153 2.2
    endloop
  endfacet
  facet normal 0 -0 1
    outer loop
      vertex 13.8221 -8.49153 2.2
      vertex 26.1779 -8.49153 2.2
      vertex 13.6607 -8.22217 2.2
    endloop
  endfacet
  facet normal 0 0 1
    outer loop
      vertex 25.8154 -9.68635 2.2
      vertex 14.2 -10 2.2
      vertex 25.8 -10 2.2
    endloop
  endfacet
  facet normal 0 0 1
    outer loop
      vertex 14.1846 -9.68635 2.2
      vertex 25.8154 -9.68635 2.2
      vertex 25.8615 -9.37571 2.2
    endloop
  endfacet
  facet normal 0 0 1
    outer loop
      vertex 14.1385 -9.37571 2.2
      vertex 25.8615 -9.37571 2.2
      vertex 25.9378 -9.07109 2.2
    endloop
  endfacet
  facet normal 0 0 1
    outer loop
      vertex 26.1779 -8.49153 2.2
      vertex 13.8221 -8.49153 2.2
      vertex 26.0436 -8.77541 2.2
    endloop
  endfacet
  facet normal 0 0 1
    outer loop
      vertex 25.8154 -9.68635 2.2
      vertex 14.1846 -9.68635 2.2
      vertex 14.2 -10 2.2
    endloop
  endfacet
  facet normal 0 0 1
    outer loop
      vertex 25.8615 -9.37571 2.2
      vertex 14.1385 -9.37571 2.2
      vertex 14.1846 -9.68635 2.2
    endloop
  endfacet
  facet normal 0 0 1
    outer loop
      vertex 25.9378 -9.07109 2.2
      vertex 14.0622 -9.07109 2.2
      vertex 14.1385 -9.37571 2.2
    endloop
  endfacet
  facet normal 0 0 1
    outer loop
      vertex 25.9378 -9.07109 2.2
      vertex 13.9564 -8.77541 2.2
      vertex 14.0622 -9.07109 2.2
    endloop
  endfacet
  facet normal 0 0 1
    outer loop
      vertex 26.0436 -8.77541 2.2
      vertex 13.9564 -8.77541 2.2
      vertex 25.9378 -9.07109 2.2
    endloop
  endfacet
  facet normal 0 -0 1
    outer loop
      vertex 13.9564 -8.77541 2.2
      vertex 26.0436 -8.77541 2.2
      vertex 13.8221 -8.49153 2.2
    endloop
  endfacet
  facet normal -0 0 1
    outer loop
      vertex 12.3 -4 2.2
      vertex 13.6607 -8.22217 2.2
      vertex 27.7 -4 2.2
    endloop
  endfacet
  facet normal 0 0 1
    outer loop
      vertex 13.6607 -8.22217 2.2
      vertex 12.3 -4 2.2
      vertex 13.4736 -7.96994 2.2
    endloop
  endfacet
  facet normal 0 0 1
    outer loop
      vertex 13.4736 -7.96994 2.2
      vertex 12.3 -4 2.2
      vertex 13.2627 -7.73726 2.2
    endloop
  endfacet
  facet normal 0 0 1
    outer loop
      vertex 13.2627 -7.73726 2.2
      vertex 12.3 -4 2.2
      vertex 13.0301 -7.52637 2.2
    endloop
  endfacet
  facet normal 0 0 1
    outer loop
      vertex 13.0301 -7.52637 2.2
      vertex 12.3 -4 2.2
      vertex 12.7778 -7.3393 2.2
    endloop
  endfacet
  facet normal 0 0 1
    outer loop
      vertex 12.7778 -7.3393 2.2
      vertex 12.3 -4 2.2
      vertex 12.5085 -7.17785 2.2
    endloop
  endfacet
  facet normal 0 0 1
    outer loop
      vertex 12.3 -4 2.2
      vertex 12.2246 -7.04358 2.2
      vertex 12.5085 -7.17785 2.2
    endloop
  endfacet
  facet normal -0 0 1
    outer loop
      vertex 11.6243 6.86149 2.2
      vertex 12.3 4 2.2
      vertex 11.9289 6.93779 2.2
    endloop
  endfacet
  facet normal 0 -0 1
    outer loop
      vertex 8.18315 0.34306 2.2
      vertex 12.3 4 2.2
      vertex 8.13275 0.682816 2.2
    endloop
  endfacet
  facet normal -0 0 1
    outer loop
      vertex 8.18315 -0.34306 2.2
      vertex 12.3 -4 2.2
      vertex 8.2 0 2.2
    endloop
  endfacet
  facet normal -0 0 1
    outer loop
      vertex 11.3137 6.81541 2.2
      vertex 12.3 4 2.2
      vertex 11.6243 6.86149 2.2
    endloop
  endfacet
  facet normal 0 0 1
    outer loop
      vertex 12.3 -4 2.2
      vertex 11.9289 -6.93779 2.2
      vertex 12.2246 -7.04358 2.2
    endloop
  endfacet
  facet normal -0 0 1
    outer loop
      vertex 11 6.8 2.2
      vertex 12.3 4 2.2
      vertex 11.3137 6.81541 2.2
    endloop
  endfacet
  facet normal 0 0 1
    outer loop
      vertex 12.3 -4 2.2
      vertex 11.6243 -6.86149 2.2
      vertex 11.9289 -6.93779 2.2
    endloop
  endfacet
  facet normal 0 0 1
    outer loop
      vertex 10.6863 6.81541 2.2
      vertex 12.3 4 2.2
      vertex 11 6.8 2.2
    endloop
  endfacet
  facet normal 0 0 1
    outer loop
      vertex 12.3 -4 2.2
      vertex 11.3137 -6.81541 2.2
      vertex 11.6243 -6.86149 2.2
    endloop
  endfacet
  facet normal 0 0 1
    outer loop
      vertex 10.3757 6.86149 2.2
      vertex 12.3 4 2.2
      vertex 10.6863 6.81541 2.2
    endloop
  endfacet
  facet normal 0 0 1
    outer loop
      vertex 12.3 -4 2.2
      vertex 11 -6.8 2.2
      vertex 11.3137 -6.81541 2.2
    endloop
  endfacet
  facet normal 0 0 1
    outer loop
      vertex 10.0711 6.93779 2.2
      vertex 12.3 4 2.2
      vertex 10.3757 6.86149 2.2
    endloop
  endfacet
  facet normal 0 0 1
    outer loop
      vertex 12.3 -4 2.2
      vertex 10.6863 -6.81541 2.2
      vertex 11 -6.8 2.2
    endloop
  endfacet
  facet normal 0 0 1
    outer loop
      vertex 7.61014 1.9445 2.2
      vertex 12.3 4 2.2
      vertex 10.0711 6.93779 2.2
    endloop
  endfacet
  facet normal 0 0 1
    outer loop
      vertex 12.3 -4 2.2
      vertex 10.3757 -6.86149 2.2
      vertex 10.6863 -6.81541 2.2
    endloop
  endfacet
  facet normal 0 0 1
    outer loop
      vertex 7.61014 1.9445 2.2
      vertex 10.0711 6.93779 2.2
      vertex 9.77541 7.04358 2.2
    endloop
  endfacet
  facet normal 0 0 1
    outer loop
      vertex 12.3 -4 2.2
      vertex 10.0711 -6.93779 2.2
      vertex 10.3757 -6.86149 2.2
    endloop
  endfacet
  facet normal 0 0 1
    outer loop
      vertex 7.61014 1.9445 2.2
      vertex 9.77541 7.04358 2.2
      vertex 9.49153 7.17785 2.2
    endloop
  endfacet
  facet normal -0 0 1
    outer loop
      vertex 8.13275 -0.682816 2.2
      vertex 12.3 -4 2.2
      vertex 8.18315 -0.34306 2.2
    endloop
  endfacet
  facet normal 0 0 1
    outer loop
      vertex 7.61014 1.9445 2.2
      vertex 9.49153 7.17785 2.2
      vertex 9.22217 7.3393 2.2
    endloop
  endfacet
  facet normal -0 0 1
    outer loop
      vertex 8.04929 -1.016 2.2
      vertex 12.3 -4 2.2
      vertex 8.13275 -0.682816 2.2
    endloop
  endfacet
  facet normal 0 0 1
    outer loop
      vertex 7.61014 1.9445 2.2
      vertex 9.22217 7.3393 2.2
      vertex 8.96994 7.52637 2.2
    endloop
  endfacet
  facet normal -0 0 1
    outer loop
      vertex 7.93358 -1.33939 2.2
      vertex 12.3 -4 2.2
      vertex 8.04929 -1.016 2.2
    endloop
  endfacet
  facet normal 0 0 1
    outer loop
      vertex 7.61014 1.9445 2.2
      vertex 8.96994 7.52637 2.2
      vertex 8.73726 7.73726 2.2
    endloop
  endfacet
  facet normal -0 0 1
    outer loop
      vertex 7.78672 -1.64989 2.2
      vertex 12.3 -4 2.2
      vertex 7.93358 -1.33939 2.2
    endloop
  endfacet
  facet normal 0 0 1
    outer loop
      vertex 7.61014 1.9445 2.2
      vertex 8.73726 7.73726 2.2
      vertex 8.52637 7.96994 2.2
    endloop
  endfacet
  facet normal -0 0 1
    outer loop
      vertex 7.61014 -1.9445 2.2
      vertex 12.3 -4 2.2
      vertex 7.78672 -1.64989 2.2
    endloop
  endfacet
  facet normal 0 0 1
    outer loop
      vertex 7.61014 1.9445 2.2
      vertex 8.52637 7.96994 2.2
      vertex 8.3393 8.22217 2.2
    endloop
  endfacet
  facet normal -0 0 1
    outer loop
      vertex 7.40554 -2.22038 2.2
      vertex 12.3 -4 2.2
      vertex 7.61014 -1.9445 2.2
    endloop
  endfacet
  facet normal 0 0 1
    outer loop
      vertex 12.3 -4 2.2
      vertex 7.40554 -2.22038 2.2
      vertex 10.0711 -6.93779 2.2
    endloop
  endfacet
  facet normal 0 0 1
    outer loop
      vertex 12.3 4 2.2
      vertex 8.2 0 2.2
      vertex 12.3 -4 2.2
    endloop
  endfacet
  facet normal 0 0 1
    outer loop
      vertex 7.61014 1.9445 2.2
      vertex 8.3393 8.22217 2.2
      vertex 8.17785 8.49153 2.2
    endloop
  endfacet
  facet normal 0 -0 1
    outer loop
      vertex 8.2 0 2.2
      vertex 12.3 4 2.2
      vertex 8.18315 0.34306 2.2
    endloop
  endfacet
  facet normal 0 0 1
    outer loop
      vertex 12.3 4 2.2
      vertex 8.04929 1.016 2.2
      vertex 8.13275 0.682816 2.2
    endloop
  endfacet
  facet normal 0 0 1
    outer loop
      vertex 7.61014 1.9445 2.2
      vertex 8.17785 8.49153 2.2
      vertex 8.04358 8.77541 2.2
    endloop
  endfacet
  facet normal 0 0 1
    outer loop
      vertex 7.61014 1.9445 2.2
      vertex 8.04358 8.77541 2.2
      vertex 7.93779 9.07109 2.2
    endloop
  endfacet
  facet normal 0 0 1
    outer loop
      vertex 12.3 4 2.2
      vertex 7.93358 1.33939 2.2
      vertex 8.04929 1.016 2.2
    endloop
  endfacet
  facet normal 0 0 1
    outer loop
      vertex 7.61014 1.9445 2.2
      vertex 7.93779 9.07109 2.2
      vertex 7.86149 9.37571 2.2
    endloop
  endfacet
  facet normal 0 0 1
    outer loop
      vertex 7.61014 1.9445 2.2
      vertex 7.86149 9.37571 2.2
      vertex 7.81541 9.68635 2.2
    endloop
  endfacet
  facet normal 0 0 1
    outer loop
      vertex 3.6059 11.3941 2.2
      vertex 7.81541 9.68635 2.2
      vertex 7.8 10 2.2
    endloop
  endfacet
  facet normal 0 0 1
    outer loop
      vertex 12.3 4 2.2
      vertex 7.78672 1.64989 2.2
      vertex 7.93358 1.33939 2.2
    endloop
  endfacet
  facet normal -0 0 1
    outer loop
      vertex 14.2 -10 2.2
      vertex 25.8154 -10.3137 2.2
      vertex 25.8 -10 2.2
    endloop
  endfacet
  facet normal 0 0 1
    outer loop
      vertex 14.1846 -10.3137 2.2
      vertex 25.8154 -10.3137 2.2
      vertex 14.2 -10 2.2
    endloop
  endfacet
  facet normal 0 0 1
    outer loop
      vertex 25.8154 -10.3137 2.2
      vertex 14.1846 -10.3137 2.2
      vertex 25.8615 -10.6243 2.2
    endloop
  endfacet
  facet normal 0 0 1
    outer loop
      vertex 14.1385 -10.6243 2.2
      vertex 25.8615 -10.6243 2.2
      vertex 14.1846 -10.3137 2.2
    endloop
  endfacet
  facet normal 0 0 1
    outer loop
      vertex 25.8615 -10.6243 2.2
      vertex 14.1385 -10.6243 2.2
      vertex 25.9378 -10.9289 2.2
    endloop
  endfacet
  facet normal 0 0 1
    outer loop
      vertex 14.0622 -10.9289 2.2
      vertex 25.9378 -10.9289 2.2
      vertex 14.1385 -10.6243 2.2
    endloop
  endfacet
  facet normal 0 0 1
    outer loop
      vertex 25.9378 -10.9289 2.2
      vertex 14.0622 -10.9289 2.2
      vertex 26.0436 -11.2246 2.2
    endloop
  endfacet
  facet normal 0 0 1
    outer loop
      vertex 13.9564 -11.2246 2.2
      vertex 26.0436 -11.2246 2.2
      vertex 14.0622 -10.9289 2.2
    endloop
  endfacet
  facet normal 0 0 1
    outer loop
      vertex 26.0436 -11.2246 2.2
      vertex 13.9564 -11.2246 2.2
      vertex 26.1779 -11.5085 2.2
    endloop
  endfacet
  facet normal 0 0 1
    outer loop
      vertex 13.8221 -11.5085 2.2
      vertex 26.1779 -11.5085 2.2
      vertex 13.9564 -11.2246 2.2
    endloop
  endfacet
  facet normal 0 0 1
    outer loop
      vertex 26.1779 -11.5085 2.2
      vertex 13.8221 -11.5085 2.2
      vertex 26.3393 -11.7778 2.2
    endloop
  endfacet
  facet normal 0 0 1
    outer loop
      vertex 13.6607 -11.7778 2.2
      vertex 26.3393 -11.7778 2.2
      vertex 13.8221 -11.5085 2.2
    endloop
  endfacet
  facet normal 0 0 1
    outer loop
      vertex 26.3393 -11.7778 2.2
      vertex 13.6607 -11.7778 2.2
      vertex 26.5264 -12.0301 2.2
    endloop
  endfacet
  facet normal 0 0 1
    outer loop
      vertex 13.4736 -12.0301 2.2
      vertex 26.5264 -12.0301 2.2
      vertex 13.6607 -11.7778 2.2
    endloop
  endfacet
  facet normal 0 0 1
    outer loop
      vertex 26.5264 -12.0301 2.2
      vertex 13.4736 -12.0301 2.2
      vertex 26.7373 -12.2627 2.2
    endloop
  endfacet
  facet normal 0 0 1
    outer loop
      vertex 13.2627 -12.2627 2.2
      vertex 26.7373 -12.2627 2.2
      vertex 13.4736 -12.0301 2.2
    endloop
  endfacet
  facet normal 0 0 1
    outer loop
      vertex 26.7373 -12.2627 2.2
      vertex 13.2627 -12.2627 2.2
      vertex 26.9699 -12.4736 2.2
    endloop
  endfacet
  facet normal 0 0 1
    outer loop
      vertex 13.0301 -12.4736 2.2
      vertex 26.9699 -12.4736 2.2
      vertex 13.2627 -12.2627 2.2
    endloop
  endfacet
  facet normal 0 0 1
    outer loop
      vertex 26.9699 -12.4736 2.2
      vertex 13.0301 -12.4736 2.2
      vertex 27.2222 -12.6607 2.2
    endloop
  endfacet
  facet normal 0 0 1
    outer loop
      vertex 12.7778 -12.6607 2.2
      vertex 27.2222 -12.6607 2.2
      vertex 13.0301 -12.4736 2.2
    endloop
  endfacet
  facet normal 0 0 1
    outer loop
      vertex 27.2222 -12.6607 2.2
      vertex 12.7778 -12.6607 2.2
      vertex 27.4546 -12.8 2.2
    endloop
  endfacet
  facet normal 0 0 1
    outer loop
      vertex 27.4546 -12.8 2.2
      vertex 12.7778 -12.6607 2.2
      vertex 12.5454 -12.8 2.2
    endloop
  endfacet
  facet normal -0 0 1
    outer loop
      vertex 13.5 2.79999 2.2
      vertex 26.5 -2.79999 2.2
      vertex 26.5 2.79999 2.2
    endloop
  endfacet
  facet normal 0 0 1
    outer loop
      vertex 26.5 -2.79999 2.2
      vertex 13.5 2.79999 2.2
      vertex 13.5 -2.79999 2.2
    endloop
  endfacet
  facet normal 0.941544 0.336889 0
    outer loop
      vertex 2.56538 -9.83687 6.45
      vertex 2.40669 -9.39336 2.2
      vertex 2.40669 -9.39336 6.45
    endloop
  endfacet
  facet normal 0.941544 0.336889 0
    outer loop
      vertex 2.40669 -9.39336 2.2
      vertex 2.56538 -9.83687 6.45
      vertex 2.56538 -9.83687 2.2
    endloop
  endfacet
  facet normal -0.941544 -0.336889 0
    outer loop
      vertex 2.56538 -9.83687 6.5
      vertex 2.40669 -9.39336 7.45
      vertex 2.40669 -9.39336 6.5
    endloop
  endfacet
  facet normal -0.941544 -0.336889 0
    outer loop
      vertex 2.40669 -9.39336 7.45
      vertex 2.56538 -9.83687 6.5
      vertex 2.56538 -9.83687 7.45
    endloop
  endfacet
  facet normal 0.970034 0.24297 0
    outer loop
      vertex 2.40669 -9.39336 6.45
      vertex 2.29224 -8.93643 2.2
      vertex 2.29224 -8.93643 6.45
    endloop
  endfacet
  facet normal 0.970034 0.24297 0
    outer loop
      vertex 2.29224 -8.93643 2.2
      vertex 2.40669 -9.39336 6.45
      vertex 2.40669 -9.39336 2.2
    endloop
  endfacet
  facet normal -0.970034 -0.24297 0
    outer loop
      vertex 2.40669 -9.39336 6.5
      vertex 2.29224 -8.93643 7.45
      vertex 2.29224 -8.93643 6.5
    endloop
  endfacet
  facet normal -0.970034 -0.24297 0
    outer loop
      vertex 2.29224 -8.93643 7.45
      vertex 2.40669 -9.39336 6.5
      vertex 2.40669 -9.39336 7.45
    endloop
  endfacet
  facet normal 0.740933 0.671578 0
    outer loop
      vertex 13.4736 -7.96994 6.5
      vertex 13.2627 -7.73726 2.2
      vertex 13.2627 -7.73726 6.5
    endloop
  endfacet
  facet normal 0.740933 0.671578 0
    outer loop
      vertex 13.2627 -7.73726 2.2
      vertex 13.4736 -7.96994 6.5
      vertex 13.4736 -7.96994 2.2
    endloop
  endfacet
  facet normal 0.989167 0.146796 0
    outer loop
      vertex 14.1846 -9.68635 6.5
      vertex 14.1385 -9.37571 2.2
      vertex 14.1385 -9.37571 6.5
    endloop
  endfacet
  facet normal 0.989167 0.146796 0
    outer loop
      vertex 14.1385 -9.37571 2.2
      vertex 14.1846 -9.68635 6.5
      vertex 14.1846 -9.68635 2.2
    endloop
  endfacet
  facet normal 0.998797 0.0490402 0
    outer loop
      vertex 14.2 -10 6.5
      vertex 14.1846 -9.68635 2.2
      vertex 14.1846 -9.68635 6.5
    endloop
  endfacet
  facet normal 0.998797 0.0490402 0
    outer loop
      vertex 14.1846 -9.68635 2.2
      vertex 14.2 -10 6.5
      vertex 14.2 -10 2.2
    endloop
  endfacet
  facet normal -0.671561 0.740949 0
    outer loop
      vertex 8.96994 -7.52637 2.2
      vertex 8.73726 -7.73726 6.5
      vertex 8.96994 -7.52637 6.5
    endloop
  endfacet
  facet normal -0.671561 0.740949 0
    outer loop
      vertex 8.73726 -7.73726 6.5
      vertex 8.96994 -7.52637 2.2
      vertex 8.73726 -7.73726 2.2
    endloop
  endfacet
  facet normal 0.671688 0.740834 -0
    outer loop
      vertex 13.2627 -7.73726 2.2
      vertex 13.0301 -7.52637 6.5
      vertex 13.2627 -7.73726 6.5
    endloop
  endfacet
  facet normal 0.671688 0.740834 0
    outer loop
      vertex 13.0301 -7.52637 6.5
      vertex 13.2627 -7.73726 2.2
      vertex 13.0301 -7.52637 2.2
    endloop
  endfacet
  facet normal -0.803202 0.595706 0
    outer loop
      vertex 8.3393 -8.22217 2.2
      vertex 8.52637 -7.96994 6.5
      vertex 8.52637 -7.96994 2.2
    endloop
  endfacet
  facet normal -0.803202 0.595706 0
    outer loop
      vertex 8.52637 -7.96994 6.5
      vertex 8.3393 -8.22217 2.2
      vertex 8.3393 -8.22217 6.5
    endloop
  endfacet
  facet normal -0.146752 0.989173 0
    outer loop
      vertex 10.6863 -6.81541 2.2
      vertex 10.3757 -6.86149 6.5
      vertex 10.6863 -6.81541 6.5
    endloop
  endfacet
  facet normal -0.146752 0.989173 0
    outer loop
      vertex 10.3757 -6.86149 6.5
      vertex 10.6863 -6.81541 2.2
      vertex 10.3757 -6.86149 2.2
    endloop
  endfacet
  facet normal -0.514132 -0.857711 0
    outer loop
      vertex 9.22217 -12.6607 2.2
      vertex 9.45456 -12.8 6.45
      vertex 9.22217 -12.6607 6.45
    endloop
  endfacet
  facet normal -0.514132 -0.857711 -0
    outer loop
      vertex 9.45456 -12.8 6.45
      vertex 9.22217 -12.6607 2.2
      vertex 9.45456 -12.8 2.2
    endloop
  endfacet
  facet normal -0.97003 -0.242985 0
    outer loop
      vertex 7.93779 -10.9289 2.2
      vertex 7.86149 -10.6243 6.5
      vertex 7.86149 -10.6243 2.2
    endloop
  endfacet
  facet normal -0.97003 -0.242985 0
    outer loop
      vertex 7.86149 -10.6243 6.5
      vertex 7.93779 -10.9289 2.2
      vertex 7.93779 -10.9289 6.5
    endloop
  endfacet
  facet normal 0.514116 -0.857721 0
    outer loop
      vertex 12.5454 -12.8 2.2
      vertex 12.7778 -12.6607 6.45
      vertex 12.5454 -12.8 6.45
    endloop
  endfacet
  facet normal 0.514116 -0.857721 0
    outer loop
      vertex 12.7778 -12.6607 6.45
      vertex 12.5454 -12.8 2.2
      vertex 12.7778 -12.6607 2.2
    endloop
  endfacet
  facet normal 0.336853 0.941557 -0
    outer loop
      vertex 12.2246 -7.04358 2.2
      vertex 11.9289 -6.93779 6.5
      vertex 12.2246 -7.04358 6.5
    endloop
  endfacet
  facet normal 0.336853 0.941557 0
    outer loop
      vertex 11.9289 -6.93779 6.5
      vertex 12.2246 -7.04358 2.2
      vertex 11.9289 -6.93779 2.2
    endloop
  endfacet
  facet normal 0.0490642 0.998796 -0
    outer loop
      vertex 11.3137 -6.81541 2.2
      vertex 11 -6.8 6.5
      vertex 11.3137 -6.81541 6.5
    endloop
  endfacet
  facet normal 0.0490642 0.998796 0
    outer loop
      vertex 11 -6.8 6.5
      vertex 11.3137 -6.81541 2.2
      vertex 11 -6.8 2.2
    endloop
  endfacet
  facet normal 0.514191 0.857676 -0
    outer loop
      vertex 12.7778 -7.3393 2.2
      vertex 12.5085 -7.17785 6.5
      vertex 12.7778 -7.3393 6.5
    endloop
  endfacet
  facet normal 0.514191 0.857676 0
    outer loop
      vertex 12.5085 -7.17785 6.5
      vertex 12.7778 -7.3393 2.2
      vertex 12.5085 -7.17785 2.2
    endloop
  endfacet
  facet normal 0.427543 0.903995 -0
    outer loop
      vertex 12.5085 -7.17785 2.2
      vertex 12.2246 -7.04358 6.5
      vertex 12.5085 -7.17785 6.5
    endloop
  endfacet
  facet normal 0.427543 0.903995 0
    outer loop
      vertex 12.2246 -7.04358 6.5
      vertex 12.5085 -7.17785 2.2
      vertex 12.2246 -7.04358 2.2
    endloop
  endfacet
  facet normal -0.998796 -0.0490642 0
    outer loop
      vertex 7.81541 -10.3137 2.2
      vertex 7.8 -10 6.5
      vertex 7.8 -10 2.2
    endloop
  endfacet
  facet normal -0.998796 -0.0490642 0
    outer loop
      vertex 7.8 -10 6.5
      vertex 7.81541 -10.3137 2.2
      vertex 7.81541 -10.3137 6.5
    endloop
  endfacet
  facet normal -0.0490642 0.998796 0
    outer loop
      vertex 11 -6.8 2.2
      vertex 10.6863 -6.81541 6.5
      vertex 11 -6.8 6.5
    endloop
  endfacet
  facet normal -0.0490642 0.998796 0
    outer loop
      vertex 10.6863 -6.81541 6.5
      vertex 11 -6.8 2.2
      vertex 10.6863 -6.81541 2.2
    endloop
  endfacet
  facet normal 0.97003 -0.242985 0
    outer loop
      vertex 14.0622 -10.9289 6.5
      vertex 14.1385 -10.6243 2.2
      vertex 14.1385 -10.6243 6.5
    endloop
  endfacet
  facet normal 0.97003 -0.242985 0
    outer loop
      vertex 14.1385 -10.6243 2.2
      vertex 14.0622 -10.9289 6.5
      vertex 14.0622 -10.9289 2.2
    endloop
  endfacet
  facet normal -0.941557 -0.336853 0
    outer loop
      vertex 8.04358 -11.2246 2.2
      vertex 7.93779 -10.9289 6.5
      vertex 7.93779 -10.9289 2.2
    endloop
  endfacet
  facet normal -0.941557 -0.336853 0
    outer loop
      vertex 7.93779 -10.9289 6.5
      vertex 8.04358 -11.2246 2.2
      vertex 8.04358 -11.2246 6.5
    endloop
  endfacet
  facet normal -0.514107 0.857726 0
    outer loop
      vertex 9.49153 -7.17785 2.2
      vertex 9.22217 -7.3393 6.5
      vertex 9.49153 -7.17785 6.5
    endloop
  endfacet
  facet normal -0.514107 0.857726 0
    outer loop
      vertex 9.22217 -7.3393 6.5
      vertex 9.49153 -7.17785 2.2
      vertex 9.22217 -7.3393 2.2
    endloop
  endfacet
  facet normal 0.857796 0.51399 0
    outer loop
      vertex 13.8221 -8.49153 6.5
      vertex 13.6607 -8.22217 2.2
      vertex 13.6607 -8.22217 6.5
    endloop
  endfacet
  facet normal 0.857796 0.51399 0
    outer loop
      vertex 13.6607 -8.22217 2.2
      vertex 13.8221 -8.49153 6.5
      vertex 13.8221 -8.49153 2.2
    endloop
  endfacet
  facet normal -0.242985 0.97003 0
    outer loop
      vertex 10.3757 -6.86149 2.2
      vertex 10.0711 -6.93779 6.5
      vertex 10.3757 -6.86149 6.5
    endloop
  endfacet
  facet normal -0.242985 0.97003 0
    outer loop
      vertex 10.0711 -6.93779 6.5
      vertex 10.3757 -6.86149 2.2
      vertex 10.0711 -6.93779 2.2
    endloop
  endfacet
  facet normal 0.989164 -0.146814 0
    outer loop
      vertex 14.1385 -10.6243 6.5
      vertex 14.1846 -10.3137 2.2
      vertex 14.1846 -10.3137 6.5
    endloop
  endfacet
  facet normal 0.989164 -0.146814 0
    outer loop
      vertex 14.1846 -10.3137 2.2
      vertex 14.1385 -10.6243 6.5
      vertex 14.1385 -10.6243 2.2
    endloop
  endfacet
  facet normal 0.146752 0.989173 -0
    outer loop
      vertex 11.6243 -6.86149 2.2
      vertex 11.3137 -6.81541 6.5
      vertex 11.6243 -6.86149 6.5
    endloop
  endfacet
  facet normal 0.146752 0.989173 0
    outer loop
      vertex 11.3137 -6.81541 6.5
      vertex 11.6243 -6.86149 2.2
      vertex 11.3137 -6.81541 2.2
    endloop
  endfacet
  facet normal -0.427567 0.903983 0
    outer loop
      vertex 9.77541 -7.04358 2.2
      vertex 9.49153 -7.17785 6.5
      vertex 9.77541 -7.04358 6.5
    endloop
  endfacet
  facet normal -0.427567 0.903983 0
    outer loop
      vertex 9.49153 -7.17785 6.5
      vertex 9.77541 -7.04358 2.2
      vertex 9.49153 -7.17785 2.2
    endloop
  endfacet
  facet normal 0.903947 0.427646 0
    outer loop
      vertex 13.9564 -8.77541 6.5
      vertex 13.8221 -8.49153 2.2
      vertex 13.8221 -8.49153 6.5
    endloop
  endfacet
  facet normal 0.903947 0.427646 0
    outer loop
      vertex 13.8221 -8.49153 2.2
      vertex 13.9564 -8.77541 6.5
      vertex 13.9564 -8.77541 2.2
    endloop
  endfacet
  facet normal 0.998797 -0.0490324 0
    outer loop
      vertex 14.1846 -10.3137 6.5
      vertex 14.2 -10 2.2
      vertex 14.2 -10 6.5
    endloop
  endfacet
  facet normal 0.998797 -0.0490324 0
    outer loop
      vertex 14.2 -10 2.2
      vertex 14.1846 -10.3137 6.5
      vertex 14.1846 -10.3137 2.2
    endloop
  endfacet
  facet normal 0.903958 -0.427621 0
    outer loop
      vertex 13.8221 -11.5085 6.5
      vertex 13.9564 -11.2246 2.2
      vertex 13.9564 -11.2246 6.5
    endloop
  endfacet
  facet normal 0.903958 -0.427621 0
    outer loop
      vertex 13.9564 -11.2246 2.2
      vertex 13.8221 -11.5085 6.5
      vertex 13.8221 -11.5085 2.2
    endloop
  endfacet
  facet normal 0.5956 0.803281 -0
    outer loop
      vertex 13.0301 -7.52637 2.2
      vertex 12.7778 -7.3393 6.5
      vertex 13.0301 -7.52637 6.5
    endloop
  endfacet
  facet normal 0.5956 0.803281 0
    outer loop
      vertex 12.7778 -7.3393 6.5
      vertex 13.0301 -7.52637 2.2
      vertex 12.7778 -7.3393 2.2
    endloop
  endfacet
  facet normal 0.94154 0.336901 0
    outer loop
      vertex 14.0622 -9.07109 6.5
      vertex 13.9564 -8.77541 2.2
      vertex 13.9564 -8.77541 6.5
    endloop
  endfacet
  facet normal 0.94154 0.336901 0
    outer loop
      vertex 13.9564 -8.77541 2.2
      vertex 14.0622 -9.07109 6.5
      vertex 14.0622 -9.07109 2.2
    endloop
  endfacet
  facet normal 0.804327 -0.594187 0
    outer loop
      vertex 13.6443 -11.8 6.45
      vertex 13.6607 -11.7778 6.5
      vertex 13.6443 -11.8 6.5
    endloop
  endfacet
  facet normal 0.804327 -0.594187 0
    outer loop
      vertex 13.6607 -11.7778 6.5
      vertex 13.6443 -11.8 6.45
      vertex 13.6607 -11.7778 2.2
    endloop
  endfacet
  facet normal 0.80313 -0.595803 -1.3058e-05
    outer loop
      vertex 13.4736 -12.0301 6.45
      vertex 13.6607 -11.7778 2.2
      vertex 13.6443 -11.8 6.45
    endloop
  endfacet
  facet normal 0.803236 -0.595661 0
    outer loop
      vertex 13.6607 -11.7778 2.2
      vertex 13.4736 -12.0301 6.45
      vertex 13.4736 -12.0301 2.2
    endloop
  endfacet
  facet normal 0.857746 -0.514074 0
    outer loop
      vertex 13.6607 -11.7778 6.5
      vertex 13.8221 -11.5085 2.2
      vertex 13.8221 -11.5085 6.5
    endloop
  endfacet
  facet normal 0.857746 -0.514074 0
    outer loop
      vertex 13.8221 -11.5085 2.2
      vertex 13.6607 -11.7778 6.5
      vertex 13.6607 -11.7778 2.2
    endloop
  endfacet
  facet normal 0.941547 -0.336881 0
    outer loop
      vertex 13.9564 -11.2246 6.5
      vertex 14.0622 -10.9289 2.2
      vertex 14.0622 -10.9289 6.5
    endloop
  endfacet
  facet normal 0.941547 -0.336881 0
    outer loop
      vertex 14.0622 -10.9289 2.2
      vertex 13.9564 -11.2246 6.5
      vertex 13.9564 -11.2246 2.2
    endloop
  endfacet
  facet normal 0.595661 -0.803236 0
    outer loop
      vertex 12.7778 -12.6607 2.2
      vertex 13.0301 -12.4736 6.45
      vertex 12.7778 -12.6607 6.45
    endloop
  endfacet
  facet normal 0.595661 -0.803236 0
    outer loop
      vertex 13.0301 -12.4736 6.45
      vertex 12.7778 -12.6607 2.2
      vertex 13.0301 -12.4736 2.2
    endloop
  endfacet
  facet normal 0.803157 0.595768 0
    outer loop
      vertex 13.6607 -8.22217 6.5
      vertex 13.4736 -7.96994 2.2
      vertex 13.4736 -7.96994 6.5
    endloop
  endfacet
  facet normal 0.803157 0.595768 0
    outer loop
      vertex 13.4736 -7.96994 2.2
      vertex 13.6607 -8.22217 6.5
      vertex 13.6607 -8.22217 2.2
    endloop
  endfacet
  facet normal -0.595706 0.803202 0
    outer loop
      vertex 9.22217 -7.3393 2.2
      vertex 8.96994 -7.52637 6.5
      vertex 9.22217 -7.3393 6.5
    endloop
  endfacet
  facet normal -0.595706 0.803202 0
    outer loop
      vertex 8.96994 -7.52637 6.5
      vertex 9.22217 -7.3393 2.2
      vertex 8.96994 -7.52637 2.2
    endloop
  endfacet
  facet normal 0.970034 0.24297 0
    outer loop
      vertex 14.1385 -9.37571 6.5
      vertex 14.0622 -9.07109 2.2
      vertex 14.0622 -9.07109 6.5
    endloop
  endfacet
  facet normal 0.970034 0.24297 0
    outer loop
      vertex 14.0622 -9.07109 2.2
      vertex 14.1385 -9.37571 6.5
      vertex 14.1385 -9.37571 2.2
    endloop
  endfacet
  facet normal -0.857676 -0.514191 0
    outer loop
      vertex 8.3393 -11.7778 2.2
      vertex 8.17785 -11.5085 6.5
      vertex 8.17785 -11.5085 2.2
    endloop
  endfacet
  facet normal -0.857676 -0.514191 0
    outer loop
      vertex 8.17785 -11.5085 6.5
      vertex 8.3393 -11.7778 2.2
      vertex 8.3393 -11.7778 6.5
    endloop
  endfacet
  facet normal -0.857726 0.514107 0
    outer loop
      vertex 8.17785 -8.49153 2.2
      vertex 8.3393 -8.22217 6.5
      vertex 8.3393 -8.22217 2.2
    endloop
  endfacet
  facet normal -0.857726 0.514107 0
    outer loop
      vertex 8.3393 -8.22217 6.5
      vertex 8.17785 -8.49153 2.2
      vertex 8.17785 -8.49153 6.5
    endloop
  endfacet
  facet normal -0.740834 -0.671688 0
    outer loop
      vertex 8.73726 -12.2627 2.2
      vertex 8.52637 -12.0301 6.45
      vertex 8.52637 -12.0301 2.2
    endloop
  endfacet
  facet normal -0.740834 -0.671688 0
    outer loop
      vertex 8.52637 -12.0301 6.45
      vertex 8.73726 -12.2627 2.2
      vertex 8.73726 -12.2627 6.45
    endloop
  endfacet
  facet normal -0.336863 0.941554 0
    outer loop
      vertex 10.0711 -6.93779 2.2
      vertex 9.77541 -7.04358 6.5
      vertex 10.0711 -6.93779 6.5
    endloop
  endfacet
  facet normal -0.336863 0.941554 0
    outer loop
      vertex 9.77541 -7.04358 6.5
      vertex 10.0711 -6.93779 2.2
      vertex 9.77541 -7.04358 2.2
    endloop
  endfacet
  facet normal -0.94155 0.336873 0
    outer loop
      vertex 7.93779 -9.07109 2.2
      vertex 8.04358 -8.77541 6.5
      vertex 8.04358 -8.77541 2.2
    endloop
  endfacet
  facet normal -0.94155 0.336873 0
    outer loop
      vertex 8.04358 -8.77541 6.5
      vertex 7.93779 -9.07109 2.2
      vertex 7.93779 -9.07109 6.5
    endloop
  endfacet
  facet normal -0.740949 0.671561 0
    outer loop
      vertex 8.52637 -7.96994 2.2
      vertex 8.73726 -7.73726 6.5
      vertex 8.73726 -7.73726 2.2
    endloop
  endfacet
  facet normal -0.740949 0.671561 0
    outer loop
      vertex 8.73726 -7.73726 6.5
      vertex 8.52637 -7.96994 2.2
      vertex 8.52637 -7.96994 6.5
    endloop
  endfacet
  facet normal -0.803807 -0.59489 0
    outer loop
      vertex 8.3393 -11.7778 2.2
      vertex 8.35573 -11.8 6.45
      vertex 8.3393 -11.7778 6.5
    endloop
  endfacet
  facet normal -0.803281 -0.5956 -5.74214e-06
    outer loop
      vertex 8.52637 -12.0301 2.2
      vertex 8.35573 -11.8 6.45
      vertex 8.3393 -11.7778 2.2
    endloop
  endfacet
  facet normal -0.803231 -0.595668 0
    outer loop
      vertex 8.35573 -11.8 6.45
      vertex 8.52637 -12.0301 2.2
      vertex 8.52637 -12.0301 6.45
    endloop
  endfacet
  facet normal -0.803807 -0.59489 0
    outer loop
      vertex 8.3393 -11.7778 6.5
      vertex 8.35573 -11.8 6.45
      vertex 8.35573 -11.8 6.5
    endloop
  endfacet
  facet normal -0.970034 0.24297 0
    outer loop
      vertex 7.86149 -9.37571 2.2
      vertex 7.93779 -9.07109 6.5
      vertex 7.93779 -9.07109 2.2
    endloop
  endfacet
  facet normal -0.970034 0.24297 0
    outer loop
      vertex 7.93779 -9.07109 6.5
      vertex 7.86149 -9.37571 2.2
      vertex 7.86149 -9.37571 6.5
    endloop
  endfacet
  facet normal -0.989173 -0.146752 0
    outer loop
      vertex 7.86149 -10.6243 2.2
      vertex 7.81541 -10.3137 6.5
      vertex 7.81541 -10.3137 2.2
    endloop
  endfacet
  facet normal -0.989173 -0.146752 0
    outer loop
      vertex 7.81541 -10.3137 6.5
      vertex 7.86149 -10.6243 2.2
      vertex 7.86149 -10.6243 6.5
    endloop
  endfacet
  facet normal 0.242985 0.97003 -0
    outer loop
      vertex 11.9289 -6.93779 2.2
      vertex 11.6243 -6.86149 6.5
      vertex 11.9289 -6.93779 6.5
    endloop
  endfacet
  facet normal 0.242985 0.97003 0
    outer loop
      vertex 11.6243 -6.86149 6.5
      vertex 11.9289 -6.93779 2.2
      vertex 11.6243 -6.86149 2.2
    endloop
  endfacet
  facet normal -0.595768 -0.803157 0
    outer loop
      vertex 8.96994 -12.4736 2.2
      vertex 9.22217 -12.6607 6.45
      vertex 8.96994 -12.4736 6.45
    endloop
  endfacet
  facet normal -0.595768 -0.803157 -0
    outer loop
      vertex 9.22217 -12.6607 6.45
      vertex 8.96994 -12.4736 2.2
      vertex 9.22217 -12.6607 2.2
    endloop
  endfacet
  facet normal -0.671578 -0.740933 0
    outer loop
      vertex 8.73726 -12.2627 2.2
      vertex 8.96994 -12.4736 6.45
      vertex 8.73726 -12.2627 6.45
    endloop
  endfacet
  facet normal -0.671578 -0.740933 -0
    outer loop
      vertex 8.96994 -12.4736 6.45
      vertex 8.73726 -12.2627 2.2
      vertex 8.96994 -12.4736 2.2
    endloop
  endfacet
  facet normal 0.671705 -0.740819 0
    outer loop
      vertex 13.0301 -12.4736 2.2
      vertex 13.2627 -12.2627 6.45
      vertex 13.0301 -12.4736 6.45
    endloop
  endfacet
  facet normal 0.671705 -0.740819 0
    outer loop
      vertex 13.2627 -12.2627 6.45
      vertex 13.0301 -12.4736 2.2
      vertex 13.2627 -12.2627 2.2
    endloop
  endfacet
  facet normal -0.903995 -0.427543 0
    outer loop
      vertex 8.17785 -11.5085 2.2
      vertex 8.04358 -11.2246 6.5
      vertex 8.04358 -11.2246 2.2
    endloop
  endfacet
  facet normal -0.903995 -0.427543 0
    outer loop
      vertex 8.04358 -11.2246 6.5
      vertex 8.17785 -11.5085 2.2
      vertex 8.17785 -11.5085 6.5
    endloop
  endfacet
  facet normal -0.989176 0.146733 0
    outer loop
      vertex 7.81541 -9.68635 2.2
      vertex 7.86149 -9.37571 6.5
      vertex 7.86149 -9.37571 2.2
    endloop
  endfacet
  facet normal -0.989176 0.146733 0
    outer loop
      vertex 7.86149 -9.37571 6.5
      vertex 7.81541 -9.68635 2.2
      vertex 7.81541 -9.68635 6.5
    endloop
  endfacet
  facet normal -0.998795 0.049072 0
    outer loop
      vertex 7.8 -10 2.2
      vertex 7.81541 -9.68635 6.5
      vertex 7.81541 -9.68635 2.2
    endloop
  endfacet
  facet normal -0.998795 0.049072 0
    outer loop
      vertex 7.81541 -9.68635 6.5
      vertex 7.8 -10 2.2
      vertex 7.8 -10 6.5
    endloop
  endfacet
  facet normal -0.903983 0.427567 0
    outer loop
      vertex 8.04358 -8.77541 2.2
      vertex 8.17785 -8.49153 6.5
      vertex 8.17785 -8.49153 2.2
    endloop
  endfacet
  facet normal -0.903983 0.427567 0
    outer loop
      vertex 8.17785 -8.49153 6.5
      vertex 8.04358 -8.77541 2.2
      vertex 8.04358 -8.77541 6.5
    endloop
  endfacet
  facet normal 0.740819 -0.671705 0
    outer loop
      vertex 13.2627 -12.2627 6.45
      vertex 13.4736 -12.0301 2.2
      vertex 13.4736 -12.0301 6.45
    endloop
  endfacet
  facet normal 0.740819 -0.671705 0
    outer loop
      vertex 13.4736 -12.0301 2.2
      vertex 13.2627 -12.2627 6.45
      vertex 13.2627 -12.2627 2.2
    endloop
  endfacet
  facet normal 0.989164 0.146814 0
    outer loop
      vertex 14.1846 10.3137 6.5
      vertex 14.1385 10.6243 2.2
      vertex 14.1385 10.6243 6.5
    endloop
  endfacet
  facet normal 0.989164 0.146814 0
    outer loop
      vertex 14.1385 10.6243 2.2
      vertex 14.1846 10.3137 6.5
      vertex 14.1846 10.3137 2.2
    endloop
  endfacet
  facet normal 0.998797 0.0490324 0
    outer loop
      vertex 14.2 10 6.5
      vertex 14.1846 10.3137 2.2
      vertex 14.1846 10.3137 6.5
    endloop
  endfacet
  facet normal 0.998797 0.0490324 0
    outer loop
      vertex 14.1846 10.3137 2.2
      vertex 14.2 10 6.5
      vertex 14.2 10 2.2
    endloop
  endfacet
  facet normal 0.97003 0.242985 0
    outer loop
      vertex 14.1385 10.6243 6.5
      vertex 14.0622 10.9289 2.2
      vertex 14.0622 10.9289 6.5
    endloop
  endfacet
  facet normal 0.97003 0.242985 0
    outer loop
      vertex 14.0622 10.9289 2.2
      vertex 14.1385 10.6243 6.5
      vertex 14.1385 10.6243 2.2
    endloop
  endfacet
  facet normal 0.998797 -0.0490402 0
    outer loop
      vertex 14.1846 9.68635 6.5
      vertex 14.2 10 2.2
      vertex 14.2 10 6.5
    endloop
  endfacet
  facet normal 0.998797 -0.0490402 0
    outer loop
      vertex 14.2 10 2.2
      vertex 14.1846 9.68635 6.5
      vertex 14.1846 9.68635 2.2
    endloop
  endfacet
  facet normal 0.595661 0.803236 -0
    outer loop
      vertex 13.0301 12.4736 2.2
      vertex 12.7778 12.6607 6.45
      vertex 13.0301 12.4736 6.45
    endloop
  endfacet
  facet normal 0.595661 0.803236 0
    outer loop
      vertex 12.7778 12.6607 6.45
      vertex 13.0301 12.4736 2.2
      vertex 12.7778 12.6607 2.2
    endloop
  endfacet
  facet normal 0.514191 -0.857676 0
    outer loop
      vertex 12.5085 7.17785 2.2
      vertex 12.7778 7.3393 6.5
      vertex 12.5085 7.17785 6.5
    endloop
  endfacet
  facet normal 0.514191 -0.857676 0
    outer loop
      vertex 12.7778 7.3393 6.5
      vertex 12.5085 7.17785 2.2
      vertex 12.7778 7.3393 2.2
    endloop
  endfacet
  facet normal 0.941547 0.336881 0
    outer loop
      vertex 14.0622 10.9289 6.5
      vertex 13.9564 11.2246 2.2
      vertex 13.9564 11.2246 6.5
    endloop
  endfacet
  facet normal 0.941547 0.336881 0
    outer loop
      vertex 13.9564 11.2246 2.2
      vertex 14.0622 10.9289 6.5
      vertex 14.0622 10.9289 2.2
    endloop
  endfacet
  facet normal 0.740933 -0.671578 0
    outer loop
      vertex 13.2627 7.73726 6.5
      vertex 13.4736 7.96994 2.2
      vertex 13.4736 7.96994 6.5
    endloop
  endfacet
  facet normal 0.740933 -0.671578 0
    outer loop
      vertex 13.4736 7.96994 2.2
      vertex 13.2627 7.73726 6.5
      vertex 13.2627 7.73726 2.2
    endloop
  endfacet
  facet normal 0.804327 0.594187 0
    outer loop
      vertex 13.6443 11.8 6.5
      vertex 13.6607 11.7778 6.5
      vertex 13.6443 11.8 6.45
    endloop
  endfacet
  facet normal 0.80313 0.595803 0
    outer loop
      vertex 13.6443 11.8 6.45
      vertex 13.4736 12.0301 2.2
      vertex 13.4736 12.0301 6.45
    endloop
  endfacet
  facet normal 0.804327 0.594187 -0
    outer loop
      vertex 13.6607 11.7778 2.2
      vertex 13.6443 11.8 6.45
      vertex 13.6607 11.7778 6.5
    endloop
  endfacet
  facet normal 0.803236 0.595661 -1.19106e-05
    outer loop
      vertex 13.6443 11.8 6.45
      vertex 13.6607 11.7778 2.2
      vertex 13.4736 12.0301 2.2
    endloop
  endfacet
  facet normal 0.514116 0.857721 -0
    outer loop
      vertex 12.7778 12.6607 2.2
      vertex 12.5454 12.8 6.45
      vertex 12.7778 12.6607 6.45
    endloop
  endfacet
  facet normal 0.514116 0.857721 0
    outer loop
      vertex 12.5454 12.8 6.45
      vertex 12.7778 12.6607 2.2
      vertex 12.5454 12.8 2.2
    endloop
  endfacet
  facet normal 0.94154 -0.336901 0
    outer loop
      vertex 13.9564 8.77541 6.5
      vertex 14.0622 9.07109 2.2
      vertex 14.0622 9.07109 6.5
    endloop
  endfacet
  facet normal 0.94154 -0.336901 0
    outer loop
      vertex 14.0622 9.07109 2.2
      vertex 13.9564 8.77541 6.5
      vertex 13.9564 8.77541 2.2
    endloop
  endfacet
  facet normal 0.671688 -0.740834 0
    outer loop
      vertex 13.0301 7.52637 2.2
      vertex 13.2627 7.73726 6.5
      vertex 13.0301 7.52637 6.5
    endloop
  endfacet
  facet normal 0.671688 -0.740834 0
    outer loop
      vertex 13.2627 7.73726 6.5
      vertex 13.0301 7.52637 2.2
      vertex 13.2627 7.73726 2.2
    endloop
  endfacet
  facet normal -0.514132 0.857711 0
    outer loop
      vertex 9.45456 12.8 2.2
      vertex 9.22217 12.6607 6.45
      vertex 9.45456 12.8 6.45
    endloop
  endfacet
  facet normal -0.514132 0.857711 0
    outer loop
      vertex 9.22217 12.6607 6.45
      vertex 9.45456 12.8 2.2
      vertex 9.22217 12.6607 2.2
    endloop
  endfacet
  facet normal 0.903947 -0.427646 0
    outer loop
      vertex 13.8221 8.49153 6.5
      vertex 13.9564 8.77541 2.2
      vertex 13.9564 8.77541 6.5
    endloop
  endfacet
  facet normal 0.903947 -0.427646 0
    outer loop
      vertex 13.9564 8.77541 2.2
      vertex 13.8221 8.49153 6.5
      vertex 13.8221 8.49153 2.2
    endloop
  endfacet
  facet normal 0.989167 -0.146796 0
    outer loop
      vertex 14.1385 9.37571 6.5
      vertex 14.1846 9.68635 2.2
      vertex 14.1846 9.68635 6.5
    endloop
  endfacet
  facet normal 0.989167 -0.146796 0
    outer loop
      vertex 14.1846 9.68635 2.2
      vertex 14.1385 9.37571 6.5
      vertex 14.1385 9.37571 2.2
    endloop
  endfacet
  facet normal 0.857796 -0.51399 0
    outer loop
      vertex 13.6607 8.22217 6.5
      vertex 13.8221 8.49153 2.2
      vertex 13.8221 8.49153 6.5
    endloop
  endfacet
  facet normal 0.857796 -0.51399 0
    outer loop
      vertex 13.8221 8.49153 2.2
      vertex 13.6607 8.22217 6.5
      vertex 13.6607 8.22217 2.2
    endloop
  endfacet
  facet normal 0.5956 -0.803281 0
    outer loop
      vertex 12.7778 7.3393 2.2
      vertex 13.0301 7.52637 6.5
      vertex 12.7778 7.3393 6.5
    endloop
  endfacet
  facet normal 0.5956 -0.803281 0
    outer loop
      vertex 13.0301 7.52637 6.5
      vertex 12.7778 7.3393 2.2
      vertex 13.0301 7.52637 2.2
    endloop
  endfacet
  facet normal 0.146752 -0.989173 0
    outer loop
      vertex 11.3137 6.81541 2.2
      vertex 11.6243 6.86149 6.5
      vertex 11.3137 6.81541 6.5
    endloop
  endfacet
  facet normal 0.146752 -0.989173 0
    outer loop
      vertex 11.6243 6.86149 6.5
      vertex 11.3137 6.81541 2.2
      vertex 11.6243 6.86149 2.2
    endloop
  endfacet
  facet normal 0.427543 -0.903995 0
    outer loop
      vertex 12.2246 7.04358 2.2
      vertex 12.5085 7.17785 6.5
      vertex 12.2246 7.04358 6.5
    endloop
  endfacet
  facet normal 0.427543 -0.903995 0
    outer loop
      vertex 12.5085 7.17785 6.5
      vertex 12.2246 7.04358 2.2
      vertex 12.5085 7.17785 2.2
    endloop
  endfacet
  facet normal -0.857676 0.514191 0
    outer loop
      vertex 8.17785 11.5085 2.2
      vertex 8.3393 11.7778 6.5
      vertex 8.3393 11.7778 2.2
    endloop
  endfacet
  facet normal -0.857676 0.514191 0
    outer loop
      vertex 8.3393 11.7778 6.5
      vertex 8.17785 11.5085 2.2
      vertex 8.17785 11.5085 6.5
    endloop
  endfacet
  facet normal -0.242985 -0.97003 0
    outer loop
      vertex 10.0711 6.93779 2.2
      vertex 10.3757 6.86149 6.5
      vertex 10.0711 6.93779 6.5
    endloop
  endfacet
  facet normal -0.242985 -0.97003 -0
    outer loop
      vertex 10.3757 6.86149 6.5
      vertex 10.0711 6.93779 2.2
      vertex 10.3757 6.86149 2.2
    endloop
  endfacet
  facet normal -0.146752 -0.989173 0
    outer loop
      vertex 10.3757 6.86149 2.2
      vertex 10.6863 6.81541 6.5
      vertex 10.3757 6.86149 6.5
    endloop
  endfacet
  facet normal -0.146752 -0.989173 -0
    outer loop
      vertex 10.6863 6.81541 6.5
      vertex 10.3757 6.86149 2.2
      vertex 10.6863 6.81541 2.2
    endloop
  endfacet
  facet normal -0.998795 -0.049072 0
    outer loop
      vertex 7.81541 9.68635 2.2
      vertex 7.8 10 6.5
      vertex 7.8 10 2.2
    endloop
  endfacet
  facet normal -0.998795 -0.049072 0
    outer loop
      vertex 7.8 10 6.5
      vertex 7.81541 9.68635 2.2
      vertex 7.81541 9.68635 6.5
    endloop
  endfacet
  facet normal 0.803157 -0.595768 0
    outer loop
      vertex 13.4736 7.96994 6.5
      vertex 13.6607 8.22217 2.2
      vertex 13.6607 8.22217 6.5
    endloop
  endfacet
  facet normal 0.803157 -0.595768 0
    outer loop
      vertex 13.6607 8.22217 2.2
      vertex 13.4736 7.96994 6.5
      vertex 13.4736 7.96994 2.2
    endloop
  endfacet
  facet normal -0.97003 0.242985 0
    outer loop
      vertex 7.86149 10.6243 2.2
      vertex 7.93779 10.9289 6.5
      vertex 7.93779 10.9289 2.2
    endloop
  endfacet
  facet normal -0.97003 0.242985 0
    outer loop
      vertex 7.93779 10.9289 6.5
      vertex 7.86149 10.6243 2.2
      vertex 7.86149 10.6243 6.5
    endloop
  endfacet
  facet normal -0.671578 0.740933 0
    outer loop
      vertex 8.96994 12.4736 2.2
      vertex 8.73726 12.2627 6.45
      vertex 8.96994 12.4736 6.45
    endloop
  endfacet
  facet normal -0.671578 0.740933 0
    outer loop
      vertex 8.73726 12.2627 6.45
      vertex 8.96994 12.4736 2.2
      vertex 8.73726 12.2627 2.2
    endloop
  endfacet
  facet normal 0.970034 -0.24297 0
    outer loop
      vertex 14.0622 9.07109 6.5
      vertex 14.1385 9.37571 2.2
      vertex 14.1385 9.37571 6.5
    endloop
  endfacet
  facet normal 0.970034 -0.24297 0
    outer loop
      vertex 14.1385 9.37571 2.2
      vertex 14.0622 9.07109 6.5
      vertex 14.0622 9.07109 2.2
    endloop
  endfacet
  facet normal 0.740819 0.671705 0
    outer loop
      vertex 13.4736 12.0301 6.45
      vertex 13.2627 12.2627 2.2
      vertex 13.2627 12.2627 6.45
    endloop
  endfacet
  facet normal 0.740819 0.671705 0
    outer loop
      vertex 13.2627 12.2627 2.2
      vertex 13.4736 12.0301 6.45
      vertex 13.4736 12.0301 2.2
    endloop
  endfacet
  facet normal 0.903958 0.427621 0
    outer loop
      vertex 13.9564 11.2246 6.5
      vertex 13.8221 11.5085 2.2
      vertex 13.8221 11.5085 6.5
    endloop
  endfacet
  facet normal 0.903958 0.427621 0
    outer loop
      vertex 13.8221 11.5085 2.2
      vertex 13.9564 11.2246 6.5
      vertex 13.9564 11.2246 2.2
    endloop
  endfacet
  facet normal -0.803231 0.595668 0
    outer loop
      vertex 8.52637 12.0301 2.2
      vertex 8.35573 11.8 6.45
      vertex 8.52637 12.0301 6.45
    endloop
  endfacet
  facet normal -0.803281 0.5956 -5.74214e-06
    outer loop
      vertex 8.3393 11.7778 2.2
      vertex 8.35573 11.8 6.45
      vertex 8.52637 12.0301 2.2
    endloop
  endfacet
  facet normal -0.803807 0.59489 0
    outer loop
      vertex 8.3393 11.7778 6.5
      vertex 8.35573 11.8 6.45
      vertex 8.3393 11.7778 2.2
    endloop
  endfacet
  facet normal -0.803807 0.59489 0
    outer loop
      vertex 8.35573 11.8 6.45
      vertex 8.3393 11.7778 6.5
      vertex 8.35573 11.8 6.5
    endloop
  endfacet
  facet normal 0.857746 0.514074 0
    outer loop
      vertex 13.8221 11.5085 6.5
      vertex 13.6607 11.7778 2.2
      vertex 13.6607 11.7778 6.5
    endloop
  endfacet
  facet normal 0.857746 0.514074 0
    outer loop
      vertex 13.6607 11.7778 2.2
      vertex 13.8221 11.5085 6.5
      vertex 13.8221 11.5085 2.2
    endloop
  endfacet
  facet normal 0.671705 0.740819 -0
    outer loop
      vertex 13.2627 12.2627 2.2
      vertex 13.0301 12.4736 6.45
      vertex 13.2627 12.2627 6.45
    endloop
  endfacet
  facet normal 0.671705 0.740819 0
    outer loop
      vertex 13.0301 12.4736 6.45
      vertex 13.2627 12.2627 2.2
      vertex 13.0301 12.4736 2.2
    endloop
  endfacet
  facet normal -0.427567 -0.903983 0
    outer loop
      vertex 9.49153 7.17785 2.2
      vertex 9.77541 7.04358 6.5
      vertex 9.49153 7.17785 6.5
    endloop
  endfacet
  facet normal -0.427567 -0.903983 -0
    outer loop
      vertex 9.77541 7.04358 6.5
      vertex 9.49153 7.17785 2.2
      vertex 9.77541 7.04358 2.2
    endloop
  endfacet
  facet normal -0.857726 -0.514107 0
    outer loop
      vertex 8.3393 8.22217 2.2
      vertex 8.17785 8.49153 6.5
      vertex 8.17785 8.49153 2.2
    endloop
  endfacet
  facet normal -0.857726 -0.514107 0
    outer loop
      vertex 8.17785 8.49153 6.5
      vertex 8.3393 8.22217 2.2
      vertex 8.3393 8.22217 6.5
    endloop
  endfacet
  facet normal -0.94155 -0.336873 0
    outer loop
      vertex 8.04358 8.77541 2.2
      vertex 7.93779 9.07109 6.5
      vertex 7.93779 9.07109 2.2
    endloop
  endfacet
  facet normal -0.94155 -0.336873 0
    outer loop
      vertex 7.93779 9.07109 6.5
      vertex 8.04358 8.77541 2.2
      vertex 8.04358 8.77541 6.5
    endloop
  endfacet
  facet normal 0.242985 -0.97003 0
    outer loop
      vertex 11.6243 6.86149 2.2
      vertex 11.9289 6.93779 6.5
      vertex 11.6243 6.86149 6.5
    endloop
  endfacet
  facet normal 0.242985 -0.97003 0
    outer loop
      vertex 11.9289 6.93779 6.5
      vertex 11.6243 6.86149 2.2
      vertex 11.9289 6.93779 2.2
    endloop
  endfacet
  facet normal -0.514107 -0.857726 0
    outer loop
      vertex 9.22217 7.3393 2.2
      vertex 9.49153 7.17785 6.5
      vertex 9.22217 7.3393 6.5
    endloop
  endfacet
  facet normal -0.514107 -0.857726 -0
    outer loop
      vertex 9.49153 7.17785 6.5
      vertex 9.22217 7.3393 2.2
      vertex 9.49153 7.17785 2.2
    endloop
  endfacet
  facet normal -0.998796 0.0490642 0
    outer loop
      vertex 7.8 10 2.2
      vertex 7.81541 10.3137 6.5
      vertex 7.81541 10.3137 2.2
    endloop
  endfacet
  facet normal -0.998796 0.0490642 0
    outer loop
      vertex 7.81541 10.3137 6.5
      vertex 7.8 10 2.2
      vertex 7.8 10 6.5
    endloop
  endfacet
  facet normal -0.740834 0.671688 0
    outer loop
      vertex 8.52637 12.0301 2.2
      vertex 8.73726 12.2627 6.45
      vertex 8.73726 12.2627 2.2
    endloop
  endfacet
  facet normal -0.740834 0.671688 0
    outer loop
      vertex 8.73726 12.2627 6.45
      vertex 8.52637 12.0301 2.2
      vertex 8.52637 12.0301 6.45
    endloop
  endfacet
  facet normal -0.970034 -0.24297 0
    outer loop
      vertex 7.93779 9.07109 2.2
      vertex 7.86149 9.37571 6.5
      vertex 7.86149 9.37571 2.2
    endloop
  endfacet
  facet normal -0.970034 -0.24297 0
    outer loop
      vertex 7.86149 9.37571 6.5
      vertex 7.93779 9.07109 2.2
      vertex 7.93779 9.07109 6.5
    endloop
  endfacet
  facet normal 0.0490642 -0.998796 0
    outer loop
      vertex 11 6.8 2.2
      vertex 11.3137 6.81541 6.5
      vertex 11 6.8 6.5
    endloop
  endfacet
  facet normal 0.0490642 -0.998796 0
    outer loop
      vertex 11.3137 6.81541 6.5
      vertex 11 6.8 2.2
      vertex 11.3137 6.81541 2.2
    endloop
  endfacet
  facet normal -0.989173 0.146752 0
    outer loop
      vertex 7.81541 10.3137 2.2
      vertex 7.86149 10.6243 6.5
      vertex 7.86149 10.6243 2.2
    endloop
  endfacet
  facet normal -0.989173 0.146752 0
    outer loop
      vertex 7.86149 10.6243 6.5
      vertex 7.81541 10.3137 2.2
      vertex 7.81541 10.3137 6.5
    endloop
  endfacet
  facet normal -0.336863 -0.941554 0
    outer loop
      vertex 9.77541 7.04358 2.2
      vertex 10.0711 6.93779 6.5
      vertex 9.77541 7.04358 6.5
    endloop
  endfacet
  facet normal -0.336863 -0.941554 -0
    outer loop
      vertex 10.0711 6.93779 6.5
      vertex 9.77541 7.04358 2.2
      vertex 10.0711 6.93779 2.2
    endloop
  endfacet
  facet normal -0.989176 -0.146733 0
    outer loop
      vertex 7.86149 9.37571 2.2
      vertex 7.81541 9.68635 6.5
      vertex 7.81541 9.68635 2.2
    endloop
  endfacet
  facet normal -0.989176 -0.146733 0
    outer loop
      vertex 7.81541 9.68635 6.5
      vertex 7.86149 9.37571 2.2
      vertex 7.86149 9.37571 6.5
    endloop
  endfacet
  facet normal -0.803202 -0.595706 0
    outer loop
      vertex 8.52637 7.96994 2.2
      vertex 8.3393 8.22217 6.5
      vertex 8.3393 8.22217 2.2
    endloop
  endfacet
  facet normal -0.803202 -0.595706 0
    outer loop
      vertex 8.3393 8.22217 6.5
      vertex 8.52637 7.96994 2.2
      vertex 8.52637 7.96994 6.5
    endloop
  endfacet
  facet normal -0.903983 -0.427567 0
    outer loop
      vertex 8.17785 8.49153 2.2
      vertex 8.04358 8.77541 6.5
      vertex 8.04358 8.77541 2.2
    endloop
  endfacet
  facet normal -0.903983 -0.427567 0
    outer loop
      vertex 8.04358 8.77541 6.5
      vertex 8.17785 8.49153 2.2
      vertex 8.17785 8.49153 6.5
    endloop
  endfacet
  facet normal -0.595768 0.803157 0
    outer loop
      vertex 9.22217 12.6607 2.2
      vertex 8.96994 12.4736 6.45
      vertex 9.22217 12.6607 6.45
    endloop
  endfacet
  facet normal -0.595768 0.803157 0
    outer loop
      vertex 8.96994 12.4736 6.45
      vertex 9.22217 12.6607 2.2
      vertex 8.96994 12.4736 2.2
    endloop
  endfacet
  facet normal -0.671561 -0.740949 0
    outer loop
      vertex 8.73726 7.73726 2.2
      vertex 8.96994 7.52637 6.5
      vertex 8.73726 7.73726 6.5
    endloop
  endfacet
  facet normal -0.671561 -0.740949 -0
    outer loop
      vertex 8.96994 7.52637 6.5
      vertex 8.73726 7.73726 2.2
      vertex 8.96994 7.52637 2.2
    endloop
  endfacet
  facet normal -0.0490642 -0.998796 0
    outer loop
      vertex 10.6863 6.81541 2.2
      vertex 11 6.8 6.5
      vertex 10.6863 6.81541 6.5
    endloop
  endfacet
  facet normal -0.0490642 -0.998796 -0
    outer loop
      vertex 11 6.8 6.5
      vertex 10.6863 6.81541 2.2
      vertex 11 6.8 2.2
    endloop
  endfacet
  facet normal -0.941557 0.336853 0
    outer loop
      vertex 7.93779 10.9289 2.2
      vertex 8.04358 11.2246 6.5
      vertex 8.04358 11.2246 2.2
    endloop
  endfacet
  facet normal -0.941557 0.336853 0
    outer loop
      vertex 8.04358 11.2246 6.5
      vertex 7.93779 10.9289 2.2
      vertex 7.93779 10.9289 6.5
    endloop
  endfacet
  facet normal 0.336853 -0.941557 0
    outer loop
      vertex 11.9289 6.93779 2.2
      vertex 12.2246 7.04358 6.5
      vertex 11.9289 6.93779 6.5
    endloop
  endfacet
  facet normal 0.336853 -0.941557 0
    outer loop
      vertex 12.2246 7.04358 6.5
      vertex 11.9289 6.93779 2.2
      vertex 12.2246 7.04358 2.2
    endloop
  endfacet
  facet normal -0.740949 -0.671561 0
    outer loop
      vertex 8.73726 7.73726 2.2
      vertex 8.52637 7.96994 6.5
      vertex 8.52637 7.96994 2.2
    endloop
  endfacet
  facet normal -0.740949 -0.671561 0
    outer loop
      vertex 8.52637 7.96994 6.5
      vertex 8.73726 7.73726 2.2
      vertex 8.73726 7.73726 6.5
    endloop
  endfacet
  facet normal -0.595706 -0.803202 0
    outer loop
      vertex 8.96994 7.52637 2.2
      vertex 9.22217 7.3393 6.5
      vertex 8.96994 7.52637 6.5
    endloop
  endfacet
  facet normal -0.595706 -0.803202 -0
    outer loop
      vertex 9.22217 7.3393 6.5
      vertex 8.96994 7.52637 2.2
      vertex 9.22217 7.3393 2.2
    endloop
  endfacet
  facet normal -0.903995 0.427543 0
    outer loop
      vertex 8.04358 11.2246 2.2
      vertex 8.17785 11.5085 6.5
      vertex 8.17785 11.5085 2.2
    endloop
  endfacet
  facet normal -0.903995 0.427543 0
    outer loop
      vertex 8.17785 11.5085 6.5
      vertex 8.04358 11.2246 2.2
      vertex 8.04358 11.2246 6.5
    endloop
  endfacet
  facet normal 0.740933 0.671578 0
    outer loop
      vertex 31.4736 -7.96994 6.5
      vertex 31.2627 -7.73726 2.2
      vertex 31.2627 -7.73726 6.5
    endloop
  endfacet
  facet normal 0.740933 0.671578 0
    outer loop
      vertex 31.2627 -7.73726 2.2
      vertex 31.4736 -7.96994 6.5
      vertex 31.4736 -7.96994 2.2
    endloop
  endfacet
  facet normal 0.989167 0.146796 0
    outer loop
      vertex 32.1846 -9.68635 6.5
      vertex 32.1385 -9.37571 2.2
      vertex 32.1385 -9.37571 6.5
    endloop
  endfacet
  facet normal 0.989167 0.146796 0
    outer loop
      vertex 32.1385 -9.37571 2.2
      vertex 32.1846 -9.68635 6.5
      vertex 32.1846 -9.68635 2.2
    endloop
  endfacet
  facet normal 0.998797 0.0490402 0
    outer loop
      vertex 32.2 -10 6.5
      vertex 32.1846 -9.68635 2.2
      vertex 32.1846 -9.68635 6.5
    endloop
  endfacet
  facet normal 0.998797 0.0490402 0
    outer loop
      vertex 32.1846 -9.68635 2.2
      vertex 32.2 -10 6.5
      vertex 32.2 -10 2.2
    endloop
  endfacet
  facet normal -0.595661 -0.803236 0
    outer loop
      vertex 26.9699 -12.4736 2.2
      vertex 27.2222 -12.6607 6.45
      vertex 26.9699 -12.4736 6.45
    endloop
  endfacet
  facet normal -0.595661 -0.803236 -0
    outer loop
      vertex 27.2222 -12.6607 6.45
      vertex 26.9699 -12.4736 2.2
      vertex 27.2222 -12.6607 2.2
    endloop
  endfacet
  facet normal -0.671688 0.740834 0
    outer loop
      vertex 26.9699 -7.52637 2.2
      vertex 26.7373 -7.73726 6.5
      vertex 26.9699 -7.52637 6.5
    endloop
  endfacet
  facet normal -0.671688 0.740834 0
    outer loop
      vertex 26.7373 -7.73726 6.5
      vertex 26.9699 -7.52637 2.2
      vertex 26.7373 -7.73726 2.2
    endloop
  endfacet
  facet normal 0.671688 0.740834 -0
    outer loop
      vertex 31.2627 -7.73726 2.2
      vertex 31.0301 -7.52637 6.5
      vertex 31.2627 -7.73726 6.5
    endloop
  endfacet
  facet normal 0.671688 0.740834 0
    outer loop
      vertex 31.0301 -7.52637 6.5
      vertex 31.2627 -7.73726 2.2
      vertex 31.0301 -7.52637 2.2
    endloop
  endfacet
  facet normal -0.803157 0.595768 0
    outer loop
      vertex 26.3393 -8.22217 2.2
      vertex 26.5264 -7.96994 6.5
      vertex 26.5264 -7.96994 2.2
    endloop
  endfacet
  facet normal -0.803157 0.595768 0
    outer loop
      vertex 26.5264 -7.96994 6.5
      vertex 26.3393 -8.22217 2.2
      vertex 26.3393 -8.22217 6.5
    endloop
  endfacet
  facet normal -0.146752 0.989173 0
    outer loop
      vertex 28.6863 -6.81541 2.2
      vertex 28.3757 -6.86149 6.5
      vertex 28.6863 -6.81541 6.5
    endloop
  endfacet
  facet normal -0.146752 0.989173 0
    outer loop
      vertex 28.3757 -6.86149 6.5
      vertex 28.6863 -6.81541 2.2
      vertex 28.3757 -6.86149 2.2
    endloop
  endfacet
  facet normal -0.514116 -0.857721 0
    outer loop
      vertex 27.2222 -12.6607 2.2
      vertex 27.4546 -12.8 6.45
      vertex 27.2222 -12.6607 6.45
    endloop
  endfacet
  facet normal -0.514116 -0.857721 -0
    outer loop
      vertex 27.4546 -12.8 6.45
      vertex 27.2222 -12.6607 2.2
      vertex 27.4546 -12.8 2.2
    endloop
  endfacet
  facet normal -0.97003 -0.242985 0
    outer loop
      vertex 25.9378 -10.9289 2.2
      vertex 25.8615 -10.6243 6.5
      vertex 25.8615 -10.6243 2.2
    endloop
  endfacet
  facet normal -0.97003 -0.242985 0
    outer loop
      vertex 25.8615 -10.6243 6.5
      vertex 25.9378 -10.9289 2.2
      vertex 25.9378 -10.9289 6.5
    endloop
  endfacet
  facet normal 0.336853 0.941557 -0
    outer loop
      vertex 30.2246 -7.04358 2.2
      vertex 29.9289 -6.93779 6.5
      vertex 30.2246 -7.04358 6.5
    endloop
  endfacet
  facet normal 0.336853 0.941557 0
    outer loop
      vertex 29.9289 -6.93779 6.5
      vertex 30.2246 -7.04358 2.2
      vertex 29.9289 -6.93779 2.2
    endloop
  endfacet
  facet normal 0.514191 0.857676 -0
    outer loop
      vertex 30.7778 -7.3393 2.2
      vertex 30.5085 -7.17785 6.5
      vertex 30.7778 -7.3393 6.5
    endloop
  endfacet
  facet normal 0.514191 0.857676 0
    outer loop
      vertex 30.5085 -7.17785 6.5
      vertex 30.7778 -7.3393 2.2
      vertex 30.5085 -7.17785 2.2
    endloop
  endfacet
  facet normal 0.427543 0.903995 -0
    outer loop
      vertex 30.5085 -7.17785 2.2
      vertex 30.2246 -7.04358 6.5
      vertex 30.5085 -7.17785 6.5
    endloop
  endfacet
  facet normal 0.427543 0.903995 0
    outer loop
      vertex 30.2246 -7.04358 6.5
      vertex 30.5085 -7.17785 2.2
      vertex 30.2246 -7.04358 2.2
    endloop
  endfacet
  facet normal -0.998797 -0.0490324 0
    outer loop
      vertex 25.8154 -10.3137 2.2
      vertex 25.8 -10 6.5
      vertex 25.8 -10 2.2
    endloop
  endfacet
  facet normal -0.998797 -0.0490324 0
    outer loop
      vertex 25.8 -10 6.5
      vertex 25.8154 -10.3137 2.2
      vertex 25.8154 -10.3137 6.5
    endloop
  endfacet
  facet normal 0.97003 -0.242985 0
    outer loop
      vertex 32.0622 -10.9289 6.5
      vertex 32.1385 -10.6243 2.2
      vertex 32.1385 -10.6243 6.5
    endloop
  endfacet
  facet normal 0.97003 -0.242985 0
    outer loop
      vertex 32.1385 -10.6243 2.2
      vertex 32.0622 -10.9289 6.5
      vertex 32.0622 -10.9289 2.2
    endloop
  endfacet
  facet normal -0.941547 -0.336881 0
    outer loop
      vertex 26.0436 -11.2246 2.2
      vertex 25.9378 -10.9289 6.5
      vertex 25.9378 -10.9289 2.2
    endloop
  endfacet
  facet normal -0.941547 -0.336881 0
    outer loop
      vertex 25.9378 -10.9289 6.5
      vertex 26.0436 -11.2246 2.2
      vertex 26.0436 -11.2246 6.5
    endloop
  endfacet
  facet normal -0.514191 0.857676 0
    outer loop
      vertex 27.4915 -7.17785 2.2
      vertex 27.2222 -7.3393 6.5
      vertex 27.4915 -7.17785 6.5
    endloop
  endfacet
  facet normal -0.514191 0.857676 0
    outer loop
      vertex 27.2222 -7.3393 6.5
      vertex 27.4915 -7.17785 2.2
      vertex 27.2222 -7.3393 2.2
    endloop
  endfacet
  facet normal 0.857796 0.51399 0
    outer loop
      vertex 31.8221 -8.49153 6.5
      vertex 31.6607 -8.22217 2.2
      vertex 31.6607 -8.22217 6.5
    endloop
  endfacet
  facet normal 0.857796 0.51399 0
    outer loop
      vertex 31.6607 -8.22217 2.2
      vertex 31.8221 -8.49153 6.5
      vertex 31.8221 -8.49153 2.2
    endloop
  endfacet
  facet normal -0.242985 0.97003 0
    outer loop
      vertex 28.3757 -6.86149 2.2
      vertex 28.0711 -6.93779 6.5
      vertex 28.3757 -6.86149 6.5
    endloop
  endfacet
  facet normal -0.242985 0.97003 0
    outer loop
      vertex 28.0711 -6.93779 6.5
      vertex 28.3757 -6.86149 2.2
      vertex 28.0711 -6.93779 2.2
    endloop
  endfacet
  facet normal 0.989164 -0.146814 0
    outer loop
      vertex 32.1385 -10.6243 6.5
      vertex 32.1846 -10.3137 2.2
      vertex 32.1846 -10.3137 6.5
    endloop
  endfacet
  facet normal 0.989164 -0.146814 0
    outer loop
      vertex 32.1846 -10.3137 2.2
      vertex 32.1385 -10.6243 6.5
      vertex 32.1385 -10.6243 2.2
    endloop
  endfacet
  facet normal 0.146752 0.989173 -0
    outer loop
      vertex 29.6243 -6.86149 2.2
      vertex 29.3137 -6.81541 6.5
      vertex 29.6243 -6.86149 6.5
    endloop
  endfacet
  facet normal 0.146752 0.989173 0
    outer loop
      vertex 29.3137 -6.81541 6.5
      vertex 29.6243 -6.86149 2.2
      vertex 29.3137 -6.81541 2.2
    endloop
  endfacet
  facet normal -0.427543 0.903995 0
    outer loop
      vertex 27.7754 -7.04358 2.2
      vertex 27.4915 -7.17785 6.5
      vertex 27.7754 -7.04358 6.5
    endloop
  endfacet
  facet normal -0.427543 0.903995 0
    outer loop
      vertex 27.4915 -7.17785 6.5
      vertex 27.7754 -7.04358 2.2
      vertex 27.4915 -7.17785 2.2
    endloop
  endfacet
  facet normal 0.903947 0.427646 0
    outer loop
      vertex 31.9564 -8.77541 6.5
      vertex 31.8221 -8.49153 2.2
      vertex 31.8221 -8.49153 6.5
    endloop
  endfacet
  facet normal 0.903947 0.427646 0
    outer loop
      vertex 31.8221 -8.49153 2.2
      vertex 31.9564 -8.77541 6.5
      vertex 31.9564 -8.77541 2.2
    endloop
  endfacet
  facet normal 0.998797 -0.0490324 0
    outer loop
      vertex 32.1846 -10.3137 6.5
      vertex 32.2 -10 2.2
      vertex 32.2 -10 6.5
    endloop
  endfacet
  facet normal 0.998797 -0.0490324 0
    outer loop
      vertex 32.2 -10 2.2
      vertex 32.1846 -10.3137 6.5
      vertex 32.1846 -10.3137 2.2
    endloop
  endfacet
  facet normal 0.903958 -0.427621 0
    outer loop
      vertex 31.8221 -11.5085 6.5
      vertex 31.9564 -11.2246 2.2
      vertex 31.9564 -11.2246 6.5
    endloop
  endfacet
  facet normal 0.903958 -0.427621 0
    outer loop
      vertex 31.9564 -11.2246 2.2
      vertex 31.8221 -11.5085 6.5
      vertex 31.8221 -11.5085 2.2
    endloop
  endfacet
  facet normal 0.5956 0.803281 -0
    outer loop
      vertex 31.0301 -7.52637 2.2
      vertex 30.7778 -7.3393 6.5
      vertex 31.0301 -7.52637 6.5
    endloop
  endfacet
  facet normal 0.5956 0.803281 0
    outer loop
      vertex 30.7778 -7.3393 6.5
      vertex 31.0301 -7.52637 2.2
      vertex 30.7778 -7.3393 2.2
    endloop
  endfacet
  facet normal 0.94154 0.336901 0
    outer loop
      vertex 32.0622 -9.07109 6.5
      vertex 31.9564 -8.77541 2.2
      vertex 31.9564 -8.77541 6.5
    endloop
  endfacet
  facet normal 0.94154 0.336901 0
    outer loop
      vertex 31.9564 -8.77541 2.2
      vertex 32.0622 -9.07109 6.5
      vertex 32.0622 -9.07109 2.2
    endloop
  endfacet
  facet normal 0.804327 -0.594187 0
    outer loop
      vertex 31.6443 -11.8 6.45
      vertex 31.6607 -11.7778 6.5
      vertex 31.6443 -11.8 6.5
    endloop
  endfacet
  facet normal 0.804327 -0.594187 0
    outer loop
      vertex 31.6607 -11.7778 6.5
      vertex 31.6443 -11.8 6.45
      vertex 31.6607 -11.7778 2.2
    endloop
  endfacet
  facet normal 0.80313 -0.595803 -1.3058e-05
    outer loop
      vertex 31.4736 -12.0301 6.45
      vertex 31.6607 -11.7778 2.2
      vertex 31.6443 -11.8 6.45
    endloop
  endfacet
  facet normal 0.803236 -0.595661 0
    outer loop
      vertex 31.6607 -11.7778 2.2
      vertex 31.4736 -12.0301 6.45
      vertex 31.4736 -12.0301 2.2
    endloop
  endfacet
  facet normal 0.857746 -0.514074 0
    outer loop
      vertex 31.6607 -11.7778 6.5
      vertex 31.8221 -11.5085 2.2
      vertex 31.8221 -11.5085 6.5
    endloop
  endfacet
  facet normal 0.857746 -0.514074 0
    outer loop
      vertex 31.8221 -11.5085 2.2
      vertex 31.6607 -11.7778 6.5
      vertex 31.6607 -11.7778 2.2
    endloop
  endfacet
  facet normal 0.941547 -0.336881 0
    outer loop
      vertex 31.9564 -11.2246 6.5
      vertex 32.0622 -10.9289 2.2
      vertex 32.0622 -10.9289 6.5
    endloop
  endfacet
  facet normal 0.941547 -0.336881 0
    outer loop
      vertex 32.0622 -10.9289 2.2
      vertex 31.9564 -11.2246 6.5
      vertex 31.9564 -11.2246 2.2
    endloop
  endfacet
  facet normal 0.595661 -0.803236 0
    outer loop
      vertex 30.7778 -12.6607 2.2
      vertex 31.0301 -12.4736 6.45
      vertex 30.7778 -12.6607 6.45
    endloop
  endfacet
  facet normal 0.595661 -0.803236 0
    outer loop
      vertex 31.0301 -12.4736 6.45
      vertex 30.7778 -12.6607 2.2
      vertex 31.0301 -12.4736 2.2
    endloop
  endfacet
  facet normal 0.803157 0.595768 0
    outer loop
      vertex 31.6607 -8.22217 6.5
      vertex 31.4736 -7.96994 2.2
      vertex 31.4736 -7.96994 6.5
    endloop
  endfacet
  facet normal 0.803157 0.595768 0
    outer loop
      vertex 31.4736 -7.96994 2.2
      vertex 31.6607 -8.22217 6.5
      vertex 31.6607 -8.22217 2.2
    endloop
  endfacet
  facet normal 0.0490642 0.998796 -0
    outer loop
      vertex 29.3137 -6.81541 2.2
      vertex 29 -6.8 6.5
      vertex 29.3137 -6.81541 6.5
    endloop
  endfacet
  facet normal 0.0490642 0.998796 0
    outer loop
      vertex 29 -6.8 6.5
      vertex 29.3137 -6.81541 2.2
      vertex 29 -6.8 2.2
    endloop
  endfacet
  facet normal -0.5956 0.803281 0
    outer loop
      vertex 27.2222 -7.3393 2.2
      vertex 26.9699 -7.52637 6.5
      vertex 27.2222 -7.3393 6.5
    endloop
  endfacet
  facet normal -0.5956 0.803281 0
    outer loop
      vertex 26.9699 -7.52637 6.5
      vertex 27.2222 -7.3393 2.2
      vertex 26.9699 -7.52637 2.2
    endloop
  endfacet
  facet normal 0.970034 0.24297 0
    outer loop
      vertex 32.1385 -9.37571 6.5
      vertex 32.0622 -9.07109 2.2
      vertex 32.0622 -9.07109 6.5
    endloop
  endfacet
  facet normal 0.970034 0.24297 0
    outer loop
      vertex 32.0622 -9.07109 2.2
      vertex 32.1385 -9.37571 6.5
      vertex 32.1385 -9.37571 2.2
    endloop
  endfacet
  facet normal -0.857746 -0.514074 0
    outer loop
      vertex 26.3393 -11.7778 2.2
      vertex 26.1779 -11.5085 6.5
      vertex 26.1779 -11.5085 2.2
    endloop
  endfacet
  facet normal -0.857746 -0.514074 0
    outer loop
      vertex 26.1779 -11.5085 6.5
      vertex 26.3393 -11.7778 2.2
      vertex 26.3393 -11.7778 6.5
    endloop
  endfacet
  facet normal -0.857796 0.51399 0
    outer loop
      vertex 26.1779 -8.49153 2.2
      vertex 26.3393 -8.22217 6.5
      vertex 26.3393 -8.22217 2.2
    endloop
  endfacet
  facet normal -0.857796 0.51399 0
    outer loop
      vertex 26.3393 -8.22217 6.5
      vertex 26.1779 -8.49153 2.2
      vertex 26.1779 -8.49153 6.5
    endloop
  endfacet
  facet normal -0.740819 -0.671705 0
    outer loop
      vertex 26.7373 -12.2627 2.2
      vertex 26.5264 -12.0301 6.45
      vertex 26.5264 -12.0301 2.2
    endloop
  endfacet
  facet normal -0.740819 -0.671705 0
    outer loop
      vertex 26.5264 -12.0301 6.45
      vertex 26.7373 -12.2627 2.2
      vertex 26.7373 -12.2627 6.45
    endloop
  endfacet
  facet normal -0.336853 0.941557 0
    outer loop
      vertex 28.0711 -6.93779 2.2
      vertex 27.7754 -7.04358 6.5
      vertex 28.0711 -6.93779 6.5
    endloop
  endfacet
  facet normal -0.336853 0.941557 0
    outer loop
      vertex 27.7754 -7.04358 6.5
      vertex 28.0711 -6.93779 2.2
      vertex 27.7754 -7.04358 2.2
    endloop
  endfacet
  facet normal -0.0490642 0.998796 0
    outer loop
      vertex 29 -6.8 2.2
      vertex 28.6863 -6.81541 6.5
      vertex 29 -6.8 6.5
    endloop
  endfacet
  facet normal -0.0490642 0.998796 0
    outer loop
      vertex 28.6863 -6.81541 6.5
      vertex 29 -6.8 2.2
      vertex 28.6863 -6.81541 2.2
    endloop
  endfacet
  facet normal -0.970034 0.24297 0
    outer loop
      vertex 25.8615 -9.37571 2.2
      vertex 25.9378 -9.07109 6.5
      vertex 25.9378 -9.07109 2.2
    endloop
  endfacet
  facet normal -0.970034 0.24297 0
    outer loop
      vertex 25.9378 -9.07109 6.5
      vertex 25.8615 -9.37571 2.2
      vertex 25.8615 -9.37571 6.5
    endloop
  endfacet
  facet normal -0.94154 0.336901 0
    outer loop
      vertex 25.9378 -9.07109 2.2
      vertex 26.0436 -8.77541 6.5
      vertex 26.0436 -8.77541 2.2
    endloop
  endfacet
  facet normal -0.94154 0.336901 0
    outer loop
      vertex 26.0436 -8.77541 6.5
      vertex 25.9378 -9.07109 2.2
      vertex 25.9378 -9.07109 6.5
    endloop
  endfacet
  facet normal -0.740933 0.671578 0
    outer loop
      vertex 26.5264 -7.96994 2.2
      vertex 26.7373 -7.73726 6.5
      vertex 26.7373 -7.73726 2.2
    endloop
  endfacet
  facet normal -0.740933 0.671578 0
    outer loop
      vertex 26.7373 -7.73726 6.5
      vertex 26.5264 -7.96994 2.2
      vertex 26.5264 -7.96994 6.5
    endloop
  endfacet
  facet normal -0.804327 -0.594187 0
    outer loop
      vertex 26.3393 -11.7778 2.2
      vertex 26.3557 -11.8 6.45
      vertex 26.3393 -11.7778 6.5
    endloop
  endfacet
  facet normal -0.803236 -0.595661 -1.19106e-05
    outer loop
      vertex 26.5264 -12.0301 2.2
      vertex 26.3557 -11.8 6.45
      vertex 26.3393 -11.7778 2.2
    endloop
  endfacet
  facet normal -0.80313 -0.595803 0
    outer loop
      vertex 26.3557 -11.8 6.45
      vertex 26.5264 -12.0301 2.2
      vertex 26.5264 -12.0301 6.45
    endloop
  endfacet
  facet normal -0.804327 -0.594187 0
    outer loop
      vertex 26.3393 -11.7778 6.5
      vertex 26.3557 -11.8 6.45
      vertex 26.3557 -11.8 6.5
    endloop
  endfacet
  facet normal -0.989164 -0.146814 0
    outer loop
      vertex 25.8615 -10.6243 2.2
      vertex 25.8154 -10.3137 6.5
      vertex 25.8154 -10.3137 2.2
    endloop
  endfacet
  facet normal -0.989164 -0.146814 0
    outer loop
      vertex 25.8154 -10.3137 6.5
      vertex 25.8615 -10.6243 2.2
      vertex 25.8615 -10.6243 6.5
    endloop
  endfacet
  facet normal 0.242985 0.97003 -0
    outer loop
      vertex 29.9289 -6.93779 2.2
      vertex 29.6243 -6.86149 6.5
      vertex 29.9289 -6.93779 6.5
    endloop
  endfacet
  facet normal 0.242985 0.97003 0
    outer loop
      vertex 29.6243 -6.86149 6.5
      vertex 29.9289 -6.93779 2.2
      vertex 29.6243 -6.86149 2.2
    endloop
  endfacet
  facet normal 0.514116 -0.857721 0
    outer loop
      vertex 30.5454 -12.8 2.2
      vertex 30.7778 -12.6607 6.45
      vertex 30.5454 -12.8 6.45
    endloop
  endfacet
  facet normal 0.514116 -0.857721 0
    outer loop
      vertex 30.7778 -12.6607 6.45
      vertex 30.5454 -12.8 2.2
      vertex 30.7778 -12.6607 2.2
    endloop
  endfacet
  facet normal -0.671705 -0.740819 0
    outer loop
      vertex 26.7373 -12.2627 2.2
      vertex 26.9699 -12.4736 6.45
      vertex 26.7373 -12.2627 6.45
    endloop
  endfacet
  facet normal -0.671705 -0.740819 -0
    outer loop
      vertex 26.9699 -12.4736 6.45
      vertex 26.7373 -12.2627 2.2
      vertex 26.9699 -12.4736 2.2
    endloop
  endfacet
  facet normal 0.671705 -0.740819 0
    outer loop
      vertex 31.0301 -12.4736 2.2
      vertex 31.2627 -12.2627 6.45
      vertex 31.0301 -12.4736 6.45
    endloop
  endfacet
  facet normal 0.671705 -0.740819 0
    outer loop
      vertex 31.2627 -12.2627 6.45
      vertex 31.0301 -12.4736 2.2
      vertex 31.2627 -12.2627 2.2
    endloop
  endfacet
  facet normal -0.903958 -0.427621 0
    outer loop
      vertex 26.1779 -11.5085 2.2
      vertex 26.0436 -11.2246 6.5
      vertex 26.0436 -11.2246 2.2
    endloop
  endfacet
  facet normal -0.903958 -0.427621 0
    outer loop
      vertex 26.0436 -11.2246 6.5
      vertex 26.1779 -11.5085 2.2
      vertex 26.1779 -11.5085 6.5
    endloop
  endfacet
  facet normal -0.989167 0.146796 0
    outer loop
      vertex 25.8154 -9.68635 2.2
      vertex 25.8615 -9.37571 6.5
      vertex 25.8615 -9.37571 2.2
    endloop
  endfacet
  facet normal -0.989167 0.146796 0
    outer loop
      vertex 25.8615 -9.37571 6.5
      vertex 25.8154 -9.68635 2.2
      vertex 25.8154 -9.68635 6.5
    endloop
  endfacet
  facet normal -0.998797 0.0490402 0
    outer loop
      vertex 25.8 -10 2.2
      vertex 25.8154 -9.68635 6.5
      vertex 25.8154 -9.68635 2.2
    endloop
  endfacet
  facet normal -0.998797 0.0490402 0
    outer loop
      vertex 25.8154 -9.68635 6.5
      vertex 25.8 -10 2.2
      vertex 25.8 -10 6.5
    endloop
  endfacet
  facet normal -0.903947 0.427646 0
    outer loop
      vertex 26.0436 -8.77541 2.2
      vertex 26.1779 -8.49153 6.5
      vertex 26.1779 -8.49153 2.2
    endloop
  endfacet
  facet normal -0.903947 0.427646 0
    outer loop
      vertex 26.1779 -8.49153 6.5
      vertex 26.0436 -8.77541 2.2
      vertex 26.0436 -8.77541 6.5
    endloop
  endfacet
  facet normal 0.740819 -0.671705 0
    outer loop
      vertex 31.2627 -12.2627 6.45
      vertex 31.4736 -12.0301 2.2
      vertex 31.4736 -12.0301 6.45
    endloop
  endfacet
  facet normal 0.740819 -0.671705 0
    outer loop
      vertex 31.4736 -12.0301 2.2
      vertex 31.2627 -12.2627 6.45
      vertex 31.2627 -12.2627 2.2
    endloop
  endfacet
  facet normal 0.989164 0.146814 0
    outer loop
      vertex 32.1846 10.3137 6.5
      vertex 32.1385 10.6243 2.2
      vertex 32.1385 10.6243 6.5
    endloop
  endfacet
  facet normal 0.989164 0.146814 0
    outer loop
      vertex 32.1385 10.6243 2.2
      vertex 32.1846 10.3137 6.5
      vertex 32.1846 10.3137 2.2
    endloop
  endfacet
  facet normal 0.998797 0.0490324 0
    outer loop
      vertex 32.2 10 6.5
      vertex 32.1846 10.3137 2.2
      vertex 32.1846 10.3137 6.5
    endloop
  endfacet
  facet normal 0.998797 0.0490324 0
    outer loop
      vertex 32.1846 10.3137 2.2
      vertex 32.2 10 6.5
      vertex 32.2 10 2.2
    endloop
  endfacet
  facet normal 0.97003 0.242985 0
    outer loop
      vertex 32.1385 10.6243 6.5
      vertex 32.0622 10.9289 2.2
      vertex 32.0622 10.9289 6.5
    endloop
  endfacet
  facet normal 0.97003 0.242985 0
    outer loop
      vertex 32.0622 10.9289 2.2
      vertex 32.1385 10.6243 6.5
      vertex 32.1385 10.6243 2.2
    endloop
  endfacet
  facet normal 0.998797 -0.0490402 0
    outer loop
      vertex 32.1846 9.68635 6.5
      vertex 32.2 10 2.2
      vertex 32.2 10 6.5
    endloop
  endfacet
  facet normal 0.998797 -0.0490402 0
    outer loop
      vertex 32.2 10 2.2
      vertex 32.1846 9.68635 6.5
      vertex 32.1846 9.68635 2.2
    endloop
  endfacet
  facet normal 0.595661 0.803236 -0
    outer loop
      vertex 31.0301 12.4736 2.2
      vertex 30.7778 12.6607 6.45
      vertex 31.0301 12.4736 6.45
    endloop
  endfacet
  facet normal 0.595661 0.803236 0
    outer loop
      vertex 30.7778 12.6607 6.45
      vertex 31.0301 12.4736 2.2
      vertex 30.7778 12.6607 2.2
    endloop
  endfacet
  facet normal 0.514191 -0.857676 0
    outer loop
      vertex 30.5085 7.17785 2.2
      vertex 30.7778 7.3393 6.5
      vertex 30.5085 7.17785 6.5
    endloop
  endfacet
  facet normal 0.514191 -0.857676 0
    outer loop
      vertex 30.7778 7.3393 6.5
      vertex 30.5085 7.17785 2.2
      vertex 30.7778 7.3393 2.2
    endloop
  endfacet
  facet normal 0.941547 0.336881 0
    outer loop
      vertex 32.0622 10.9289 6.5
      vertex 31.9564 11.2246 2.2
      vertex 31.9564 11.2246 6.5
    endloop
  endfacet
  facet normal 0.941547 0.336881 0
    outer loop
      vertex 31.9564 11.2246 2.2
      vertex 32.0622 10.9289 6.5
      vertex 32.0622 10.9289 2.2
    endloop
  endfacet
  facet normal 0.740933 -0.671578 0
    outer loop
      vertex 31.2627 7.73726 6.5
      vertex 31.4736 7.96994 2.2
      vertex 31.4736 7.96994 6.5
    endloop
  endfacet
  facet normal 0.740933 -0.671578 0
    outer loop
      vertex 31.4736 7.96994 2.2
      vertex 31.2627 7.73726 6.5
      vertex 31.2627 7.73726 2.2
    endloop
  endfacet
  facet normal 0.804327 0.594187 0
    outer loop
      vertex 31.6443 11.8 6.5
      vertex 31.6607 11.7778 6.5
      vertex 31.6443 11.8 6.45
    endloop
  endfacet
  facet normal 0.80313 0.595803 0
    outer loop
      vertex 31.6443 11.8 6.45
      vertex 31.4736 12.0301 2.2
      vertex 31.4736 12.0301 6.45
    endloop
  endfacet
  facet normal 0.804327 0.594187 -0
    outer loop
      vertex 31.6607 11.7778 2.2
      vertex 31.6443 11.8 6.45
      vertex 31.6607 11.7778 6.5
    endloop
  endfacet
  facet normal 0.803236 0.595661 -1.19106e-05
    outer loop
      vertex 31.6443 11.8 6.45
      vertex 31.6607 11.7778 2.2
      vertex 31.4736 12.0301 2.2
    endloop
  endfacet
  facet normal 0.514116 0.857721 -0
    outer loop
      vertex 30.7778 12.6607 2.2
      vertex 30.5454 12.8 6.45
      vertex 30.7778 12.6607 6.45
    endloop
  endfacet
  facet normal 0.514116 0.857721 0
    outer loop
      vertex 30.5454 12.8 6.45
      vertex 30.7778 12.6607 2.2
      vertex 30.5454 12.8 2.2
    endloop
  endfacet
  facet normal 0.94154 -0.336901 0
    outer loop
      vertex 31.9564 8.77541 6.5
      vertex 32.0622 9.07109 2.2
      vertex 32.0622 9.07109 6.5
    endloop
  endfacet
  facet normal 0.94154 -0.336901 0
    outer loop
      vertex 32.0622 9.07109 2.2
      vertex 31.9564 8.77541 6.5
      vertex 31.9564 8.77541 2.2
    endloop
  endfacet
  facet normal 0.671688 -0.740834 0
    outer loop
      vertex 31.0301 7.52637 2.2
      vertex 31.2627 7.73726 6.5
      vertex 31.0301 7.52637 6.5
    endloop
  endfacet
  facet normal 0.671688 -0.740834 0
    outer loop
      vertex 31.2627 7.73726 6.5
      vertex 31.0301 7.52637 2.2
      vertex 31.2627 7.73726 2.2
    endloop
  endfacet
  facet normal -0.514116 0.857721 0
    outer loop
      vertex 27.4546 12.8 2.2
      vertex 27.2222 12.6607 6.45
      vertex 27.4546 12.8 6.45
    endloop
  endfacet
  facet normal -0.514116 0.857721 0
    outer loop
      vertex 27.2222 12.6607 6.45
      vertex 27.4546 12.8 2.2
      vertex 27.2222 12.6607 2.2
    endloop
  endfacet
  facet normal 0.903947 -0.427646 0
    outer loop
      vertex 31.8221 8.49153 6.5
      vertex 31.9564 8.77541 2.2
      vertex 31.9564 8.77541 6.5
    endloop
  endfacet
  facet normal 0.903947 -0.427646 0
    outer loop
      vertex 31.9564 8.77541 2.2
      vertex 31.8221 8.49153 6.5
      vertex 31.8221 8.49153 2.2
    endloop
  endfacet
  facet normal 0.989167 -0.146796 0
    outer loop
      vertex 32.1385 9.37571 6.5
      vertex 32.1846 9.68635 2.2
      vertex 32.1846 9.68635 6.5
    endloop
  endfacet
  facet normal 0.989167 -0.146796 0
    outer loop
      vertex 32.1846 9.68635 2.2
      vertex 32.1385 9.37571 6.5
      vertex 32.1385 9.37571 2.2
    endloop
  endfacet
  facet normal 0.857796 -0.51399 0
    outer loop
      vertex 31.6607 8.22217 6.5
      vertex 31.8221 8.49153 2.2
      vertex 31.8221 8.49153 6.5
    endloop
  endfacet
  facet normal 0.857796 -0.51399 0
    outer loop
      vertex 31.8221 8.49153 2.2
      vertex 31.6607 8.22217 6.5
      vertex 31.6607 8.22217 2.2
    endloop
  endfacet
  facet normal 0.5956 -0.803281 0
    outer loop
      vertex 30.7778 7.3393 2.2
      vertex 31.0301 7.52637 6.5
      vertex 30.7778 7.3393 6.5
    endloop
  endfacet
  facet normal 0.5956 -0.803281 0
    outer loop
      vertex 31.0301 7.52637 6.5
      vertex 30.7778 7.3393 2.2
      vertex 31.0301 7.52637 2.2
    endloop
  endfacet
  facet normal 0.146752 -0.989173 0
    outer loop
      vertex 29.3137 6.81541 2.2
      vertex 29.6243 6.86149 6.5
      vertex 29.3137 6.81541 6.5
    endloop
  endfacet
  facet normal 0.146752 -0.989173 0
    outer loop
      vertex 29.6243 6.86149 6.5
      vertex 29.3137 6.81541 2.2
      vertex 29.6243 6.86149 2.2
    endloop
  endfacet
  facet normal 0.427543 -0.903995 0
    outer loop
      vertex 30.2246 7.04358 2.2
      vertex 30.5085 7.17785 6.5
      vertex 30.2246 7.04358 6.5
    endloop
  endfacet
  facet normal 0.427543 -0.903995 0
    outer loop
      vertex 30.5085 7.17785 6.5
      vertex 30.2246 7.04358 2.2
      vertex 30.5085 7.17785 2.2
    endloop
  endfacet
  facet normal -0.857746 0.514074 0
    outer loop
      vertex 26.1779 11.5085 2.2
      vertex 26.3393 11.7778 6.5
      vertex 26.3393 11.7778 2.2
    endloop
  endfacet
  facet normal -0.857746 0.514074 0
    outer loop
      vertex 26.3393 11.7778 6.5
      vertex 26.1779 11.5085 2.2
      vertex 26.1779 11.5085 6.5
    endloop
  endfacet
  facet normal -0.242985 -0.97003 0
    outer loop
      vertex 28.0711 6.93779 2.2
      vertex 28.3757 6.86149 6.5
      vertex 28.0711 6.93779 6.5
    endloop
  endfacet
  facet normal -0.242985 -0.97003 -0
    outer loop
      vertex 28.3757 6.86149 6.5
      vertex 28.0711 6.93779 2.2
      vertex 28.3757 6.86149 2.2
    endloop
  endfacet
  facet normal -0.146752 -0.989173 0
    outer loop
      vertex 28.3757 6.86149 2.2
      vertex 28.6863 6.81541 6.5
      vertex 28.3757 6.86149 6.5
    endloop
  endfacet
  facet normal -0.146752 -0.989173 -0
    outer loop
      vertex 28.6863 6.81541 6.5
      vertex 28.3757 6.86149 2.2
      vertex 28.6863 6.81541 2.2
    endloop
  endfacet
  facet normal -0.998797 -0.0490402 0
    outer loop
      vertex 25.8154 9.68635 2.2
      vertex 25.8 10 6.5
      vertex 25.8 10 2.2
    endloop
  endfacet
  facet normal -0.998797 -0.0490402 0
    outer loop
      vertex 25.8 10 6.5
      vertex 25.8154 9.68635 2.2
      vertex 25.8154 9.68635 6.5
    endloop
  endfacet
  facet normal 0.803157 -0.595768 0
    outer loop
      vertex 31.4736 7.96994 6.5
      vertex 31.6607 8.22217 2.2
      vertex 31.6607 8.22217 6.5
    endloop
  endfacet
  facet normal 0.803157 -0.595768 0
    outer loop
      vertex 31.6607 8.22217 2.2
      vertex 31.4736 7.96994 6.5
      vertex 31.4736 7.96994 2.2
    endloop
  endfacet
  facet normal -0.97003 0.242985 0
    outer loop
      vertex 25.8615 10.6243 2.2
      vertex 25.9378 10.9289 6.5
      vertex 25.9378 10.9289 2.2
    endloop
  endfacet
  facet normal -0.97003 0.242985 0
    outer loop
      vertex 25.9378 10.9289 6.5
      vertex 25.8615 10.6243 2.2
      vertex 25.8615 10.6243 6.5
    endloop
  endfacet
  facet normal -0.671705 0.740819 0
    outer loop
      vertex 26.9699 12.4736 2.2
      vertex 26.7373 12.2627 6.45
      vertex 26.9699 12.4736 6.45
    endloop
  endfacet
  facet normal -0.671705 0.740819 0
    outer loop
      vertex 26.7373 12.2627 6.45
      vertex 26.9699 12.4736 2.2
      vertex 26.7373 12.2627 2.2
    endloop
  endfacet
  facet normal 0.970034 -0.24297 0
    outer loop
      vertex 32.0622 9.07109 6.5
      vertex 32.1385 9.37571 2.2
      vertex 32.1385 9.37571 6.5
    endloop
  endfacet
  facet normal 0.970034 -0.24297 0
    outer loop
      vertex 32.1385 9.37571 2.2
      vertex 32.0622 9.07109 6.5
      vertex 32.0622 9.07109 2.2
    endloop
  endfacet
  facet normal 0.740819 0.671705 0
    outer loop
      vertex 31.4736 12.0301 6.45
      vertex 31.2627 12.2627 2.2
      vertex 31.2627 12.2627 6.45
    endloop
  endfacet
  facet normal 0.740819 0.671705 0
    outer loop
      vertex 31.2627 12.2627 2.2
      vertex 31.4736 12.0301 6.45
      vertex 31.4736 12.0301 2.2
    endloop
  endfacet
  facet normal 0.903958 0.427621 0
    outer loop
      vertex 31.9564 11.2246 6.5
      vertex 31.8221 11.5085 2.2
      vertex 31.8221 11.5085 6.5
    endloop
  endfacet
  facet normal 0.903958 0.427621 0
    outer loop
      vertex 31.8221 11.5085 2.2
      vertex 31.9564 11.2246 6.5
      vertex 31.9564 11.2246 2.2
    endloop
  endfacet
  facet normal -0.80313 0.595803 0
    outer loop
      vertex 26.5264 12.0301 2.2
      vertex 26.3557 11.8 6.45
      vertex 26.5264 12.0301 6.45
    endloop
  endfacet
  facet normal -0.803236 0.595661 -1.19106e-05
    outer loop
      vertex 26.3393 11.7778 2.2
      vertex 26.3557 11.8 6.45
      vertex 26.5264 12.0301 2.2
    endloop
  endfacet
  facet normal -0.804327 0.594187 0
    outer loop
      vertex 26.3393 11.7778 6.5
      vertex 26.3557 11.8 6.45
      vertex 26.3393 11.7778 2.2
    endloop
  endfacet
  facet normal -0.804327 0.594187 0
    outer loop
      vertex 26.3557 11.8 6.45
      vertex 26.3393 11.7778 6.5
      vertex 26.3557 11.8 6.5
    endloop
  endfacet
  facet normal 0.857746 0.514074 0
    outer loop
      vertex 31.8221 11.5085 6.5
      vertex 31.6607 11.7778 2.2
      vertex 31.6607 11.7778 6.5
    endloop
  endfacet
  facet normal 0.857746 0.514074 0
    outer loop
      vertex 31.6607 11.7778 2.2
      vertex 31.8221 11.5085 6.5
      vertex 31.8221 11.5085 2.2
    endloop
  endfacet
  facet normal 0.671705 0.740819 -0
    outer loop
      vertex 31.2627 12.2627 2.2
      vertex 31.0301 12.4736 6.45
      vertex 31.2627 12.2627 6.45
    endloop
  endfacet
  facet normal 0.671705 0.740819 0
    outer loop
      vertex 31.0301 12.4736 6.45
      vertex 31.2627 12.2627 2.2
      vertex 31.0301 12.4736 2.2
    endloop
  endfacet
  facet normal -0.427543 -0.903995 0
    outer loop
      vertex 27.4915 7.17785 2.2
      vertex 27.7754 7.04358 6.5
      vertex 27.4915 7.17785 6.5
    endloop
  endfacet
  facet normal -0.427543 -0.903995 -0
    outer loop
      vertex 27.7754 7.04358 6.5
      vertex 27.4915 7.17785 2.2
      vertex 27.7754 7.04358 2.2
    endloop
  endfacet
  facet normal -0.857796 -0.51399 0
    outer loop
      vertex 26.3393 8.22217 2.2
      vertex 26.1779 8.49153 6.5
      vertex 26.1779 8.49153 2.2
    endloop
  endfacet
  facet normal -0.857796 -0.51399 0
    outer loop
      vertex 26.1779 8.49153 6.5
      vertex 26.3393 8.22217 2.2
      vertex 26.3393 8.22217 6.5
    endloop
  endfacet
  facet normal -0.94154 -0.336901 0
    outer loop
      vertex 26.0436 8.77541 2.2
      vertex 25.9378 9.07109 6.5
      vertex 25.9378 9.07109 2.2
    endloop
  endfacet
  facet normal -0.94154 -0.336901 0
    outer loop
      vertex 25.9378 9.07109 6.5
      vertex 26.0436 8.77541 2.2
      vertex 26.0436 8.77541 6.5
    endloop
  endfacet
  facet normal 0.242985 -0.97003 0
    outer loop
      vertex 29.6243 6.86149 2.2
      vertex 29.9289 6.93779 6.5
      vertex 29.6243 6.86149 6.5
    endloop
  endfacet
  facet normal 0.242985 -0.97003 0
    outer loop
      vertex 29.9289 6.93779 6.5
      vertex 29.6243 6.86149 2.2
      vertex 29.9289 6.93779 2.2
    endloop
  endfacet
  facet normal -0.514191 -0.857676 0
    outer loop
      vertex 27.2222 7.3393 2.2
      vertex 27.4915 7.17785 6.5
      vertex 27.2222 7.3393 6.5
    endloop
  endfacet
  facet normal -0.514191 -0.857676 -0
    outer loop
      vertex 27.4915 7.17785 6.5
      vertex 27.2222 7.3393 2.2
      vertex 27.4915 7.17785 2.2
    endloop
  endfacet
  facet normal -0.998797 0.0490324 0
    outer loop
      vertex 25.8 10 2.2
      vertex 25.8154 10.3137 6.5
      vertex 25.8154 10.3137 2.2
    endloop
  endfacet
  facet normal -0.998797 0.0490324 0
    outer loop
      vertex 25.8154 10.3137 6.5
      vertex 25.8 10 2.2
      vertex 25.8 10 6.5
    endloop
  endfacet
  facet normal -0.740819 0.671705 0
    outer loop
      vertex 26.5264 12.0301 2.2
      vertex 26.7373 12.2627 6.45
      vertex 26.7373 12.2627 2.2
    endloop
  endfacet
  facet normal -0.740819 0.671705 0
    outer loop
      vertex 26.7373 12.2627 6.45
      vertex 26.5264 12.0301 2.2
      vertex 26.5264 12.0301 6.45
    endloop
  endfacet
  facet normal -0.970034 -0.24297 0
    outer loop
      vertex 25.9378 9.07109 2.2
      vertex 25.8615 9.37571 6.5
      vertex 25.8615 9.37571 2.2
    endloop
  endfacet
  facet normal -0.970034 -0.24297 0
    outer loop
      vertex 25.8615 9.37571 6.5
      vertex 25.9378 9.07109 2.2
      vertex 25.9378 9.07109 6.5
    endloop
  endfacet
  facet normal 0.0490642 -0.998796 0
    outer loop
      vertex 29 6.8 2.2
      vertex 29.3137 6.81541 6.5
      vertex 29 6.8 6.5
    endloop
  endfacet
  facet normal 0.0490642 -0.998796 0
    outer loop
      vertex 29.3137 6.81541 6.5
      vertex 29 6.8 2.2
      vertex 29.3137 6.81541 2.2
    endloop
  endfacet
  facet normal -0.989164 0.146814 0
    outer loop
      vertex 25.8154 10.3137 2.2
      vertex 25.8615 10.6243 6.5
      vertex 25.8615 10.6243 2.2
    endloop
  endfacet
  facet normal -0.989164 0.146814 0
    outer loop
      vertex 25.8615 10.6243 6.5
      vertex 25.8154 10.3137 2.2
      vertex 25.8154 10.3137 6.5
    endloop
  endfacet
  facet normal -0.336853 -0.941557 0
    outer loop
      vertex 27.7754 7.04358 2.2
      vertex 28.0711 6.93779 6.5
      vertex 27.7754 7.04358 6.5
    endloop
  endfacet
  facet normal -0.336853 -0.941557 -0
    outer loop
      vertex 28.0711 6.93779 6.5
      vertex 27.7754 7.04358 2.2
      vertex 28.0711 6.93779 2.2
    endloop
  endfacet
  facet normal -0.989167 -0.146796 0
    outer loop
      vertex 25.8615 9.37571 2.2
      vertex 25.8154 9.68635 6.5
      vertex 25.8154 9.68635 2.2
    endloop
  endfacet
  facet normal -0.989167 -0.146796 0
    outer loop
      vertex 25.8154 9.68635 6.5
      vertex 25.8615 9.37571 2.2
      vertex 25.8615 9.37571 6.5
    endloop
  endfacet
  facet normal -0.803157 -0.595768 0
    outer loop
      vertex 26.5264 7.96994 2.2
      vertex 26.3393 8.22217 6.5
      vertex 26.3393 8.22217 2.2
    endloop
  endfacet
  facet normal -0.803157 -0.595768 0
    outer loop
      vertex 26.3393 8.22217 6.5
      vertex 26.5264 7.96994 2.2
      vertex 26.5264 7.96994 6.5
    endloop
  endfacet
  facet normal -0.903947 -0.427646 0
    outer loop
      vertex 26.1779 8.49153 2.2
      vertex 26.0436 8.77541 6.5
      vertex 26.0436 8.77541 2.2
    endloop
  endfacet
  facet normal -0.903947 -0.427646 0
    outer loop
      vertex 26.0436 8.77541 6.5
      vertex 26.1779 8.49153 2.2
      vertex 26.1779 8.49153 6.5
    endloop
  endfacet
  facet normal -0.595661 0.803236 0
    outer loop
      vertex 27.2222 12.6607 2.2
      vertex 26.9699 12.4736 6.45
      vertex 27.2222 12.6607 6.45
    endloop
  endfacet
  facet normal -0.595661 0.803236 0
    outer loop
      vertex 26.9699 12.4736 6.45
      vertex 27.2222 12.6607 2.2
      vertex 26.9699 12.4736 2.2
    endloop
  endfacet
  facet normal -0.671688 -0.740834 0
    outer loop
      vertex 26.7373 7.73726 2.2
      vertex 26.9699 7.52637 6.5
      vertex 26.7373 7.73726 6.5
    endloop
  endfacet
  facet normal -0.671688 -0.740834 -0
    outer loop
      vertex 26.9699 7.52637 6.5
      vertex 26.7373 7.73726 2.2
      vertex 26.9699 7.52637 2.2
    endloop
  endfacet
  facet normal -0.0490642 -0.998796 0
    outer loop
      vertex 28.6863 6.81541 2.2
      vertex 29 6.8 6.5
      vertex 28.6863 6.81541 6.5
    endloop
  endfacet
  facet normal -0.0490642 -0.998796 -0
    outer loop
      vertex 29 6.8 6.5
      vertex 28.6863 6.81541 2.2
      vertex 29 6.8 2.2
    endloop
  endfacet
  facet normal -0.941547 0.336881 0
    outer loop
      vertex 25.9378 10.9289 2.2
      vertex 26.0436 11.2246 6.5
      vertex 26.0436 11.2246 2.2
    endloop
  endfacet
  facet normal -0.941547 0.336881 0
    outer loop
      vertex 26.0436 11.2246 6.5
      vertex 25.9378 10.9289 2.2
      vertex 25.9378 10.9289 6.5
    endloop
  endfacet
  facet normal 0.336853 -0.941557 0
    outer loop
      vertex 29.9289 6.93779 2.2
      vertex 30.2246 7.04358 6.5
      vertex 29.9289 6.93779 6.5
    endloop
  endfacet
  facet normal 0.336853 -0.941557 0
    outer loop
      vertex 30.2246 7.04358 6.5
      vertex 29.9289 6.93779 2.2
      vertex 30.2246 7.04358 2.2
    endloop
  endfacet
  facet normal -0.740933 -0.671578 0
    outer loop
      vertex 26.7373 7.73726 2.2
      vertex 26.5264 7.96994 6.5
      vertex 26.5264 7.96994 2.2
    endloop
  endfacet
  facet normal -0.740933 -0.671578 0
    outer loop
      vertex 26.5264 7.96994 6.5
      vertex 26.7373 7.73726 2.2
      vertex 26.7373 7.73726 6.5
    endloop
  endfacet
  facet normal -0.5956 -0.803281 0
    outer loop
      vertex 26.9699 7.52637 2.2
      vertex 27.2222 7.3393 6.5
      vertex 26.9699 7.52637 6.5
    endloop
  endfacet
  facet normal -0.5956 -0.803281 -0
    outer loop
      vertex 27.2222 7.3393 6.5
      vertex 26.9699 7.52637 2.2
      vertex 27.2222 7.3393 2.2
    endloop
  endfacet
  facet normal -0.903958 0.427621 0
    outer loop
      vertex 26.0436 11.2246 2.2
      vertex 26.1779 11.5085 6.5
      vertex 26.1779 11.5085 2.2
    endloop
  endfacet
  facet normal -0.903958 0.427621 0
    outer loop
      vertex 26.1779 11.5085 6.5
      vertex 26.0436 11.2246 2.2
      vertex 26.0436 11.2246 6.5
    endloop
  endfacet
  facet normal -0.998794 0.0490973 0
    outer loop
      vertex 34.5 0 2.2
      vertex 34.5265 0.539094 6.5
      vertex 34.5265 0.539094 2.2
    endloop
  endfacet
  facet normal -0.998794 0.0490973 0
    outer loop
      vertex 34.5265 0.539094 6.5
      vertex 34.5 0 2.2
      vertex 34.5 0 6.5
    endloop
  endfacet
  facet normal 0.146737 0.989176 -0
    outer loop
      vertex 41.073 5.39432 2.2
      vertex 40.5391 5.47352 6.5
      vertex 41.073 5.39432 6.5
    endloop
  endfacet
  facet normal 0.146737 0.989176 0
    outer loop
      vertex 40.5391 5.47352 6.5
      vertex 41.073 5.39432 2.2
      vertex 40.5391 5.47352 2.2
    endloop
  endfacet
  facet normal -0.970052 -0.242897 0
    outer loop
      vertex 34.7368 -1.59657 2.2
      vertex 34.6057 -1.073 6.5
      vertex 34.6057 -1.073 2.2
    endloop
  endfacet
  facet normal -0.970052 -0.242897 0
    outer loop
      vertex 34.6057 -1.073 6.5
      vertex 34.7368 -1.59657 2.2
      vertex 34.7368 -1.59657 6.5
    endloop
  endfacet
  facet normal -0.989176 0.146735 0
    outer loop
      vertex 34.5265 0.539094 2.2
      vertex 34.6057 1.073 6.5
      vertex 34.6057 1.073 2.2
    endloop
  endfacet
  facet normal -0.989176 0.146735 0
    outer loop
      vertex 34.6057 1.073 6.5
      vertex 34.5265 0.539094 2.2
      vertex 34.5265 0.539094 6.5
    endloop
  endfacet
  facet normal -0.336879 -0.941548 0
    outer loop
      vertex 37.8952 -5.08134 2.2
      vertex 38.4034 -5.26317 6.5
      vertex 37.8952 -5.08134 6.5
    endloop
  endfacet
  facet normal -0.336879 -0.941548 -0
    outer loop
      vertex 38.4034 -5.26317 6.5
      vertex 37.8952 -5.08134 2.2
      vertex 38.4034 -5.26317 2.2
    endloop
  endfacet
  facet normal 0.146737 -0.989176 0
    outer loop
      vertex 40.5391 -5.47352 2.2
      vertex 41.073 -5.39432 6.5
      vertex 40.5391 -5.47352 6.5
    endloop
  endfacet
  facet normal 0.146737 -0.989176 0
    outer loop
      vertex 41.073 -5.39432 6.5
      vertex 40.5391 -5.47352 2.2
      vertex 41.073 -5.39432 2.2
    endloop
  endfacet
  facet normal -0.427571 0.903982 0
    outer loop
      vertex 37.8952 5.08134 2.2
      vertex 37.4073 4.85057 6.5
      vertex 37.8952 5.08134 6.5
    endloop
  endfacet
  facet normal -0.427571 0.903982 0
    outer loop
      vertex 37.4073 4.85057 6.5
      vertex 37.8952 5.08134 2.2
      vertex 37.4073 4.85057 2.2
    endloop
  endfacet
  facet normal -0.904039 0.427451 0
    outer loop
      vertex 34.9187 2.10476 2.2
      vertex 35.1494 2.59268 6.5
      vertex 35.1494 2.59268 2.2
    endloop
  endfacet
  facet normal -0.904039 0.427451 0
    outer loop
      vertex 35.1494 2.59268 6.5
      vertex 34.9187 2.10476 2.2
      vertex 34.9187 2.10476 6.5
    endloop
  endfacet
  facet normal -0.857718 -0.51412 0
    outer loop
      vertex 35.4269 -3.05564 2.2
      vertex 35.1494 -2.59268 6.5
      vertex 35.1494 -2.59268 2.2
    endloop
  endfacet
  facet normal -0.857718 -0.51412 0
    outer loop
      vertex 35.1494 -2.59268 6.5
      vertex 35.4269 -3.05564 2.2
      vertex 35.4269 -3.05564 6.5
    endloop
  endfacet
  facet normal -0.242972 0.970033 0
    outer loop
      vertex 38.927 5.39432 2.2
      vertex 38.4034 5.26317 6.5
      vertex 38.927 5.39432 6.5
    endloop
  endfacet
  facet normal -0.242972 0.970033 0
    outer loop
      vertex 38.4034 5.26317 6.5
      vertex 38.927 5.39432 2.2
      vertex 38.4034 5.26317 2.2
    endloop
  endfacet
  facet normal -0.904039 -0.427451 0
    outer loop
      vertex 35.1494 -2.59268 2.2
      vertex 34.9187 -2.10476 6.5
      vertex 34.9187 -2.10476 2.2
    endloop
  endfacet
  facet normal -0.904039 -0.427451 0
    outer loop
      vertex 34.9187 -2.10476 6.5
      vertex 35.1494 -2.59268 2.2
      vertex 35.1494 -2.59268 6.5
    endloop
  endfacet
  facet normal 0.336879 0.941548 -0
    outer loop
      vertex 42.1048 5.08134 2.2
      vertex 41.5966 5.26317 6.5
      vertex 42.1048 5.08134 6.5
    endloop
  endfacet
  facet normal 0.336879 0.941548 0
    outer loop
      vertex 41.5966 5.26317 6.5
      vertex 42.1048 5.08134 2.2
      vertex 41.5966 5.26317 2.2
    endloop
  endfacet
  facet normal 0.242972 0.970033 -0
    outer loop
      vertex 41.5966 5.26317 2.2
      vertex 41.073 5.39432 6.5
      vertex 41.5966 5.26317 6.5
    endloop
  endfacet
  facet normal 0.242972 0.970033 0
    outer loop
      vertex 41.073 5.39432 6.5
      vertex 41.5966 5.26317 2.2
      vertex 41.073 5.39432 2.2
    endloop
  endfacet
  facet normal -0.941505 0.336999 0
    outer loop
      vertex 34.7368 1.59657 2.2
      vertex 34.9187 2.10476 6.5
      vertex 34.9187 2.10476 2.2
    endloop
  endfacet
  facet normal -0.941505 0.336999 0
    outer loop
      vertex 34.9187 2.10476 6.5
      vertex 34.7368 1.59657 2.2
      vertex 34.7368 1.59657 6.5
    endloop
  endfacet
  facet normal -0.336879 0.941548 0
    outer loop
      vertex 38.4034 5.26317 2.2
      vertex 37.8952 5.08134 6.5
      vertex 38.4034 5.26317 6.5
    endloop
  endfacet
  facet normal -0.336879 0.941548 0
    outer loop
      vertex 37.8952 5.08134 6.5
      vertex 38.4034 5.26317 2.2
      vertex 37.8952 5.08134 2.2
    endloop
  endfacet
  facet normal -0.857718 0.51412 0
    outer loop
      vertex 35.1494 2.59268 2.2
      vertex 35.4269 3.05564 6.5
      vertex 35.4269 3.05564 2.2
    endloop
  endfacet
  facet normal -0.857718 0.51412 0
    outer loop
      vertex 35.4269 3.05564 6.5
      vertex 35.1494 2.59268 2.2
      vertex 35.1494 2.59268 6.5
    endloop
  endfacet
  facet normal 0.671595 0.740919 -0
    outer loop
      vertex 43.8 3.96984 2.2
      vertex 43.4892 4.25156 6.45
      vertex 43.8 3.96984 6.45
    endloop
  endfacet
  facet normal 0.671595 0.740919 0
    outer loop
      vertex 43.4892 4.25156 6.45
      vertex 43.8 3.96984 2.2
      vertex 43.4892 4.25156 2.2
    endloop
  endfacet
  facet normal 0.0490598 -0.998796 0
    outer loop
      vertex 40 -5.5 2.2
      vertex 40.5391 -5.47352 6.5
      vertex 40 -5.5 6.5
    endloop
  endfacet
  facet normal 0.0490598 -0.998796 0
    outer loop
      vertex 40.5391 -5.47352 6.5
      vertex 40 -5.5 2.2
      vertex 40.5391 -5.47352 2.2
    endloop
  endfacet
  facet normal 0.427571 0.903982 -0
    outer loop
      vertex 42.5927 4.85057 2.2
      vertex 42.1048 5.08134 6.5
      vertex 42.5927 4.85057 6.5
    endloop
  endfacet
  facet normal 0.427571 0.903982 0
    outer loop
      vertex 42.1048 5.08134 6.5
      vertex 42.5927 4.85057 2.2
      vertex 42.1048 5.08134 2.2
    endloop
  endfacet
  facet normal -0.740928 -0.671584 0
    outer loop
      vertex 36.1109 -3.88909 2.2
      vertex 35.7484 -3.48916 6.5
      vertex 35.7484 -3.48916 2.2
    endloop
  endfacet
  facet normal -0.740928 -0.671584 0
    outer loop
      vertex 35.7484 -3.48916 6.5
      vertex 36.1109 -3.88909 2.2
      vertex 36.1109 -3.88909 6.5
    endloop
  endfacet
  facet normal -0.941505 -0.336999 0
    outer loop
      vertex 34.9187 -2.10476 2.2
      vertex 34.7368 -1.59657 6.5
      vertex 34.7368 -1.59657 2.2
    endloop
  endfacet
  facet normal -0.941505 -0.336999 0
    outer loop
      vertex 34.7368 -1.59657 6.5
      vertex 34.9187 -2.10476 2.2
      vertex 34.9187 -2.10476 6.5
    endloop
  endfacet
  facet normal 0.514175 0.857685 0
    outer loop
      vertex 43.0556 4.57308 6.45
      vertex 43.0556 4.57308 2.2
      vertex 42.8 4.72631 6.45
    endloop
  endfacet
  facet normal 0.514131 0.857712 -0
    outer loop
      vertex 42.8 4.72631 6.45
      vertex 42.5927 4.85057 6.5
      vertex 42.8 4.72631 6.5
    endloop
  endfacet
  facet normal 0.514155 0.857697 -1.62312e-06
    outer loop
      vertex 42.5927 4.85057 2.2
      vertex 42.8 4.72631 6.45
      vertex 43.0556 4.57308 2.2
    endloop
  endfacet
  facet normal 0.514131 0.857712 0
    outer loop
      vertex 42.8 4.72631 6.45
      vertex 42.5927 4.85057 2.2
      vertex 42.5927 4.85057 6.5
    endloop
  endfacet
  facet normal 0.595628 -0.80326 0
    outer loop
      vertex 43.0556 -4.57308 2.2
      vertex 43.4892 -4.25156 6.45
      vertex 43.0556 -4.57308 6.45
    endloop
  endfacet
  facet normal 0.595628 -0.80326 0
    outer loop
      vertex 43.4892 -4.25156 6.45
      vertex 43.0556 -4.57308 2.2
      vertex 43.4892 -4.25156 2.2
    endloop
  endfacet
  facet normal -0.970052 0.242897 0
    outer loop
      vertex 34.6057 1.073 2.2
      vertex 34.7368 1.59657 6.5
      vertex 34.7368 1.59657 2.2
    endloop
  endfacet
  facet normal -0.970052 0.242897 0
    outer loop
      vertex 34.7368 1.59657 6.5
      vertex 34.6057 1.073 2.2
      vertex 34.6057 1.073 6.5
    endloop
  endfacet
  facet normal 0.336879 -0.941548 0
    outer loop
      vertex 41.5966 -5.26317 2.2
      vertex 42.1048 -5.08134 6.5
      vertex 41.5966 -5.26317 6.5
    endloop
  endfacet
  facet normal 0.336879 -0.941548 0
    outer loop
      vertex 42.1048 -5.08134 6.5
      vertex 41.5966 -5.26317 2.2
      vertex 42.1048 -5.08134 2.2
    endloop
  endfacet
  facet normal -0.514155 -0.857697 0
    outer loop
      vertex 36.9444 -4.57308 2.2
      vertex 37.4073 -4.85057 6.5
      vertex 36.9444 -4.57308 6.5
    endloop
  endfacet
  facet normal -0.514155 -0.857697 -0
    outer loop
      vertex 37.4073 -4.85057 6.5
      vertex 36.9444 -4.57308 2.2
      vertex 37.4073 -4.85057 2.2
    endloop
  endfacet
  facet normal 0.595628 0.80326 -0
    outer loop
      vertex 43.4892 4.25156 2.2
      vertex 43.0556 4.57308 6.45
      vertex 43.4892 4.25156 6.45
    endloop
  endfacet
  facet normal 0.595628 0.80326 0
    outer loop
      vertex 43.0556 4.57308 6.45
      vertex 43.4892 4.25156 2.2
      vertex 43.0556 4.57308 2.2
    endloop
  endfacet
  facet normal -0.427571 -0.903982 0
    outer loop
      vertex 37.4073 -4.85057 2.2
      vertex 37.8952 -5.08134 6.5
      vertex 37.4073 -4.85057 6.5
    endloop
  endfacet
  facet normal -0.427571 -0.903982 -0
    outer loop
      vertex 37.8952 -5.08134 6.5
      vertex 37.4073 -4.85057 2.2
      vertex 37.8952 -5.08134 2.2
    endloop
  endfacet
  facet normal 0.0490598 0.998796 -0
    outer loop
      vertex 40.5391 5.47352 2.2
      vertex 40 5.5 6.5
      vertex 40.5391 5.47352 6.5
    endloop
  endfacet
  facet normal 0.0490598 0.998796 0
    outer loop
      vertex 40 5.5 6.5
      vertex 40.5391 5.47352 2.2
      vertex 40 5.5 2.2
    endloop
  endfacet
  facet normal 0.427571 -0.903982 0
    outer loop
      vertex 42.1048 -5.08134 2.2
      vertex 42.5927 -4.85057 6.5
      vertex 42.1048 -5.08134 6.5
    endloop
  endfacet
  facet normal 0.427571 -0.903982 0
    outer loop
      vertex 42.5927 -4.85057 6.5
      vertex 42.1048 -5.08134 2.2
      vertex 42.5927 -4.85057 2.2
    endloop
  endfacet
  facet normal -0.0490598 -0.998796 0
    outer loop
      vertex 39.4609 -5.47352 2.2
      vertex 40 -5.5 6.5
      vertex 39.4609 -5.47352 6.5
    endloop
  endfacet
  facet normal -0.0490598 -0.998796 -0
    outer loop
      vertex 40 -5.5 6.5
      vertex 39.4609 -5.47352 2.2
      vertex 40 -5.5 2.2
    endloop
  endfacet
  facet normal -0.146737 0.989176 0
    outer loop
      vertex 39.4609 5.47352 2.2
      vertex 38.927 5.39432 6.5
      vertex 39.4609 5.47352 6.5
    endloop
  endfacet
  facet normal -0.146737 0.989176 0
    outer loop
      vertex 38.927 5.39432 6.5
      vertex 39.4609 5.47352 2.2
      vertex 38.927 5.39432 2.2
    endloop
  endfacet
  facet normal -0.146737 -0.989176 0
    outer loop
      vertex 38.927 -5.39432 2.2
      vertex 39.4609 -5.47352 6.5
      vertex 38.927 -5.39432 6.5
    endloop
  endfacet
  facet normal -0.146737 -0.989176 -0
    outer loop
      vertex 39.4609 -5.47352 6.5
      vertex 38.927 -5.39432 2.2
      vertex 39.4609 -5.47352 2.2
    endloop
  endfacet
  facet normal 0.242972 -0.970033 0
    outer loop
      vertex 41.073 -5.39432 2.2
      vertex 41.5966 -5.26317 6.5
      vertex 41.073 -5.39432 6.5
    endloop
  endfacet
  facet normal 0.242972 -0.970033 0
    outer loop
      vertex 41.5966 -5.26317 6.5
      vertex 41.073 -5.39432 2.2
      vertex 41.5966 -5.26317 2.2
    endloop
  endfacet
  facet normal -0.671581 0.740931 0
    outer loop
      vertex 36.5108 4.25156 2.2
      vertex 36.1109 3.88909 6.5
      vertex 36.5108 4.25156 6.5
    endloop
  endfacet
  facet normal -0.671581 0.740931 0
    outer loop
      vertex 36.1109 3.88909 6.5
      vertex 36.5108 4.25156 2.2
      vertex 36.1109 3.88909 2.2
    endloop
  endfacet
  facet normal -0.803226 -0.595675 0
    outer loop
      vertex 35.7484 -3.48916 2.2
      vertex 35.4269 -3.05564 6.5
      vertex 35.4269 -3.05564 2.2
    endloop
  endfacet
  facet normal -0.803226 -0.595675 0
    outer loop
      vertex 35.4269 -3.05564 6.5
      vertex 35.7484 -3.48916 2.2
      vertex 35.7484 -3.48916 6.5
    endloop
  endfacet
  facet normal -0.740928 0.671584 0
    outer loop
      vertex 35.7484 3.48916 2.2
      vertex 36.1109 3.88909 6.5
      vertex 36.1109 3.88909 2.2
    endloop
  endfacet
  facet normal -0.740928 0.671584 0
    outer loop
      vertex 36.1109 3.88909 6.5
      vertex 35.7484 3.48916 2.2
      vertex 35.7484 3.48916 6.5
    endloop
  endfacet
  facet normal -0.595628 -0.80326 0
    outer loop
      vertex 36.5108 -4.25156 2.2
      vertex 36.9444 -4.57308 6.5
      vertex 36.5108 -4.25156 6.5
    endloop
  endfacet
  facet normal -0.595628 -0.80326 -0
    outer loop
      vertex 36.9444 -4.57308 6.5
      vertex 36.5108 -4.25156 2.2
      vertex 36.9444 -4.57308 2.2
    endloop
  endfacet
  facet normal -0.671581 -0.740931 0
    outer loop
      vertex 36.1109 -3.88909 2.2
      vertex 36.5108 -4.25156 6.5
      vertex 36.1109 -3.88909 6.5
    endloop
  endfacet
  facet normal -0.671581 -0.740931 -0
    outer loop
      vertex 36.5108 -4.25156 6.5
      vertex 36.1109 -3.88909 2.2
      vertex 36.5108 -4.25156 2.2
    endloop
  endfacet
  facet normal 0.514131 -0.857712 0
    outer loop
      vertex 42.5927 -4.85057 6.5
      vertex 42.8 -4.72631 6.45
      vertex 42.8 -4.72631 6.5
    endloop
  endfacet
  facet normal 0.514131 -0.857712 0
    outer loop
      vertex 42.5927 -4.85057 2.2
      vertex 42.8 -4.72631 6.45
      vertex 42.5927 -4.85057 6.5
    endloop
  endfacet
  facet normal 0.514155 -0.857697 -1.62312e-06
    outer loop
      vertex 43.0556 -4.57308 2.2
      vertex 42.8 -4.72631 6.45
      vertex 42.5927 -4.85057 2.2
    endloop
  endfacet
  facet normal 0.514175 -0.857685 0
    outer loop
      vertex 42.8 -4.72631 6.45
      vertex 43.0556 -4.57308 2.2
      vertex 43.0556 -4.57308 6.45
    endloop
  endfacet
  facet normal 0.671595 -0.740919 0
    outer loop
      vertex 43.4892 -4.25156 2.2
      vertex 43.8 -3.96984 6.45
      vertex 43.4892 -4.25156 6.45
    endloop
  endfacet
  facet normal 0.671595 -0.740919 0
    outer loop
      vertex 43.8 -3.96984 6.45
      vertex 43.4892 -4.25156 2.2
      vertex 43.8 -3.96984 2.2
    endloop
  endfacet
  facet normal -0.0490598 0.998796 0
    outer loop
      vertex 40 5.5 2.2
      vertex 39.4609 5.47352 6.5
      vertex 40 5.5 6.5
    endloop
  endfacet
  facet normal -0.0490598 0.998796 0
    outer loop
      vertex 39.4609 5.47352 6.5
      vertex 40 5.5 2.2
      vertex 39.4609 5.47352 2.2
    endloop
  endfacet
  facet normal -0.242972 -0.970033 0
    outer loop
      vertex 38.4034 -5.26317 2.2
      vertex 38.927 -5.39432 6.5
      vertex 38.4034 -5.26317 6.5
    endloop
  endfacet
  facet normal -0.242972 -0.970033 -0
    outer loop
      vertex 38.927 -5.39432 6.5
      vertex 38.4034 -5.26317 2.2
      vertex 38.927 -5.39432 2.2
    endloop
  endfacet
  facet normal -0.989176 -0.146735 0
    outer loop
      vertex 34.6057 -1.073 2.2
      vertex 34.5265 -0.539094 6.5
      vertex 34.5265 -0.539094 2.2
    endloop
  endfacet
  facet normal -0.989176 -0.146735 0
    outer loop
      vertex 34.5265 -0.539094 6.5
      vertex 34.6057 -1.073 2.2
      vertex 34.6057 -1.073 6.5
    endloop
  endfacet
  facet normal -0.514155 0.857697 0
    outer loop
      vertex 37.4073 4.85057 2.2
      vertex 36.9444 4.57308 6.5
      vertex 37.4073 4.85057 6.5
    endloop
  endfacet
  facet normal -0.514155 0.857697 0
    outer loop
      vertex 36.9444 4.57308 6.5
      vertex 37.4073 4.85057 2.2
      vertex 36.9444 4.57308 2.2
    endloop
  endfacet
  facet normal -0.595628 0.80326 0
    outer loop
      vertex 36.9444 4.57308 2.2
      vertex 36.5108 4.25156 6.5
      vertex 36.9444 4.57308 6.5
    endloop
  endfacet
  facet normal -0.595628 0.80326 0
    outer loop
      vertex 36.5108 4.25156 6.5
      vertex 36.9444 4.57308 2.2
      vertex 36.5108 4.25156 2.2
    endloop
  endfacet
  facet normal -0.998794 -0.0490973 0
    outer loop
      vertex 34.5265 -0.539094 2.2
      vertex 34.5 0 6.5
      vertex 34.5 0 2.2
    endloop
  endfacet
  facet normal -0.998794 -0.0490973 0
    outer loop
      vertex 34.5 0 6.5
      vertex 34.5265 -0.539094 2.2
      vertex 34.5265 -0.539094 6.5
    endloop
  endfacet
  facet normal -0.803226 0.595675 0
    outer loop
      vertex 35.4269 3.05564 2.2
      vertex 35.7484 3.48916 6.5
      vertex 35.7484 3.48916 2.2
    endloop
  endfacet
  facet normal -0.803226 0.595675 0
    outer loop
      vertex 35.7484 3.48916 6.5
      vertex 35.4269 3.05564 2.2
      vertex 35.4269 3.05564 6.5
    endloop
  endfacet
  facet normal 0.989176 0.146736 0
    outer loop
      vertex 8.18315 0.34306 6.5
      vertex 8.13275 0.682816 2.2
      vertex 8.13275 0.682816 6.5
    endloop
  endfacet
  facet normal 0.989176 0.146736 0
    outer loop
      vertex 8.13275 0.682816 2.2
      vertex 8.18315 0.34306 6.5
      vertex 8.18315 0.34306 2.2
    endloop
  endfacet
  facet normal 0.998796 0.0490576 0
    outer loop
      vertex 8.2 0 6.5
      vertex 8.18315 0.34306 2.2
      vertex 8.18315 0.34306 6.5
    endloop
  endfacet
  facet normal 0.998796 0.0490576 0
    outer loop
      vertex 8.18315 0.34306 2.2
      vertex 8.2 0 6.5
      vertex 8.2 0 2.2
    endloop
  endfacet
  facet normal 0.97003 0.242985 0
    outer loop
      vertex 8.13275 0.682816 6.5
      vertex 8.04929 1.016 2.2
      vertex 8.04929 1.016 6.5
    endloop
  endfacet
  facet normal 0.97003 0.242985 0
    outer loop
      vertex 8.04929 1.016 2.2
      vertex 8.13275 0.682816 6.5
      vertex 8.13275 0.682816 2.2
    endloop
  endfacet
  facet normal 0.595687 -0.803217 0
    outer loop
      vertex 6.6445 -2.91014 2.2
      vertex 6.92038 -2.70554 5.15
      vertex 6.6445 -2.91014 5.15
    endloop
  endfacet
  facet normal 0.595687 -0.803217 0
    outer loop
      vertex 6.92038 -2.70554 5.15
      vertex 6.6445 -2.91014 2.2
      vertex 6.92038 -2.70554 2.2
    endloop
  endfacet
  facet normal 0.427566 -0.903984 0
    outer loop
      vertex 6.03939 -3.23358 2.2
      vertex 6.34989 -3.08672 5.15
      vertex 6.03939 -3.23358 5.15
    endloop
  endfacet
  facet normal 0.427566 -0.903984 0
    outer loop
      vertex 6.34989 -3.08672 5.15
      vertex 6.03939 -3.23358 2.2
      vertex 6.34989 -3.08672 2.2
    endloop
  endfacet
  facet normal -0.671581 -0.740931 0
    outer loop
      vertex 2.22513 -2.47487 2.2
      vertex 2.47962 -2.70554 5.15
      vertex 2.22513 -2.47487 5.15
    endloop
  endfacet
  facet normal -0.671581 -0.740931 -0
    outer loop
      vertex 2.47962 -2.70554 5.15
      vertex 2.22513 -2.47487 2.2
      vertex 2.47962 -2.70554 2.2
    endloop
  endfacet
  facet normal 0.514098 0.857732 -0
    outer loop
      vertex 6.6445 2.91014 2.2
      vertex 6.34989 3.08672 5.15
      vertex 6.6445 2.91014 5.15
    endloop
  endfacet
  facet normal 0.514098 0.857732 0
    outer loop
      vertex 6.34989 3.08672 5.15
      vertex 6.6445 2.91014 2.2
      vertex 6.34989 3.08672 2.2
    endloop
  endfacet
  facet normal -0.146734 -0.989176 0
    outer loop
      vertex 4.01718 -3.43275 2.2
      vertex 4.35694 -3.48315 5.15
      vertex 4.01718 -3.43275 5.15
    endloop
  endfacet
  facet normal -0.146734 -0.989176 -0
    outer loop
      vertex 4.35694 -3.48315 5.15
      vertex 4.01718 -3.43275 2.2
      vertex 4.35694 -3.48315 2.2
    endloop
  endfacet
  facet normal -0.242988 0.970029 0
    outer loop
      vertex 4.01718 3.43275 2.2
      vertex 3.684 3.34929 5.15
      vertex 4.01718 3.43275 5.15
    endloop
  endfacet
  facet normal -0.242988 0.970029 0
    outer loop
      vertex 3.684 3.34929 5.15
      vertex 4.01718 3.43275 2.2
      vertex 3.684 3.34929 2.2
    endloop
  endfacet
  facet normal 0.740931 0.671581 0
    outer loop
      vertex 7.40554 2.22038 5.15
      vertex 7.17487 2.47487 2.2
      vertex 7.17487 2.47487 5.15
    endloop
  endfacet
  facet normal 0.740931 0.671581 0
    outer loop
      vertex 7.17487 2.47487 2.2
      vertex 7.40554 2.22038 5.15
      vertex 7.40554 2.22038 2.2
    endloop
  endfacet
  facet normal 0.857732 0.514098 0
    outer loop
      vertex 7.78672 1.64989 6.5
      vertex 7.61014 1.9445 2.2
      vertex 7.61014 1.9445 6.5
    endloop
  endfacet
  facet normal 0.857732 0.514098 0
    outer loop
      vertex 7.61014 1.9445 2.2
      vertex 7.78672 1.64989 6.5
      vertex 7.78672 1.64989 2.2
    endloop
  endfacet
  facet normal 0.671581 0.740931 -0
    outer loop
      vertex 7.17487 2.47487 2.2
      vertex 6.92038 2.70554 5.15
      vertex 7.17487 2.47487 5.15
    endloop
  endfacet
  facet normal 0.671581 0.740931 0
    outer loop
      vertex 6.92038 2.70554 5.15
      vertex 7.17487 2.47487 2.2
      vertex 6.92038 2.70554 2.2
    endloop
  endfacet
  facet normal 0.336888 -0.941545 0
    outer loop
      vertex 5.716 -3.34929 2.2
      vertex 6.03939 -3.23358 5.15
      vertex 5.716 -3.34929 5.15
    endloop
  endfacet
  facet normal 0.336888 -0.941545 0
    outer loop
      vertex 6.03939 -3.23358 5.15
      vertex 5.716 -3.34929 2.2
      vertex 6.03939 -3.23358 2.2
    endloop
  endfacet
  facet normal 0.941545 0.336888 0
    outer loop
      vertex 8.04929 1.016 6.5
      vertex 7.93358 1.33939 2.2
      vertex 7.93358 1.33939 6.5
    endloop
  endfacet
  facet normal 0.941545 0.336888 0
    outer loop
      vertex 7.93358 1.33939 2.2
      vertex 8.04929 1.016 6.5
      vertex 8.04929 1.016 2.2
    endloop
  endfacet
  facet normal -0.0490576 0.998796 0
    outer loop
      vertex 4.7 3.5 2.2
      vertex 4.35694 3.48315 5.15
      vertex 4.7 3.5 5.15
    endloop
  endfacet
  facet normal -0.0490576 0.998796 0
    outer loop
      vertex 4.35694 3.48315 5.15
      vertex 4.7 3.5 2.2
      vertex 4.35694 3.48315 2.2
    endloop
  endfacet
  facet normal 0.903984 -0.427566 0
    outer loop
      vertex 7.78672 -1.64989 6.5
      vertex 7.93358 -1.33939 2.2
      vertex 7.93358 -1.33939 6.5
    endloop
  endfacet
  facet normal 0.903984 -0.427566 0
    outer loop
      vertex 7.93358 -1.33939 2.2
      vertex 7.78672 -1.64989 6.5
      vertex 7.78672 -1.64989 2.2
    endloop
  endfacet
  facet normal 0.595687 0.803217 -0
    outer loop
      vertex 6.92038 2.70554 2.2
      vertex 6.6445 2.91014 5.15
      vertex 6.92038 2.70554 5.15
    endloop
  endfacet
  facet normal 0.595687 0.803217 0
    outer loop
      vertex 6.6445 2.91014 5.15
      vertex 6.92038 2.70554 2.2
      vertex 6.6445 2.91014 2.2
    endloop
  endfacet
  facet normal 0.998796 -0.0490576 0
    outer loop
      vertex 8.18315 -0.34306 6.5
      vertex 8.2 0 2.2
      vertex 8.2 0 6.5
    endloop
  endfacet
  facet normal 0.998796 -0.0490576 0
    outer loop
      vertex 8.2 0 2.2
      vertex 8.18315 -0.34306 6.5
      vertex 8.18315 -0.34306 2.2
    endloop
  endfacet
  facet normal -0.336888 -0.941545 0
    outer loop
      vertex 3.36061 -3.23358 2.2
      vertex 3.684 -3.34929 5.15
      vertex 3.36061 -3.23358 5.15
    endloop
  endfacet
  facet normal -0.336888 -0.941545 -0
    outer loop
      vertex 3.684 -3.34929 5.15
      vertex 3.36061 -3.23358 2.2
      vertex 3.684 -3.34929 2.2
    endloop
  endfacet
  facet normal -0.0490576 -0.998796 0
    outer loop
      vertex 4.35694 -3.48315 2.2
      vertex 4.7 -3.5 5.15
      vertex 4.35694 -3.48315 5.15
    endloop
  endfacet
  facet normal -0.0490576 -0.998796 -0
    outer loop
      vertex 4.7 -3.5 5.15
      vertex 4.35694 -3.48315 2.2
      vertex 4.7 -3.5 2.2
    endloop
  endfacet
  facet normal 0.0490576 -0.998796 0
    outer loop
      vertex 4.7 -3.5 2.2
      vertex 5.04306 -3.48315 5.15
      vertex 4.7 -3.5 5.15
    endloop
  endfacet
  facet normal 0.0490576 -0.998796 0
    outer loop
      vertex 5.04306 -3.48315 5.15
      vertex 4.7 -3.5 2.2
      vertex 5.04306 -3.48315 2.2
    endloop
  endfacet
  facet normal 0.803214 0.595691 0
    outer loop
      vertex 7.5 2.09301 6.5
      vertex 7.61014 1.9445 6.5
      vertex 7.5 2.09301 5.15
    endloop
  endfacet
  facet normal 0.80322 0.595683 0
    outer loop
      vertex 7.5 2.09301 5.15
      vertex 7.40554 2.22038 2.2
      vertex 7.40554 2.22038 5.15
    endloop
  endfacet
  facet normal 0.803214 0.595691 -0
    outer loop
      vertex 7.61014 1.9445 2.2
      vertex 7.5 2.09301 5.15
      vertex 7.61014 1.9445 6.5
    endloop
  endfacet
  facet normal 0.803217 0.595687 2.7358e-07
    outer loop
      vertex 7.5 2.09301 5.15
      vertex 7.61014 1.9445 2.2
      vertex 7.40554 2.22038 2.2
    endloop
  endfacet
  facet normal -0.671581 0.740931 0
    outer loop
      vertex 2.47962 2.70554 2.2
      vertex 2.22513 2.47487 5.15
      vertex 2.47962 2.70554 5.15
    endloop
  endfacet
  facet normal -0.671581 0.740931 0
    outer loop
      vertex 2.22513 2.47487 5.15
      vertex 2.47962 2.70554 2.2
      vertex 2.22513 2.47487 2.2
    endloop
  endfacet
  facet normal 0.146734 0.989176 -0
    outer loop
      vertex 5.38282 3.43275 2.2
      vertex 5.04306 3.48315 5.15
      vertex 5.38282 3.43275 5.15
    endloop
  endfacet
  facet normal 0.146734 0.989176 0
    outer loop
      vertex 5.04306 3.48315 5.15
      vertex 5.38282 3.43275 2.2
      vertex 5.04306 3.48315 2.2
    endloop
  endfacet
  facet normal 0.146734 -0.989176 0
    outer loop
      vertex 5.04306 -3.48315 2.2
      vertex 5.38282 -3.43275 5.15
      vertex 5.04306 -3.48315 5.15
    endloop
  endfacet
  facet normal 0.146734 -0.989176 0
    outer loop
      vertex 5.38282 -3.43275 5.15
      vertex 5.04306 -3.48315 2.2
      vertex 5.38282 -3.43275 2.2
    endloop
  endfacet
  facet normal 0.427566 0.903984 -0
    outer loop
      vertex 6.34989 3.08672 2.2
      vertex 6.03939 3.23358 5.15
      vertex 6.34989 3.08672 5.15
    endloop
  endfacet
  facet normal 0.427566 0.903984 0
    outer loop
      vertex 6.03939 3.23358 5.15
      vertex 6.34989 3.08672 2.2
      vertex 6.03939 3.23358 2.2
    endloop
  endfacet
  facet normal 0.941545 -0.336888 0
    outer loop
      vertex 7.93358 -1.33939 6.5
      vertex 8.04929 -1.016 2.2
      vertex 8.04929 -1.016 6.5
    endloop
  endfacet
  facet normal 0.941545 -0.336888 0
    outer loop
      vertex 8.04929 -1.016 2.2
      vertex 7.93358 -1.33939 6.5
      vertex 7.93358 -1.33939 2.2
    endloop
  endfacet
  facet normal 0.740931 -0.671581 0
    outer loop
      vertex 7.17487 -2.47487 5.15
      vertex 7.40554 -2.22038 2.2
      vertex 7.40554 -2.22038 5.15
    endloop
  endfacet
  facet normal 0.740931 -0.671581 0
    outer loop
      vertex 7.40554 -2.22038 2.2
      vertex 7.17487 -2.47487 5.15
      vertex 7.17487 -2.47487 2.2
    endloop
  endfacet
  facet normal -0.740762 0.671767 0
    outer loop
      vertex 2.20001 2.44717 2.2
      vertex 2.22513 2.47487 5.15
      vertex 2.22513 2.47487 2.2
    endloop
  endfacet
  facet normal -0.740762 0.671767 0
    outer loop
      vertex 2.22513 2.47487 5.15
      vertex 2.20001 2.44717 2.2
      vertex 2.20001 2.44717 5.15
    endloop
  endfacet
  facet normal 0.903984 0.427566 0
    outer loop
      vertex 7.93358 1.33939 6.5
      vertex 7.78672 1.64989 2.2
      vertex 7.78672 1.64989 6.5
    endloop
  endfacet
  facet normal 0.903984 0.427566 0
    outer loop
      vertex 7.78672 1.64989 2.2
      vertex 7.93358 1.33939 6.5
      vertex 7.93358 1.33939 2.2
    endloop
  endfacet
  facet normal -0.514098 0.857732 0
    outer loop
      vertex 3.05011 3.08672 2.2
      vertex 2.7555 2.91014 5.15
      vertex 3.05011 3.08672 5.15
    endloop
  endfacet
  facet normal -0.514098 0.857732 0
    outer loop
      vertex 2.7555 2.91014 5.15
      vertex 3.05011 3.08672 2.2
      vertex 2.7555 2.91014 2.2
    endloop
  endfacet
  facet normal 0.989176 -0.146736 0
    outer loop
      vertex 8.13275 -0.682816 6.5
      vertex 8.18315 -0.34306 2.2
      vertex 8.18315 -0.34306 6.5
    endloop
  endfacet
  facet normal 0.989176 -0.146736 0
    outer loop
      vertex 8.18315 -0.34306 2.2
      vertex 8.13275 -0.682816 6.5
      vertex 8.13275 -0.682816 2.2
    endloop
  endfacet
  facet normal 0.514098 -0.857732 0
    outer loop
      vertex 6.34989 -3.08672 2.2
      vertex 6.6445 -2.91014 5.15
      vertex 6.34989 -3.08672 5.15
    endloop
  endfacet
  facet normal 0.514098 -0.857732 0
    outer loop
      vertex 6.6445 -2.91014 5.15
      vertex 6.34989 -3.08672 2.2
      vertex 6.6445 -2.91014 2.2
    endloop
  endfacet
  facet normal 0.336888 0.941545 -0
    outer loop
      vertex 6.03939 3.23358 2.2
      vertex 5.716 3.34929 5.15
      vertex 6.03939 3.23358 5.15
    endloop
  endfacet
  facet normal 0.336888 0.941545 0
    outer loop
      vertex 5.716 3.34929 5.15
      vertex 6.03939 3.23358 2.2
      vertex 5.716 3.34929 2.2
    endloop
  endfacet
  facet normal 0.242988 0.970029 -0
    outer loop
      vertex 5.716 3.34929 2.2
      vertex 5.38282 3.43275 5.15
      vertex 5.716 3.34929 5.15
    endloop
  endfacet
  facet normal 0.242988 0.970029 0
    outer loop
      vertex 5.38282 3.43275 5.15
      vertex 5.716 3.34929 2.2
      vertex 5.38282 3.43275 2.2
    endloop
  endfacet
  facet normal -0.427566 0.903984 0
    outer loop
      vertex 3.36061 3.23358 2.2
      vertex 3.05011 3.08672 5.15
      vertex 3.36061 3.23358 5.15
    endloop
  endfacet
  facet normal -0.427566 0.903984 0
    outer loop
      vertex 3.05011 3.08672 5.15
      vertex 3.36061 3.23358 2.2
      vertex 3.05011 3.08672 2.2
    endloop
  endfacet
  facet normal -0.595687 0.803217 0
    outer loop
      vertex 2.7555 2.91014 2.2
      vertex 2.47962 2.70554 5.15
      vertex 2.7555 2.91014 5.15
    endloop
  endfacet
  facet normal -0.595687 0.803217 0
    outer loop
      vertex 2.47962 2.70554 5.15
      vertex 2.7555 2.91014 2.2
      vertex 2.47962 2.70554 2.2
    endloop
  endfacet
  facet normal 0.97003 -0.242985 0
    outer loop
      vertex 8.04929 -1.016 6.5
      vertex 8.13275 -0.682816 2.2
      vertex 8.13275 -0.682816 6.5
    endloop
  endfacet
  facet normal 0.97003 -0.242985 0
    outer loop
      vertex 8.13275 -0.682816 2.2
      vertex 8.04929 -1.016 6.5
      vertex 8.04929 -1.016 2.2
    endloop
  endfacet
  facet normal -0.146734 0.989176 0
    outer loop
      vertex 4.35694 3.48315 2.2
      vertex 4.01718 3.43275 5.15
      vertex 4.35694 3.48315 5.15
    endloop
  endfacet
  facet normal -0.146734 0.989176 0
    outer loop
      vertex 4.01718 3.43275 5.15
      vertex 4.35694 3.48315 2.2
      vertex 4.01718 3.43275 2.2
    endloop
  endfacet
  facet normal 0.242988 -0.970029 0
    outer loop
      vertex 5.38282 -3.43275 2.2
      vertex 5.716 -3.34929 5.15
      vertex 5.38282 -3.43275 5.15
    endloop
  endfacet
  facet normal 0.242988 -0.970029 0
    outer loop
      vertex 5.716 -3.34929 5.15
      vertex 5.38282 -3.43275 2.2
      vertex 5.716 -3.34929 2.2
    endloop
  endfacet
  facet normal -0.740762 -0.671767 0
    outer loop
      vertex 2.22513 -2.47487 2.2
      vertex 2.20001 -2.44717 5.15
      vertex 2.20001 -2.44717 2.2
    endloop
  endfacet
  facet normal -0.740762 -0.671767 0
    outer loop
      vertex 2.20001 -2.44717 5.15
      vertex 2.22513 -2.47487 2.2
      vertex 2.22513 -2.47487 5.15
    endloop
  endfacet
  facet normal -0.336888 0.941545 0
    outer loop
      vertex 3.684 3.34929 2.2
      vertex 3.36061 3.23358 5.15
      vertex 3.684 3.34929 5.15
    endloop
  endfacet
  facet normal -0.336888 0.941545 0
    outer loop
      vertex 3.36061 3.23358 5.15
      vertex 3.684 3.34929 2.2
      vertex 3.36061 3.23358 2.2
    endloop
  endfacet
  facet normal 0.0490576 0.998796 -0
    outer loop
      vertex 5.04306 3.48315 2.2
      vertex 4.7 3.5 5.15
      vertex 5.04306 3.48315 5.15
    endloop
  endfacet
  facet normal 0.0490576 0.998796 0
    outer loop
      vertex 4.7 3.5 5.15
      vertex 5.04306 3.48315 2.2
      vertex 4.7 3.5 2.2
    endloop
  endfacet
  facet normal 0.857732 -0.514098 0
    outer loop
      vertex 7.61014 -1.9445 6.5
      vertex 7.78672 -1.64989 2.2
      vertex 7.78672 -1.64989 6.5
    endloop
  endfacet
  facet normal 0.857732 -0.514098 0
    outer loop
      vertex 7.78672 -1.64989 2.2
      vertex 7.61014 -1.9445 6.5
      vertex 7.61014 -1.9445 2.2
    endloop
  endfacet
  facet normal -0.514098 -0.857732 0
    outer loop
      vertex 2.7555 -2.91014 2.2
      vertex 3.05011 -3.08672 5.15
      vertex 2.7555 -2.91014 5.15
    endloop
  endfacet
  facet normal -0.514098 -0.857732 -0
    outer loop
      vertex 3.05011 -3.08672 5.15
      vertex 2.7555 -2.91014 2.2
      vertex 3.05011 -3.08672 2.2
    endloop
  endfacet
  facet normal -0.595687 -0.803217 0
    outer loop
      vertex 2.47962 -2.70554 2.2
      vertex 2.7555 -2.91014 5.15
      vertex 2.47962 -2.70554 5.15
    endloop
  endfacet
  facet normal -0.595687 -0.803217 -0
    outer loop
      vertex 2.7555 -2.91014 5.15
      vertex 2.47962 -2.70554 2.2
      vertex 2.7555 -2.91014 2.2
    endloop
  endfacet
  facet normal -0.427566 -0.903984 0
    outer loop
      vertex 3.05011 -3.08672 2.2
      vertex 3.36061 -3.23358 5.15
      vertex 3.05011 -3.08672 5.15
    endloop
  endfacet
  facet normal -0.427566 -0.903984 -0
    outer loop
      vertex 3.36061 -3.23358 5.15
      vertex 3.05011 -3.08672 2.2
      vertex 3.36061 -3.23358 2.2
    endloop
  endfacet
  facet normal 0.803214 -0.595691 0
    outer loop
      vertex 7.5 -2.09301 5.15
      vertex 7.61014 -1.9445 6.5
      vertex 7.5 -2.09301 6.5
    endloop
  endfacet
  facet normal 0.803214 -0.595691 0
    outer loop
      vertex 7.61014 -1.9445 6.5
      vertex 7.5 -2.09301 5.15
      vertex 7.61014 -1.9445 2.2
    endloop
  endfacet
  facet normal 0.80322 -0.595683 0
    outer loop
      vertex 7.40554 -2.22038 2.2
      vertex 7.5 -2.09301 5.15
      vertex 7.40554 -2.22038 5.15
    endloop
  endfacet
  facet normal 0.803217 -0.595687 2.7358e-07
    outer loop
      vertex 7.5 -2.09301 5.15
      vertex 7.40554 -2.22038 2.2
      vertex 7.61014 -1.9445 2.2
    endloop
  endfacet
  facet normal -0.242988 -0.970029 0
    outer loop
      vertex 3.684 -3.34929 2.2
      vertex 4.01718 -3.43275 5.15
      vertex 3.684 -3.34929 5.15
    endloop
  endfacet
  facet normal -0.242988 -0.970029 -0
    outer loop
      vertex 4.01718 -3.43275 5.15
      vertex 3.684 -3.34929 2.2
      vertex 4.01718 -3.43275 2.2
    endloop
  endfacet
  facet normal 0.671581 -0.740931 0
    outer loop
      vertex 6.92038 -2.70554 2.2
      vertex 7.17487 -2.47487 5.15
      vertex 6.92038 -2.70554 5.15
    endloop
  endfacet
  facet normal 0.671581 -0.740931 0
    outer loop
      vertex 7.17487 -2.47487 5.15
      vertex 6.92038 -2.70554 2.2
      vertex 7.17487 -2.47487 2.2
    endloop
  endfacet
  facet normal 0 0 1
    outer loop
      vertex 27.7 4 6
      vertex 26.5 2.79999 6
      vertex 27.7 -4 6
    endloop
  endfacet
  facet normal 0 0 1
    outer loop
      vertex 27.7 4 6
      vertex 13.5 2.79999 6
      vertex 26.5 2.79999 6
    endloop
  endfacet
  facet normal 0 0 1
    outer loop
      vertex 13.5 2.79999 6
      vertex 12.3 4 6
      vertex 13.5 -2.79999 6
    endloop
  endfacet
  facet normal -0 0 1
    outer loop
      vertex 12.3 4 6
      vertex 13.5 2.79999 6
      vertex 27.7 4 6
    endloop
  endfacet
  facet normal -0 0 1
    outer loop
      vertex 26.5 -2.79999 6
      vertex 27.7 -4 6
      vertex 26.5 2.79999 6
    endloop
  endfacet
  facet normal -0 0 1
    outer loop
      vertex 13.5 -2.79999 6
      vertex 27.7 -4 6
      vertex 26.5 -2.79999 6
    endloop
  endfacet
  facet normal 0 0 1
    outer loop
      vertex 13.5 -2.79999 6
      vertex 12.3 -4 6
      vertex 27.7 -4 6
    endloop
  endfacet
  facet normal 0 0 1
    outer loop
      vertex 12.3 -4 6
      vertex 13.5 -2.79999 6
      vertex 12.3 4 6
    endloop
  endfacet
  facet normal 0 1 -0
    outer loop
      vertex 27.7 4 2.2
      vertex 12.3 4 6
      vertex 27.7 4 6
    endloop
  endfacet
  facet normal 0 1 0
    outer loop
      vertex 12.3 4 6
      vertex 27.7 4 2.2
      vertex 12.3 4 2.2
    endloop
  endfacet
  facet normal -1 0 0
    outer loop
      vertex 12.3 -4 2.2
      vertex 12.3 4 6
      vertex 12.3 4 2.2
    endloop
  endfacet
  facet normal -1 -0 0
    outer loop
      vertex 12.3 4 6
      vertex 12.3 -4 2.2
      vertex 12.3 -4 6
    endloop
  endfacet
  facet normal 0 -1 0
    outer loop
      vertex 12.3 -4 2.2
      vertex 27.7 -4 6
      vertex 12.3 -4 6
    endloop
  endfacet
  facet normal 0 -1 -0
    outer loop
      vertex 27.7 -4 6
      vertex 12.3 -4 2.2
      vertex 27.7 -4 2.2
    endloop
  endfacet
  facet normal 1 -0 0
    outer loop
      vertex 27.7 -4 6
      vertex 27.7 4 2.2
      vertex 27.7 4 6
    endloop
  endfacet
  facet normal 1 0 0
    outer loop
      vertex 27.7 4 2.2
      vertex 27.7 -4 6
      vertex 27.7 -4 2.2
    endloop
  endfacet
  facet normal 1 -0 0
    outer loop
      vertex 13.5 -2.79999 6
      vertex 13.5 2.79999 2.2
      vertex 13.5 2.79999 6
    endloop
  endfacet
  facet normal 1 0 0
    outer loop
      vertex 13.5 2.79999 2.2
      vertex 13.5 -2.79999 6
      vertex 13.5 -2.79999 2.2
    endloop
  endfacet
  facet normal 0 -1 0
    outer loop
      vertex 13.5 2.79999 2.2
      vertex 26.5 2.79999 6
      vertex 13.5 2.79999 6
    endloop
  endfacet
  facet normal 0 -1 -0
    outer loop
      vertex 26.5 2.79999 6
      vertex 13.5 2.79999 2.2
      vertex 26.5 2.79999 2.2
    endloop
  endfacet
  facet normal -1 0 0
    outer loop
      vertex 26.5 -2.79999 2.2
      vertex 26.5 2.79999 6
      vertex 26.5 2.79999 2.2
    endloop
  endfacet
  facet normal -1 -0 0
    outer loop
      vertex 26.5 2.79999 6
      vertex 26.5 -2.79999 2.2
      vertex 26.5 -2.79999 6
    endloop
  endfacet
  facet normal 0 1 -0
    outer loop
      vertex 26.5 -2.79999 2.2
      vertex 13.5 -2.79999 6
      vertex 26.5 -2.79999 6
    endloop
  endfacet
  facet normal 0 1 0
    outer loop
      vertex 13.5 -2.79999 6
      vertex 26.5 -2.79999 2.2
      vertex 13.5 -2.79999 2.2
    endloop
  endfacet
  facet normal 0 0 -1
    outer loop
      vertex 43.7769 -8.47047 6.45
      vertex 42.7817 -8.37245 6.45
      vertex 42.8 -8 6.45
    endloop
  endfacet
  facet normal 0 0 -1
    outer loop
      vertex 43.2332 -10.2627 6.45
      vertex 42.727 -8.74133 6.45
      vertex 42.7817 -8.37245 6.45
    endloop
  endfacet
  facet normal 0 0 -1
    outer loop
      vertex 42.1596 -10.1112 6.45
      vertex 42.991 -10.6667 6.45
      vertex 42.7104 -11.0451 6.45
    endloop
  endfacet
  facet normal 0 0 -1
    outer loop
      vertex 43.2332 -10.2627 6.45
      vertex 42.6364 -9.10307 6.45
      vertex 42.727 -8.74133 6.45
    endloop
  endfacet
  facet normal 0 0 -1
    outer loop
      vertex 43.2332 -10.2627 6.45
      vertex 42.5107 -9.45419 6.45
      vertex 42.6364 -9.10307 6.45
    endloop
  endfacet
  facet normal 0 0 -1
    outer loop
      vertex 41.9374 -10.4107 6.45
      vertex 42.7104 -11.0451 6.45
      vertex 42.3941 -11.3941 6.45
    endloop
  endfacet
  facet normal 0 0 -1
    outer loop
      vertex 43.2332 -10.2627 6.45
      vertex 42.3513 -9.79131 6.45
      vertex 42.5107 -9.45419 6.45
    endloop
  endfacet
  facet normal 0 0 -1
    outer loop
      vertex 42.991 -10.6667 6.45
      vertex 42.1596 -10.1112 6.45
      vertex 42.3513 -9.79131 6.45
    endloop
  endfacet
  facet normal 0 0 -1
    outer loop
      vertex 41.687 -10.687 6.45
      vertex 42.3941 -11.3941 6.45
      vertex 42.0451 -11.7104 6.45
    endloop
  endfacet
  facet normal 0 0 -1
    outer loop
      vertex 42.7104 -11.0451 6.45
      vertex 41.9374 -10.4107 6.45
      vertex 42.1596 -10.1112 6.45
    endloop
  endfacet
  facet normal 0 0 -1
    outer loop
      vertex 42.3941 -11.3941 6.45
      vertex 41.687 -10.687 6.45
      vertex 41.9374 -10.4107 6.45
    endloop
  endfacet
  facet normal 0 0 -1
    outer loop
      vertex 41.4107 -10.9374 6.45
      vertex 42.0451 -11.7104 6.45
      vertex 41.6667 -11.991 6.45
    endloop
  endfacet
  facet normal 0 0 -1
    outer loop
      vertex 42.0451 -11.7104 6.45
      vertex 41.4107 -10.9374 6.45
      vertex 41.687 -10.687 6.45
    endloop
  endfacet
  facet normal 0 0 -1
    outer loop
      vertex 41.1112 -11.1596 6.45
      vertex 41.6667 -11.991 6.45
      vertex 41.2627 -12.2332 6.45
    endloop
  endfacet
  facet normal 0 0 -1
    outer loop
      vertex 41.6667 -11.991 6.45
      vertex 41.1112 -11.1596 6.45
      vertex 41.4107 -10.9374 6.45
    endloop
  endfacet
  facet normal 0 0 -1
    outer loop
      vertex 40.7913 -11.3513 6.45
      vertex 41.2627 -12.2332 6.45
      vertex 40.8369 -12.4346 6.45
    endloop
  endfacet
  facet normal 0 0 -1
    outer loop
      vertex 41.2627 -12.2332 6.45
      vertex 40.7913 -11.3513 6.45
      vertex 41.1112 -11.1596 6.45
    endloop
  endfacet
  facet normal 0 0 -1
    outer loop
      vertex 40.8369 -12.4346 6.45
      vertex 40.4542 -11.5107 6.45
      vertex 40.7913 -11.3513 6.45
    endloop
  endfacet
  facet normal 0 0 -1
    outer loop
      vertex 40.3934 -12.5933 6.45
      vertex 40.4542 -11.5107 6.45
      vertex 40.8369 -12.4346 6.45
    endloop
  endfacet
  facet normal 0 0 -1
    outer loop
      vertex 40.3934 -12.5933 6.45
      vertex 40.1031 -11.6364 6.45
      vertex 40.4542 -11.5107 6.45
    endloop
  endfacet
  facet normal 0 0 -1
    outer loop
      vertex 39.9364 -12.7078 6.45
      vertex 40.1031 -11.6364 6.45
      vertex 40.3934 -12.5933 6.45
    endloop
  endfacet
  facet normal 0 0 -1
    outer loop
      vertex 39.9364 -12.7078 6.45
      vertex 39.7413 -11.727 6.45
      vertex 40.1031 -11.6364 6.45
    endloop
  endfacet
  facet normal 0 0 -1
    outer loop
      vertex 39.4705 -12.7769 6.45
      vertex 39.7413 -11.727 6.45
      vertex 39.9364 -12.7078 6.45
    endloop
  endfacet
  facet normal 0 0 -1
    outer loop
      vertex 39.4705 -12.7769 6.45
      vertex 39.3725 -11.7817 6.45
      vertex 39.7413 -11.727 6.45
    endloop
  endfacet
  facet normal 0 0 -1
    outer loop
      vertex 39 -12.8 6.45
      vertex 39.3725 -11.7817 6.45
      vertex 39.4705 -12.7769 6.45
    endloop
  endfacet
  facet normal 0 0 -1
    outer loop
      vertex 39 -12.8 6.45
      vertex 39 -11.8 6.45
      vertex 39.3725 -11.7817 6.45
    endloop
  endfacet
  facet normal 0 0 -1
    outer loop
      vertex 39 -12.8 6.45
      vertex 31.6443 -11.8 6.45
      vertex 39 -11.8 6.45
    endloop
  endfacet
  facet normal 0 0 -1
    outer loop
      vertex 39 -12.8 6.45
      vertex 31.4736 -12.0301 6.45
      vertex 31.6443 -11.8 6.45
    endloop
  endfacet
  facet normal 0 0 -1
    outer loop
      vertex 39 -12.8 6.45
      vertex 31.2627 -12.2627 6.45
      vertex 31.4736 -12.0301 6.45
    endloop
  endfacet
  facet normal 0 0 -1
    outer loop
      vertex 39 -12.8 6.45
      vertex 31.0301 -12.4736 6.45
      vertex 31.2627 -12.2627 6.45
    endloop
  endfacet
  facet normal 0 0 -1
    outer loop
      vertex 39 -12.8 6.45
      vertex 30.7778 -12.6607 6.45
      vertex 31.0301 -12.4736 6.45
    endloop
  endfacet
  facet normal 0 -0 -1
    outer loop
      vertex 30.7778 -12.6607 6.45
      vertex 39 -12.8 6.45
      vertex 30.5454 -12.8 6.45
    endloop
  endfacet
  facet normal 0 0 -1
    outer loop
      vertex 42.8 -8 6.45
      vertex 43.8 -8 6.45
      vertex 43.7769 -8.47047 6.45
    endloop
  endfacet
  facet normal 0 0 -1
    outer loop
      vertex 42.7817 -8.37245 6.45
      vertex 43.7769 -8.47047 6.45
      vertex 43.7078 -8.93643 6.45
    endloop
  endfacet
  facet normal 0 0 -1
    outer loop
      vertex 42.7817 -8.37245 6.45
      vertex 43.7078 -8.93643 6.45
      vertex 43.5933 -9.39336 6.45
    endloop
  endfacet
  facet normal 0 0 -1
    outer loop
      vertex 42.8 -4.72631 6.45
      vertex 43.8 -8 6.45
      vertex 42.8 -8 6.45
    endloop
  endfacet
  facet normal 0 0 -1
    outer loop
      vertex 42.7817 -8.37245 6.45
      vertex 43.5933 -9.39336 6.45
      vertex 43.4346 -9.83687 6.45
    endloop
  endfacet
  facet normal 0 0 -1
    outer loop
      vertex 42.7817 -8.37245 6.45
      vertex 43.4346 -9.83687 6.45
      vertex 43.2332 -10.2627 6.45
    endloop
  endfacet
  facet normal 0 0 -1
    outer loop
      vertex 43.8 -8 6.45
      vertex 43.4892 -4.25156 6.45
      vertex 43.8 -3.96984 6.45
    endloop
  endfacet
  facet normal 0 0 -1
    outer loop
      vertex 42.3513 -9.79131 6.45
      vertex 43.2332 -10.2627 6.45
      vertex 42.991 -10.6667 6.45
    endloop
  endfacet
  facet normal 0 0 -1
    outer loop
      vertex 43.8 -8 6.45
      vertex 43.0556 -4.57308 6.45
      vertex 43.4892 -4.25156 6.45
    endloop
  endfacet
  facet normal 0 0 -1
    outer loop
      vertex 43.8 -8 6.45
      vertex 42.8 -4.72631 6.45
      vertex 43.0556 -4.57308 6.45
    endloop
  endfacet
  facet normal 0 0 -1
    outer loop
      vertex 43.4892 4.25156 6.45
      vertex 43.8 8 6.45
      vertex 43.8 3.96984 6.45
    endloop
  endfacet
  facet normal 0 0 -1
    outer loop
      vertex 43.0556 4.57308 6.45
      vertex 43.8 8 6.45
      vertex 43.4892 4.25156 6.45
    endloop
  endfacet
  facet normal 0 0 -1
    outer loop
      vertex 42.8 4.72631 6.45
      vertex 43.8 8 6.45
      vertex 43.0556 4.57308 6.45
    endloop
  endfacet
  facet normal 0 0 -1
    outer loop
      vertex 42.7817 8.37245 6.45
      vertex 43.7769 8.47047 6.45
      vertex 42.8 8 6.45
    endloop
  endfacet
  facet normal -0 0 -1
    outer loop
      vertex 43.7769 8.47047 6.45
      vertex 42.7817 8.37245 6.45
      vertex 43.7078 8.93643 6.45
    endloop
  endfacet
  facet normal 0 0 -1
    outer loop
      vertex 42.727 8.74133 6.45
      vertex 43.7078 8.93643 6.45
      vertex 42.7817 8.37245 6.45
    endloop
  endfacet
  facet normal 0 0 -1
    outer loop
      vertex 43.8 8 6.45
      vertex 42.8 8 6.45
      vertex 43.7769 8.47047 6.45
    endloop
  endfacet
  facet normal -0 0 -1
    outer loop
      vertex 43.7078 8.93643 6.45
      vertex 42.727 8.74133 6.45
      vertex 43.5933 9.39336 6.45
    endloop
  endfacet
  facet normal -0 0 -1
    outer loop
      vertex 43.8 8 6.45
      vertex 42.8 4.72631 6.45
      vertex 42.8 8 6.45
    endloop
  endfacet
  facet normal 0 0 -1
    outer loop
      vertex 42.6364 9.10307 6.45
      vertex 43.5933 9.39336 6.45
      vertex 42.727 8.74133 6.45
    endloop
  endfacet
  facet normal -0 0 -1
    outer loop
      vertex 43.5933 9.39336 6.45
      vertex 42.6364 9.10307 6.45
      vertex 43.4346 9.83687 6.45
    endloop
  endfacet
  facet normal 0 0 -1
    outer loop
      vertex 42.5107 9.45419 6.45
      vertex 43.4346 9.83687 6.45
      vertex 42.6364 9.10307 6.45
    endloop
  endfacet
  facet normal -0 0 -1
    outer loop
      vertex 43.4346 9.83687 6.45
      vertex 42.5107 9.45419 6.45
      vertex 43.2332 10.2627 6.45
    endloop
  endfacet
  facet normal 0 0 -1
    outer loop
      vertex 42.3513 9.79131 6.45
      vertex 43.2332 10.2627 6.45
      vertex 42.5107 9.45419 6.45
    endloop
  endfacet
  facet normal -0 0 -1
    outer loop
      vertex 43.2332 10.2627 6.45
      vertex 42.3513 9.79131 6.45
      vertex 42.991 10.6667 6.45
    endloop
  endfacet
  facet normal 0 0 -1
    outer loop
      vertex 42.1596 10.1112 6.45
      vertex 42.991 10.6667 6.45
      vertex 42.3513 9.79131 6.45
    endloop
  endfacet
  facet normal -0 0 -1
    outer loop
      vertex 42.991 10.6667 6.45
      vertex 42.1596 10.1112 6.45
      vertex 42.7104 11.0451 6.45
    endloop
  endfacet
  facet normal 0 0 -1
    outer loop
      vertex 41.9374 10.4107 6.45
      vertex 42.7104 11.0451 6.45
      vertex 42.1596 10.1112 6.45
    endloop
  endfacet
  facet normal -0 0 -1
    outer loop
      vertex 42.7104 11.0451 6.45
      vertex 41.9374 10.4107 6.45
      vertex 42.3941 11.3941 6.45
    endloop
  endfacet
  facet normal 0 0 -1
    outer loop
      vertex 41.687 10.687 6.45
      vertex 42.3941 11.3941 6.45
      vertex 41.9374 10.4107 6.45
    endloop
  endfacet
  facet normal -0 0 -1
    outer loop
      vertex 42.3941 11.3941 6.45
      vertex 41.687 10.687 6.45
      vertex 42.0451 11.7104 6.45
    endloop
  endfacet
  facet normal 0 0 -1
    outer loop
      vertex 41.4107 10.9374 6.45
      vertex 42.0451 11.7104 6.45
      vertex 41.687 10.687 6.45
    endloop
  endfacet
  facet normal -0 0 -1
    outer loop
      vertex 42.0451 11.7104 6.45
      vertex 41.4107 10.9374 6.45
      vertex 41.6667 11.991 6.45
    endloop
  endfacet
  facet normal 0 0 -1
    outer loop
      vertex 41.1112 11.1596 6.45
      vertex 41.6667 11.991 6.45
      vertex 41.4107 10.9374 6.45
    endloop
  endfacet
  facet normal -0 0 -1
    outer loop
      vertex 41.6667 11.991 6.45
      vertex 41.1112 11.1596 6.45
      vertex 41.2627 12.2332 6.45
    endloop
  endfacet
  facet normal 0 0 -1
    outer loop
      vertex 40.7913 11.3513 6.45
      vertex 41.2627 12.2332 6.45
      vertex 41.1112 11.1596 6.45
    endloop
  endfacet
  facet normal -0 0 -1
    outer loop
      vertex 41.2627 12.2332 6.45
      vertex 40.7913 11.3513 6.45
      vertex 40.8369 12.4346 6.45
    endloop
  endfacet
  facet normal 0 0 -1
    outer loop
      vertex 40.4542 11.5107 6.45
      vertex 40.8369 12.4346 6.45
      vertex 40.7913 11.3513 6.45
    endloop
  endfacet
  facet normal 0 0 -1
    outer loop
      vertex 40.4542 11.5107 6.45
      vertex 40.3934 12.5933 6.45
      vertex 40.8369 12.4346 6.45
    endloop
  endfacet
  facet normal 0 0 -1
    outer loop
      vertex 40.1031 11.6364 6.45
      vertex 40.3934 12.5933 6.45
      vertex 40.4542 11.5107 6.45
    endloop
  endfacet
  facet normal 0 0 -1
    outer loop
      vertex 40.1031 11.6364 6.45
      vertex 39.9364 12.7078 6.45
      vertex 40.3934 12.5933 6.45
    endloop
  endfacet
  facet normal 0 0 -1
    outer loop
      vertex 39.7413 11.727 6.45
      vertex 39.9364 12.7078 6.45
      vertex 40.1031 11.6364 6.45
    endloop
  endfacet
  facet normal 0 0 -1
    outer loop
      vertex 39.7413 11.727 6.45
      vertex 39.4705 12.7769 6.45
      vertex 39.9364 12.7078 6.45
    endloop
  endfacet
  facet normal 0 0 -1
    outer loop
      vertex 39.3725 11.7817 6.45
      vertex 39.4705 12.7769 6.45
      vertex 39.7413 11.727 6.45
    endloop
  endfacet
  facet normal 0 0 -1
    outer loop
      vertex 39 11.8 6.45
      vertex 39.4705 12.7769 6.45
      vertex 39.3725 11.7817 6.45
    endloop
  endfacet
  facet normal 0 0 -1
    outer loop
      vertex 39 11.8 6.45
      vertex 39 12.8 6.45
      vertex 39.4705 12.7769 6.45
    endloop
  endfacet
  facet normal 0 0 -1
    outer loop
      vertex 31.6443 11.8 6.45
      vertex 39 12.8 6.45
      vertex 39 11.8 6.45
    endloop
  endfacet
  facet normal 0 0 -1
    outer loop
      vertex 31.4736 12.0301 6.45
      vertex 39 12.8 6.45
      vertex 31.6443 11.8 6.45
    endloop
  endfacet
  facet normal 0 0 -1
    outer loop
      vertex 31.2627 12.2627 6.45
      vertex 39 12.8 6.45
      vertex 31.4736 12.0301 6.45
    endloop
  endfacet
  facet normal 0 0 -1
    outer loop
      vertex 31.0301 12.4736 6.45
      vertex 39 12.8 6.45
      vertex 31.2627 12.2627 6.45
    endloop
  endfacet
  facet normal 0 0 -1
    outer loop
      vertex 30.7778 12.6607 6.45
      vertex 39 12.8 6.45
      vertex 31.0301 12.4736 6.45
    endloop
  endfacet
  facet normal -0 0 -1
    outer loop
      vertex 39 12.8 6.45
      vertex 30.7778 12.6607 6.45
      vertex 30.5454 12.8 6.45
    endloop
  endfacet
  facet normal 0 0 -1
    outer loop
      vertex 2.20001 8 6.45
      vertex 3.20001 8 6.45
      vertex 3.20001 7.65 6.45
    endloop
  endfacet
  facet normal 0 0 -1
    outer loop
      vertex 3.20001 8 6.45
      vertex 2.76678 10.2627 6.45
      vertex 3.00896 10.6667 6.45
    endloop
  endfacet
  facet normal 0 0 -1
    outer loop
      vertex 3.20001 8 6.45
      vertex 2.56538 9.83687 6.45
      vertex 2.76678 10.2627 6.45
    endloop
  endfacet
  facet normal 0 0 -1
    outer loop
      vertex 3.20001 8 6.45
      vertex 2.40669 9.39336 6.45
      vertex 2.56538 9.83687 6.45
    endloop
  endfacet
  facet normal 0 0 -1
    outer loop
      vertex 3.20001 8 6.45
      vertex 2.29224 8.93643 6.45
      vertex 2.40669 9.39336 6.45
    endloop
  endfacet
  facet normal 0 0 -1
    outer loop
      vertex 3.20001 8 6.45
      vertex 2.22311 8.47047 6.45
      vertex 2.29224 8.93643 6.45
    endloop
  endfacet
  facet normal 0 0 -1
    outer loop
      vertex 2.20001 8 6.45
      vertex 3.20001 7.65 6.45
      vertex 2.20001 7.65 6.45
    endloop
  endfacet
  facet normal 0 0 -1
    outer loop
      vertex 3.20001 8 6.45
      vertex 2.20001 8 6.45
      vertex 2.22311 8.47047 6.45
    endloop
  endfacet
  facet normal 0 0 -1
    outer loop
      vertex 7 12.8 6.45
      vertex 8.35573 11.8 6.45
      vertex 7 11.8 6.45
    endloop
  endfacet
  facet normal 0 0 -1
    outer loop
      vertex 8.35573 11.8 6.45
      vertex 7 12.8 6.45
      vertex 8.52637 12.0301 6.45
    endloop
  endfacet
  facet normal 0 0 -1
    outer loop
      vertex 8.52637 12.0301 6.45
      vertex 7 12.8 6.45
      vertex 8.73726 12.2627 6.45
    endloop
  endfacet
  facet normal 0 0 -1
    outer loop
      vertex 8.73726 12.2627 6.45
      vertex 7 12.8 6.45
      vertex 8.96994 12.4736 6.45
    endloop
  endfacet
  facet normal 0 0 -1
    outer loop
      vertex 8.96994 12.4736 6.45
      vertex 7 12.8 6.45
      vertex 9.22217 12.6607 6.45
    endloop
  endfacet
  facet normal 0 0 -1
    outer loop
      vertex 9.22217 12.6607 6.45
      vertex 7 12.8 6.45
      vertex 9.45456 12.8 6.45
    endloop
  endfacet
  facet normal 0 0 -1
    outer loop
      vertex 6.62755 11.7817 6.45
      vertex 7 12.8 6.45
      vertex 7 11.8 6.45
    endloop
  endfacet
  facet normal 0 0 -1
    outer loop
      vertex 6.62755 11.7817 6.45
      vertex 6.52953 12.7769 6.45
      vertex 7 12.8 6.45
    endloop
  endfacet
  facet normal 0 0 -1
    outer loop
      vertex 6.25867 11.727 6.45
      vertex 6.52953 12.7769 6.45
      vertex 6.62755 11.7817 6.45
    endloop
  endfacet
  facet normal 0 0 -1
    outer loop
      vertex 6.25867 11.727 6.45
      vertex 6.06357 12.7078 6.45
      vertex 6.52953 12.7769 6.45
    endloop
  endfacet
  facet normal 0 0 -1
    outer loop
      vertex 5.89693 11.6364 6.45
      vertex 6.06357 12.7078 6.45
      vertex 6.25867 11.727 6.45
    endloop
  endfacet
  facet normal 0 0 -1
    outer loop
      vertex 5.89693 11.6364 6.45
      vertex 5.60664 12.5933 6.45
      vertex 6.06357 12.7078 6.45
    endloop
  endfacet
  facet normal 0 0 -1
    outer loop
      vertex 5.54581 11.5107 6.45
      vertex 5.60664 12.5933 6.45
      vertex 5.89693 11.6364 6.45
    endloop
  endfacet
  facet normal 0 0 -1
    outer loop
      vertex 5.16313 12.4346 6.45
      vertex 5.54581 11.5107 6.45
      vertex 5.20869 11.3513 6.45
    endloop
  endfacet
  facet normal 0 0 -1
    outer loop
      vertex 5.54581 11.5107 6.45
      vertex 5.16313 12.4346 6.45
      vertex 5.60664 12.5933 6.45
    endloop
  endfacet
  facet normal 0 0 -1
    outer loop
      vertex 4.7373 12.2332 6.45
      vertex 5.20869 11.3513 6.45
      vertex 4.88884 11.1596 6.45
    endloop
  endfacet
  facet normal 0 0 -1
    outer loop
      vertex 5.20869 11.3513 6.45
      vertex 4.7373 12.2332 6.45
      vertex 5.16313 12.4346 6.45
    endloop
  endfacet
  facet normal 0 0 -1
    outer loop
      vertex 4.33327 11.991 6.45
      vertex 4.88884 11.1596 6.45
      vertex 4.58931 10.9374 6.45
    endloop
  endfacet
  facet normal 0 0 -1
    outer loop
      vertex 4.88884 11.1596 6.45
      vertex 4.33327 11.991 6.45
      vertex 4.7373 12.2332 6.45
    endloop
  endfacet
  facet normal 0 0 -1
    outer loop
      vertex 3.95493 11.7104 6.45
      vertex 4.58931 10.9374 6.45
      vertex 4.313 10.687 6.45
    endloop
  endfacet
  facet normal 0 0 -1
    outer loop
      vertex 3.6059 11.3941 6.45
      vertex 4.313 10.687 6.45
      vertex 4.06256 10.4107 6.45
    endloop
  endfacet
  facet normal 0 0 -1
    outer loop
      vertex 4.58931 10.9374 6.45
      vertex 3.95493 11.7104 6.45
      vertex 4.33327 11.991 6.45
    endloop
  endfacet
  facet normal 0 0 -1
    outer loop
      vertex 3.28955 11.0451 6.45
      vertex 4.06256 10.4107 6.45
      vertex 3.84042 10.1112 6.45
    endloop
  endfacet
  facet normal 0 0 -1
    outer loop
      vertex 3.00896 10.6667 6.45
      vertex 3.84042 10.1112 6.45
      vertex 3.64871 9.79131 6.45
    endloop
  endfacet
  facet normal 0 0 -1
    outer loop
      vertex 4.313 10.687 6.45
      vertex 3.6059 11.3941 6.45
      vertex 3.95493 11.7104 6.45
    endloop
  endfacet
  facet normal 0 0 -1
    outer loop
      vertex 3.00896 10.6667 6.45
      vertex 3.64871 9.79131 6.45
      vertex 3.48926 9.45419 6.45
    endloop
  endfacet
  facet normal 0 0 -1
    outer loop
      vertex 3.00896 10.6667 6.45
      vertex 3.48926 9.45419 6.45
      vertex 3.36363 9.10307 6.45
    endloop
  endfacet
  facet normal 0 0 -1
    outer loop
      vertex 4.06256 10.4107 6.45
      vertex 3.28955 11.0451 6.45
      vertex 3.6059 11.3941 6.45
    endloop
  endfacet
  facet normal 0 0 -1
    outer loop
      vertex 3.00896 10.6667 6.45
      vertex 3.36363 9.10307 6.45
      vertex 3.27303 8.74133 6.45
    endloop
  endfacet
  facet normal 0 0 -1
    outer loop
      vertex 3.00896 10.6667 6.45
      vertex 3.27303 8.74133 6.45
      vertex 3.21831 8.37245 6.45
    endloop
  endfacet
  facet normal 0 0 -1
    outer loop
      vertex 3.00896 10.6667 6.45
      vertex 3.21831 8.37245 6.45
      vertex 3.20001 8 6.45
    endloop
  endfacet
  facet normal 0 0 -1
    outer loop
      vertex 3.84042 10.1112 6.45
      vertex 3.00896 10.6667 6.45
      vertex 3.28955 11.0451 6.45
    endloop
  endfacet
  facet normal 0 0 -1
    outer loop
      vertex 7 -12.8 6.45
      vertex 9.22217 -12.6607 6.45
      vertex 9.45456 -12.8 6.45
    endloop
  endfacet
  facet normal 0 0 -1
    outer loop
      vertex 7 -12.8 6.45
      vertex 8.96994 -12.4736 6.45
      vertex 9.22217 -12.6607 6.45
    endloop
  endfacet
  facet normal 0 0 -1
    outer loop
      vertex 7 -12.8 6.45
      vertex 8.73726 -12.2627 6.45
      vertex 8.96994 -12.4736 6.45
    endloop
  endfacet
  facet normal 0 0 -1
    outer loop
      vertex 7 -12.8 6.45
      vertex 8.52637 -12.0301 6.45
      vertex 8.73726 -12.2627 6.45
    endloop
  endfacet
  facet normal 0 0 -1
    outer loop
      vertex 7 -12.8 6.45
      vertex 8.35573 -11.8 6.45
      vertex 8.52637 -12.0301 6.45
    endloop
  endfacet
  facet normal 0 0 -1
    outer loop
      vertex 7 -12.8 6.45
      vertex 7 -11.8 6.45
      vertex 8.35573 -11.8 6.45
    endloop
  endfacet
  facet normal 0 0 -1
    outer loop
      vertex 7 -12.8 6.45
      vertex 6.62755 -11.7817 6.45
      vertex 7 -11.8 6.45
    endloop
  endfacet
  facet normal 0 0 -1
    outer loop
      vertex 6.52953 -12.7769 6.45
      vertex 6.62755 -11.7817 6.45
      vertex 7 -12.8 6.45
    endloop
  endfacet
  facet normal 0 0 -1
    outer loop
      vertex 6.52953 -12.7769 6.45
      vertex 6.25867 -11.727 6.45
      vertex 6.62755 -11.7817 6.45
    endloop
  endfacet
  facet normal 0 0 -1
    outer loop
      vertex 6.06357 -12.7078 6.45
      vertex 6.25867 -11.727 6.45
      vertex 6.52953 -12.7769 6.45
    endloop
  endfacet
  facet normal 0 0 -1
    outer loop
      vertex 6.06357 -12.7078 6.45
      vertex 5.89693 -11.6364 6.45
      vertex 6.25867 -11.727 6.45
    endloop
  endfacet
  facet normal 0 0 -1
    outer loop
      vertex 5.60664 -12.5933 6.45
      vertex 5.89693 -11.6364 6.45
      vertex 6.06357 -12.7078 6.45
    endloop
  endfacet
  facet normal 0 0 -1
    outer loop
      vertex 5.60664 -12.5933 6.45
      vertex 5.54581 -11.5107 6.45
      vertex 5.89693 -11.6364 6.45
    endloop
  endfacet
  facet normal 0 0 -1
    outer loop
      vertex 5.16313 -12.4346 6.45
      vertex 5.54581 -11.5107 6.45
      vertex 5.60664 -12.5933 6.45
    endloop
  endfacet
  facet normal -0 0 -1
    outer loop
      vertex 5.54581 -11.5107 6.45
      vertex 5.16313 -12.4346 6.45
      vertex 5.20869 -11.3513 6.45
    endloop
  endfacet
  facet normal 0 0 -1
    outer loop
      vertex 4.7373 -12.2332 6.45
      vertex 5.20869 -11.3513 6.45
      vertex 5.16313 -12.4346 6.45
    endloop
  endfacet
  facet normal -0 0 -1
    outer loop
      vertex 5.20869 -11.3513 6.45
      vertex 4.7373 -12.2332 6.45
      vertex 4.88884 -11.1596 6.45
    endloop
  endfacet
  facet normal 0 0 -1
    outer loop
      vertex 4.33327 -11.991 6.45
      vertex 4.88884 -11.1596 6.45
      vertex 4.7373 -12.2332 6.45
    endloop
  endfacet
  facet normal -0 0 -1
    outer loop
      vertex 4.88884 -11.1596 6.45
      vertex 4.33327 -11.991 6.45
      vertex 4.58931 -10.9374 6.45
    endloop
  endfacet
  facet normal 0 0 -1
    outer loop
      vertex 3.95493 -11.7104 6.45
      vertex 4.58931 -10.9374 6.45
      vertex 4.33327 -11.991 6.45
    endloop
  endfacet
  facet normal -0 0 -1
    outer loop
      vertex 4.58931 -10.9374 6.45
      vertex 3.95493 -11.7104 6.45
      vertex 4.313 -10.687 6.45
    endloop
  endfacet
  facet normal 0 0 -1
    outer loop
      vertex 3.6059 -11.3941 6.45
      vertex 4.313 -10.687 6.45
      vertex 3.95493 -11.7104 6.45
    endloop
  endfacet
  facet normal -0 0 -1
    outer loop
      vertex 4.313 -10.687 6.45
      vertex 3.6059 -11.3941 6.45
      vertex 4.06256 -10.4107 6.45
    endloop
  endfacet
  facet normal 0 0 -1
    outer loop
      vertex 3.28955 -11.0451 6.45
      vertex 4.06256 -10.4107 6.45
      vertex 3.6059 -11.3941 6.45
    endloop
  endfacet
  facet normal -0 0 -1
    outer loop
      vertex 4.06256 -10.4107 6.45
      vertex 3.28955 -11.0451 6.45
      vertex 3.84042 -10.1112 6.45
    endloop
  endfacet
  facet normal 0 0 -1
    outer loop
      vertex 3.00896 -10.6667 6.45
      vertex 3.84042 -10.1112 6.45
      vertex 3.28955 -11.0451 6.45
    endloop
  endfacet
  facet normal -0 0 -1
    outer loop
      vertex 3.84042 -10.1112 6.45
      vertex 3.00896 -10.6667 6.45
      vertex 3.64871 -9.79131 6.45
    endloop
  endfacet
  facet normal 0 0 -1
    outer loop
      vertex 2.76678 -10.2627 6.45
      vertex 3.64871 -9.79131 6.45
      vertex 3.00896 -10.6667 6.45
    endloop
  endfacet
  facet normal -0 0 -1
    outer loop
      vertex 3.64871 -9.79131 6.45
      vertex 2.76678 -10.2627 6.45
      vertex 3.48926 -9.45419 6.45
    endloop
  endfacet
  facet normal 0 0 -1
    outer loop
      vertex 2.56538 -9.83687 6.45
      vertex 3.48926 -9.45419 6.45
      vertex 2.76678 -10.2627 6.45
    endloop
  endfacet
  facet normal -0 0 -1
    outer loop
      vertex 3.48926 -9.45419 6.45
      vertex 2.56538 -9.83687 6.45
      vertex 3.36363 -9.10307 6.45
    endloop
  endfacet
  facet normal 0 0 -1
    outer loop
      vertex 2.40669 -9.39336 6.45
      vertex 3.36363 -9.10307 6.45
      vertex 2.56538 -9.83687 6.45
    endloop
  endfacet
  facet normal -0 0 -1
    outer loop
      vertex 3.36363 -9.10307 6.45
      vertex 2.40669 -9.39336 6.45
      vertex 3.27303 -8.74133 6.45
    endloop
  endfacet
  facet normal 0 0 -1
    outer loop
      vertex 2.29224 -8.93643 6.45
      vertex 3.27303 -8.74133 6.45
      vertex 2.40669 -9.39336 6.45
    endloop
  endfacet
  facet normal -0 0 -1
    outer loop
      vertex 3.27303 -8.74133 6.45
      vertex 2.29224 -8.93643 6.45
      vertex 3.21831 -8.37245 6.45
    endloop
  endfacet
  facet normal 0 0 -1
    outer loop
      vertex 2.22311 -8.47047 6.45
      vertex 3.21831 -8.37245 6.45
      vertex 2.29224 -8.93643 6.45
    endloop
  endfacet
  facet normal -0 0 -1
    outer loop
      vertex 3.21831 -8.37245 6.45
      vertex 2.22311 -8.47047 6.45
      vertex 3.20001 -8 6.45
    endloop
  endfacet
  facet normal 0 0 -1
    outer loop
      vertex 2.20001 -8 6.45
      vertex 3.20001 -8 6.45
      vertex 2.22311 -8.47047 6.45
    endloop
  endfacet
  facet normal 0 0 -1
    outer loop
      vertex 3.20001 -8 6.45
      vertex 2.20001 -8 6.45
      vertex 3.20001 -7.65 6.45
    endloop
  endfacet
  facet normal -0 0 -1
    outer loop
      vertex 3.20001 -7.65 6.45
      vertex 2.20001 -8 6.45
      vertex 2.20001 -7.65 6.45
    endloop
  endfacet
  facet normal 0 0 -1
    outer loop
      vertex 13.6443 11.8 6.45
      vertex 26.5264 12.0301 6.45
      vertex 26.3557 11.8 6.45
    endloop
  endfacet
  facet normal 0 0 -1
    outer loop
      vertex 13.4736 12.0301 6.45
      vertex 26.5264 12.0301 6.45
      vertex 13.6443 11.8 6.45
    endloop
  endfacet
  facet normal 0 0 -1
    outer loop
      vertex 26.5264 12.0301 6.45
      vertex 13.4736 12.0301 6.45
      vertex 26.7373 12.2627 6.45
    endloop
  endfacet
  facet normal 0 0 -1
    outer loop
      vertex 13.2627 12.2627 6.45
      vertex 26.7373 12.2627 6.45
      vertex 13.4736 12.0301 6.45
    endloop
  endfacet
  facet normal 0 0 -1
    outer loop
      vertex 26.7373 12.2627 6.45
      vertex 13.2627 12.2627 6.45
      vertex 26.9699 12.4736 6.45
    endloop
  endfacet
  facet normal 0 0 -1
    outer loop
      vertex 13.0301 12.4736 6.45
      vertex 26.9699 12.4736 6.45
      vertex 13.2627 12.2627 6.45
    endloop
  endfacet
  facet normal 0 0 -1
    outer loop
      vertex 26.9699 12.4736 6.45
      vertex 13.0301 12.4736 6.45
      vertex 27.2222 12.6607 6.45
    endloop
  endfacet
  facet normal 0 0 -1
    outer loop
      vertex 12.7778 12.6607 6.45
      vertex 27.2222 12.6607 6.45
      vertex 13.0301 12.4736 6.45
    endloop
  endfacet
  facet normal 0 0 -1
    outer loop
      vertex 27.2222 12.6607 6.45
      vertex 12.7778 12.6607 6.45
      vertex 27.4546 12.8 6.45
    endloop
  endfacet
  facet normal -0 0 -1
    outer loop
      vertex 27.4546 12.8 6.45
      vertex 12.7778 12.6607 6.45
      vertex 12.5454 12.8 6.45
    endloop
  endfacet
  facet normal 0 0 -1
    outer loop
      vertex 26.5264 -12.0301 6.45
      vertex 13.6443 -11.8 6.45
      vertex 26.3557 -11.8 6.45
    endloop
  endfacet
  facet normal 0 0 -1
    outer loop
      vertex 13.4736 -12.0301 6.45
      vertex 26.5264 -12.0301 6.45
      vertex 26.7373 -12.2627 6.45
    endloop
  endfacet
  facet normal 0 0 -1
    outer loop
      vertex 13.2627 -12.2627 6.45
      vertex 26.7373 -12.2627 6.45
      vertex 26.9699 -12.4736 6.45
    endloop
  endfacet
  facet normal 0 0 -1
    outer loop
      vertex 13.0301 -12.4736 6.45
      vertex 26.9699 -12.4736 6.45
      vertex 27.2222 -12.6607 6.45
    endloop
  endfacet
  facet normal 0 0 -1
    outer loop
      vertex 12.7778 -12.6607 6.45
      vertex 27.2222 -12.6607 6.45
      vertex 27.4546 -12.8 6.45
    endloop
  endfacet
  facet normal 0 0 -1
    outer loop
      vertex 26.5264 -12.0301 6.45
      vertex 13.4736 -12.0301 6.45
      vertex 13.6443 -11.8 6.45
    endloop
  endfacet
  facet normal 0 0 -1
    outer loop
      vertex 26.7373 -12.2627 6.45
      vertex 13.2627 -12.2627 6.45
      vertex 13.4736 -12.0301 6.45
    endloop
  endfacet
  facet normal 0 0 -1
    outer loop
      vertex 26.9699 -12.4736 6.45
      vertex 13.0301 -12.4736 6.45
      vertex 13.2627 -12.2627 6.45
    endloop
  endfacet
  facet normal 0 0 -1
    outer loop
      vertex 27.2222 -12.6607 6.45
      vertex 12.7778 -12.6607 6.45
      vertex 13.0301 -12.4736 6.45
    endloop
  endfacet
  facet normal 0 -0 -1
    outer loop
      vertex 12.7778 -12.6607 6.45
      vertex 27.4546 -12.8 6.45
      vertex 12.5454 -12.8 6.45
    endloop
  endfacet
  facet normal 0 0 1
    outer loop
      vertex 2.20001 -8 7.45
      vertex 3.20001 -8 7.45
      vertex 3.20001 -7.65 7.45
    endloop
  endfacet
  facet normal 0 0 1
    outer loop
      vertex 3.20001 -8 7.45
      vertex 2.76678 -10.2627 7.45
      vertex 3.00896 -10.6667 7.45
    endloop
  endfacet
  facet normal 0 0 1
    outer loop
      vertex 3.20001 -8 7.45
      vertex 2.56538 -9.83687 7.45
      vertex 2.76678 -10.2627 7.45
    endloop
  endfacet
  facet normal 0 0 1
    outer loop
      vertex 3.20001 -8 7.45
      vertex 2.40669 -9.39336 7.45
      vertex 2.56538 -9.83687 7.45
    endloop
  endfacet
  facet normal 0 0 1
    outer loop
      vertex 3.20001 -8 7.45
      vertex 2.29224 -8.93643 7.45
      vertex 2.40669 -9.39336 7.45
    endloop
  endfacet
  facet normal 0 0 1
    outer loop
      vertex 3.20001 -8 7.45
      vertex 2.22311 -8.47047 7.45
      vertex 2.29224 -8.93643 7.45
    endloop
  endfacet
  facet normal 0 0 1
    outer loop
      vertex 2.20001 -8 7.45
      vertex 3.20001 -7.65 7.45
      vertex 2.20001 -7.65 7.45
    endloop
  endfacet
  facet normal 0 0 1
    outer loop
      vertex 3.20001 -8 7.45
      vertex 2.20001 -8 7.45
      vertex 2.22311 -8.47047 7.45
    endloop
  endfacet
  facet normal 0 0 1
    outer loop
      vertex 42.8 8 7.45
      vertex 43.8 8 7.45
      vertex 43.7769 8.47047 7.45
    endloop
  endfacet
  facet normal 0 0 1
    outer loop
      vertex 43.8 8 7.45
      vertex 42.8 8 7.45
      vertex 43.8 -8 7.45
    endloop
  endfacet
  facet normal 0 0 1
    outer loop
      vertex 42.7817 8.37245 7.45
      vertex 43.7769 8.47047 7.45
      vertex 43.7078 8.93643 7.45
    endloop
  endfacet
  facet normal 0 0 1
    outer loop
      vertex 42.8 -8 7.45
      vertex 43.8 -8 7.45
      vertex 42.8 8 7.45
    endloop
  endfacet
  facet normal 0 0 1
    outer loop
      vertex 42.727 8.74133 7.45
      vertex 43.7078 8.93643 7.45
      vertex 43.5933 9.39336 7.45
    endloop
  endfacet
  facet normal 0 0 1
    outer loop
      vertex 43.8 -8 7.45
      vertex 42.8 -8 7.45
      vertex 43.7769 -8.47047 7.45
    endloop
  endfacet
  facet normal 0 0 1
    outer loop
      vertex 42.6364 9.10307 7.45
      vertex 43.5933 9.39336 7.45
      vertex 43.4346 9.83687 7.45
    endloop
  endfacet
  facet normal -0 0 1
    outer loop
      vertex 42.7817 -8.37245 7.45
      vertex 43.7769 -8.47047 7.45
      vertex 42.8 -8 7.45
    endloop
  endfacet
  facet normal 0 0 1
    outer loop
      vertex 42.5107 9.45419 7.45
      vertex 43.4346 9.83687 7.45
      vertex 43.2332 10.2627 7.45
    endloop
  endfacet
  facet normal 0 0 1
    outer loop
      vertex 43.7769 -8.47047 7.45
      vertex 42.7817 -8.37245 7.45
      vertex 43.7078 -8.93643 7.45
    endloop
  endfacet
  facet normal 0 0 1
    outer loop
      vertex 42.3513 9.79131 7.45
      vertex 43.2332 10.2627 7.45
      vertex 42.991 10.6667 7.45
    endloop
  endfacet
  facet normal -0 0 1
    outer loop
      vertex 42.727 -8.74133 7.45
      vertex 43.7078 -8.93643 7.45
      vertex 42.7817 -8.37245 7.45
    endloop
  endfacet
  facet normal 0 0 1
    outer loop
      vertex 43.7078 -8.93643 7.45
      vertex 42.727 -8.74133 7.45
      vertex 43.5933 -9.39336 7.45
    endloop
  endfacet
  facet normal 0 0 1
    outer loop
      vertex 43.7769 8.47047 7.45
      vertex 42.7817 8.37245 7.45
      vertex 42.8 8 7.45
    endloop
  endfacet
  facet normal 0 0 1
    outer loop
      vertex 43.7078 8.93643 7.45
      vertex 42.727 8.74133 7.45
      vertex 42.7817 8.37245 7.45
    endloop
  endfacet
  facet normal 0 0 1
    outer loop
      vertex 42.1596 10.1112 7.45
      vertex 42.991 10.6667 7.45
      vertex 42.7104 11.0451 7.45
    endloop
  endfacet
  facet normal 0 0 1
    outer loop
      vertex 43.5933 9.39336 7.45
      vertex 42.6364 9.10307 7.45
      vertex 42.727 8.74133 7.45
    endloop
  endfacet
  facet normal 0 0 1
    outer loop
      vertex 43.4346 9.83687 7.45
      vertex 42.5107 9.45419 7.45
      vertex 42.6364 9.10307 7.45
    endloop
  endfacet
  facet normal 0 0 1
    outer loop
      vertex 41.9374 10.4107 7.45
      vertex 42.7104 11.0451 7.45
      vertex 42.3941 11.3941 7.45
    endloop
  endfacet
  facet normal 0 0 1
    outer loop
      vertex 43.2332 10.2627 7.45
      vertex 42.3513 9.79131 7.45
      vertex 42.5107 9.45419 7.45
    endloop
  endfacet
  facet normal 0 0 1
    outer loop
      vertex 42.991 10.6667 7.45
      vertex 42.1596 10.1112 7.45
      vertex 42.3513 9.79131 7.45
    endloop
  endfacet
  facet normal 0 0 1
    outer loop
      vertex 41.687 10.687 7.45
      vertex 42.3941 11.3941 7.45
      vertex 42.0451 11.7104 7.45
    endloop
  endfacet
  facet normal 0 0 1
    outer loop
      vertex 42.7104 11.0451 7.45
      vertex 41.9374 10.4107 7.45
      vertex 42.1596 10.1112 7.45
    endloop
  endfacet
  facet normal 0 0 1
    outer loop
      vertex 42.3941 11.3941 7.45
      vertex 41.687 10.687 7.45
      vertex 41.9374 10.4107 7.45
    endloop
  endfacet
  facet normal 0 0 1
    outer loop
      vertex 41.4107 10.9374 7.45
      vertex 42.0451 11.7104 7.45
      vertex 41.6667 11.991 7.45
    endloop
  endfacet
  facet normal 0 0 1
    outer loop
      vertex 42.0451 11.7104 7.45
      vertex 41.4107 10.9374 7.45
      vertex 41.687 10.687 7.45
    endloop
  endfacet
  facet normal 0 0 1
    outer loop
      vertex 41.1112 11.1596 7.45
      vertex 41.6667 11.991 7.45
      vertex 41.2627 12.2332 7.45
    endloop
  endfacet
  facet normal 0 0 1
    outer loop
      vertex 41.6667 11.991 7.45
      vertex 41.1112 11.1596 7.45
      vertex 41.4107 10.9374 7.45
    endloop
  endfacet
  facet normal 0 0 1
    outer loop
      vertex 40.7913 11.3513 7.45
      vertex 41.2627 12.2332 7.45
      vertex 40.8369 12.4346 7.45
    endloop
  endfacet
  facet normal 0 0 1
    outer loop
      vertex 41.2627 12.2332 7.45
      vertex 40.7913 11.3513 7.45
      vertex 41.1112 11.1596 7.45
    endloop
  endfacet
  facet normal 0 0 1
    outer loop
      vertex 40.8369 12.4346 7.45
      vertex 40.4542 11.5107 7.45
      vertex 40.7913 11.3513 7.45
    endloop
  endfacet
  facet normal 0 0 1
    outer loop
      vertex 40.3934 12.5933 7.45
      vertex 40.4542 11.5107 7.45
      vertex 40.8369 12.4346 7.45
    endloop
  endfacet
  facet normal 0 0 1
    outer loop
      vertex 40.3934 12.5933 7.45
      vertex 40.1031 11.6364 7.45
      vertex 40.4542 11.5107 7.45
    endloop
  endfacet
  facet normal 0 0 1
    outer loop
      vertex 39.9364 12.7078 7.45
      vertex 40.1031 11.6364 7.45
      vertex 40.3934 12.5933 7.45
    endloop
  endfacet
  facet normal 0 0 1
    outer loop
      vertex 39.9364 12.7078 7.45
      vertex 39.7413 11.727 7.45
      vertex 40.1031 11.6364 7.45
    endloop
  endfacet
  facet normal 0 0 1
    outer loop
      vertex 39.4705 12.7769 7.45
      vertex 39.7413 11.727 7.45
      vertex 39.9364 12.7078 7.45
    endloop
  endfacet
  facet normal 0 0 1
    outer loop
      vertex 39.4705 12.7769 7.45
      vertex 39.3725 11.7817 7.45
      vertex 39.7413 11.727 7.45
    endloop
  endfacet
  facet normal 0 0 1
    outer loop
      vertex 39 12.8 7.45
      vertex 39.3725 11.7817 7.45
      vertex 39.4705 12.7769 7.45
    endloop
  endfacet
  facet normal 0 0 1
    outer loop
      vertex 39 12.8 7.45
      vertex 39 11.8 7.45
      vertex 39.3725 11.7817 7.45
    endloop
  endfacet
  facet normal -0 0 1
    outer loop
      vertex 7 12.8 7.45
      vertex 39 11.8 7.45
      vertex 39 12.8 7.45
    endloop
  endfacet
  facet normal 0 0 1
    outer loop
      vertex 7 12.8 7.45
      vertex 7 11.8 7.45
      vertex 39 11.8 7.45
    endloop
  endfacet
  facet normal 0 0 1
    outer loop
      vertex 7 12.8 7.45
      vertex 6.62755 11.7817 7.45
      vertex 7 11.8 7.45
    endloop
  endfacet
  facet normal -0 0 1
    outer loop
      vertex 6.52953 12.7769 7.45
      vertex 6.62755 11.7817 7.45
      vertex 7 12.8 7.45
    endloop
  endfacet
  facet normal 0 0 1
    outer loop
      vertex 6.52953 12.7769 7.45
      vertex 6.25867 11.727 7.45
      vertex 6.62755 11.7817 7.45
    endloop
  endfacet
  facet normal -0 0 1
    outer loop
      vertex 6.06357 12.7078 7.45
      vertex 6.25867 11.727 7.45
      vertex 6.52953 12.7769 7.45
    endloop
  endfacet
  facet normal 0 0 1
    outer loop
      vertex 6.06357 12.7078 7.45
      vertex 5.89693 11.6364 7.45
      vertex 6.25867 11.727 7.45
    endloop
  endfacet
  facet normal -0 0 1
    outer loop
      vertex 5.60664 12.5933 7.45
      vertex 5.89693 11.6364 7.45
      vertex 6.06357 12.7078 7.45
    endloop
  endfacet
  facet normal 0 0 1
    outer loop
      vertex 5.60664 12.5933 7.45
      vertex 5.54581 11.5107 7.45
      vertex 5.89693 11.6364 7.45
    endloop
  endfacet
  facet normal -0 0 1
    outer loop
      vertex 5.16313 12.4346 7.45
      vertex 5.54581 11.5107 7.45
      vertex 5.60664 12.5933 7.45
    endloop
  endfacet
  facet normal 0 0 1
    outer loop
      vertex 5.54581 11.5107 7.45
      vertex 5.16313 12.4346 7.45
      vertex 5.20869 11.3513 7.45
    endloop
  endfacet
  facet normal -0 0 1
    outer loop
      vertex 4.7373 12.2332 7.45
      vertex 5.20869 11.3513 7.45
      vertex 5.16313 12.4346 7.45
    endloop
  endfacet
  facet normal 0 0 1
    outer loop
      vertex 5.20869 11.3513 7.45
      vertex 4.7373 12.2332 7.45
      vertex 4.88884 11.1596 7.45
    endloop
  endfacet
  facet normal -0 0 1
    outer loop
      vertex 4.33327 11.991 7.45
      vertex 4.88884 11.1596 7.45
      vertex 4.7373 12.2332 7.45
    endloop
  endfacet
  facet normal 0 0 1
    outer loop
      vertex 4.88884 11.1596 7.45
      vertex 4.33327 11.991 7.45
      vertex 4.58931 10.9374 7.45
    endloop
  endfacet
  facet normal -0 0 1
    outer loop
      vertex 3.95493 11.7104 7.45
      vertex 4.58931 10.9374 7.45
      vertex 4.33327 11.991 7.45
    endloop
  endfacet
  facet normal 0 0 1
    outer loop
      vertex 4.58931 10.9374 7.45
      vertex 3.95493 11.7104 7.45
      vertex 4.313 10.687 7.45
    endloop
  endfacet
  facet normal -0 0 1
    outer loop
      vertex 3.6059 11.3941 7.45
      vertex 4.313 10.687 7.45
      vertex 3.95493 11.7104 7.45
    endloop
  endfacet
  facet normal 0 0 1
    outer loop
      vertex 4.313 10.687 7.45
      vertex 3.6059 11.3941 7.45
      vertex 4.06256 10.4107 7.45
    endloop
  endfacet
  facet normal -0 0 1
    outer loop
      vertex 3.28955 11.0451 7.45
      vertex 4.06256 10.4107 7.45
      vertex 3.6059 11.3941 7.45
    endloop
  endfacet
  facet normal 0 0 1
    outer loop
      vertex 4.06256 10.4107 7.45
      vertex 3.28955 11.0451 7.45
      vertex 3.84042 10.1112 7.45
    endloop
  endfacet
  facet normal -0 0 1
    outer loop
      vertex 3.00896 10.6667 7.45
      vertex 3.84042 10.1112 7.45
      vertex 3.28955 11.0451 7.45
    endloop
  endfacet
  facet normal 0 0 1
    outer loop
      vertex 3.84042 10.1112 7.45
      vertex 3.00896 10.6667 7.45
      vertex 3.64871 9.79131 7.45
    endloop
  endfacet
  facet normal -0 0 1
    outer loop
      vertex 2.76678 10.2627 7.45
      vertex 3.64871 9.79131 7.45
      vertex 3.00896 10.6667 7.45
    endloop
  endfacet
  facet normal 0 0 1
    outer loop
      vertex 3.64871 9.79131 7.45
      vertex 2.76678 10.2627 7.45
      vertex 3.48926 9.45419 7.45
    endloop
  endfacet
  facet normal -0 0 1
    outer loop
      vertex 2.56538 9.83687 7.45
      vertex 3.48926 9.45419 7.45
      vertex 2.76678 10.2627 7.45
    endloop
  endfacet
  facet normal 0 0 1
    outer loop
      vertex 3.48926 9.45419 7.45
      vertex 2.56538 9.83687 7.45
      vertex 3.36363 9.10307 7.45
    endloop
  endfacet
  facet normal -0 0 1
    outer loop
      vertex 2.40669 9.39336 7.45
      vertex 3.36363 9.10307 7.45
      vertex 2.56538 9.83687 7.45
    endloop
  endfacet
  facet normal 0 0 1
    outer loop
      vertex 3.36363 9.10307 7.45
      vertex 2.40669 9.39336 7.45
      vertex 3.27303 8.74133 7.45
    endloop
  endfacet
  facet normal -0 0 1
    outer loop
      vertex 2.29224 8.93643 7.45
      vertex 3.27303 8.74133 7.45
      vertex 2.40669 9.39336 7.45
    endloop
  endfacet
  facet normal 0 0 1
    outer loop
      vertex 3.27303 8.74133 7.45
      vertex 2.29224 8.93643 7.45
      vertex 3.21831 8.37245 7.45
    endloop
  endfacet
  facet normal -0 0 1
    outer loop
      vertex 2.22311 8.47047 7.45
      vertex 3.21831 8.37245 7.45
      vertex 2.29224 8.93643 7.45
    endloop
  endfacet
  facet normal 0 0 1
    outer loop
      vertex 3.21831 8.37245 7.45
      vertex 2.22311 8.47047 7.45
      vertex 3.20001 8 7.45
    endloop
  endfacet
  facet normal 0 0 1
    outer loop
      vertex 2.20001 8 7.45
      vertex 3.20001 8 7.45
      vertex 2.22311 8.47047 7.45
    endloop
  endfacet
  facet normal 0 0 1
    outer loop
      vertex 3.20001 8 7.45
      vertex 2.20001 8 7.45
      vertex 3.20001 7.65 7.45
    endloop
  endfacet
  facet normal 0 0 1
    outer loop
      vertex 3.20001 7.65 7.45
      vertex 2.20001 8 7.45
      vertex 2.20001 7.65 7.45
    endloop
  endfacet
  facet normal -0 0 1
    outer loop
      vertex 42.6364 -9.10307 7.45
      vertex 43.5933 -9.39336 7.45
      vertex 42.727 -8.74133 7.45
    endloop
  endfacet
  facet normal 0 0 1
    outer loop
      vertex 43.5933 -9.39336 7.45
      vertex 42.6364 -9.10307 7.45
      vertex 43.4346 -9.83687 7.45
    endloop
  endfacet
  facet normal -0 0 1
    outer loop
      vertex 42.5107 -9.45419 7.45
      vertex 43.4346 -9.83687 7.45
      vertex 42.6364 -9.10307 7.45
    endloop
  endfacet
  facet normal 0 0 1
    outer loop
      vertex 43.4346 -9.83687 7.45
      vertex 42.5107 -9.45419 7.45
      vertex 43.2332 -10.2627 7.45
    endloop
  endfacet
  facet normal -0 0 1
    outer loop
      vertex 42.3513 -9.79131 7.45
      vertex 43.2332 -10.2627 7.45
      vertex 42.5107 -9.45419 7.45
    endloop
  endfacet
  facet normal 0 0 1
    outer loop
      vertex 43.2332 -10.2627 7.45
      vertex 42.3513 -9.79131 7.45
      vertex 42.991 -10.6667 7.45
    endloop
  endfacet
  facet normal -0 0 1
    outer loop
      vertex 42.1596 -10.1112 7.45
      vertex 42.991 -10.6667 7.45
      vertex 42.3513 -9.79131 7.45
    endloop
  endfacet
  facet normal 0 0 1
    outer loop
      vertex 42.991 -10.6667 7.45
      vertex 42.1596 -10.1112 7.45
      vertex 42.7104 -11.0451 7.45
    endloop
  endfacet
  facet normal -0 0 1
    outer loop
      vertex 41.9374 -10.4107 7.45
      vertex 42.7104 -11.0451 7.45
      vertex 42.1596 -10.1112 7.45
    endloop
  endfacet
  facet normal 0 0 1
    outer loop
      vertex 42.7104 -11.0451 7.45
      vertex 41.9374 -10.4107 7.45
      vertex 42.3941 -11.3941 7.45
    endloop
  endfacet
  facet normal -0 0 1
    outer loop
      vertex 41.687 -10.687 7.45
      vertex 42.3941 -11.3941 7.45
      vertex 41.9374 -10.4107 7.45
    endloop
  endfacet
  facet normal 0 0 1
    outer loop
      vertex 42.3941 -11.3941 7.45
      vertex 41.687 -10.687 7.45
      vertex 42.0451 -11.7104 7.45
    endloop
  endfacet
  facet normal -0 0 1
    outer loop
      vertex 41.4107 -10.9374 7.45
      vertex 42.0451 -11.7104 7.45
      vertex 41.687 -10.687 7.45
    endloop
  endfacet
  facet normal 0 0 1
    outer loop
      vertex 42.0451 -11.7104 7.45
      vertex 41.4107 -10.9374 7.45
      vertex 41.6667 -11.991 7.45
    endloop
  endfacet
  facet normal -0 0 1
    outer loop
      vertex 41.1112 -11.1596 7.45
      vertex 41.6667 -11.991 7.45
      vertex 41.4107 -10.9374 7.45
    endloop
  endfacet
  facet normal 0 0 1
    outer loop
      vertex 41.6667 -11.991 7.45
      vertex 41.1112 -11.1596 7.45
      vertex 41.2627 -12.2332 7.45
    endloop
  endfacet
  facet normal -0 0 1
    outer loop
      vertex 40.7913 -11.3513 7.45
      vertex 41.2627 -12.2332 7.45
      vertex 41.1112 -11.1596 7.45
    endloop
  endfacet
  facet normal 0 0 1
    outer loop
      vertex 41.2627 -12.2332 7.45
      vertex 40.7913 -11.3513 7.45
      vertex 40.8369 -12.4346 7.45
    endloop
  endfacet
  facet normal -0 0 1
    outer loop
      vertex 40.4542 -11.5107 7.45
      vertex 40.8369 -12.4346 7.45
      vertex 40.7913 -11.3513 7.45
    endloop
  endfacet
  facet normal 0 0 1
    outer loop
      vertex 40.4542 -11.5107 7.45
      vertex 40.3934 -12.5933 7.45
      vertex 40.8369 -12.4346 7.45
    endloop
  endfacet
  facet normal -0 0 1
    outer loop
      vertex 40.1031 -11.6364 7.45
      vertex 40.3934 -12.5933 7.45
      vertex 40.4542 -11.5107 7.45
    endloop
  endfacet
  facet normal 0 0 1
    outer loop
      vertex 40.1031 -11.6364 7.45
      vertex 39.9364 -12.7078 7.45
      vertex 40.3934 -12.5933 7.45
    endloop
  endfacet
  facet normal -0 0 1
    outer loop
      vertex 39.7413 -11.727 7.45
      vertex 39.9364 -12.7078 7.45
      vertex 40.1031 -11.6364 7.45
    endloop
  endfacet
  facet normal 0 0 1
    outer loop
      vertex 39.7413 -11.727 7.45
      vertex 39.4705 -12.7769 7.45
      vertex 39.9364 -12.7078 7.45
    endloop
  endfacet
  facet normal -0 0 1
    outer loop
      vertex 39.3725 -11.7817 7.45
      vertex 39.4705 -12.7769 7.45
      vertex 39.7413 -11.727 7.45
    endloop
  endfacet
  facet normal -0 0 1
    outer loop
      vertex 39 -11.8 7.45
      vertex 39.4705 -12.7769 7.45
      vertex 39.3725 -11.7817 7.45
    endloop
  endfacet
  facet normal 0 0 1
    outer loop
      vertex 39 -11.8 7.45
      vertex 39 -12.8 7.45
      vertex 39.4705 -12.7769 7.45
    endloop
  endfacet
  facet normal -0 0 1
    outer loop
      vertex 7 -11.8 7.45
      vertex 39 -12.8 7.45
      vertex 39 -11.8 7.45
    endloop
  endfacet
  facet normal 0 0 1
    outer loop
      vertex 7 -11.8 7.45
      vertex 7 -12.8 7.45
      vertex 39 -12.8 7.45
    endloop
  endfacet
  facet normal 0 0 1
    outer loop
      vertex 6.62755 -11.7817 7.45
      vertex 7 -12.8 7.45
      vertex 7 -11.8 7.45
    endloop
  endfacet
  facet normal 0 0 1
    outer loop
      vertex 6.62755 -11.7817 7.45
      vertex 6.52953 -12.7769 7.45
      vertex 7 -12.8 7.45
    endloop
  endfacet
  facet normal 0 0 1
    outer loop
      vertex 6.25867 -11.727 7.45
      vertex 6.52953 -12.7769 7.45
      vertex 6.62755 -11.7817 7.45
    endloop
  endfacet
  facet normal 0 0 1
    outer loop
      vertex 6.25867 -11.727 7.45
      vertex 6.06357 -12.7078 7.45
      vertex 6.52953 -12.7769 7.45
    endloop
  endfacet
  facet normal 0 0 1
    outer loop
      vertex 5.89693 -11.6364 7.45
      vertex 6.06357 -12.7078 7.45
      vertex 6.25867 -11.727 7.45
    endloop
  endfacet
  facet normal 0 0 1
    outer loop
      vertex 5.89693 -11.6364 7.45
      vertex 5.60664 -12.5933 7.45
      vertex 6.06357 -12.7078 7.45
    endloop
  endfacet
  facet normal 0 0 1
    outer loop
      vertex 5.54581 -11.5107 7.45
      vertex 5.60664 -12.5933 7.45
      vertex 5.89693 -11.6364 7.45
    endloop
  endfacet
  facet normal 0 0 1
    outer loop
      vertex 5.16313 -12.4346 7.45
      vertex 5.54581 -11.5107 7.45
      vertex 5.20869 -11.3513 7.45
    endloop
  endfacet
  facet normal 0 0 1
    outer loop
      vertex 5.54581 -11.5107 7.45
      vertex 5.16313 -12.4346 7.45
      vertex 5.60664 -12.5933 7.45
    endloop
  endfacet
  facet normal 0 0 1
    outer loop
      vertex 4.7373 -12.2332 7.45
      vertex 5.20869 -11.3513 7.45
      vertex 4.88884 -11.1596 7.45
    endloop
  endfacet
  facet normal 0 0 1
    outer loop
      vertex 5.20869 -11.3513 7.45
      vertex 4.7373 -12.2332 7.45
      vertex 5.16313 -12.4346 7.45
    endloop
  endfacet
  facet normal 0 0 1
    outer loop
      vertex 4.33327 -11.991 7.45
      vertex 4.88884 -11.1596 7.45
      vertex 4.58931 -10.9374 7.45
    endloop
  endfacet
  facet normal 0 0 1
    outer loop
      vertex 4.88884 -11.1596 7.45
      vertex 4.33327 -11.991 7.45
      vertex 4.7373 -12.2332 7.45
    endloop
  endfacet
  facet normal 0 0 1
    outer loop
      vertex 3.95493 -11.7104 7.45
      vertex 4.58931 -10.9374 7.45
      vertex 4.313 -10.687 7.45
    endloop
  endfacet
  facet normal 0 0 1
    outer loop
      vertex 3.6059 -11.3941 7.45
      vertex 4.313 -10.687 7.45
      vertex 4.06256 -10.4107 7.45
    endloop
  endfacet
  facet normal 0 0 1
    outer loop
      vertex 4.58931 -10.9374 7.45
      vertex 3.95493 -11.7104 7.45
      vertex 4.33327 -11.991 7.45
    endloop
  endfacet
  facet normal 0 0 1
    outer loop
      vertex 3.28955 -11.0451 7.45
      vertex 4.06256 -10.4107 7.45
      vertex 3.84042 -10.1112 7.45
    endloop
  endfacet
  facet normal 0 0 1
    outer loop
      vertex 3.00896 -10.6667 7.45
      vertex 3.84042 -10.1112 7.45
      vertex 3.64871 -9.79131 7.45
    endloop
  endfacet
  facet normal 0 0 1
    outer loop
      vertex 4.313 -10.687 7.45
      vertex 3.6059 -11.3941 7.45
      vertex 3.95493 -11.7104 7.45
    endloop
  endfacet
  facet normal 0 0 1
    outer loop
      vertex 3.00896 -10.6667 7.45
      vertex 3.64871 -9.79131 7.45
      vertex 3.48926 -9.45419 7.45
    endloop
  endfacet
  facet normal 0 0 1
    outer loop
      vertex 3.00896 -10.6667 7.45
      vertex 3.48926 -9.45419 7.45
      vertex 3.36363 -9.10307 7.45
    endloop
  endfacet
  facet normal 0 0 1
    outer loop
      vertex 4.06256 -10.4107 7.45
      vertex 3.28955 -11.0451 7.45
      vertex 3.6059 -11.3941 7.45
    endloop
  endfacet
  facet normal 0 0 1
    outer loop
      vertex 3.00896 -10.6667 7.45
      vertex 3.36363 -9.10307 7.45
      vertex 3.27303 -8.74133 7.45
    endloop
  endfacet
  facet normal 0 0 1
    outer loop
      vertex 3.00896 -10.6667 7.45
      vertex 3.27303 -8.74133 7.45
      vertex 3.21831 -8.37245 7.45
    endloop
  endfacet
  facet normal 0 0 1
    outer loop
      vertex 3.00896 -10.6667 7.45
      vertex 3.21831 -8.37245 7.45
      vertex 3.20001 -8 7.45
    endloop
  endfacet
  facet normal 0 0 1
    outer loop
      vertex 3.84042 -10.1112 7.45
      vertex 3.00896 -10.6667 7.45
      vertex 3.28955 -11.0451 7.45
    endloop
  endfacet
  facet normal 0.0490749 0.998795 -0
    outer loop
      vertex 7 -11.8 6.45
      vertex 6.62755 -11.7817 7.45
      vertex 7 -11.8 7.45
    endloop
  endfacet
  facet normal 0.0490749 0.998795 0
    outer loop
      vertex 6.62755 -11.7817 7.45
      vertex 7 -11.8 6.45
      vertex 6.62755 -11.7817 6.45
    endloop
  endfacet
  facet normal 0.146683 0.989184 -0
    outer loop
      vertex 6.62755 -11.7817 6.45
      vertex 6.25867 -11.727 7.45
      vertex 6.62755 -11.7817 7.45
    endloop
  endfacet
  facet normal 0.146683 0.989184 0
    outer loop
      vertex 6.25867 -11.727 7.45
      vertex 6.62755 -11.7817 6.45
      vertex 6.25867 -11.727 6.45
    endloop
  endfacet
  facet normal 0.242952 0.970038 -0
    outer loop
      vertex 6.25867 -11.727 6.45
      vertex 5.89693 -11.6364 7.45
      vertex 6.25867 -11.727 7.45
    endloop
  endfacet
  facet normal 0.242952 0.970038 0
    outer loop
      vertex 5.89693 -11.6364 7.45
      vertex 6.25867 -11.727 6.45
      vertex 5.89693 -11.6364 6.45
    endloop
  endfacet
  facet normal 0.33705 0.941487 -0
    outer loop
      vertex 5.89693 -11.6364 6.45
      vertex 5.54581 -11.5107 7.45
      vertex 5.89693 -11.6364 7.45
    endloop
  endfacet
  facet normal 0.33705 0.941487 0
    outer loop
      vertex 5.54581 -11.5107 7.45
      vertex 5.89693 -11.6364 6.45
      vertex 5.54581 -11.5107 6.45
    endloop
  endfacet
  facet normal 0.427455 0.904037 -0
    outer loop
      vertex 5.54581 -11.5107 6.45
      vertex 5.20869 -11.3513 7.45
      vertex 5.54581 -11.5107 7.45
    endloop
  endfacet
  facet normal 0.427455 0.904037 0
    outer loop
      vertex 5.20869 -11.3513 7.45
      vertex 5.54581 -11.5107 6.45
      vertex 5.20869 -11.3513 6.45
    endloop
  endfacet
  facet normal 0.514082 0.857741 -0
    outer loop
      vertex 5.20869 -11.3513 6.45
      vertex 4.88884 -11.1596 7.45
      vertex 5.20869 -11.3513 7.45
    endloop
  endfacet
  facet normal 0.514082 0.857741 0
    outer loop
      vertex 4.88884 -11.1596 7.45
      vertex 5.20869 -11.3513 6.45
      vertex 4.88884 -11.1596 6.45
    endloop
  endfacet
  facet normal 0.595792 0.803139 -0
    outer loop
      vertex 4.88884 -11.1596 6.45
      vertex 4.58931 -10.9374 7.45
      vertex 4.88884 -11.1596 7.45
    endloop
  endfacet
  facet normal 0.595792 0.803139 0
    outer loop
      vertex 4.58931 -10.9374 7.45
      vertex 4.88884 -11.1596 6.45
      vertex 4.58931 -10.9374 6.45
    endloop
  endfacet
  facet normal 0.671511 0.740995 -0
    outer loop
      vertex 4.58931 -10.9374 6.45
      vertex 4.313 -10.687 7.45
      vertex 4.58931 -10.9374 7.45
    endloop
  endfacet
  facet normal 0.671511 0.740995 0
    outer loop
      vertex 4.313 -10.687 7.45
      vertex 4.58931 -10.9374 6.45
      vertex 4.313 -10.687 6.45
    endloop
  endfacet
  facet normal 0.740929 0.671583 0
    outer loop
      vertex 4.313 -10.687 7.45
      vertex 4.06256 -10.4107 6.45
      vertex 4.06256 -10.4107 7.45
    endloop
  endfacet
  facet normal 0.740929 0.671583 0
    outer loop
      vertex 4.06256 -10.4107 6.45
      vertex 4.313 -10.687 7.45
      vertex 4.313 -10.687 6.45
    endloop
  endfacet
  facet normal 0.803187 0.595726 0
    outer loop
      vertex 4.06256 -10.4107 7.45
      vertex 3.84042 -10.1112 6.45
      vertex 3.84042 -10.1112 7.45
    endloop
  endfacet
  facet normal 0.803187 0.595726 0
    outer loop
      vertex 3.84042 -10.1112 6.45
      vertex 4.06256 -10.4107 7.45
      vertex 4.06256 -10.4107 6.45
    endloop
  endfacet
  facet normal 0.857758 0.514054 0
    outer loop
      vertex 3.84042 -10.1112 7.45
      vertex 3.64871 -9.79131 6.45
      vertex 3.64871 -9.79131 7.45
    endloop
  endfacet
  facet normal 0.857758 0.514054 0
    outer loop
      vertex 3.64871 -9.79131 6.45
      vertex 3.84042 -10.1112 7.45
      vertex 3.84042 -10.1112 6.45
    endloop
  endfacet
  facet normal 0.903985 0.427564 0
    outer loop
      vertex 3.64871 -9.79131 7.45
      vertex 3.48926 -9.45419 6.45
      vertex 3.48926 -9.45419 7.45
    endloop
  endfacet
  facet normal 0.903985 0.427564 0
    outer loop
      vertex 3.48926 -9.45419 6.45
      vertex 3.64871 -9.79131 7.45
      vertex 3.64871 -9.79131 6.45
    endloop
  endfacet
  facet normal 0.941546 0.336883 0
    outer loop
      vertex 3.48926 -9.45419 7.45
      vertex 3.36363 -9.10307 6.45
      vertex 3.36363 -9.10307 7.45
    endloop
  endfacet
  facet normal 0.941546 0.336883 0
    outer loop
      vertex 3.36363 -9.10307 6.45
      vertex 3.48926 -9.45419 7.45
      vertex 3.48926 -9.45419 6.45
    endloop
  endfacet
  facet normal 0.970038 0.242952 0
    outer loop
      vertex 3.36363 -9.10307 7.45
      vertex 3.27303 -8.74133 6.45
      vertex 3.27303 -8.74133 7.45
    endloop
  endfacet
  facet normal 0.970038 0.242952 0
    outer loop
      vertex 3.27303 -8.74133 6.45
      vertex 3.36363 -9.10307 7.45
      vertex 3.36363 -9.10307 6.45
    endloop
  endfacet
  facet normal 0.989176 0.146735 0
    outer loop
      vertex 3.27303 -8.74133 7.45
      vertex 3.21831 -8.37245 6.45
      vertex 3.21831 -8.37245 7.45
    endloop
  endfacet
  facet normal 0.989176 0.146735 0
    outer loop
      vertex 3.21831 -8.37245 6.45
      vertex 3.27303 -8.74133 7.45
      vertex 3.27303 -8.74133 6.45
    endloop
  endfacet
  facet normal 0.998795 0.0490749 0
    outer loop
      vertex 3.21831 -8.37245 7.45
      vertex 3.20001 -8 6.45
      vertex 3.20001 -8 7.45
    endloop
  endfacet
  facet normal 0.998795 0.0490749 0
    outer loop
      vertex 3.20001 -8 6.45
      vertex 3.21831 -8.37245 7.45
      vertex 3.21831 -8.37245 6.45
    endloop
  endfacet
  facet normal 1 -0 0
    outer loop
      vertex 3.20001 7.65 7.45
      vertex 3.20001 8 6.45
      vertex 3.20001 8 7.45
    endloop
  endfacet
  facet normal 1 0 0
    outer loop
      vertex 3.20001 8 6.45
      vertex 3.20001 7.65 7.45
      vertex 3.20001 7.65 6.45
    endloop
  endfacet
  facet normal 1 -0 0
    outer loop
      vertex 3.20001 -8 7.45
      vertex 3.20001 -7.65 6.45
      vertex 3.20001 -7.65 7.45
    endloop
  endfacet
  facet normal 1 0 0
    outer loop
      vertex 3.20001 -7.65 6.45
      vertex 3.20001 -8 7.45
      vertex 3.20001 -8 6.45
    endloop
  endfacet
  facet normal 0.998795 -0.0490749 0
    outer loop
      vertex 3.20001 8 7.45
      vertex 3.21831 8.37245 6.45
      vertex 3.21831 8.37245 7.45
    endloop
  endfacet
  facet normal 0.998795 -0.0490749 0
    outer loop
      vertex 3.21831 8.37245 6.45
      vertex 3.20001 8 7.45
      vertex 3.20001 8 6.45
    endloop
  endfacet
  facet normal 0.989176 -0.146735 0
    outer loop
      vertex 3.21831 8.37245 7.45
      vertex 3.27303 8.74133 6.45
      vertex 3.27303 8.74133 7.45
    endloop
  endfacet
  facet normal 0.989176 -0.146735 0
    outer loop
      vertex 3.27303 8.74133 6.45
      vertex 3.21831 8.37245 7.45
      vertex 3.21831 8.37245 6.45
    endloop
  endfacet
  facet normal 0.970038 -0.242952 0
    outer loop
      vertex 3.27303 8.74133 7.45
      vertex 3.36363 9.10307 6.45
      vertex 3.36363 9.10307 7.45
    endloop
  endfacet
  facet normal 0.970038 -0.242952 0
    outer loop
      vertex 3.36363 9.10307 6.45
      vertex 3.27303 8.74133 7.45
      vertex 3.27303 8.74133 6.45
    endloop
  endfacet
  facet normal 0.941546 -0.336883 0
    outer loop
      vertex 3.36363 9.10307 7.45
      vertex 3.48926 9.45419 6.45
      vertex 3.48926 9.45419 7.45
    endloop
  endfacet
  facet normal 0.941546 -0.336883 0
    outer loop
      vertex 3.48926 9.45419 6.45
      vertex 3.36363 9.10307 7.45
      vertex 3.36363 9.10307 6.45
    endloop
  endfacet
  facet normal 0.903985 -0.427564 0
    outer loop
      vertex 3.48926 9.45419 7.45
      vertex 3.64871 9.79131 6.45
      vertex 3.64871 9.79131 7.45
    endloop
  endfacet
  facet normal 0.903985 -0.427564 0
    outer loop
      vertex 3.64871 9.79131 6.45
      vertex 3.48926 9.45419 7.45
      vertex 3.48926 9.45419 6.45
    endloop
  endfacet
  facet normal 0.857758 -0.514054 0
    outer loop
      vertex 3.64871 9.79131 7.45
      vertex 3.84042 10.1112 6.45
      vertex 3.84042 10.1112 7.45
    endloop
  endfacet
  facet normal 0.857758 -0.514054 0
    outer loop
      vertex 3.84042 10.1112 6.45
      vertex 3.64871 9.79131 7.45
      vertex 3.64871 9.79131 6.45
    endloop
  endfacet
  facet normal 0.803187 -0.595726 0
    outer loop
      vertex 3.84042 10.1112 7.45
      vertex 4.06256 10.4107 6.45
      vertex 4.06256 10.4107 7.45
    endloop
  endfacet
  facet normal 0.803187 -0.595726 0
    outer loop
      vertex 4.06256 10.4107 6.45
      vertex 3.84042 10.1112 7.45
      vertex 3.84042 10.1112 6.45
    endloop
  endfacet
  facet normal 0.740929 -0.671583 0
    outer loop
      vertex 4.06256 10.4107 7.45
      vertex 4.313 10.687 6.45
      vertex 4.313 10.687 7.45
    endloop
  endfacet
  facet normal 0.740929 -0.671583 0
    outer loop
      vertex 4.313 10.687 6.45
      vertex 4.06256 10.4107 7.45
      vertex 4.06256 10.4107 6.45
    endloop
  endfacet
  facet normal 0.671511 -0.740995 0
    outer loop
      vertex 4.313 10.687 6.45
      vertex 4.58931 10.9374 7.45
      vertex 4.313 10.687 7.45
    endloop
  endfacet
  facet normal 0.671511 -0.740995 0
    outer loop
      vertex 4.58931 10.9374 7.45
      vertex 4.313 10.687 6.45
      vertex 4.58931 10.9374 6.45
    endloop
  endfacet
  facet normal 0.595792 -0.803139 0
    outer loop
      vertex 4.58931 10.9374 6.45
      vertex 4.88884 11.1596 7.45
      vertex 4.58931 10.9374 7.45
    endloop
  endfacet
  facet normal 0.595792 -0.803139 0
    outer loop
      vertex 4.88884 11.1596 7.45
      vertex 4.58931 10.9374 6.45
      vertex 4.88884 11.1596 6.45
    endloop
  endfacet
  facet normal 0.514082 -0.857741 0
    outer loop
      vertex 4.88884 11.1596 6.45
      vertex 5.20869 11.3513 7.45
      vertex 4.88884 11.1596 7.45
    endloop
  endfacet
  facet normal 0.514082 -0.857741 0
    outer loop
      vertex 5.20869 11.3513 7.45
      vertex 4.88884 11.1596 6.45
      vertex 5.20869 11.3513 6.45
    endloop
  endfacet
  facet normal 0.427455 -0.904037 0
    outer loop
      vertex 5.20869 11.3513 6.45
      vertex 5.54581 11.5107 7.45
      vertex 5.20869 11.3513 7.45
    endloop
  endfacet
  facet normal 0.427455 -0.904037 0
    outer loop
      vertex 5.54581 11.5107 7.45
      vertex 5.20869 11.3513 6.45
      vertex 5.54581 11.5107 6.45
    endloop
  endfacet
  facet normal 0.33705 -0.941487 0
    outer loop
      vertex 5.54581 11.5107 6.45
      vertex 5.89693 11.6364 7.45
      vertex 5.54581 11.5107 7.45
    endloop
  endfacet
  facet normal 0.33705 -0.941487 0
    outer loop
      vertex 5.89693 11.6364 7.45
      vertex 5.54581 11.5107 6.45
      vertex 5.89693 11.6364 6.45
    endloop
  endfacet
  facet normal 0.242952 -0.970038 0
    outer loop
      vertex 5.89693 11.6364 6.45
      vertex 6.25867 11.727 7.45
      vertex 5.89693 11.6364 7.45
    endloop
  endfacet
  facet normal 0.242952 -0.970038 0
    outer loop
      vertex 6.25867 11.727 7.45
      vertex 5.89693 11.6364 6.45
      vertex 6.25867 11.727 6.45
    endloop
  endfacet
  facet normal 0.146683 -0.989184 0
    outer loop
      vertex 6.25867 11.727 6.45
      vertex 6.62755 11.7817 7.45
      vertex 6.25867 11.727 7.45
    endloop
  endfacet
  facet normal 0.146683 -0.989184 0
    outer loop
      vertex 6.62755 11.7817 7.45
      vertex 6.25867 11.727 6.45
      vertex 6.62755 11.7817 6.45
    endloop
  endfacet
  facet normal 0.0490749 -0.998795 0
    outer loop
      vertex 6.62755 11.7817 6.45
      vertex 7 11.8 7.45
      vertex 6.62755 11.7817 7.45
    endloop
  endfacet
  facet normal 0.0490749 -0.998795 0
    outer loop
      vertex 7 11.8 7.45
      vertex 6.62755 11.7817 6.45
      vertex 7 11.8 6.45
    endloop
  endfacet
  facet normal 0 -1 0
    outer loop
      vertex 13.6443 11.8 6.45
      vertex 26.3557 11.8 6.5
      vertex 13.6443 11.8 6.5
    endloop
  endfacet
  facet normal 0 -1 -0
    outer loop
      vertex 26.3557 11.8 6.5
      vertex 13.6443 11.8 6.45
      vertex 26.3557 11.8 6.45
    endloop
  endfacet
  facet normal 0 -1 0
    outer loop
      vertex 13.6443 11.8 6.5
      vertex 7 11.8 7.45
      vertex 8.35573 11.8 6.5
    endloop
  endfacet
  facet normal 0 -1 0
    outer loop
      vertex 7 11.8 6.45
      vertex 8.35573 11.8 6.5
      vertex 7 11.8 7.45
    endloop
  endfacet
  facet normal 0 -1 -0
    outer loop
      vertex 8.35573 11.8 6.5
      vertex 7 11.8 6.45
      vertex 8.35573 11.8 6.45
    endloop
  endfacet
  facet normal 0 -1 0
    outer loop
      vertex 26.3557 11.8 6.5
      vertex 7 11.8 7.45
      vertex 13.6443 11.8 6.5
    endloop
  endfacet
  facet normal 0 -1 0
    outer loop
      vertex 7 11.8 7.45
      vertex 26.3557 11.8 6.5
      vertex 39 11.8 7.45
    endloop
  endfacet
  facet normal 0 -1 0
    outer loop
      vertex 31.6443 11.8 6.5
      vertex 39 11.8 7.45
      vertex 26.3557 11.8 6.5
    endloop
  endfacet
  facet normal 0 -1 0
    outer loop
      vertex 39 11.8 6.45
      vertex 31.6443 11.8 6.5
      vertex 31.6443 11.8 6.45
    endloop
  endfacet
  facet normal 0 -1 0
    outer loop
      vertex 31.6443 11.8 6.5
      vertex 39 11.8 6.45
      vertex 39 11.8 7.45
    endloop
  endfacet
  facet normal -0.0490683 -0.998795 0
    outer loop
      vertex 39 11.8 6.45
      vertex 39.3725 11.7817 7.45
      vertex 39 11.8 7.45
    endloop
  endfacet
  facet normal -0.0490683 -0.998795 -0
    outer loop
      vertex 39.3725 11.7817 7.45
      vertex 39 11.8 6.45
      vertex 39.3725 11.7817 6.45
    endloop
  endfacet
  facet normal -0.146714 -0.989179 0
    outer loop
      vertex 39.3725 11.7817 6.45
      vertex 39.7413 11.727 7.45
      vertex 39.3725 11.7817 7.45
    endloop
  endfacet
  facet normal -0.146714 -0.989179 -0
    outer loop
      vertex 39.7413 11.727 7.45
      vertex 39.3725 11.7817 6.45
      vertex 39.7413 11.727 6.45
    endloop
  endfacet
  facet normal -0.242914 -0.970048 0
    outer loop
      vertex 39.7413 11.727 6.45
      vertex 40.1031 11.6364 7.45
      vertex 39.7413 11.727 7.45
    endloop
  endfacet
  facet normal -0.242914 -0.970048 -0
    outer loop
      vertex 40.1031 11.6364 7.45
      vertex 39.7413 11.727 6.45
      vertex 40.1031 11.6364 6.45
    endloop
  endfacet
  facet normal -0.337067 -0.941481 0
    outer loop
      vertex 40.1031 11.6364 6.45
      vertex 40.4542 11.5107 7.45
      vertex 40.1031 11.6364 7.45
    endloop
  endfacet
  facet normal -0.337067 -0.941481 -0
    outer loop
      vertex 40.4542 11.5107 7.45
      vertex 40.1031 11.6364 6.45
      vertex 40.4542 11.5107 6.45
    endloop
  endfacet
  facet normal -0.427475 -0.904027 0
    outer loop
      vertex 40.4542 11.5107 6.45
      vertex 40.7913 11.3513 7.45
      vertex 40.4542 11.5107 7.45
    endloop
  endfacet
  facet normal -0.427475 -0.904027 -0
    outer loop
      vertex 40.7913 11.3513 7.45
      vertex 40.4542 11.5107 6.45
      vertex 40.7913 11.3513 6.45
    endloop
  endfacet
  facet normal -0.514022 -0.857777 0
    outer loop
      vertex 40.7913 11.3513 6.45
      vertex 41.1112 11.1596 7.45
      vertex 40.7913 11.3513 7.45
    endloop
  endfacet
  facet normal -0.514022 -0.857777 -0
    outer loop
      vertex 41.1112 11.1596 7.45
      vertex 40.7913 11.3513 6.45
      vertex 41.1112 11.1596 6.45
    endloop
  endfacet
  facet normal -0.59583 -0.80311 0
    outer loop
      vertex 41.1112 11.1596 6.45
      vertex 41.4107 10.9374 7.45
      vertex 41.1112 11.1596 7.45
    endloop
  endfacet
  facet normal -0.59583 -0.80311 -0
    outer loop
      vertex 41.4107 10.9374 7.45
      vertex 41.1112 11.1596 6.45
      vertex 41.4107 10.9374 6.45
    endloop
  endfacet
  facet normal -0.671524 -0.740983 0
    outer loop
      vertex 41.4107 10.9374 6.45
      vertex 41.687 10.687 7.45
      vertex 41.4107 10.9374 7.45
    endloop
  endfacet
  facet normal -0.671524 -0.740983 -0
    outer loop
      vertex 41.687 10.687 7.45
      vertex 41.4107 10.9374 6.45
      vertex 41.687 10.687 6.45
    endloop
  endfacet
  facet normal -0.740983 -0.671524 0
    outer loop
      vertex 41.9374 10.4107 6.45
      vertex 41.687 10.687 7.45
      vertex 41.687 10.687 6.45
    endloop
  endfacet
  facet normal -0.740983 -0.671524 0
    outer loop
      vertex 41.687 10.687 7.45
      vertex 41.9374 10.4107 6.45
      vertex 41.9374 10.4107 7.45
    endloop
  endfacet
  facet normal -0.80311 -0.59583 0
    outer loop
      vertex 42.1596 10.1112 6.45
      vertex 41.9374 10.4107 7.45
      vertex 41.9374 10.4107 6.45
    endloop
  endfacet
  facet normal -0.80311 -0.59583 0
    outer loop
      vertex 41.9374 10.4107 7.45
      vertex 42.1596 10.1112 6.45
      vertex 42.1596 10.1112 7.45
    endloop
  endfacet
  facet normal -0.85777 -0.514034 0
    outer loop
      vertex 42.3513 9.79131 6.45
      vertex 42.1596 10.1112 7.45
      vertex 42.1596 10.1112 6.45
    endloop
  endfacet
  facet normal -0.85777 -0.514034 0
    outer loop
      vertex 42.1596 10.1112 7.45
      vertex 42.3513 9.79131 6.45
      vertex 42.3513 9.79131 7.45
    endloop
  endfacet
  facet normal -0.904037 -0.427455 0
    outer loop
      vertex 42.5107 9.45419 6.45
      vertex 42.3513 9.79131 7.45
      vertex 42.3513 9.79131 6.45
    endloop
  endfacet
  facet normal -0.904037 -0.427455 0
    outer loop
      vertex 42.3513 9.79131 7.45
      vertex 42.5107 9.45419 6.45
      vertex 42.5107 9.45419 7.45
    endloop
  endfacet
  facet normal -0.941487 -0.33705 0
    outer loop
      vertex 42.6364 9.10307 6.45
      vertex 42.5107 9.45419 7.45
      vertex 42.5107 9.45419 6.45
    endloop
  endfacet
  facet normal -0.941487 -0.33705 0
    outer loop
      vertex 42.5107 9.45419 7.45
      vertex 42.6364 9.10307 6.45
      vertex 42.6364 9.10307 7.45
    endloop
  endfacet
  facet normal -0.970038 -0.242952 0
    outer loop
      vertex 42.727 8.74133 6.45
      vertex 42.6364 9.10307 7.45
      vertex 42.6364 9.10307 6.45
    endloop
  endfacet
  facet normal -0.970038 -0.242952 0
    outer loop
      vertex 42.6364 9.10307 7.45
      vertex 42.727 8.74133 6.45
      vertex 42.727 8.74133 7.45
    endloop
  endfacet
  facet normal -0.989184 -0.146683 0
    outer loop
      vertex 42.7817 8.37245 6.45
      vertex 42.727 8.74133 7.45
      vertex 42.727 8.74133 6.45
    endloop
  endfacet
  facet normal -0.989184 -0.146683 0
    outer loop
      vertex 42.727 8.74133 7.45
      vertex 42.7817 8.37245 6.45
      vertex 42.7817 8.37245 7.45
    endloop
  endfacet
  facet normal -0.998795 -0.0490749 0
    outer loop
      vertex 42.8 8 6.45
      vertex 42.7817 8.37245 7.45
      vertex 42.7817 8.37245 6.45
    endloop
  endfacet
  facet normal -0.998795 -0.0490749 0
    outer loop
      vertex 42.7817 8.37245 7.45
      vertex 42.8 8 6.45
      vertex 42.8 8 7.45
    endloop
  endfacet
  facet normal -1 0 0
    outer loop
      vertex 42.8 -4.72631 6.45
      vertex 42.8 -8 6.45
      vertex 42.8 -4.72631 6.5
    endloop
  endfacet
  facet normal -1 0 0
    outer loop
      vertex 42.8 4.72631 6.5
      vertex 42.8 8 6.45
      vertex 42.8 4.72631 6.45
    endloop
  endfacet
  facet normal -1 0 0
    outer loop
      vertex 42.8 8 6.45
      vertex 42.8 4.72631 6.5
      vertex 42.8 8 7.45
    endloop
  endfacet
  facet normal -1 0 0
    outer loop
      vertex 42.8 -4.72631 6.5
      vertex 42.8 8 7.45
      vertex 42.8 4.72631 6.5
    endloop
  endfacet
  facet normal -1 0 0
    outer loop
      vertex 42.8 -8 7.45
      vertex 42.8 -4.72631 6.5
      vertex 42.8 -8 6.45
    endloop
  endfacet
  facet normal -1 0 0
    outer loop
      vertex 42.8 -4.72631 6.5
      vertex 42.8 -8 7.45
      vertex 42.8 8 7.45
    endloop
  endfacet
  facet normal -0.998795 0.0490749 0
    outer loop
      vertex 42.7817 -8.37245 6.45
      vertex 42.8 -8 7.45
      vertex 42.8 -8 6.45
    endloop
  endfacet
  facet normal -0.998795 0.0490749 0
    outer loop
      vertex 42.8 -8 7.45
      vertex 42.7817 -8.37245 6.45
      vertex 42.7817 -8.37245 7.45
    endloop
  endfacet
  facet normal -0.989184 0.146683 0
    outer loop
      vertex 42.727 -8.74133 6.45
      vertex 42.7817 -8.37245 7.45
      vertex 42.7817 -8.37245 6.45
    endloop
  endfacet
  facet normal -0.989184 0.146683 0
    outer loop
      vertex 42.7817 -8.37245 7.45
      vertex 42.727 -8.74133 6.45
      vertex 42.727 -8.74133 7.45
    endloop
  endfacet
  facet normal -0.970038 0.242952 0
    outer loop
      vertex 42.6364 -9.10307 6.45
      vertex 42.727 -8.74133 7.45
      vertex 42.727 -8.74133 6.45
    endloop
  endfacet
  facet normal -0.970038 0.242952 0
    outer loop
      vertex 42.727 -8.74133 7.45
      vertex 42.6364 -9.10307 6.45
      vertex 42.6364 -9.10307 7.45
    endloop
  endfacet
  facet normal -0.941487 0.33705 0
    outer loop
      vertex 42.5107 -9.45419 6.45
      vertex 42.6364 -9.10307 7.45
      vertex 42.6364 -9.10307 6.45
    endloop
  endfacet
  facet normal -0.941487 0.33705 0
    outer loop
      vertex 42.6364 -9.10307 7.45
      vertex 42.5107 -9.45419 6.45
      vertex 42.5107 -9.45419 7.45
    endloop
  endfacet
  facet normal -0.904037 0.427455 0
    outer loop
      vertex 42.3513 -9.79131 6.45
      vertex 42.5107 -9.45419 7.45
      vertex 42.5107 -9.45419 6.45
    endloop
  endfacet
  facet normal -0.904037 0.427455 0
    outer loop
      vertex 42.5107 -9.45419 7.45
      vertex 42.3513 -9.79131 6.45
      vertex 42.3513 -9.79131 7.45
    endloop
  endfacet
  facet normal -0.85777 0.514034 0
    outer loop
      vertex 42.1596 -10.1112 6.45
      vertex 42.3513 -9.79131 7.45
      vertex 42.3513 -9.79131 6.45
    endloop
  endfacet
  facet normal -0.85777 0.514034 0
    outer loop
      vertex 42.3513 -9.79131 7.45
      vertex 42.1596 -10.1112 6.45
      vertex 42.1596 -10.1112 7.45
    endloop
  endfacet
  facet normal -0.80311 0.59583 0
    outer loop
      vertex 41.9374 -10.4107 6.45
      vertex 42.1596 -10.1112 7.45
      vertex 42.1596 -10.1112 6.45
    endloop
  endfacet
  facet normal -0.80311 0.59583 0
    outer loop
      vertex 42.1596 -10.1112 7.45
      vertex 41.9374 -10.4107 6.45
      vertex 41.9374 -10.4107 7.45
    endloop
  endfacet
  facet normal -0.740983 0.671524 0
    outer loop
      vertex 41.687 -10.687 6.45
      vertex 41.9374 -10.4107 7.45
      vertex 41.9374 -10.4107 6.45
    endloop
  endfacet
  facet normal -0.740983 0.671524 0
    outer loop
      vertex 41.9374 -10.4107 7.45
      vertex 41.687 -10.687 6.45
      vertex 41.687 -10.687 7.45
    endloop
  endfacet
  facet normal -0.671524 0.740983 0
    outer loop
      vertex 41.687 -10.687 6.45
      vertex 41.4107 -10.9374 7.45
      vertex 41.687 -10.687 7.45
    endloop
  endfacet
  facet normal -0.671524 0.740983 0
    outer loop
      vertex 41.4107 -10.9374 7.45
      vertex 41.687 -10.687 6.45
      vertex 41.4107 -10.9374 6.45
    endloop
  endfacet
  facet normal -0.59583 0.80311 0
    outer loop
      vertex 41.4107 -10.9374 6.45
      vertex 41.1112 -11.1596 7.45
      vertex 41.4107 -10.9374 7.45
    endloop
  endfacet
  facet normal -0.59583 0.80311 0
    outer loop
      vertex 41.1112 -11.1596 7.45
      vertex 41.4107 -10.9374 6.45
      vertex 41.1112 -11.1596 6.45
    endloop
  endfacet
  facet normal -0.514022 0.857777 0
    outer loop
      vertex 41.1112 -11.1596 6.45
      vertex 40.7913 -11.3513 7.45
      vertex 41.1112 -11.1596 7.45
    endloop
  endfacet
  facet normal -0.514022 0.857777 0
    outer loop
      vertex 40.7913 -11.3513 7.45
      vertex 41.1112 -11.1596 6.45
      vertex 40.7913 -11.3513 6.45
    endloop
  endfacet
  facet normal -0.427475 0.904027 0
    outer loop
      vertex 40.7913 -11.3513 6.45
      vertex 40.4542 -11.5107 7.45
      vertex 40.7913 -11.3513 7.45
    endloop
  endfacet
  facet normal -0.427475 0.904027 0
    outer loop
      vertex 40.4542 -11.5107 7.45
      vertex 40.7913 -11.3513 6.45
      vertex 40.4542 -11.5107 6.45
    endloop
  endfacet
  facet normal -0.337067 0.941481 0
    outer loop
      vertex 40.4542 -11.5107 6.45
      vertex 40.1031 -11.6364 7.45
      vertex 40.4542 -11.5107 7.45
    endloop
  endfacet
  facet normal -0.337067 0.941481 0
    outer loop
      vertex 40.1031 -11.6364 7.45
      vertex 40.4542 -11.5107 6.45
      vertex 40.1031 -11.6364 6.45
    endloop
  endfacet
  facet normal -0.242914 0.970048 0
    outer loop
      vertex 40.1031 -11.6364 6.45
      vertex 39.7413 -11.727 7.45
      vertex 40.1031 -11.6364 7.45
    endloop
  endfacet
  facet normal -0.242914 0.970048 0
    outer loop
      vertex 39.7413 -11.727 7.45
      vertex 40.1031 -11.6364 6.45
      vertex 39.7413 -11.727 6.45
    endloop
  endfacet
  facet normal -0.146714 0.989179 0
    outer loop
      vertex 39.7413 -11.727 6.45
      vertex 39.3725 -11.7817 7.45
      vertex 39.7413 -11.727 7.45
    endloop
  endfacet
  facet normal -0.146714 0.989179 0
    outer loop
      vertex 39.3725 -11.7817 7.45
      vertex 39.7413 -11.727 6.45
      vertex 39.3725 -11.7817 6.45
    endloop
  endfacet
  facet normal -0.0490683 0.998795 0
    outer loop
      vertex 39.3725 -11.7817 6.45
      vertex 39 -11.8 7.45
      vertex 39.3725 -11.7817 7.45
    endloop
  endfacet
  facet normal -0.0490683 0.998795 0
    outer loop
      vertex 39 -11.8 7.45
      vertex 39.3725 -11.7817 6.45
      vertex 39 -11.8 6.45
    endloop
  endfacet
  facet normal 0 1 -0
    outer loop
      vertex 26.3557 -11.8 6.45
      vertex 13.6443 -11.8 6.5
      vertex 26.3557 -11.8 6.5
    endloop
  endfacet
  facet normal 0 1 0
    outer loop
      vertex 13.6443 -11.8 6.5
      vertex 26.3557 -11.8 6.45
      vertex 13.6443 -11.8 6.45
    endloop
  endfacet
  facet normal 0 1 0
    outer loop
      vertex 26.3557 -11.8 6.5
      vertex 39 -11.8 7.45
      vertex 31.6443 -11.8 6.5
    endloop
  endfacet
  facet normal 0 1 -0
    outer loop
      vertex 39 -11.8 6.45
      vertex 31.6443 -11.8 6.5
      vertex 39 -11.8 7.45
    endloop
  endfacet
  facet normal 0 1 0
    outer loop
      vertex 31.6443 -11.8 6.5
      vertex 39 -11.8 6.45
      vertex 31.6443 -11.8 6.45
    endloop
  endfacet
  facet normal 0 1 0
    outer loop
      vertex 39 -11.8 7.45
      vertex 26.3557 -11.8 6.5
      vertex 7 -11.8 7.45
    endloop
  endfacet
  facet normal 0 1 -0
    outer loop
      vertex 13.6443 -11.8 6.5
      vertex 7 -11.8 7.45
      vertex 26.3557 -11.8 6.5
    endloop
  endfacet
  facet normal 0 1 -0
    outer loop
      vertex 8.35573 -11.8 6.5
      vertex 7 -11.8 7.45
      vertex 13.6443 -11.8 6.5
    endloop
  endfacet
  facet normal 0 1 0
    outer loop
      vertex 7 -11.8 6.45
      vertex 8.35573 -11.8 6.5
      vertex 8.35573 -11.8 6.45
    endloop
  endfacet
  facet normal 0 1 0
    outer loop
      vertex 8.35573 -11.8 6.5
      vertex 7 -11.8 6.45
      vertex 7 -11.8 7.45
    endloop
  endfacet
  facet normal -0 0 1
    outer loop
      vertex 0 7.65 5.15
      vertex 2.20001 2.44717 5.15
      vertex 2.20001 7.65 5.15
    endloop
  endfacet
  facet normal 0 0 1
    outer loop
      vertex 2.20001 2.44717 5.15
      vertex 0 7.65 5.15
      vertex 2.20001 -2.44717 5.15
    endloop
  endfacet
  facet normal 0 0 1
    outer loop
      vertex 0 -7.65 5.15
      vertex 2.20001 -2.44717 5.15
      vertex 0 7.65 5.15
    endloop
  endfacet
  facet normal 0 0 1
    outer loop
      vertex 2.20001 -2.44717 5.15
      vertex 0 -7.65 5.15
      vertex 2.20001 -7.65 5.15
    endloop
  endfacet
  facet normal 0 0 1
    outer loop
      vertex 5.47301 0.634393 5.15
      vertex 7.5 2.09301 5.15
      vertex 7.40554 2.22038 5.15
    endloop
  endfacet
  facet normal 0 0 1
    outer loop
      vertex 7.5 2.09301 5.15
      vertex 5.7 0 5.15
      vertex 7.5 -2.09301 5.15
    endloop
  endfacet
  facet normal 0 0 1
    outer loop
      vertex 5.47301 0.634393 5.15
      vertex 7.40554 2.22038 5.15
      vertex 7.17487 2.47487 5.15
    endloop
  endfacet
  facet normal -0 0 1
    outer loop
      vertex 5.69518 -0.0980167 5.15
      vertex 7.5 -2.09301 5.15
      vertex 5.7 0 5.15
    endloop
  endfacet
  facet normal 0 0 1
    outer loop
      vertex 5.40711 0.707107 5.15
      vertex 7.17487 2.47487 5.15
      vertex 6.92038 2.70554 5.15
    endloop
  endfacet
  facet normal -0 0 1
    outer loop
      vertex 5.68079 -0.19509 5.15
      vertex 7.5 -2.09301 5.15
      vertex 5.69518 -0.0980167 5.15
    endloop
  endfacet
  facet normal 0 0 1
    outer loop
      vertex 5.33439 0.77301 5.15
      vertex 6.92038 2.70554 5.15
      vertex 6.6445 2.91014 5.15
    endloop
  endfacet
  facet normal -0 0 1
    outer loop
      vertex 5.65694 -0.290284 5.15
      vertex 7.5 -2.09301 5.15
      vertex 5.68079 -0.19509 5.15
    endloop
  endfacet
  facet normal 0 0 1
    outer loop
      vertex 5.25557 0.83147 5.15
      vertex 6.6445 2.91014 5.15
      vertex 6.34989 3.08672 5.15
    endloop
  endfacet
  facet normal -0 0 1
    outer loop
      vertex 5.62388 -0.382683 5.15
      vertex 7.5 -2.09301 5.15
      vertex 5.65694 -0.290284 5.15
    endloop
  endfacet
  facet normal 0 0 1
    outer loop
      vertex 5.1714 0.881921 5.15
      vertex 6.34989 3.08672 5.15
      vertex 6.03939 3.23358 5.15
    endloop
  endfacet
  facet normal -0 0 1
    outer loop
      vertex 5.58192 -0.471396 5.15
      vertex 7.5 -2.09301 5.15
      vertex 5.62388 -0.382683 5.15
    endloop
  endfacet
  facet normal 0 0 1
    outer loop
      vertex 5.08268 0.923879 5.15
      vertex 6.03939 3.23358 5.15
      vertex 5.716 3.34929 5.15
    endloop
  endfacet
  facet normal -0 0 1
    outer loop
      vertex 5.53147 -0.55557 5.15
      vertex 7.5 -2.09301 5.15
      vertex 5.58192 -0.471396 5.15
    endloop
  endfacet
  facet normal -0 0 1
    outer loop
      vertex 5.47301 -0.634393 5.15
      vertex 7.5 -2.09301 5.15
      vertex 5.53147 -0.55557 5.15
    endloop
  endfacet
  facet normal 0 0 1
    outer loop
      vertex 7.5 2.09301 5.15
      vertex 5.69518 0.0980167 5.15
      vertex 5.7 0 5.15
    endloop
  endfacet
  facet normal 0 0 1
    outer loop
      vertex 7.5 2.09301 5.15
      vertex 5.68079 0.19509 5.15
      vertex 5.69518 0.0980167 5.15
    endloop
  endfacet
  facet normal 0 0 1
    outer loop
      vertex 7.5 2.09301 5.15
      vertex 5.65694 0.290284 5.15
      vertex 5.68079 0.19509 5.15
    endloop
  endfacet
  facet normal 0 0 1
    outer loop
      vertex 7.5 2.09301 5.15
      vertex 5.62388 0.382683 5.15
      vertex 5.65694 0.290284 5.15
    endloop
  endfacet
  facet normal 0 0 1
    outer loop
      vertex 7.5 2.09301 5.15
      vertex 5.58192 0.471396 5.15
      vertex 5.62388 0.382683 5.15
    endloop
  endfacet
  facet normal 0 0 1
    outer loop
      vertex 7.5 2.09301 5.15
      vertex 5.53147 0.55557 5.15
      vertex 5.58192 0.471396 5.15
    endloop
  endfacet
  facet normal 0 0 1
    outer loop
      vertex 7.5 2.09301 5.15
      vertex 5.47301 0.634393 5.15
      vertex 5.53147 0.55557 5.15
    endloop
  endfacet
  facet normal 0 0 1
    outer loop
      vertex 7.17487 2.47487 5.15
      vertex 5.40711 0.707107 5.15
      vertex 5.47301 0.634393 5.15
    endloop
  endfacet
  facet normal 0 0 1
    outer loop
      vertex 4.99028 0.95694 5.15
      vertex 5.716 3.34929 5.15
      vertex 5.38282 3.43275 5.15
    endloop
  endfacet
  facet normal 0 0 1
    outer loop
      vertex 6.92038 2.70554 5.15
      vertex 5.33439 0.77301 5.15
      vertex 5.40711 0.707107 5.15
    endloop
  endfacet
  facet normal 0 0 1
    outer loop
      vertex 6.6445 2.91014 5.15
      vertex 5.25557 0.83147 5.15
      vertex 5.33439 0.77301 5.15
    endloop
  endfacet
  facet normal 0 0 1
    outer loop
      vertex 6.34989 3.08672 5.15
      vertex 5.1714 0.881921 5.15
      vertex 5.25557 0.83147 5.15
    endloop
  endfacet
  facet normal 0 0 1
    outer loop
      vertex 6.03939 3.23358 5.15
      vertex 5.08268 0.923879 5.15
      vertex 5.1714 0.881921 5.15
    endloop
  endfacet
  facet normal 0 0 1
    outer loop
      vertex 4.89509 0.980784 5.15
      vertex 5.38282 3.43275 5.15
      vertex 5.04306 3.48315 5.15
    endloop
  endfacet
  facet normal 0 0 1
    outer loop
      vertex 5.716 3.34929 5.15
      vertex 4.99028 0.95694 5.15
      vertex 5.08268 0.923879 5.15
    endloop
  endfacet
  facet normal 0 0 1
    outer loop
      vertex 5.38282 3.43275 5.15
      vertex 4.89509 0.980784 5.15
      vertex 4.99028 0.95694 5.15
    endloop
  endfacet
  facet normal 0 0 1
    outer loop
      vertex 5.04306 3.48315 5.15
      vertex 4.79802 0.995184 5.15
      vertex 4.89509 0.980784 5.15
    endloop
  endfacet
  facet normal 0 0 1
    outer loop
      vertex 4.7 3.5 5.15
      vertex 4.79802 0.995184 5.15
      vertex 5.04306 3.48315 5.15
    endloop
  endfacet
  facet normal 0 0 1
    outer loop
      vertex 4.7 3.5 5.15
      vertex 4.7 1 5.15
      vertex 4.79802 0.995184 5.15
    endloop
  endfacet
  facet normal 0 0 1
    outer loop
      vertex 4.7 3.5 5.15
      vertex 4.60198 0.995184 5.15
      vertex 4.7 1 5.15
    endloop
  endfacet
  facet normal -0 0 1
    outer loop
      vertex 4.35694 3.48315 5.15
      vertex 4.60198 0.995184 5.15
      vertex 4.7 3.5 5.15
    endloop
  endfacet
  facet normal 0 0 1
    outer loop
      vertex 4.60198 0.995184 5.15
      vertex 4.35694 3.48315 5.15
      vertex 4.50491 0.980784 5.15
    endloop
  endfacet
  facet normal -0 0 1
    outer loop
      vertex 4.01718 3.43275 5.15
      vertex 4.50491 0.980784 5.15
      vertex 4.35694 3.48315 5.15
    endloop
  endfacet
  facet normal 0 0 1
    outer loop
      vertex 4.50491 0.980784 5.15
      vertex 4.01718 3.43275 5.15
      vertex 4.40971 0.95694 5.15
    endloop
  endfacet
  facet normal -0 0 1
    outer loop
      vertex 3.684 3.34929 5.15
      vertex 4.40971 0.95694 5.15
      vertex 4.01718 3.43275 5.15
    endloop
  endfacet
  facet normal 0 0 1
    outer loop
      vertex 4.40971 0.95694 5.15
      vertex 3.684 3.34929 5.15
      vertex 4.31732 0.923879 5.15
    endloop
  endfacet
  facet normal -0 0 1
    outer loop
      vertex 3.36061 3.23358 5.15
      vertex 4.31732 0.923879 5.15
      vertex 3.684 3.34929 5.15
    endloop
  endfacet
  facet normal 0 0 1
    outer loop
      vertex 4.31732 0.923879 5.15
      vertex 3.36061 3.23358 5.15
      vertex 4.2286 0.881921 5.15
    endloop
  endfacet
  facet normal -0 0 1
    outer loop
      vertex 3.05011 3.08672 5.15
      vertex 4.2286 0.881921 5.15
      vertex 3.36061 3.23358 5.15
    endloop
  endfacet
  facet normal 0 0 1
    outer loop
      vertex 4.2286 0.881921 5.15
      vertex 3.05011 3.08672 5.15
      vertex 4.14443 0.83147 5.15
    endloop
  endfacet
  facet normal -0 0 1
    outer loop
      vertex 2.7555 2.91014 5.15
      vertex 4.14443 0.83147 5.15
      vertex 3.05011 3.08672 5.15
    endloop
  endfacet
  facet normal 0 0 1
    outer loop
      vertex 4.14443 0.83147 5.15
      vertex 2.7555 2.91014 5.15
      vertex 4.06561 0.77301 5.15
    endloop
  endfacet
  facet normal -0 0 1
    outer loop
      vertex 2.47962 2.70554 5.15
      vertex 4.06561 0.77301 5.15
      vertex 2.7555 2.91014 5.15
    endloop
  endfacet
  facet normal 0 0 1
    outer loop
      vertex 4.06561 0.77301 5.15
      vertex 2.47962 2.70554 5.15
      vertex 3.99289 0.707107 5.15
    endloop
  endfacet
  facet normal -0 0 1
    outer loop
      vertex 2.22513 2.47487 5.15
      vertex 3.99289 0.707107 5.15
      vertex 2.47962 2.70554 5.15
    endloop
  endfacet
  facet normal -0 0 1
    outer loop
      vertex 2.20001 2.44717 5.15
      vertex 3.99289 0.707107 5.15
      vertex 2.22513 2.47487 5.15
    endloop
  endfacet
  facet normal 0 0 1
    outer loop
      vertex 3.92699 0.634393 5.15
      vertex 2.20001 2.44717 5.15
      vertex 3.86853 0.55557 5.15
    endloop
  endfacet
  facet normal 0 0 1
    outer loop
      vertex 3.99289 0.707107 5.15
      vertex 2.20001 2.44717 5.15
      vertex 3.92699 0.634393 5.15
    endloop
  endfacet
  facet normal 0 0 1
    outer loop
      vertex 7.5 -2.09301 5.15
      vertex 5.47301 -0.634393 5.15
      vertex 7.40554 -2.22038 5.15
    endloop
  endfacet
  facet normal 0 0 1
    outer loop
      vertex 7.40554 -2.22038 5.15
      vertex 5.47301 -0.634393 5.15
      vertex 7.17487 -2.47487 5.15
    endloop
  endfacet
  facet normal -0 0 1
    outer loop
      vertex 5.40711 -0.707107 5.15
      vertex 7.17487 -2.47487 5.15
      vertex 5.47301 -0.634393 5.15
    endloop
  endfacet
  facet normal 0 0 1
    outer loop
      vertex 7.17487 -2.47487 5.15
      vertex 5.40711 -0.707107 5.15
      vertex 6.92038 -2.70554 5.15
    endloop
  endfacet
  facet normal -0 0 1
    outer loop
      vertex 5.33439 -0.77301 5.15
      vertex 6.92038 -2.70554 5.15
      vertex 5.40711 -0.707107 5.15
    endloop
  endfacet
  facet normal 0 0 1
    outer loop
      vertex 6.92038 -2.70554 5.15
      vertex 5.33439 -0.77301 5.15
      vertex 6.6445 -2.91014 5.15
    endloop
  endfacet
  facet normal -0 0 1
    outer loop
      vertex 5.25557 -0.83147 5.15
      vertex 6.6445 -2.91014 5.15
      vertex 5.33439 -0.77301 5.15
    endloop
  endfacet
  facet normal 0 0 1
    outer loop
      vertex 6.6445 -2.91014 5.15
      vertex 5.25557 -0.83147 5.15
      vertex 6.34989 -3.08672 5.15
    endloop
  endfacet
  facet normal -0 0 1
    outer loop
      vertex 5.1714 -0.881921 5.15
      vertex 6.34989 -3.08672 5.15
      vertex 5.25557 -0.83147 5.15
    endloop
  endfacet
  facet normal 0 0 1
    outer loop
      vertex 6.34989 -3.08672 5.15
      vertex 5.1714 -0.881921 5.15
      vertex 6.03939 -3.23358 5.15
    endloop
  endfacet
  facet normal -0 0 1
    outer loop
      vertex 5.08268 -0.923879 5.15
      vertex 6.03939 -3.23358 5.15
      vertex 5.1714 -0.881921 5.15
    endloop
  endfacet
  facet normal 0 0 1
    outer loop
      vertex 6.03939 -3.23358 5.15
      vertex 5.08268 -0.923879 5.15
      vertex 5.716 -3.34929 5.15
    endloop
  endfacet
  facet normal -0 0 1
    outer loop
      vertex 4.99028 -0.95694 5.15
      vertex 5.716 -3.34929 5.15
      vertex 5.08268 -0.923879 5.15
    endloop
  endfacet
  facet normal 0 0 1
    outer loop
      vertex 5.716 -3.34929 5.15
      vertex 4.99028 -0.95694 5.15
      vertex 5.38282 -3.43275 5.15
    endloop
  endfacet
  facet normal -0 0 1
    outer loop
      vertex 4.89509 -0.980784 5.15
      vertex 5.38282 -3.43275 5.15
      vertex 4.99028 -0.95694 5.15
    endloop
  endfacet
  facet normal 0 0 1
    outer loop
      vertex 5.38282 -3.43275 5.15
      vertex 4.89509 -0.980784 5.15
      vertex 5.04306 -3.48315 5.15
    endloop
  endfacet
  facet normal -0 0 1
    outer loop
      vertex 4.79802 -0.995184 5.15
      vertex 5.04306 -3.48315 5.15
      vertex 4.89509 -0.980784 5.15
    endloop
  endfacet
  facet normal -0 0 1
    outer loop
      vertex 4.7 -1 5.15
      vertex 5.04306 -3.48315 5.15
      vertex 4.79802 -0.995184 5.15
    endloop
  endfacet
  facet normal 0 0 1
    outer loop
      vertex 4.7 -1 5.15
      vertex 4.7 -3.5 5.15
      vertex 5.04306 -3.48315 5.15
    endloop
  endfacet
  facet normal 0 0 1
    outer loop
      vertex 4.60198 -0.995184 5.15
      vertex 4.7 -3.5 5.15
      vertex 4.7 -1 5.15
    endloop
  endfacet
  facet normal 0 0 1
    outer loop
      vertex 4.35694 -3.48315 5.15
      vertex 4.60198 -0.995184 5.15
      vertex 4.50491 -0.980784 5.15
    endloop
  endfacet
  facet normal 0 0 1
    outer loop
      vertex 4.01718 -3.43275 5.15
      vertex 4.50491 -0.980784 5.15
      vertex 4.40971 -0.95694 5.15
    endloop
  endfacet
  facet normal 0 0 1
    outer loop
      vertex 4.60198 -0.995184 5.15
      vertex 4.35694 -3.48315 5.15
      vertex 4.7 -3.5 5.15
    endloop
  endfacet
  facet normal 0 0 1
    outer loop
      vertex 3.684 -3.34929 5.15
      vertex 4.40971 -0.95694 5.15
      vertex 4.31732 -0.923879 5.15
    endloop
  endfacet
  facet normal 0 0 1
    outer loop
      vertex 3.36061 -3.23358 5.15
      vertex 4.31732 -0.923879 5.15
      vertex 4.2286 -0.881921 5.15
    endloop
  endfacet
  facet normal 0 0 1
    outer loop
      vertex 3.05011 -3.08672 5.15
      vertex 4.2286 -0.881921 5.15
      vertex 4.14443 -0.83147 5.15
    endloop
  endfacet
  facet normal 0 0 1
    outer loop
      vertex 2.7555 -2.91014 5.15
      vertex 4.14443 -0.83147 5.15
      vertex 4.06561 -0.77301 5.15
    endloop
  endfacet
  facet normal 0 0 1
    outer loop
      vertex 4.50491 -0.980784 5.15
      vertex 4.01718 -3.43275 5.15
      vertex 4.35694 -3.48315 5.15
    endloop
  endfacet
  facet normal 0 0 1
    outer loop
      vertex 2.47962 -2.70554 5.15
      vertex 4.06561 -0.77301 5.15
      vertex 3.99289 -0.707107 5.15
    endloop
  endfacet
  facet normal 0 0 1
    outer loop
      vertex 2.20001 -2.44717 5.15
      vertex 3.99289 -0.707107 5.15
      vertex 3.92699 -0.634393 5.15
    endloop
  endfacet
  facet normal 0 0 1
    outer loop
      vertex 2.20001 -2.44717 5.15
      vertex 3.92699 -0.634393 5.15
      vertex 3.86853 -0.55557 5.15
    endloop
  endfacet
  facet normal 0 0 1
    outer loop
      vertex 2.20001 -2.44717 5.15
      vertex 3.86853 -0.55557 5.15
      vertex 3.81808 -0.471396 5.15
    endloop
  endfacet
  facet normal 0 0 1
    outer loop
      vertex 2.20001 -2.44717 5.15
      vertex 3.81808 -0.471396 5.15
      vertex 3.77612 -0.382683 5.15
    endloop
  endfacet
  facet normal 0 0 1
    outer loop
      vertex 2.20001 -2.44717 5.15
      vertex 3.77612 -0.382683 5.15
      vertex 3.74306 -0.290284 5.15
    endloop
  endfacet
  facet normal 0 0 1
    outer loop
      vertex 2.20001 -2.44717 5.15
      vertex 3.74306 -0.290284 5.15
      vertex 3.71921 -0.19509 5.15
    endloop
  endfacet
  facet normal 0 0 1
    outer loop
      vertex 2.20001 -2.44717 5.15
      vertex 3.71921 -0.19509 5.15
      vertex 3.70481 -0.0980167 5.15
    endloop
  endfacet
  facet normal 0 0 1
    outer loop
      vertex 4.40971 -0.95694 5.15
      vertex 3.684 -3.34929 5.15
      vertex 4.01718 -3.43275 5.15
    endloop
  endfacet
  facet normal 0 0 1
    outer loop
      vertex 2.20001 -2.44717 5.15
      vertex 3.70481 -0.0980167 5.15
      vertex 3.7 0 5.15
    endloop
  endfacet
  facet normal 0 0 1
    outer loop
      vertex 3.86853 0.55557 5.15
      vertex 2.20001 2.44717 5.15
      vertex 3.81808 0.471396 5.15
    endloop
  endfacet
  facet normal 0 0 1
    outer loop
      vertex 3.81808 0.471396 5.15
      vertex 2.20001 2.44717 5.15
      vertex 3.77612 0.382683 5.15
    endloop
  endfacet
  facet normal 0 0 1
    outer loop
      vertex 4.31732 -0.923879 5.15
      vertex 3.36061 -3.23358 5.15
      vertex 3.684 -3.34929 5.15
    endloop
  endfacet
  facet normal 0 0 1
    outer loop
      vertex 3.77612 0.382683 5.15
      vertex 2.20001 2.44717 5.15
      vertex 3.74306 0.290284 5.15
    endloop
  endfacet
  facet normal 0 0 1
    outer loop
      vertex 4.2286 -0.881921 5.15
      vertex 3.05011 -3.08672 5.15
      vertex 3.36061 -3.23358 5.15
    endloop
  endfacet
  facet normal 0 0 1
    outer loop
      vertex 3.74306 0.290284 5.15
      vertex 2.20001 2.44717 5.15
      vertex 3.71921 0.19509 5.15
    endloop
  endfacet
  facet normal 0 0 1
    outer loop
      vertex 4.14443 -0.83147 5.15
      vertex 2.7555 -2.91014 5.15
      vertex 3.05011 -3.08672 5.15
    endloop
  endfacet
  facet normal 0 0 1
    outer loop
      vertex 3.71921 0.19509 5.15
      vertex 2.20001 2.44717 5.15
      vertex 3.70481 0.0980167 5.15
    endloop
  endfacet
  facet normal 0 0 1
    outer loop
      vertex 4.06561 -0.77301 5.15
      vertex 2.47962 -2.70554 5.15
      vertex 2.7555 -2.91014 5.15
    endloop
  endfacet
  facet normal 0 0 1
    outer loop
      vertex 3.70481 0.0980167 5.15
      vertex 2.20001 2.44717 5.15
      vertex 3.7 0 5.15
    endloop
  endfacet
  facet normal 0 0 1
    outer loop
      vertex 2.20001 -2.44717 5.15
      vertex 3.7 0 5.15
      vertex 2.20001 2.44717 5.15
    endloop
  endfacet
  facet normal 0 0 1
    outer loop
      vertex 3.99289 -0.707107 5.15
      vertex 2.20001 -2.44717 5.15
      vertex 2.22513 -2.47487 5.15
    endloop
  endfacet
  facet normal 0 0 1
    outer loop
      vertex 3.99289 -0.707107 5.15
      vertex 2.22513 -2.47487 5.15
      vertex 2.47962 -2.70554 5.15
    endloop
  endfacet
  facet normal -1 0 0
    outer loop
      vertex 7.5 -2.09301 5.15
      vertex 7.5 2.09301 6.5
      vertex 7.5 2.09301 5.15
    endloop
  endfacet
  facet normal -1 -0 0
    outer loop
      vertex 7.5 2.09301 6.5
      vertex 7.5 -2.09301 5.15
      vertex 7.5 -2.09301 6.5
    endloop
  endfacet
  facet normal 0 -1 0
    outer loop
      vertex 0 7.65 6.5
      vertex 2.20001 7.65 6.45
      vertex 2.20001 7.65 6.5
    endloop
  endfacet
  facet normal 0 -1 0
    outer loop
      vertex 0 7.65 5.15
      vertex 2.20001 7.65 6.45
      vertex 0 7.65 6.5
    endloop
  endfacet
  facet normal 0 -1 -0
    outer loop
      vertex 2.20001 7.65 6.45
      vertex 0 7.65 5.15
      vertex 2.20001 7.65 5.15
    endloop
  endfacet
  facet normal 0 -1 0
    outer loop
      vertex 2.20001 7.65 6.5
      vertex 3.20001 7.65 7.45
      vertex 2.20001 7.65 7.45
    endloop
  endfacet
  facet normal 0 -1 0
    outer loop
      vertex 3.20001 7.65 6.45
      vertex 2.20001 7.65 6.5
      vertex 2.20001 7.65 6.45
    endloop
  endfacet
  facet normal 0 -1 0
    outer loop
      vertex 2.20001 7.65 6.5
      vertex 3.20001 7.65 6.45
      vertex 3.20001 7.65 7.45
    endloop
  endfacet
  facet normal 0 1 0
    outer loop
      vertex 3.20001 -7.65 7.45
      vertex 2.20001 -7.65 6.5
      vertex 2.20001 -7.65 7.45
    endloop
  endfacet
  facet normal 0 1 -0
    outer loop
      vertex 3.20001 -7.65 6.45
      vertex 2.20001 -7.65 6.5
      vertex 3.20001 -7.65 7.45
    endloop
  endfacet
  facet normal 0 1 0
    outer loop
      vertex 2.20001 -7.65 6.45
      vertex 2.20001 -7.65 6.5
      vertex 3.20001 -7.65 6.45
    endloop
  endfacet
  facet normal 0 1 0
    outer loop
      vertex 2.20001 -7.65 6.5
      vertex 2.20001 -7.65 6.45
      vertex 0 -7.65 6.5
    endloop
  endfacet
  facet normal 0 1 0
    outer loop
      vertex 0 -7.65 5.15
      vertex 2.20001 -7.65 6.45
      vertex 2.20001 -7.65 5.15
    endloop
  endfacet
  facet normal 0 1 0
    outer loop
      vertex 2.20001 -7.65 6.45
      vertex 0 -7.65 5.15
      vertex 0 -7.65 6.5
    endloop
  endfacet
  facet normal 0.989175 -0.146741 0
    outer loop
      vertex 10.0048 -9.90198 6.5
      vertex 10.0192 -9.80491 0
      vertex 10.0192 -9.80491 6.5
    endloop
  endfacet
  facet normal 0.989175 -0.146741 0
    outer loop
      vertex 10.0192 -9.80491 0
      vertex 10.0048 -9.90198 6.5
      vertex 10.0048 -9.90198 0
    endloop
  endfacet
  facet normal 0.740908 0.671607 0
    outer loop
      vertex 10.2929 -10.7071 6.5
      vertex 10.227 -10.6344 0
      vertex 10.227 -10.6344 6.5
    endloop
  endfacet
  facet normal 0.740908 0.671607 0
    outer loop
      vertex 10.227 -10.6344 0
      vertex 10.2929 -10.7071 6.5
      vertex 10.2929 -10.7071 0
    endloop
  endfacet
  facet normal -0.671607 -0.740908 0
    outer loop
      vertex 11.6344 -9.22699 0
      vertex 11.7071 -9.29289 6.5
      vertex 11.6344 -9.22699 6.5
    endloop
  endfacet
  facet normal -0.671607 -0.740908 -0
    outer loop
      vertex 11.7071 -9.29289 6.5
      vertex 11.6344 -9.22699 0
      vertex 11.7071 -9.29289 0
    endloop
  endfacet
  facet normal -0.94173 -0.336369 0
    outer loop
      vertex 11.9569 -9.70971 0
      vertex 11.9239 -9.61732 6.5
      vertex 11.9239 -9.61732 0
    endloop
  endfacet
  facet normal -0.94173 -0.336369 0
    outer loop
      vertex 11.9239 -9.61732 6.5
      vertex 11.9569 -9.70971 0
      vertex 11.9569 -9.70971 6.5
    endloop
  endfacet
  facet normal -0.243015 -0.970023 0
    outer loop
      vertex 11.1951 -9.01921 0
      vertex 11.2903 -9.04306 6.5
      vertex 11.1951 -9.01921 6.5
    endloop
  endfacet
  facet normal -0.243015 -0.970023 -0
    outer loop
      vertex 11.2903 -9.04306 6.5
      vertex 11.1951 -9.01921 0
      vertex 11.2903 -9.04306 0
    endloop
  endfacet
  facet normal -0.740908 0.671607 0
    outer loop
      vertex 11.7071 -10.7071 0
      vertex 11.773 -10.6344 6.5
      vertex 11.773 -10.6344 0
    endloop
  endfacet
  facet normal -0.740908 0.671607 0
    outer loop
      vertex 11.773 -10.6344 6.5
      vertex 11.7071 -10.7071 0
      vertex 11.7071 -10.7071 6.5
    endloop
  endfacet
  facet normal -0.0491243 -0.998793 0
    outer loop
      vertex 11 -9 0
      vertex 11.098 -9.00482 6.5
      vertex 11 -9 6.5
    endloop
  endfacet
  facet normal -0.0491243 -0.998793 -0
    outer loop
      vertex 11.098 -9.00482 6.5
      vertex 11 -9 0
      vertex 11.098 -9.00482 0
    endloop
  endfacet
  facet normal 0.671607 0.740908 -0
    outer loop
      vertex 10.3656 -10.773 0
      vertex 10.2929 -10.7071 6.5
      vertex 10.3656 -10.773 6.5
    endloop
  endfacet
  facet normal 0.671607 0.740908 0
    outer loop
      vertex 10.2929 -10.7071 6.5
      vertex 10.3656 -10.773 0
      vertex 10.2929 -10.7071 0
    endloop
  endfacet
  facet normal 0.0489209 0.998803 -0
    outer loop
      vertex 11 -11 0
      vertex 10.902 -10.9952 6.5
      vertex 11 -11 6.5
    endloop
  endfacet
  facet normal 0.0489209 0.998803 0
    outer loop
      vertex 10.902 -10.9952 6.5
      vertex 11 -11 0
      vertex 10.902 -10.9952 0
    endloop
  endfacet
  facet normal -0.802997 -0.595983 0
    outer loop
      vertex 11.8315 -9.44443 0
      vertex 11.773 -9.36561 6.5
      vertex 11.773 -9.36561 0
    endloop
  endfacet
  facet normal -0.802997 -0.595983 0
    outer loop
      vertex 11.773 -9.36561 6.5
      vertex 11.8315 -9.44443 0
      vertex 11.8315 -9.44443 6.5
    endloop
  endfacet
  facet normal 0.802997 -0.595983 0
    outer loop
      vertex 10.1685 -9.44443 6.5
      vertex 10.227 -9.36561 0
      vertex 10.227 -9.36561 6.5
    endloop
  endfacet
  facet normal 0.802997 -0.595983 0
    outer loop
      vertex 10.227 -9.36561 0
      vertex 10.1685 -9.44443 6.5
      vertex 10.1685 -9.44443 0
    endloop
  endfacet
  facet normal -0.741 -0.671505 0
    outer loop
      vertex 11.773 -9.36561 0
      vertex 11.7071 -9.29289 6.5
      vertex 11.7071 -9.29289 0
    endloop
  endfacet
  facet normal -0.741 -0.671505 0
    outer loop
      vertex 11.7071 -9.29289 6.5
      vertex 11.773 -9.36561 0
      vertex 11.773 -9.36561 6.5
    endloop
  endfacet
  facet normal 0.427955 0.9038 -0
    outer loop
      vertex 10.6173 -10.9239 0
      vertex 10.5286 -10.8819 6.5
      vertex 10.6173 -10.9239 6.5
    endloop
  endfacet
  facet normal 0.427955 0.9038 0
    outer loop
      vertex 10.5286 -10.8819 6.5
      vertex 10.6173 -10.9239 0
      vertex 10.5286 -10.8819 0
    endloop
  endfacet
  facet normal 0.998803 0.0489209 0
    outer loop
      vertex 10.0048 -10.098 6.5
      vertex 10 -10 0
      vertex 10 -10 6.5
    endloop
  endfacet
  facet normal 0.998803 0.0489209 0
    outer loop
      vertex 10 -10 0
      vertex 10.0048 -10.098 6.5
      vertex 10.0048 -10.098 0
    endloop
  endfacet
  facet normal -0.989175 -0.146741 0
    outer loop
      vertex 11.9952 -9.90198 0
      vertex 11.9808 -9.80491 6.5
      vertex 11.9808 -9.80491 0
    endloop
  endfacet
  facet normal -0.989175 -0.146741 0
    outer loop
      vertex 11.9808 -9.80491 6.5
      vertex 11.9952 -9.90198 0
      vertex 11.9952 -9.90198 6.5
    endloop
  endfacet
  facet normal -0.336336 0.941742 0
    outer loop
      vertex 11.3827 -10.9239 0
      vertex 11.2903 -10.9569 6.5
      vertex 11.3827 -10.9239 6.5
    endloop
  endfacet
  facet normal -0.336336 0.941742 0
    outer loop
      vertex 11.2903 -10.9569 6.5
      vertex 11.3827 -10.9239 0
      vertex 11.2903 -10.9569 0
    endloop
  endfacet
  facet normal -0.146696 0.989182 0
    outer loop
      vertex 11.1951 -10.9808 0
      vertex 11.098 -10.9952 6.5
      vertex 11.1951 -10.9808 6.5
    endloop
  endfacet
  facet normal -0.146696 0.989182 0
    outer loop
      vertex 11.098 -10.9952 6.5
      vertex 11.1951 -10.9808 0
      vertex 11.098 -10.9952 0
    endloop
  endfacet
  facet normal -0.989182 0.146696 0
    outer loop
      vertex 11.9808 -10.1951 0
      vertex 11.9952 -10.098 6.5
      vertex 11.9952 -10.098 0
    endloop
  endfacet
  facet normal -0.989182 0.146696 0
    outer loop
      vertex 11.9952 -10.098 6.5
      vertex 11.9808 -10.1951 0
      vertex 11.9808 -10.1951 6.5
    endloop
  endfacet
  facet normal 0.671607 -0.740908 0
    outer loop
      vertex 10.2929 -9.29289 0
      vertex 10.3656 -9.22699 6.5
      vertex 10.2929 -9.29289 6.5
    endloop
  endfacet
  facet normal 0.671607 -0.740908 0
    outer loop
      vertex 10.3656 -9.22699 6.5
      vertex 10.2929 -9.29289 0
      vertex 10.3656 -9.22699 0
    endloop
  endfacet
  facet normal -0.998803 -0.048911 0
    outer loop
      vertex 12 -10 0
      vertex 11.9952 -9.90198 6.5
      vertex 11.9952 -9.90198 0
    endloop
  endfacet
  facet normal -0.998803 -0.048911 0
    outer loop
      vertex 11.9952 -9.90198 6.5
      vertex 12 -10 0
      vertex 12 -10 6.5
    endloop
  endfacet
  facet normal 0.941742 0.336336 0
    outer loop
      vertex 10.0761 -10.3827 6.5
      vertex 10.0431 -10.2903 0
      vertex 10.0431 -10.2903 6.5
    endloop
  endfacet
  facet normal 0.941742 0.336336 0
    outer loop
      vertex 10.0431 -10.2903 0
      vertex 10.0761 -10.3827 6.5
      vertex 10.0761 -10.3827 0
    endloop
  endfacet
  facet normal 0.243015 -0.970023 0
    outer loop
      vertex 10.7097 -9.04306 0
      vertex 10.8049 -9.01921 6.5
      vertex 10.7097 -9.04306 6.5
    endloop
  endfacet
  facet normal 0.243015 -0.970023 0
    outer loop
      vertex 10.8049 -9.01921 6.5
      vertex 10.7097 -9.04306 0
      vertex 10.8049 -9.01921 0
    endloop
  endfacet
  facet normal 0.802925 0.59608 0
    outer loop
      vertex 10.227 -10.6344 6.5
      vertex 10.1685 -10.5556 0
      vertex 10.1685 -10.5556 6.5
    endloop
  endfacet
  facet normal 0.802925 0.59608 0
    outer loop
      vertex 10.1685 -10.5556 0
      vertex 10.227 -10.6344 6.5
      vertex 10.227 -10.6344 0
    endloop
  endfacet
  facet normal -0.998803 0.0489209 0
    outer loop
      vertex 11.9952 -10.098 0
      vertex 12 -10 6.5
      vertex 12 -10 0
    endloop
  endfacet
  facet normal -0.998803 0.0489209 0
    outer loop
      vertex 12 -10 6.5
      vertex 11.9952 -10.098 0
      vertex 11.9952 -10.098 6.5
    endloop
  endfacet
  facet normal 0.969902 0.243494 0
    outer loop
      vertex 10.0431 -10.2903 6.5
      vertex 10.0192 -10.1951 0
      vertex 10.0192 -10.1951 6.5
    endloop
  endfacet
  facet normal 0.969902 0.243494 0
    outer loop
      vertex 10.0192 -10.1951 0
      vertex 10.0431 -10.2903 6.5
      vertex 10.0431 -10.2903 0
    endloop
  endfacet
  facet normal -0.513971 -0.857807 0
    outer loop
      vertex 11.4714 -9.11808 0
      vertex 11.5556 -9.16853 6.5
      vertex 11.4714 -9.11808 6.5
    endloop
  endfacet
  facet normal -0.513971 -0.857807 -0
    outer loop
      vertex 11.5556 -9.16853 6.5
      vertex 11.4714 -9.11808 0
      vertex 11.5556 -9.16853 0
    endloop
  endfacet
  facet normal -0.336879 -0.941548 0
    outer loop
      vertex 11.2903 -9.04306 0
      vertex 11.3827 -9.07612 6.5
      vertex 11.2903 -9.04306 6.5
    endloop
  endfacet
  facet normal -0.336879 -0.941548 -0
    outer loop
      vertex 11.3827 -9.07612 6.5
      vertex 11.2903 -9.04306 0
      vertex 11.3827 -9.07612 0
    endloop
  endfacet
  facet normal 0.146597 -0.989196 0
    outer loop
      vertex 10.8049 -9.01921 0
      vertex 10.902 -9.00482 6.5
      vertex 10.8049 -9.01921 6.5
    endloop
  endfacet
  facet normal 0.146597 -0.989196 0
    outer loop
      vertex 10.902 -9.00482 6.5
      vertex 10.8049 -9.01921 0
      vertex 10.902 -9.00482 0
    endloop
  endfacet
  facet normal -0.969902 -0.243494 0
    outer loop
      vertex 11.9808 -9.80491 0
      vertex 11.9569 -9.70971 6.5
      vertex 11.9569 -9.70971 0
    endloop
  endfacet
  facet normal -0.969902 -0.243494 0
    outer loop
      vertex 11.9569 -9.70971 6.5
      vertex 11.9808 -9.80491 0
      vertex 11.9808 -9.80491 6.5
    endloop
  endfacet
  facet normal 0.336879 -0.941548 0
    outer loop
      vertex 10.6173 -9.07612 0
      vertex 10.7097 -9.04306 6.5
      vertex 10.6173 -9.07612 6.5
    endloop
  endfacet
  facet normal 0.336879 -0.941548 0
    outer loop
      vertex 10.7097 -9.04306 6.5
      vertex 10.6173 -9.07612 0
      vertex 10.7097 -9.04306 0
    endloop
  endfacet
  facet normal -0.427622 -0.903958 0
    outer loop
      vertex 11.3827 -9.07612 0
      vertex 11.4714 -9.11808 6.5
      vertex 11.3827 -9.07612 6.5
    endloop
  endfacet
  facet normal -0.427622 -0.903958 -0
    outer loop
      vertex 11.4714 -9.11808 6.5
      vertex 11.3827 -9.07612 0
      vertex 11.4714 -9.11808 0
    endloop
  endfacet
  facet normal 0.741 -0.671505 0
    outer loop
      vertex 10.227 -9.36561 6.5
      vertex 10.2929 -9.29289 0
      vertex 10.2929 -9.29289 6.5
    endloop
  endfacet
  facet normal 0.741 -0.671505 0
    outer loop
      vertex 10.2929 -9.29289 0
      vertex 10.227 -9.36561 6.5
      vertex 10.227 -9.36561 0
    endloop
  endfacet
  facet normal -0.427955 0.9038 0
    outer loop
      vertex 11.4714 -10.8819 0
      vertex 11.3827 -10.9239 6.5
      vertex 11.4714 -10.8819 6.5
    endloop
  endfacet
  facet normal -0.427955 0.9038 0
    outer loop
      vertex 11.3827 -10.9239 6.5
      vertex 11.4714 -10.8819 0
      vertex 11.3827 -10.9239 0
    endloop
  endfacet
  facet normal -0.903837 -0.427876 0
    outer loop
      vertex 11.9239 -9.61732 0
      vertex 11.8819 -9.5286 6.5
      vertex 11.8819 -9.5286 0
    endloop
  endfacet
  facet normal -0.903837 -0.427876 0
    outer loop
      vertex 11.8819 -9.5286 6.5
      vertex 11.9239 -9.61732 0
      vertex 11.9239 -9.61732 6.5
    endloop
  endfacet
  facet normal 0.998803 -0.048911 0
    outer loop
      vertex 10 -10 6.5
      vertex 10.0048 -9.90198 0
      vertex 10.0048 -9.90198 6.5
    endloop
  endfacet
  facet normal 0.998803 -0.048911 0
    outer loop
      vertex 10.0048 -9.90198 0
      vertex 10 -10 6.5
      vertex 10 -10 0
    endloop
  endfacet
  facet normal -0.595817 -0.80312 0
    outer loop
      vertex 11.5556 -9.16853 0
      vertex 11.6344 -9.22699 6.5
      vertex 11.5556 -9.16853 6.5
    endloop
  endfacet
  facet normal -0.595817 -0.80312 -0
    outer loop
      vertex 11.6344 -9.22699 6.5
      vertex 11.5556 -9.16853 0
      vertex 11.6344 -9.22699 0
    endloop
  endfacet
  facet normal -0.802925 0.59608 0
    outer loop
      vertex 11.773 -10.6344 0
      vertex 11.8315 -10.5556 6.5
      vertex 11.8315 -10.5556 0
    endloop
  endfacet
  facet normal -0.802925 0.59608 0
    outer loop
      vertex 11.8315 -10.5556 6.5
      vertex 11.773 -10.6344 0
      vertex 11.773 -10.6344 6.5
    endloop
  endfacet
  facet normal -0.941742 0.336336 0
    outer loop
      vertex 11.9239 -10.3827 0
      vertex 11.9569 -10.2903 6.5
      vertex 11.9569 -10.2903 0
    endloop
  endfacet
  facet normal -0.941742 0.336336 0
    outer loop
      vertex 11.9569 -10.2903 6.5
      vertex 11.9239 -10.3827 0
      vertex 11.9239 -10.3827 6.5
    endloop
  endfacet
  facet normal 0.969902 -0.243494 0
    outer loop
      vertex 10.0192 -9.80491 6.5
      vertex 10.0431 -9.70971 0
      vertex 10.0431 -9.70971 6.5
    endloop
  endfacet
  facet normal 0.969902 -0.243494 0
    outer loop
      vertex 10.0431 -9.70971 0
      vertex 10.0192 -9.80491 6.5
      vertex 10.0192 -9.80491 0
    endloop
  endfacet
  facet normal -0.857951 -0.513731 0
    outer loop
      vertex 11.8819 -9.5286 0
      vertex 11.8315 -9.44443 6.5
      vertex 11.8315 -9.44443 0
    endloop
  endfacet
  facet normal -0.857951 -0.513731 0
    outer loop
      vertex 11.8315 -9.44443 6.5
      vertex 11.8819 -9.5286 0
      vertex 11.8819 -9.5286 6.5
    endloop
  endfacet
  facet normal 0.146696 0.989182 -0
    outer loop
      vertex 10.902 -10.9952 0
      vertex 10.8049 -10.9808 6.5
      vertex 10.902 -10.9952 6.5
    endloop
  endfacet
  facet normal 0.146696 0.989182 0
    outer loop
      vertex 10.8049 -10.9808 6.5
      vertex 10.902 -10.9952 0
      vertex 10.8049 -10.9808 0
    endloop
  endfacet
  facet normal -0.9038 0.427955 0
    outer loop
      vertex 11.8819 -10.4714 0
      vertex 11.9239 -10.3827 6.5
      vertex 11.9239 -10.3827 0
    endloop
  endfacet
  facet normal -0.9038 0.427955 0
    outer loop
      vertex 11.9239 -10.3827 6.5
      vertex 11.8819 -10.4714 0
      vertex 11.8819 -10.4714 6.5
    endloop
  endfacet
  facet normal 0.0491243 -0.998793 0
    outer loop
      vertex 10.902 -9.00482 0
      vertex 11 -9 6.5
      vertex 10.902 -9.00482 6.5
    endloop
  endfacet
  facet normal 0.0491243 -0.998793 0
    outer loop
      vertex 11 -9 6.5
      vertex 10.902 -9.00482 0
      vertex 11 -9 0
    endloop
  endfacet
  facet normal -0.858032 0.513596 0
    outer loop
      vertex 11.8315 -10.5556 0
      vertex 11.8819 -10.4714 6.5
      vertex 11.8819 -10.4714 0
    endloop
  endfacet
  facet normal -0.858032 0.513596 0
    outer loop
      vertex 11.8819 -10.4714 6.5
      vertex 11.8315 -10.5556 0
      vertex 11.8315 -10.5556 6.5
    endloop
  endfacet
  facet normal 0.989182 0.146696 0
    outer loop
      vertex 10.0192 -10.1951 6.5
      vertex 10.0048 -10.098 0
      vertex 10.0048 -10.098 6.5
    endloop
  endfacet
  facet normal 0.989182 0.146696 0
    outer loop
      vertex 10.0048 -10.098 0
      vertex 10.0192 -10.1951 6.5
      vertex 10.0192 -10.1951 0
    endloop
  endfacet
  facet normal -0.513596 0.858032 0
    outer loop
      vertex 11.5556 -10.8315 0
      vertex 11.4714 -10.8819 6.5
      vertex 11.5556 -10.8315 6.5
    endloop
  endfacet
  facet normal -0.513596 0.858032 0
    outer loop
      vertex 11.4714 -10.8819 6.5
      vertex 11.5556 -10.8315 0
      vertex 11.4714 -10.8819 0
    endloop
  endfacet
  facet normal 0.595817 -0.80312 0
    outer loop
      vertex 10.3656 -9.22699 0
      vertex 10.4444 -9.16853 6.5
      vertex 10.3656 -9.22699 6.5
    endloop
  endfacet
  facet normal 0.595817 -0.80312 0
    outer loop
      vertex 10.4444 -9.16853 6.5
      vertex 10.3656 -9.22699 0
      vertex 10.4444 -9.16853 0
    endloop
  endfacet
  facet normal 0.427622 -0.903958 0
    outer loop
      vertex 10.5286 -9.11808 0
      vertex 10.6173 -9.07612 6.5
      vertex 10.5286 -9.11808 6.5
    endloop
  endfacet
  facet normal 0.427622 -0.903958 0
    outer loop
      vertex 10.6173 -9.07612 6.5
      vertex 10.5286 -9.11808 0
      vertex 10.6173 -9.07612 0
    endloop
  endfacet
  facet normal -0.0489209 0.998803 0
    outer loop
      vertex 11.098 -10.9952 0
      vertex 11 -11 6.5
      vertex 11.098 -10.9952 6.5
    endloop
  endfacet
  facet normal -0.0489209 0.998803 0
    outer loop
      vertex 11 -11 6.5
      vertex 11.098 -10.9952 0
      vertex 11 -11 0
    endloop
  endfacet
  facet normal -0.59608 0.802925 0
    outer loop
      vertex 11.6344 -10.773 0
      vertex 11.5556 -10.8315 6.5
      vertex 11.6344 -10.773 6.5
    endloop
  endfacet
  facet normal -0.59608 0.802925 0
    outer loop
      vertex 11.5556 -10.8315 6.5
      vertex 11.6344 -10.773 0
      vertex 11.5556 -10.8315 0
    endloop
  endfacet
  facet normal 0.858032 0.513596 0
    outer loop
      vertex 10.1685 -10.5556 6.5
      vertex 10.1181 -10.4714 0
      vertex 10.1181 -10.4714 6.5
    endloop
  endfacet
  facet normal 0.858032 0.513596 0
    outer loop
      vertex 10.1181 -10.4714 0
      vertex 10.1685 -10.5556 6.5
      vertex 10.1685 -10.5556 0
    endloop
  endfacet
  facet normal -0.969902 0.243494 0
    outer loop
      vertex 11.9569 -10.2903 0
      vertex 11.9808 -10.1951 6.5
      vertex 11.9808 -10.1951 0
    endloop
  endfacet
  facet normal -0.969902 0.243494 0
    outer loop
      vertex 11.9808 -10.1951 6.5
      vertex 11.9569 -10.2903 0
      vertex 11.9569 -10.2903 6.5
    endloop
  endfacet
  facet normal -0.243494 0.969902 0
    outer loop
      vertex 11.2903 -10.9569 0
      vertex 11.1951 -10.9808 6.5
      vertex 11.2903 -10.9569 6.5
    endloop
  endfacet
  facet normal -0.243494 0.969902 0
    outer loop
      vertex 11.1951 -10.9808 6.5
      vertex 11.2903 -10.9569 0
      vertex 11.1951 -10.9808 0
    endloop
  endfacet
  facet normal -0.671607 0.740908 0
    outer loop
      vertex 11.7071 -10.7071 0
      vertex 11.6344 -10.773 6.5
      vertex 11.7071 -10.7071 6.5
    endloop
  endfacet
  facet normal -0.671607 0.740908 0
    outer loop
      vertex 11.6344 -10.773 6.5
      vertex 11.7071 -10.7071 0
      vertex 11.6344 -10.773 0
    endloop
  endfacet
  facet normal -0.146597 -0.989196 0
    outer loop
      vertex 11.098 -9.00482 0
      vertex 11.1951 -9.01921 6.5
      vertex 11.098 -9.00482 6.5
    endloop
  endfacet
  facet normal -0.146597 -0.989196 -0
    outer loop
      vertex 11.1951 -9.01921 6.5
      vertex 11.098 -9.00482 0
      vertex 11.1951 -9.01921 0
    endloop
  endfacet
  facet normal 0.59608 0.802925 -0
    outer loop
      vertex 10.4444 -10.8315 0
      vertex 10.3656 -10.773 6.5
      vertex 10.4444 -10.8315 6.5
    endloop
  endfacet
  facet normal 0.59608 0.802925 0
    outer loop
      vertex 10.3656 -10.773 6.5
      vertex 10.4444 -10.8315 0
      vertex 10.3656 -10.773 0
    endloop
  endfacet
  facet normal 0.903837 -0.427876 0
    outer loop
      vertex 10.0761 -9.61732 6.5
      vertex 10.1181 -9.5286 0
      vertex 10.1181 -9.5286 6.5
    endloop
  endfacet
  facet normal 0.903837 -0.427876 0
    outer loop
      vertex 10.1181 -9.5286 0
      vertex 10.0761 -9.61732 6.5
      vertex 10.0761 -9.61732 0
    endloop
  endfacet
  facet normal 0.9038 0.427955 0
    outer loop
      vertex 10.1181 -10.4714 6.5
      vertex 10.0761 -10.3827 0
      vertex 10.0761 -10.3827 6.5
    endloop
  endfacet
  facet normal 0.9038 0.427955 0
    outer loop
      vertex 10.0761 -10.3827 0
      vertex 10.1181 -10.4714 6.5
      vertex 10.1181 -10.4714 0
    endloop
  endfacet
  facet normal 0.513971 -0.857807 0
    outer loop
      vertex 10.4444 -9.16853 0
      vertex 10.5286 -9.11808 6.5
      vertex 10.4444 -9.16853 6.5
    endloop
  endfacet
  facet normal 0.513971 -0.857807 0
    outer loop
      vertex 10.5286 -9.11808 6.5
      vertex 10.4444 -9.16853 0
      vertex 10.5286 -9.11808 0
    endloop
  endfacet
  facet normal 0.94173 -0.336369 0
    outer loop
      vertex 10.0431 -9.70971 6.5
      vertex 10.0761 -9.61732 0
      vertex 10.0761 -9.61732 6.5
    endloop
  endfacet
  facet normal 0.94173 -0.336369 0
    outer loop
      vertex 10.0761 -9.61732 0
      vertex 10.0431 -9.70971 6.5
      vertex 10.0431 -9.70971 0
    endloop
  endfacet
  facet normal 0.243494 0.969902 -0
    outer loop
      vertex 10.8049 -10.9808 0
      vertex 10.7097 -10.9569 6.5
      vertex 10.8049 -10.9808 6.5
    endloop
  endfacet
  facet normal 0.243494 0.969902 0
    outer loop
      vertex 10.7097 -10.9569 6.5
      vertex 10.8049 -10.9808 0
      vertex 10.7097 -10.9569 0
    endloop
  endfacet
  facet normal 0.336336 0.941742 -0
    outer loop
      vertex 10.7097 -10.9569 0
      vertex 10.6173 -10.9239 6.5
      vertex 10.7097 -10.9569 6.5
    endloop
  endfacet
  facet normal 0.336336 0.941742 0
    outer loop
      vertex 10.6173 -10.9239 6.5
      vertex 10.7097 -10.9569 0
      vertex 10.6173 -10.9239 0
    endloop
  endfacet
  facet normal 0.857951 -0.513731 0
    outer loop
      vertex 10.1181 -9.5286 6.5
      vertex 10.1685 -9.44443 0
      vertex 10.1685 -9.44443 6.5
    endloop
  endfacet
  facet normal 0.857951 -0.513731 0
    outer loop
      vertex 10.1685 -9.44443 0
      vertex 10.1181 -9.5286 6.5
      vertex 10.1181 -9.5286 0
    endloop
  endfacet
  facet normal 0.513596 0.858032 -0
    outer loop
      vertex 10.5286 -10.8819 0
      vertex 10.4444 -10.8315 6.5
      vertex 10.5286 -10.8819 6.5
    endloop
  endfacet
  facet normal 0.513596 0.858032 0
    outer loop
      vertex 10.4444 -10.8315 6.5
      vertex 10.5286 -10.8819 0
      vertex 10.4444 -10.8315 0
    endloop
  endfacet
  facet normal -0.989182 -0.146696 0
    outer loop
      vertex 11.9952 10.098 0
      vertex 11.9808 10.1951 6.5
      vertex 11.9808 10.1951 0
    endloop
  endfacet
  facet normal -0.989182 -0.146696 0
    outer loop
      vertex 11.9808 10.1951 6.5
      vertex 11.9952 10.098 0
      vertex 11.9952 10.098 6.5
    endloop
  endfacet
  facet normal 0.0491243 0.998793 -0
    outer loop
      vertex 11 9 0
      vertex 10.902 9.00482 6.5
      vertex 11 9 6.5
    endloop
  endfacet
  facet normal 0.0491243 0.998793 0
    outer loop
      vertex 10.902 9.00482 6.5
      vertex 11 9 0
      vertex 10.902 9.00482 0
    endloop
  endfacet
  facet normal -0.740908 -0.671607 0
    outer loop
      vertex 11.773 10.6344 0
      vertex 11.7071 10.7071 6.5
      vertex 11.7071 10.7071 0
    endloop
  endfacet
  facet normal -0.740908 -0.671607 0
    outer loop
      vertex 11.7071 10.7071 6.5
      vertex 11.773 10.6344 0
      vertex 11.773 10.6344 6.5
    endloop
  endfacet
  facet normal -0.243494 -0.969902 0
    outer loop
      vertex 11.1951 10.9808 0
      vertex 11.2903 10.9569 6.5
      vertex 11.1951 10.9808 6.5
    endloop
  endfacet
  facet normal -0.243494 -0.969902 -0
    outer loop
      vertex 11.2903 10.9569 6.5
      vertex 11.1951 10.9808 0
      vertex 11.2903 10.9569 0
    endloop
  endfacet
  facet normal -0.243015 0.970023 0
    outer loop
      vertex 11.2903 9.04306 0
      vertex 11.1951 9.01921 6.5
      vertex 11.2903 9.04306 6.5
    endloop
  endfacet
  facet normal -0.243015 0.970023 0
    outer loop
      vertex 11.1951 9.01921 6.5
      vertex 11.2903 9.04306 0
      vertex 11.1951 9.01921 0
    endloop
  endfacet
  facet normal -0.802997 0.595983 0
    outer loop
      vertex 11.773 9.36561 0
      vertex 11.8315 9.44443 6.5
      vertex 11.8315 9.44443 0
    endloop
  endfacet
  facet normal -0.802997 0.595983 0
    outer loop
      vertex 11.8315 9.44443 6.5
      vertex 11.773 9.36561 0
      vertex 11.773 9.36561 6.5
    endloop
  endfacet
  facet normal -0.595817 0.80312 0
    outer loop
      vertex 11.6344 9.22699 0
      vertex 11.5556 9.16853 6.5
      vertex 11.6344 9.22699 6.5
    endloop
  endfacet
  facet normal -0.595817 0.80312 0
    outer loop
      vertex 11.5556 9.16853 6.5
      vertex 11.6344 9.22699 0
      vertex 11.5556 9.16853 0
    endloop
  endfacet
  facet normal 0.802925 -0.59608 0
    outer loop
      vertex 10.1685 10.5556 6.5
      vertex 10.227 10.6344 0
      vertex 10.227 10.6344 6.5
    endloop
  endfacet
  facet normal 0.802925 -0.59608 0
    outer loop
      vertex 10.227 10.6344 0
      vertex 10.1685 10.5556 6.5
      vertex 10.1685 10.5556 0
    endloop
  endfacet
  facet normal -0.941742 -0.336336 0
    outer loop
      vertex 11.9569 10.2903 0
      vertex 11.9239 10.3827 6.5
      vertex 11.9239 10.3827 0
    endloop
  endfacet
  facet normal -0.941742 -0.336336 0
    outer loop
      vertex 11.9239 10.3827 6.5
      vertex 11.9569 10.2903 0
      vertex 11.9569 10.2903 6.5
    endloop
  endfacet
  facet normal 0.94173 0.336369 0
    outer loop
      vertex 10.0761 9.61732 6.5
      vertex 10.0431 9.70971 0
      vertex 10.0431 9.70971 6.5
    endloop
  endfacet
  facet normal 0.94173 0.336369 0
    outer loop
      vertex 10.0431 9.70971 0
      vertex 10.0761 9.61732 6.5
      vertex 10.0761 9.61732 0
    endloop
  endfacet
  facet normal -0.336336 -0.941742 0
    outer loop
      vertex 11.2903 10.9569 0
      vertex 11.3827 10.9239 6.5
      vertex 11.2903 10.9569 6.5
    endloop
  endfacet
  facet normal -0.336336 -0.941742 -0
    outer loop
      vertex 11.3827 10.9239 6.5
      vertex 11.2903 10.9569 0
      vertex 11.3827 10.9239 0
    endloop
  endfacet
  facet normal -0.671607 0.740908 0
    outer loop
      vertex 11.7071 9.29289 0
      vertex 11.6344 9.22699 6.5
      vertex 11.7071 9.29289 6.5
    endloop
  endfacet
  facet normal -0.671607 0.740908 0
    outer loop
      vertex 11.6344 9.22699 6.5
      vertex 11.7071 9.29289 0
      vertex 11.6344 9.22699 0
    endloop
  endfacet
  facet normal -0.989175 0.146741 0
    outer loop
      vertex 11.9808 9.80491 0
      vertex 11.9952 9.90198 6.5
      vertex 11.9952 9.90198 0
    endloop
  endfacet
  facet normal -0.989175 0.146741 0
    outer loop
      vertex 11.9952 9.90198 6.5
      vertex 11.9808 9.80491 0
      vertex 11.9808 9.80491 6.5
    endloop
  endfacet
  facet normal 0.741 0.671505 0
    outer loop
      vertex 10.2929 9.29289 6.5
      vertex 10.227 9.36561 0
      vertex 10.227 9.36561 6.5
    endloop
  endfacet
  facet normal 0.741 0.671505 0
    outer loop
      vertex 10.227 9.36561 0
      vertex 10.2929 9.29289 6.5
      vertex 10.2929 9.29289 0
    endloop
  endfacet
  facet normal -0.903837 0.427876 0
    outer loop
      vertex 11.8819 9.5286 0
      vertex 11.9239 9.61732 6.5
      vertex 11.9239 9.61732 0
    endloop
  endfacet
  facet normal -0.903837 0.427876 0
    outer loop
      vertex 11.9239 9.61732 6.5
      vertex 11.8819 9.5286 0
      vertex 11.8819 9.5286 6.5
    endloop
  endfacet
  facet normal 0.0489209 -0.998803 0
    outer loop
      vertex 10.902 10.9952 0
      vertex 11 11 6.5
      vertex 10.902 10.9952 6.5
    endloop
  endfacet
  facet normal 0.0489209 -0.998803 0
    outer loop
      vertex 11 11 6.5
      vertex 10.902 10.9952 0
      vertex 11 11 0
    endloop
  endfacet
  facet normal 0.857951 0.513731 0
    outer loop
      vertex 10.1685 9.44443 6.5
      vertex 10.1181 9.5286 0
      vertex 10.1181 9.5286 6.5
    endloop
  endfacet
  facet normal 0.857951 0.513731 0
    outer loop
      vertex 10.1181 9.5286 0
      vertex 10.1685 9.44443 6.5
      vertex 10.1685 9.44443 0
    endloop
  endfacet
  facet normal -0.998803 -0.0489209 0
    outer loop
      vertex 12 10 0
      vertex 11.9952 10.098 6.5
      vertex 11.9952 10.098 0
    endloop
  endfacet
  facet normal -0.998803 -0.0489209 0
    outer loop
      vertex 11.9952 10.098 6.5
      vertex 12 10 0
      vertex 12 10 6.5
    endloop
  endfacet
  facet normal -0.969902 -0.243494 0
    outer loop
      vertex 11.9808 10.1951 0
      vertex 11.9569 10.2903 6.5
      vertex 11.9569 10.2903 0
    endloop
  endfacet
  facet normal -0.969902 -0.243494 0
    outer loop
      vertex 11.9569 10.2903 6.5
      vertex 11.9808 10.1951 0
      vertex 11.9808 10.1951 6.5
    endloop
  endfacet
  facet normal 0.146696 -0.989182 0
    outer loop
      vertex 10.8049 10.9808 0
      vertex 10.902 10.9952 6.5
      vertex 10.8049 10.9808 6.5
    endloop
  endfacet
  facet normal 0.146696 -0.989182 0
    outer loop
      vertex 10.902 10.9952 6.5
      vertex 10.8049 10.9808 0
      vertex 10.902 10.9952 0
    endloop
  endfacet
  facet normal 0.243494 -0.969902 0
    outer loop
      vertex 10.7097 10.9569 0
      vertex 10.8049 10.9808 6.5
      vertex 10.7097 10.9569 6.5
    endloop
  endfacet
  facet normal 0.243494 -0.969902 0
    outer loop
      vertex 10.8049 10.9808 6.5
      vertex 10.7097 10.9569 0
      vertex 10.8049 10.9808 0
    endloop
  endfacet
  facet normal -0.0491243 0.998793 0
    outer loop
      vertex 11.098 9.00482 0
      vertex 11 9 6.5
      vertex 11.098 9.00482 6.5
    endloop
  endfacet
  facet normal -0.0491243 0.998793 0
    outer loop
      vertex 11 9 6.5
      vertex 11.098 9.00482 0
      vertex 11 9 0
    endloop
  endfacet
  facet normal 0.336879 0.941548 -0
    outer loop
      vertex 10.7097 9.04306 0
      vertex 10.6173 9.07612 6.5
      vertex 10.7097 9.04306 6.5
    endloop
  endfacet
  facet normal 0.336879 0.941548 0
    outer loop
      vertex 10.6173 9.07612 6.5
      vertex 10.7097 9.04306 0
      vertex 10.6173 9.07612 0
    endloop
  endfacet
  facet normal -0.671607 -0.740908 0
    outer loop
      vertex 11.6344 10.773 0
      vertex 11.7071 10.7071 6.5
      vertex 11.6344 10.773 6.5
    endloop
  endfacet
  facet normal -0.671607 -0.740908 -0
    outer loop
      vertex 11.7071 10.7071 6.5
      vertex 11.6344 10.773 0
      vertex 11.7071 10.7071 0
    endloop
  endfacet
  facet normal -0.513596 -0.858032 0
    outer loop
      vertex 11.4714 10.8819 0
      vertex 11.5556 10.8315 6.5
      vertex 11.4714 10.8819 6.5
    endloop
  endfacet
  facet normal -0.513596 -0.858032 -0
    outer loop
      vertex 11.5556 10.8315 6.5
      vertex 11.4714 10.8819 0
      vertex 11.5556 10.8315 0
    endloop
  endfacet
  facet normal -0.9038 -0.427955 0
    outer loop
      vertex 11.9239 10.3827 0
      vertex 11.8819 10.4714 6.5
      vertex 11.8819 10.4714 0
    endloop
  endfacet
  facet normal -0.9038 -0.427955 0
    outer loop
      vertex 11.8819 10.4714 6.5
      vertex 11.9239 10.3827 0
      vertex 11.9239 10.3827 6.5
    endloop
  endfacet
  facet normal 0.336336 -0.941742 0
    outer loop
      vertex 10.6173 10.9239 0
      vertex 10.7097 10.9569 6.5
      vertex 10.6173 10.9239 6.5
    endloop
  endfacet
  facet normal 0.336336 -0.941742 0
    outer loop
      vertex 10.7097 10.9569 6.5
      vertex 10.6173 10.9239 0
      vertex 10.7097 10.9569 0
    endloop
  endfacet
  facet normal 0.671607 0.740908 -0
    outer loop
      vertex 10.3656 9.22699 0
      vertex 10.2929 9.29289 6.5
      vertex 10.3656 9.22699 6.5
    endloop
  endfacet
  facet normal 0.671607 0.740908 0
    outer loop
      vertex 10.2929 9.29289 6.5
      vertex 10.3656 9.22699 0
      vertex 10.2929 9.29289 0
    endloop
  endfacet
  facet normal 0.998803 -0.0489209 0
    outer loop
      vertex 10 10 6.5
      vertex 10.0048 10.098 0
      vertex 10.0048 10.098 6.5
    endloop
  endfacet
  facet normal 0.998803 -0.0489209 0
    outer loop
      vertex 10.0048 10.098 0
      vertex 10 10 6.5
      vertex 10 10 0
    endloop
  endfacet
  facet normal 0.740908 -0.671607 0
    outer loop
      vertex 10.227 10.6344 6.5
      vertex 10.2929 10.7071 0
      vertex 10.2929 10.7071 6.5
    endloop
  endfacet
  facet normal 0.740908 -0.671607 0
    outer loop
      vertex 10.2929 10.7071 0
      vertex 10.227 10.6344 6.5
      vertex 10.227 10.6344 0
    endloop
  endfacet
  facet normal -0.0489209 -0.998803 0
    outer loop
      vertex 11 11 0
      vertex 11.098 10.9952 6.5
      vertex 11 11 6.5
    endloop
  endfacet
  facet normal -0.0489209 -0.998803 -0
    outer loop
      vertex 11.098 10.9952 6.5
      vertex 11 11 0
      vertex 11.098 10.9952 0
    endloop
  endfacet
  facet normal -0.998803 0.048911 0
    outer loop
      vertex 11.9952 9.90198 0
      vertex 12 10 6.5
      vertex 12 10 0
    endloop
  endfacet
  facet normal -0.998803 0.048911 0
    outer loop
      vertex 12 10 6.5
      vertex 11.9952 9.90198 0
      vertex 11.9952 9.90198 6.5
    endloop
  endfacet
  facet normal -0.336879 0.941548 0
    outer loop
      vertex 11.3827 9.07612 0
      vertex 11.2903 9.04306 6.5
      vertex 11.3827 9.07612 6.5
    endloop
  endfacet
  facet normal -0.336879 0.941548 0
    outer loop
      vertex 11.2903 9.04306 6.5
      vertex 11.3827 9.07612 0
      vertex 11.2903 9.04306 0
    endloop
  endfacet
  facet normal 0.802997 0.595983 0
    outer loop
      vertex 10.227 9.36561 6.5
      vertex 10.1685 9.44443 0
      vertex 10.1685 9.44443 6.5
    endloop
  endfacet
  facet normal 0.802997 0.595983 0
    outer loop
      vertex 10.1685 9.44443 0
      vertex 10.227 9.36561 6.5
      vertex 10.227 9.36561 0
    endloop
  endfacet
  facet normal -0.427955 -0.9038 0
    outer loop
      vertex 11.3827 10.9239 0
      vertex 11.4714 10.8819 6.5
      vertex 11.3827 10.9239 6.5
    endloop
  endfacet
  facet normal -0.427955 -0.9038 -0
    outer loop
      vertex 11.4714 10.8819 6.5
      vertex 11.3827 10.9239 0
      vertex 11.4714 10.8819 0
    endloop
  endfacet
  facet normal -0.59608 -0.802925 0
    outer loop
      vertex 11.5556 10.8315 0
      vertex 11.6344 10.773 6.5
      vertex 11.5556 10.8315 6.5
    endloop
  endfacet
  facet normal -0.59608 -0.802925 -0
    outer loop
      vertex 11.6344 10.773 6.5
      vertex 11.5556 10.8315 0
      vertex 11.6344 10.773 0
    endloop
  endfacet
  facet normal -0.857951 0.513731 0
    outer loop
      vertex 11.8315 9.44443 0
      vertex 11.8819 9.5286 6.5
      vertex 11.8819 9.5286 0
    endloop
  endfacet
  facet normal -0.857951 0.513731 0
    outer loop
      vertex 11.8819 9.5286 6.5
      vertex 11.8315 9.44443 0
      vertex 11.8315 9.44443 6.5
    endloop
  endfacet
  facet normal 0.59608 -0.802925 0
    outer loop
      vertex 10.3656 10.773 0
      vertex 10.4444 10.8315 6.5
      vertex 10.3656 10.773 6.5
    endloop
  endfacet
  facet normal 0.59608 -0.802925 0
    outer loop
      vertex 10.4444 10.8315 6.5
      vertex 10.3656 10.773 0
      vertex 10.4444 10.8315 0
    endloop
  endfacet
  facet normal 0.998803 0.048911 0
    outer loop
      vertex 10.0048 9.90198 6.5
      vertex 10 10 0
      vertex 10 10 6.5
    endloop
  endfacet
  facet normal 0.998803 0.048911 0
    outer loop
      vertex 10 10 0
      vertex 10.0048 9.90198 6.5
      vertex 10.0048 9.90198 0
    endloop
  endfacet
  facet normal 0.989175 0.146741 0
    outer loop
      vertex 10.0192 9.80491 6.5
      vertex 10.0048 9.90198 0
      vertex 10.0048 9.90198 6.5
    endloop
  endfacet
  facet normal 0.989175 0.146741 0
    outer loop
      vertex 10.0048 9.90198 0
      vertex 10.0192 9.80491 6.5
      vertex 10.0192 9.80491 0
    endloop
  endfacet
  facet normal -0.146597 0.989196 0
    outer loop
      vertex 11.1951 9.01921 0
      vertex 11.098 9.00482 6.5
      vertex 11.1951 9.01921 6.5
    endloop
  endfacet
  facet normal -0.146597 0.989196 0
    outer loop
      vertex 11.098 9.00482 6.5
      vertex 11.1951 9.01921 0
      vertex 11.098 9.00482 0
    endloop
  endfacet
  facet normal 0.427622 0.903958 -0
    outer loop
      vertex 10.6173 9.07612 0
      vertex 10.5286 9.11808 6.5
      vertex 10.6173 9.07612 6.5
    endloop
  endfacet
  facet normal 0.427622 0.903958 0
    outer loop
      vertex 10.5286 9.11808 6.5
      vertex 10.6173 9.07612 0
      vertex 10.5286 9.11808 0
    endloop
  endfacet
  facet normal -0.802925 -0.59608 0
    outer loop
      vertex 11.8315 10.5556 0
      vertex 11.773 10.6344 6.5
      vertex 11.773 10.6344 0
    endloop
  endfacet
  facet normal -0.802925 -0.59608 0
    outer loop
      vertex 11.773 10.6344 6.5
      vertex 11.8315 10.5556 0
      vertex 11.8315 10.5556 6.5
    endloop
  endfacet
  facet normal -0.969902 0.243494 0
    outer loop
      vertex 11.9569 9.70971 0
      vertex 11.9808 9.80491 6.5
      vertex 11.9808 9.80491 0
    endloop
  endfacet
  facet normal -0.969902 0.243494 0
    outer loop
      vertex 11.9808 9.80491 6.5
      vertex 11.9569 9.70971 0
      vertex 11.9569 9.70971 6.5
    endloop
  endfacet
  facet normal -0.94173 0.336369 0
    outer loop
      vertex 11.9239 9.61732 0
      vertex 11.9569 9.70971 6.5
      vertex 11.9569 9.70971 0
    endloop
  endfacet
  facet normal -0.94173 0.336369 0
    outer loop
      vertex 11.9569 9.70971 6.5
      vertex 11.9239 9.61732 0
      vertex 11.9239 9.61732 6.5
    endloop
  endfacet
  facet normal 0.595817 0.80312 -0
    outer loop
      vertex 10.4444 9.16853 0
      vertex 10.3656 9.22699 6.5
      vertex 10.4444 9.16853 6.5
    endloop
  endfacet
  facet normal 0.595817 0.80312 0
    outer loop
      vertex 10.3656 9.22699 6.5
      vertex 10.4444 9.16853 0
      vertex 10.3656 9.22699 0
    endloop
  endfacet
  facet normal -0.858032 -0.513596 0
    outer loop
      vertex 11.8819 10.4714 0
      vertex 11.8315 10.5556 6.5
      vertex 11.8315 10.5556 0
    endloop
  endfacet
  facet normal -0.858032 -0.513596 0
    outer loop
      vertex 11.8315 10.5556 6.5
      vertex 11.8819 10.4714 0
      vertex 11.8819 10.4714 6.5
    endloop
  endfacet
  facet normal 0.243015 0.970023 -0
    outer loop
      vertex 10.8049 9.01921 0
      vertex 10.7097 9.04306 6.5
      vertex 10.8049 9.01921 6.5
    endloop
  endfacet
  facet normal 0.243015 0.970023 0
    outer loop
      vertex 10.7097 9.04306 6.5
      vertex 10.8049 9.01921 0
      vertex 10.7097 9.04306 0
    endloop
  endfacet
  facet normal 0.671607 -0.740908 0
    outer loop
      vertex 10.2929 10.7071 0
      vertex 10.3656 10.773 6.5
      vertex 10.2929 10.7071 6.5
    endloop
  endfacet
  facet normal 0.671607 -0.740908 0
    outer loop
      vertex 10.3656 10.773 6.5
      vertex 10.2929 10.7071 0
      vertex 10.3656 10.773 0
    endloop
  endfacet
  facet normal 0.903837 0.427876 0
    outer loop
      vertex 10.1181 9.5286 6.5
      vertex 10.0761 9.61732 0
      vertex 10.0761 9.61732 6.5
    endloop
  endfacet
  facet normal 0.903837 0.427876 0
    outer loop
      vertex 10.0761 9.61732 0
      vertex 10.1181 9.5286 6.5
      vertex 10.1181 9.5286 0
    endloop
  endfacet
  facet normal -0.146696 -0.989182 0
    outer loop
      vertex 11.098 10.9952 0
      vertex 11.1951 10.9808 6.5
      vertex 11.098 10.9952 6.5
    endloop
  endfacet
  facet normal -0.146696 -0.989182 -0
    outer loop
      vertex 11.1951 10.9808 6.5
      vertex 11.098 10.9952 0
      vertex 11.1951 10.9808 0
    endloop
  endfacet
  facet normal 0.858032 -0.513596 0
    outer loop
      vertex 10.1181 10.4714 6.5
      vertex 10.1685 10.5556 0
      vertex 10.1685 10.5556 6.5
    endloop
  endfacet
  facet normal 0.858032 -0.513596 0
    outer loop
      vertex 10.1685 10.5556 0
      vertex 10.1181 10.4714 6.5
      vertex 10.1181 10.4714 0
    endloop
  endfacet
  facet normal 0.989182 -0.146696 0
    outer loop
      vertex 10.0048 10.098 6.5
      vertex 10.0192 10.1951 0
      vertex 10.0192 10.1951 6.5
    endloop
  endfacet
  facet normal 0.989182 -0.146696 0
    outer loop
      vertex 10.0192 10.1951 0
      vertex 10.0048 10.098 6.5
      vertex 10.0048 10.098 0
    endloop
  endfacet
  facet normal 0.969902 -0.243494 0
    outer loop
      vertex 10.0192 10.1951 6.5
      vertex 10.0431 10.2903 0
      vertex 10.0431 10.2903 6.5
    endloop
  endfacet
  facet normal 0.969902 -0.243494 0
    outer loop
      vertex 10.0431 10.2903 0
      vertex 10.0192 10.1951 6.5
      vertex 10.0192 10.1951 0
    endloop
  endfacet
  facet normal 0.146597 0.989196 -0
    outer loop
      vertex 10.902 9.00482 0
      vertex 10.8049 9.01921 6.5
      vertex 10.902 9.00482 6.5
    endloop
  endfacet
  facet normal 0.146597 0.989196 0
    outer loop
      vertex 10.8049 9.01921 6.5
      vertex 10.902 9.00482 0
      vertex 10.8049 9.01921 0
    endloop
  endfacet
  facet normal 0.427955 -0.9038 0
    outer loop
      vertex 10.5286 10.8819 0
      vertex 10.6173 10.9239 6.5
      vertex 10.5286 10.8819 6.5
    endloop
  endfacet
  facet normal 0.427955 -0.9038 0
    outer loop
      vertex 10.6173 10.9239 6.5
      vertex 10.5286 10.8819 0
      vertex 10.6173 10.9239 0
    endloop
  endfacet
  facet normal -0.741 0.671505 0
    outer loop
      vertex 11.7071 9.29289 0
      vertex 11.773 9.36561 6.5
      vertex 11.773 9.36561 0
    endloop
  endfacet
  facet normal -0.741 0.671505 0
    outer loop
      vertex 11.773 9.36561 6.5
      vertex 11.7071 9.29289 0
      vertex 11.7071 9.29289 6.5
    endloop
  endfacet
  facet normal 0.941742 -0.336336 0
    outer loop
      vertex 10.0431 10.2903 6.5
      vertex 10.0761 10.3827 0
      vertex 10.0761 10.3827 6.5
    endloop
  endfacet
  facet normal 0.941742 -0.336336 0
    outer loop
      vertex 10.0761 10.3827 0
      vertex 10.0431 10.2903 6.5
      vertex 10.0431 10.2903 0
    endloop
  endfacet
  facet normal 0.969902 0.243494 0
    outer loop
      vertex 10.0431 9.70971 6.5
      vertex 10.0192 9.80491 0
      vertex 10.0192 9.80491 6.5
    endloop
  endfacet
  facet normal 0.969902 0.243494 0
    outer loop
      vertex 10.0192 9.80491 0
      vertex 10.0431 9.70971 6.5
      vertex 10.0431 9.70971 0
    endloop
  endfacet
  facet normal -0.427622 0.903958 0
    outer loop
      vertex 11.4714 9.11808 0
      vertex 11.3827 9.07612 6.5
      vertex 11.4714 9.11808 6.5
    endloop
  endfacet
  facet normal -0.427622 0.903958 0
    outer loop
      vertex 11.3827 9.07612 6.5
      vertex 11.4714 9.11808 0
      vertex 11.3827 9.07612 0
    endloop
  endfacet
  facet normal -0.513971 0.857807 0
    outer loop
      vertex 11.5556 9.16853 0
      vertex 11.4714 9.11808 6.5
      vertex 11.5556 9.16853 6.5
    endloop
  endfacet
  facet normal -0.513971 0.857807 0
    outer loop
      vertex 11.4714 9.11808 6.5
      vertex 11.5556 9.16853 0
      vertex 11.4714 9.11808 0
    endloop
  endfacet
  facet normal 0.513596 -0.858032 0
    outer loop
      vertex 10.4444 10.8315 0
      vertex 10.5286 10.8819 6.5
      vertex 10.4444 10.8315 6.5
    endloop
  endfacet
  facet normal 0.513596 -0.858032 0
    outer loop
      vertex 10.5286 10.8819 6.5
      vertex 10.4444 10.8315 0
      vertex 10.5286 10.8819 0
    endloop
  endfacet
  facet normal 0.9038 -0.427955 0
    outer loop
      vertex 10.0761 10.3827 6.5
      vertex 10.1181 10.4714 0
      vertex 10.1181 10.4714 6.5
    endloop
  endfacet
  facet normal 0.9038 -0.427955 0
    outer loop
      vertex 10.1181 10.4714 0
      vertex 10.0761 10.3827 6.5
      vertex 10.0761 10.3827 0
    endloop
  endfacet
  facet normal 0.513971 0.857807 -0
    outer loop
      vertex 10.5286 9.11808 0
      vertex 10.4444 9.16853 6.5
      vertex 10.5286 9.11808 6.5
    endloop
  endfacet
  facet normal 0.513971 0.857807 0
    outer loop
      vertex 10.4444 9.16853 6.5
      vertex 10.5286 9.11808 0
      vertex 10.4444 9.16853 0
    endloop
  endfacet
  facet normal -0.146597 -0.989196 0
    outer loop
      vertex 29.098 -9.00482 0
      vertex 29.1951 -9.01921 6.5
      vertex 29.098 -9.00482 6.5
    endloop
  endfacet
  facet normal -0.146597 -0.989196 -0
    outer loop
      vertex 29.1951 -9.01921 6.5
      vertex 29.098 -9.00482 0
      vertex 29.1951 -9.01921 0
    endloop
  endfacet
  facet normal -0.989175 -0.146741 0
    outer loop
      vertex 29.9952 -9.90198 0
      vertex 29.9808 -9.80491 6.5
      vertex 29.9808 -9.80491 0
    endloop
  endfacet
  facet normal -0.989175 -0.146741 0
    outer loop
      vertex 29.9808 -9.80491 6.5
      vertex 29.9952 -9.90198 0
      vertex 29.9952 -9.90198 6.5
    endloop
  endfacet
  facet normal -0.998803 -0.048911 0
    outer loop
      vertex 30 -10 0
      vertex 29.9952 -9.90198 6.5
      vertex 29.9952 -9.90198 0
    endloop
  endfacet
  facet normal -0.998803 -0.048911 0
    outer loop
      vertex 29.9952 -9.90198 6.5
      vertex 30 -10 0
      vertex 30 -10 6.5
    endloop
  endfacet
  facet normal -0.969902 -0.243494 0
    outer loop
      vertex 29.9808 -9.80491 0
      vertex 29.9569 -9.70971 6.5
      vertex 29.9569 -9.70971 0
    endloop
  endfacet
  facet normal -0.969902 -0.243494 0
    outer loop
      vertex 29.9569 -9.70971 6.5
      vertex 29.9808 -9.80491 0
      vertex 29.9808 -9.80491 6.5
    endloop
  endfacet
  facet normal -0.0491243 -0.998793 0
    outer loop
      vertex 29 -9 0
      vertex 29.098 -9.00482 6.5
      vertex 29 -9 6.5
    endloop
  endfacet
  facet normal -0.0491243 -0.998793 -0
    outer loop
      vertex 29.098 -9.00482 6.5
      vertex 29 -9 0
      vertex 29.098 -9.00482 0
    endloop
  endfacet
  facet normal -0.802997 -0.595983 0
    outer loop
      vertex 29.8315 -9.44443 0
      vertex 29.773 -9.36561 6.5
      vertex 29.773 -9.36561 0
    endloop
  endfacet
  facet normal -0.802997 -0.595983 0
    outer loop
      vertex 29.773 -9.36561 6.5
      vertex 29.8315 -9.44443 0
      vertex 29.8315 -9.44443 6.5
    endloop
  endfacet
  facet normal 0.941742 0.336336 0
    outer loop
      vertex 28.0761 -10.3827 6.5
      vertex 28.0431 -10.2903 0
      vertex 28.0431 -10.2903 6.5
    endloop
  endfacet
  facet normal 0.941742 0.336336 0
    outer loop
      vertex 28.0431 -10.2903 0
      vertex 28.0761 -10.3827 6.5
      vertex 28.0761 -10.3827 0
    endloop
  endfacet
  facet normal -0.741 -0.671505 0
    outer loop
      vertex 29.773 -9.36561 0
      vertex 29.7071 -9.29289 6.5
      vertex 29.7071 -9.29289 0
    endloop
  endfacet
  facet normal -0.741 -0.671505 0
    outer loop
      vertex 29.7071 -9.29289 6.5
      vertex 29.773 -9.36561 0
      vertex 29.773 -9.36561 6.5
    endloop
  endfacet
  facet normal -0.998803 0.0489209 0
    outer loop
      vertex 29.9952 -10.098 0
      vertex 30 -10 6.5
      vertex 30 -10 0
    endloop
  endfacet
  facet normal -0.998803 0.0489209 0
    outer loop
      vertex 30 -10 6.5
      vertex 29.9952 -10.098 0
      vertex 29.9952 -10.098 6.5
    endloop
  endfacet
  facet normal -0.146696 0.989182 0
    outer loop
      vertex 29.1951 -10.9808 0
      vertex 29.098 -10.9952 6.5
      vertex 29.1951 -10.9808 6.5
    endloop
  endfacet
  facet normal -0.146696 0.989182 0
    outer loop
      vertex 29.098 -10.9952 6.5
      vertex 29.1951 -10.9808 0
      vertex 29.098 -10.9952 0
    endloop
  endfacet
  facet normal -0.243015 -0.970023 0
    outer loop
      vertex 29.1951 -9.01921 0
      vertex 29.2903 -9.04306 6.5
      vertex 29.1951 -9.01921 6.5
    endloop
  endfacet
  facet normal -0.243015 -0.970023 -0
    outer loop
      vertex 29.2903 -9.04306 6.5
      vertex 29.1951 -9.01921 0
      vertex 29.2903 -9.04306 0
    endloop
  endfacet
  facet normal -0.513596 0.858032 0
    outer loop
      vertex 29.5556 -10.8315 0
      vertex 29.4714 -10.8819 6.5
      vertex 29.5556 -10.8315 6.5
    endloop
  endfacet
  facet normal -0.513596 0.858032 0
    outer loop
      vertex 29.4714 -10.8819 6.5
      vertex 29.5556 -10.8315 0
      vertex 29.4714 -10.8819 0
    endloop
  endfacet
  facet normal 0.0491243 -0.998793 0
    outer loop
      vertex 28.902 -9.00482 0
      vertex 29 -9 6.5
      vertex 28.902 -9.00482 6.5
    endloop
  endfacet
  facet normal 0.0491243 -0.998793 0
    outer loop
      vertex 29 -9 6.5
      vertex 28.902 -9.00482 0
      vertex 29 -9 0
    endloop
  endfacet
  facet normal -0.802925 0.59608 0
    outer loop
      vertex 29.773 -10.6344 0
      vertex 29.8315 -10.5556 6.5
      vertex 29.8315 -10.5556 0
    endloop
  endfacet
  facet normal -0.802925 0.59608 0
    outer loop
      vertex 29.8315 -10.5556 6.5
      vertex 29.773 -10.6344 0
      vertex 29.773 -10.6344 6.5
    endloop
  endfacet
  facet normal 0.243015 -0.970023 0
    outer loop
      vertex 28.7097 -9.04306 0
      vertex 28.8049 -9.01921 6.5
      vertex 28.7097 -9.04306 6.5
    endloop
  endfacet
  facet normal 0.243015 -0.970023 0
    outer loop
      vertex 28.8049 -9.01921 6.5
      vertex 28.7097 -9.04306 0
      vertex 28.8049 -9.01921 0
    endloop
  endfacet
  facet normal 0.513596 0.858032 -0
    outer loop
      vertex 28.5286 -10.8819 0
      vertex 28.4444 -10.8315 6.5
      vertex 28.5286 -10.8819 6.5
    endloop
  endfacet
  facet normal 0.513596 0.858032 0
    outer loop
      vertex 28.4444 -10.8315 6.5
      vertex 28.5286 -10.8819 0
      vertex 28.4444 -10.8315 0
    endloop
  endfacet
  facet normal -0.595817 -0.80312 0
    outer loop
      vertex 29.5556 -9.16853 0
      vertex 29.6344 -9.22699 6.5
      vertex 29.5556 -9.16853 6.5
    endloop
  endfacet
  facet normal -0.595817 -0.80312 -0
    outer loop
      vertex 29.6344 -9.22699 6.5
      vertex 29.5556 -9.16853 0
      vertex 29.6344 -9.22699 0
    endloop
  endfacet
  facet normal -0.969902 0.243494 0
    outer loop
      vertex 29.9569 -10.2903 0
      vertex 29.9808 -10.1951 6.5
      vertex 29.9808 -10.1951 0
    endloop
  endfacet
  facet normal -0.969902 0.243494 0
    outer loop
      vertex 29.9808 -10.1951 6.5
      vertex 29.9569 -10.2903 0
      vertex 29.9569 -10.2903 6.5
    endloop
  endfacet
  facet normal 0.969902 -0.243494 0
    outer loop
      vertex 28.0192 -9.80491 6.5
      vertex 28.0431 -9.70971 0
      vertex 28.0431 -9.70971 6.5
    endloop
  endfacet
  facet normal 0.969902 -0.243494 0
    outer loop
      vertex 28.0431 -9.70971 0
      vertex 28.0192 -9.80491 6.5
      vertex 28.0192 -9.80491 0
    endloop
  endfacet
  facet normal 0.9038 0.427955 0
    outer loop
      vertex 28.1181 -10.4714 6.5
      vertex 28.0761 -10.3827 0
      vertex 28.0761 -10.3827 6.5
    endloop
  endfacet
  facet normal 0.9038 0.427955 0
    outer loop
      vertex 28.0761 -10.3827 0
      vertex 28.1181 -10.4714 6.5
      vertex 28.1181 -10.4714 0
    endloop
  endfacet
  facet normal 0.595817 -0.80312 0
    outer loop
      vertex 28.3656 -9.22699 0
      vertex 28.4444 -9.16853 6.5
      vertex 28.3656 -9.22699 6.5
    endloop
  endfacet
  facet normal 0.595817 -0.80312 0
    outer loop
      vertex 28.4444 -9.16853 6.5
      vertex 28.3656 -9.22699 0
      vertex 28.4444 -9.16853 0
    endloop
  endfacet
  facet normal -0.513971 -0.857807 0
    outer loop
      vertex 29.4714 -9.11808 0
      vertex 29.5556 -9.16853 6.5
      vertex 29.4714 -9.11808 6.5
    endloop
  endfacet
  facet normal -0.513971 -0.857807 -0
    outer loop
      vertex 29.5556 -9.16853 6.5
      vertex 29.4714 -9.11808 0
      vertex 29.5556 -9.16853 0
    endloop
  endfacet
  facet normal -0.9038 0.427955 0
    outer loop
      vertex 29.8819 -10.4714 0
      vertex 29.9239 -10.3827 6.5
      vertex 29.9239 -10.3827 0
    endloop
  endfacet
  facet normal -0.9038 0.427955 0
    outer loop
      vertex 29.9239 -10.3827 6.5
      vertex 29.8819 -10.4714 0
      vertex 29.8819 -10.4714 6.5
    endloop
  endfacet
  facet normal 0.671607 -0.740908 0
    outer loop
      vertex 28.2929 -9.29289 0
      vertex 28.3656 -9.22699 6.5
      vertex 28.2929 -9.29289 6.5
    endloop
  endfacet
  facet normal 0.671607 -0.740908 0
    outer loop
      vertex 28.3656 -9.22699 6.5
      vertex 28.2929 -9.29289 0
      vertex 28.3656 -9.22699 0
    endloop
  endfacet
  facet normal -0.903837 -0.427876 0
    outer loop
      vertex 29.9239 -9.61732 0
      vertex 29.8819 -9.5286 6.5
      vertex 29.8819 -9.5286 0
    endloop
  endfacet
  facet normal -0.903837 -0.427876 0
    outer loop
      vertex 29.8819 -9.5286 6.5
      vertex 29.9239 -9.61732 0
      vertex 29.9239 -9.61732 6.5
    endloop
  endfacet
  facet normal 0.969902 0.243494 0
    outer loop
      vertex 28.0431 -10.2903 6.5
      vertex 28.0192 -10.1951 0
      vertex 28.0192 -10.1951 6.5
    endloop
  endfacet
  facet normal 0.969902 0.243494 0
    outer loop
      vertex 28.0192 -10.1951 0
      vertex 28.0431 -10.2903 6.5
      vertex 28.0431 -10.2903 0
    endloop
  endfacet
  facet normal -0.94173 -0.336369 0
    outer loop
      vertex 29.9569 -9.70971 0
      vertex 29.9239 -9.61732 6.5
      vertex 29.9239 -9.61732 0
    endloop
  endfacet
  facet normal -0.94173 -0.336369 0
    outer loop
      vertex 29.9239 -9.61732 6.5
      vertex 29.9569 -9.70971 0
      vertex 29.9569 -9.70971 6.5
    endloop
  endfacet
  facet normal -0.0489209 0.998803 0
    outer loop
      vertex 29.098 -10.9952 0
      vertex 29 -11 6.5
      vertex 29.098 -10.9952 6.5
    endloop
  endfacet
  facet normal -0.0489209 0.998803 0
    outer loop
      vertex 29 -11 6.5
      vertex 29.098 -10.9952 0
      vertex 29 -11 0
    endloop
  endfacet
  facet normal 0.146696 0.989182 -0
    outer loop
      vertex 28.902 -10.9952 0
      vertex 28.8049 -10.9808 6.5
      vertex 28.902 -10.9952 6.5
    endloop
  endfacet
  facet normal 0.146696 0.989182 0
    outer loop
      vertex 28.8049 -10.9808 6.5
      vertex 28.902 -10.9952 0
      vertex 28.8049 -10.9808 0
    endloop
  endfacet
  facet normal -0.427955 0.9038 0
    outer loop
      vertex 29.4714 -10.8819 0
      vertex 29.3827 -10.9239 6.5
      vertex 29.4714 -10.8819 6.5
    endloop
  endfacet
  facet normal -0.427955 0.9038 0
    outer loop
      vertex 29.3827 -10.9239 6.5
      vertex 29.4714 -10.8819 0
      vertex 29.3827 -10.9239 0
    endloop
  endfacet
  facet normal -0.427622 -0.903958 0
    outer loop
      vertex 29.3827 -9.07612 0
      vertex 29.4714 -9.11808 6.5
      vertex 29.3827 -9.07612 6.5
    endloop
  endfacet
  facet normal -0.427622 -0.903958 -0
    outer loop
      vertex 29.4714 -9.11808 6.5
      vertex 29.3827 -9.07612 0
      vertex 29.4714 -9.11808 0
    endloop
  endfacet
  facet normal -0.858032 0.513596 0
    outer loop
      vertex 29.8315 -10.5556 0
      vertex 29.8819 -10.4714 6.5
      vertex 29.8819 -10.4714 0
    endloop
  endfacet
  facet normal -0.858032 0.513596 0
    outer loop
      vertex 29.8819 -10.4714 6.5
      vertex 29.8315 -10.5556 0
      vertex 29.8315 -10.5556 6.5
    endloop
  endfacet
  facet normal -0.336336 0.941742 0
    outer loop
      vertex 29.3827 -10.9239 0
      vertex 29.2903 -10.9569 6.5
      vertex 29.3827 -10.9239 6.5
    endloop
  endfacet
  facet normal -0.336336 0.941742 0
    outer loop
      vertex 29.2903 -10.9569 6.5
      vertex 29.3827 -10.9239 0
      vertex 29.2903 -10.9569 0
    endloop
  endfacet
  facet normal -0.989182 0.146696 0
    outer loop
      vertex 29.9808 -10.1951 0
      vertex 29.9952 -10.098 6.5
      vertex 29.9952 -10.098 0
    endloop
  endfacet
  facet normal -0.989182 0.146696 0
    outer loop
      vertex 29.9952 -10.098 6.5
      vertex 29.9808 -10.1951 0
      vertex 29.9808 -10.1951 6.5
    endloop
  endfacet
  facet normal 0.336879 -0.941548 0
    outer loop
      vertex 28.6173 -9.07612 0
      vertex 28.7097 -9.04306 6.5
      vertex 28.6173 -9.07612 6.5
    endloop
  endfacet
  facet normal 0.336879 -0.941548 0
    outer loop
      vertex 28.7097 -9.04306 6.5
      vertex 28.6173 -9.07612 0
      vertex 28.7097 -9.04306 0
    endloop
  endfacet
  facet normal -0.336879 -0.941548 0
    outer loop
      vertex 29.2903 -9.04306 0
      vertex 29.3827 -9.07612 6.5
      vertex 29.2903 -9.04306 6.5
    endloop
  endfacet
  facet normal -0.336879 -0.941548 -0
    outer loop
      vertex 29.3827 -9.07612 6.5
      vertex 29.2903 -9.04306 0
      vertex 29.3827 -9.07612 0
    endloop
  endfacet
  facet normal 0.989175 -0.146741 0
    outer loop
      vertex 28.0048 -9.90198 6.5
      vertex 28.0192 -9.80491 0
      vertex 28.0192 -9.80491 6.5
    endloop
  endfacet
  facet normal 0.989175 -0.146741 0
    outer loop
      vertex 28.0192 -9.80491 0
      vertex 28.0048 -9.90198 6.5
      vertex 28.0048 -9.90198 0
    endloop
  endfacet
  facet normal 0.146597 -0.989196 0
    outer loop
      vertex 28.8049 -9.01921 0
      vertex 28.902 -9.00482 6.5
      vertex 28.8049 -9.01921 6.5
    endloop
  endfacet
  facet normal 0.146597 -0.989196 0
    outer loop
      vertex 28.902 -9.00482 6.5
      vertex 28.8049 -9.01921 0
      vertex 28.902 -9.00482 0
    endloop
  endfacet
  facet normal 0.513971 -0.857807 0
    outer loop
      vertex 28.4444 -9.16853 0
      vertex 28.5286 -9.11808 6.5
      vertex 28.4444 -9.16853 6.5
    endloop
  endfacet
  facet normal 0.513971 -0.857807 0
    outer loop
      vertex 28.5286 -9.11808 6.5
      vertex 28.4444 -9.16853 0
      vertex 28.5286 -9.11808 0
    endloop
  endfacet
  facet normal 0.427622 -0.903958 0
    outer loop
      vertex 28.5286 -9.11808 0
      vertex 28.6173 -9.07612 6.5
      vertex 28.5286 -9.11808 6.5
    endloop
  endfacet
  facet normal 0.427622 -0.903958 0
    outer loop
      vertex 28.6173 -9.07612 6.5
      vertex 28.5286 -9.11808 0
      vertex 28.6173 -9.07612 0
    endloop
  endfacet
  facet normal 0.998803 -0.048911 0
    outer loop
      vertex 28 -10 6.5
      vertex 28.0048 -9.90198 0
      vertex 28.0048 -9.90198 6.5
    endloop
  endfacet
  facet normal 0.998803 -0.048911 0
    outer loop
      vertex 28.0048 -9.90198 0
      vertex 28 -10 6.5
      vertex 28 -10 0
    endloop
  endfacet
  facet normal -0.857951 -0.513731 0
    outer loop
      vertex 29.8819 -9.5286 0
      vertex 29.8315 -9.44443 6.5
      vertex 29.8315 -9.44443 0
    endloop
  endfacet
  facet normal -0.857951 -0.513731 0
    outer loop
      vertex 29.8315 -9.44443 6.5
      vertex 29.8819 -9.5286 0
      vertex 29.8819 -9.5286 6.5
    endloop
  endfacet
  facet normal -0.740908 0.671607 0
    outer loop
      vertex 29.7071 -10.7071 0
      vertex 29.773 -10.6344 6.5
      vertex 29.773 -10.6344 0
    endloop
  endfacet
  facet normal -0.740908 0.671607 0
    outer loop
      vertex 29.773 -10.6344 6.5
      vertex 29.7071 -10.7071 0
      vertex 29.7071 -10.7071 6.5
    endloop
  endfacet
  facet normal 0.857951 -0.513731 0
    outer loop
      vertex 28.1181 -9.5286 6.5
      vertex 28.1685 -9.44443 0
      vertex 28.1685 -9.44443 6.5
    endloop
  endfacet
  facet normal 0.857951 -0.513731 0
    outer loop
      vertex 28.1685 -9.44443 0
      vertex 28.1181 -9.5286 6.5
      vertex 28.1181 -9.5286 0
    endloop
  endfacet
  facet normal -0.941742 0.336336 0
    outer loop
      vertex 29.9239 -10.3827 0
      vertex 29.9569 -10.2903 6.5
      vertex 29.9569 -10.2903 0
    endloop
  endfacet
  facet normal -0.941742 0.336336 0
    outer loop
      vertex 29.9569 -10.2903 6.5
      vertex 29.9239 -10.3827 0
      vertex 29.9239 -10.3827 6.5
    endloop
  endfacet
  facet normal -0.671607 -0.740908 0
    outer loop
      vertex 29.6344 -9.22699 0
      vertex 29.7071 -9.29289 6.5
      vertex 29.6344 -9.22699 6.5
    endloop
  endfacet
  facet normal -0.671607 -0.740908 -0
    outer loop
      vertex 29.7071 -9.29289 6.5
      vertex 29.6344 -9.22699 0
      vertex 29.7071 -9.29289 0
    endloop
  endfacet
  facet normal 0.802925 0.59608 0
    outer loop
      vertex 28.227 -10.6344 6.5
      vertex 28.1685 -10.5556 0
      vertex 28.1685 -10.5556 6.5
    endloop
  endfacet
  facet normal 0.802925 0.59608 0
    outer loop
      vertex 28.1685 -10.5556 0
      vertex 28.227 -10.6344 6.5
      vertex 28.227 -10.6344 0
    endloop
  endfacet
  facet normal 0.989182 0.146696 0
    outer loop
      vertex 28.0192 -10.1951 6.5
      vertex 28.0048 -10.098 0
      vertex 28.0048 -10.098 6.5
    endloop
  endfacet
  facet normal 0.989182 0.146696 0
    outer loop
      vertex 28.0048 -10.098 0
      vertex 28.0192 -10.1951 6.5
      vertex 28.0192 -10.1951 0
    endloop
  endfacet
  facet normal 0.741 -0.671505 0
    outer loop
      vertex 28.227 -9.36561 6.5
      vertex 28.2929 -9.29289 0
      vertex 28.2929 -9.29289 6.5
    endloop
  endfacet
  facet normal 0.741 -0.671505 0
    outer loop
      vertex 28.2929 -9.29289 0
      vertex 28.227 -9.36561 6.5
      vertex 28.227 -9.36561 0
    endloop
  endfacet
  facet normal 0.243494 0.969902 -0
    outer loop
      vertex 28.8049 -10.9808 0
      vertex 28.7097 -10.9569 6.5
      vertex 28.8049 -10.9808 6.5
    endloop
  endfacet
  facet normal 0.243494 0.969902 0
    outer loop
      vertex 28.7097 -10.9569 6.5
      vertex 28.8049 -10.9808 0
      vertex 28.7097 -10.9569 0
    endloop
  endfacet
  facet normal 0.858032 0.513596 0
    outer loop
      vertex 28.1685 -10.5556 6.5
      vertex 28.1181 -10.4714 0
      vertex 28.1181 -10.4714 6.5
    endloop
  endfacet
  facet normal 0.858032 0.513596 0
    outer loop
      vertex 28.1181 -10.4714 0
      vertex 28.1685 -10.5556 6.5
      vertex 28.1685 -10.5556 0
    endloop
  endfacet
  facet normal -0.671607 0.740908 0
    outer loop
      vertex 29.7071 -10.7071 0
      vertex 29.6344 -10.773 6.5
      vertex 29.7071 -10.7071 6.5
    endloop
  endfacet
  facet normal -0.671607 0.740908 0
    outer loop
      vertex 29.6344 -10.773 6.5
      vertex 29.7071 -10.7071 0
      vertex 29.6344 -10.773 0
    endloop
  endfacet
  facet normal 0.0489209 0.998803 -0
    outer loop
      vertex 29 -11 0
      vertex 28.902 -10.9952 6.5
      vertex 29 -11 6.5
    endloop
  endfacet
  facet normal 0.0489209 0.998803 0
    outer loop
      vertex 28.902 -10.9952 6.5
      vertex 29 -11 0
      vertex 28.902 -10.9952 0
    endloop
  endfacet
  facet normal -0.59608 0.802925 0
    outer loop
      vertex 29.6344 -10.773 0
      vertex 29.5556 -10.8315 6.5
      vertex 29.6344 -10.773 6.5
    endloop
  endfacet
  facet normal -0.59608 0.802925 0
    outer loop
      vertex 29.5556 -10.8315 6.5
      vertex 29.6344 -10.773 0
      vertex 29.5556 -10.8315 0
    endloop
  endfacet
  facet normal 0.802997 -0.595983 0
    outer loop
      vertex 28.1685 -9.44443 6.5
      vertex 28.227 -9.36561 0
      vertex 28.227 -9.36561 6.5
    endloop
  endfacet
  facet normal 0.802997 -0.595983 0
    outer loop
      vertex 28.227 -9.36561 0
      vertex 28.1685 -9.44443 6.5
      vertex 28.1685 -9.44443 0
    endloop
  endfacet
  facet normal -0.243494 0.969902 0
    outer loop
      vertex 29.2903 -10.9569 0
      vertex 29.1951 -10.9808 6.5
      vertex 29.2903 -10.9569 6.5
    endloop
  endfacet
  facet normal -0.243494 0.969902 0
    outer loop
      vertex 29.1951 -10.9808 6.5
      vertex 29.2903 -10.9569 0
      vertex 29.1951 -10.9808 0
    endloop
  endfacet
  facet normal 0.336336 0.941742 -0
    outer loop
      vertex 28.7097 -10.9569 0
      vertex 28.6173 -10.9239 6.5
      vertex 28.7097 -10.9569 6.5
    endloop
  endfacet
  facet normal 0.336336 0.941742 0
    outer loop
      vertex 28.6173 -10.9239 6.5
      vertex 28.7097 -10.9569 0
      vertex 28.6173 -10.9239 0
    endloop
  endfacet
  facet normal 0.59608 0.802925 -0
    outer loop
      vertex 28.4444 -10.8315 0
      vertex 28.3656 -10.773 6.5
      vertex 28.4444 -10.8315 6.5
    endloop
  endfacet
  facet normal 0.59608 0.802925 0
    outer loop
      vertex 28.3656 -10.773 6.5
      vertex 28.4444 -10.8315 0
      vertex 28.3656 -10.773 0
    endloop
  endfacet
  facet normal 0.671607 0.740908 -0
    outer loop
      vertex 28.3656 -10.773 0
      vertex 28.2929 -10.7071 6.5
      vertex 28.3656 -10.773 6.5
    endloop
  endfacet
  facet normal 0.671607 0.740908 0
    outer loop
      vertex 28.2929 -10.7071 6.5
      vertex 28.3656 -10.773 0
      vertex 28.2929 -10.7071 0
    endloop
  endfacet
  facet normal 0.998803 0.0489209 0
    outer loop
      vertex 28.0048 -10.098 6.5
      vertex 28 -10 0
      vertex 28 -10 6.5
    endloop
  endfacet
  facet normal 0.998803 0.0489209 0
    outer loop
      vertex 28 -10 0
      vertex 28.0048 -10.098 6.5
      vertex 28.0048 -10.098 0
    endloop
  endfacet
  facet normal 0.903837 -0.427876 0
    outer loop
      vertex 28.0761 -9.61732 6.5
      vertex 28.1181 -9.5286 0
      vertex 28.1181 -9.5286 6.5
    endloop
  endfacet
  facet normal 0.903837 -0.427876 0
    outer loop
      vertex 28.1181 -9.5286 0
      vertex 28.0761 -9.61732 6.5
      vertex 28.0761 -9.61732 0
    endloop
  endfacet
  facet normal 0.740908 0.671607 0
    outer loop
      vertex 28.2929 -10.7071 6.5
      vertex 28.227 -10.6344 0
      vertex 28.227 -10.6344 6.5
    endloop
  endfacet
  facet normal 0.740908 0.671607 0
    outer loop
      vertex 28.227 -10.6344 0
      vertex 28.2929 -10.7071 6.5
      vertex 28.2929 -10.7071 0
    endloop
  endfacet
  facet normal 0.427955 0.9038 -0
    outer loop
      vertex 28.6173 -10.9239 0
      vertex 28.5286 -10.8819 6.5
      vertex 28.6173 -10.9239 6.5
    endloop
  endfacet
  facet normal 0.427955 0.9038 0
    outer loop
      vertex 28.5286 -10.8819 6.5
      vertex 28.6173 -10.9239 0
      vertex 28.5286 -10.8819 0
    endloop
  endfacet
  facet normal 0.94173 -0.336369 0
    outer loop
      vertex 28.0431 -9.70971 6.5
      vertex 28.0761 -9.61732 0
      vertex 28.0761 -9.61732 6.5
    endloop
  endfacet
  facet normal 0.94173 -0.336369 0
    outer loop
      vertex 28.0761 -9.61732 0
      vertex 28.0431 -9.70971 6.5
      vertex 28.0431 -9.70971 0
    endloop
  endfacet
  facet normal -0.989182 -0.146696 0
    outer loop
      vertex 29.9952 10.098 0
      vertex 29.9808 10.1951 6.5
      vertex 29.9808 10.1951 0
    endloop
  endfacet
  facet normal -0.989182 -0.146696 0
    outer loop
      vertex 29.9808 10.1951 6.5
      vertex 29.9952 10.098 0
      vertex 29.9952 10.098 6.5
    endloop
  endfacet
  facet normal -0.998803 -0.0489209 0
    outer loop
      vertex 30 10 0
      vertex 29.9952 10.098 6.5
      vertex 29.9952 10.098 0
    endloop
  endfacet
  facet normal -0.998803 -0.0489209 0
    outer loop
      vertex 29.9952 10.098 6.5
      vertex 30 10 0
      vertex 30 10 6.5
    endloop
  endfacet
  facet normal -0.969902 -0.243494 0
    outer loop
      vertex 29.9808 10.1951 0
      vertex 29.9569 10.2903 6.5
      vertex 29.9569 10.2903 0
    endloop
  endfacet
  facet normal -0.969902 -0.243494 0
    outer loop
      vertex 29.9569 10.2903 6.5
      vertex 29.9808 10.1951 0
      vertex 29.9808 10.1951 6.5
    endloop
  endfacet
  facet normal 0.671607 0.740908 -0
    outer loop
      vertex 28.3656 9.22699 0
      vertex 28.2929 9.29289 6.5
      vertex 28.3656 9.22699 6.5
    endloop
  endfacet
  facet normal 0.671607 0.740908 0
    outer loop
      vertex 28.2929 9.29289 6.5
      vertex 28.3656 9.22699 0
      vertex 28.2929 9.29289 0
    endloop
  endfacet
  facet normal -0.941742 -0.336336 0
    outer loop
      vertex 29.9569 10.2903 0
      vertex 29.9239 10.3827 6.5
      vertex 29.9239 10.3827 0
    endloop
  endfacet
  facet normal -0.941742 -0.336336 0
    outer loop
      vertex 29.9239 10.3827 6.5
      vertex 29.9569 10.2903 0
      vertex 29.9569 10.2903 6.5
    endloop
  endfacet
  facet normal -0.336336 -0.941742 0
    outer loop
      vertex 29.2903 10.9569 0
      vertex 29.3827 10.9239 6.5
      vertex 29.2903 10.9569 6.5
    endloop
  endfacet
  facet normal -0.336336 -0.941742 -0
    outer loop
      vertex 29.3827 10.9239 6.5
      vertex 29.2903 10.9569 0
      vertex 29.3827 10.9239 0
    endloop
  endfacet
  facet normal 0.0491243 0.998793 -0
    outer loop
      vertex 29 9 0
      vertex 28.902 9.00482 6.5
      vertex 29 9 6.5
    endloop
  endfacet
  facet normal 0.0491243 0.998793 0
    outer loop
      vertex 28.902 9.00482 6.5
      vertex 29 9 0
      vertex 28.902 9.00482 0
    endloop
  endfacet
  facet normal -0.94173 0.336369 0
    outer loop
      vertex 29.9239 9.61732 0
      vertex 29.9569 9.70971 6.5
      vertex 29.9569 9.70971 0
    endloop
  endfacet
  facet normal -0.94173 0.336369 0
    outer loop
      vertex 29.9569 9.70971 6.5
      vertex 29.9239 9.61732 0
      vertex 29.9239 9.61732 6.5
    endloop
  endfacet
  facet normal 0.427955 -0.9038 0
    outer loop
      vertex 28.5286 10.8819 0
      vertex 28.6173 10.9239 6.5
      vertex 28.5286 10.8819 6.5
    endloop
  endfacet
  facet normal 0.427955 -0.9038 0
    outer loop
      vertex 28.6173 10.9239 6.5
      vertex 28.5286 10.8819 0
      vertex 28.6173 10.9239 0
    endloop
  endfacet
  facet normal -0.671607 -0.740908 0
    outer loop
      vertex 29.6344 10.773 0
      vertex 29.7071 10.7071 6.5
      vertex 29.6344 10.773 6.5
    endloop
  endfacet
  facet normal -0.671607 -0.740908 -0
    outer loop
      vertex 29.7071 10.7071 6.5
      vertex 29.6344 10.773 0
      vertex 29.7071 10.7071 0
    endloop
  endfacet
  facet normal -0.243015 0.970023 0
    outer loop
      vertex 29.2903 9.04306 0
      vertex 29.1951 9.01921 6.5
      vertex 29.2903 9.04306 6.5
    endloop
  endfacet
  facet normal -0.243015 0.970023 0
    outer loop
      vertex 29.1951 9.01921 6.5
      vertex 29.2903 9.04306 0
      vertex 29.1951 9.01921 0
    endloop
  endfacet
  facet normal -0.146696 -0.989182 0
    outer loop
      vertex 29.098 10.9952 0
      vertex 29.1951 10.9808 6.5
      vertex 29.098 10.9952 6.5
    endloop
  endfacet
  facet normal -0.146696 -0.989182 -0
    outer loop
      vertex 29.1951 10.9808 6.5
      vertex 29.098 10.9952 0
      vertex 29.1951 10.9808 0
    endloop
  endfacet
  facet normal 0.969902 -0.243494 0
    outer loop
      vertex 28.0192 10.1951 6.5
      vertex 28.0431 10.2903 0
      vertex 28.0431 10.2903 6.5
    endloop
  endfacet
  facet normal 0.969902 -0.243494 0
    outer loop
      vertex 28.0431 10.2903 0
      vertex 28.0192 10.1951 6.5
      vertex 28.0192 10.1951 0
    endloop
  endfacet
  facet normal 0.903837 0.427876 0
    outer loop
      vertex 28.1181 9.5286 6.5
      vertex 28.0761 9.61732 0
      vertex 28.0761 9.61732 6.5
    endloop
  endfacet
  facet normal 0.903837 0.427876 0
    outer loop
      vertex 28.0761 9.61732 0
      vertex 28.1181 9.5286 6.5
      vertex 28.1181 9.5286 0
    endloop
  endfacet
  facet normal -0.802997 0.595983 0
    outer loop
      vertex 29.773 9.36561 0
      vertex 29.8315 9.44443 6.5
      vertex 29.8315 9.44443 0
    endloop
  endfacet
  facet normal -0.802997 0.595983 0
    outer loop
      vertex 29.8315 9.44443 6.5
      vertex 29.773 9.36561 0
      vertex 29.773 9.36561 6.5
    endloop
  endfacet
  facet normal 0.802997 0.595983 0
    outer loop
      vertex 28.227 9.36561 6.5
      vertex 28.1685 9.44443 0
      vertex 28.1685 9.44443 6.5
    endloop
  endfacet
  facet normal 0.802997 0.595983 0
    outer loop
      vertex 28.1685 9.44443 0
      vertex 28.227 9.36561 6.5
      vertex 28.227 9.36561 0
    endloop
  endfacet
  facet normal -0.989175 0.146741 0
    outer loop
      vertex 29.9808 9.80491 0
      vertex 29.9952 9.90198 6.5
      vertex 29.9952 9.90198 0
    endloop
  endfacet
  facet normal -0.989175 0.146741 0
    outer loop
      vertex 29.9952 9.90198 6.5
      vertex 29.9808 9.80491 0
      vertex 29.9808 9.80491 6.5
    endloop
  endfacet
  facet normal 0.146696 -0.989182 0
    outer loop
      vertex 28.8049 10.9808 0
      vertex 28.902 10.9952 6.5
      vertex 28.8049 10.9808 6.5
    endloop
  endfacet
  facet normal 0.146696 -0.989182 0
    outer loop
      vertex 28.902 10.9952 6.5
      vertex 28.8049 10.9808 0
      vertex 28.902 10.9952 0
    endloop
  endfacet
  facet normal -0.0489209 -0.998803 0
    outer loop
      vertex 29 11 0
      vertex 29.098 10.9952 6.5
      vertex 29 11 6.5
    endloop
  endfacet
  facet normal -0.0489209 -0.998803 -0
    outer loop
      vertex 29.098 10.9952 6.5
      vertex 29 11 0
      vertex 29.098 10.9952 0
    endloop
  endfacet
  facet normal 0.94173 0.336369 0
    outer loop
      vertex 28.0761 9.61732 6.5
      vertex 28.0431 9.70971 0
      vertex 28.0431 9.70971 6.5
    endloop
  endfacet
  facet normal 0.94173 0.336369 0
    outer loop
      vertex 28.0431 9.70971 0
      vertex 28.0761 9.61732 6.5
      vertex 28.0761 9.61732 0
    endloop
  endfacet
  facet normal -0.427955 -0.9038 0
    outer loop
      vertex 29.3827 10.9239 0
      vertex 29.4714 10.8819 6.5
      vertex 29.3827 10.9239 6.5
    endloop
  endfacet
  facet normal -0.427955 -0.9038 -0
    outer loop
      vertex 29.4714 10.8819 6.5
      vertex 29.3827 10.9239 0
      vertex 29.4714 10.8819 0
    endloop
  endfacet
  facet normal 0.857951 0.513731 0
    outer loop
      vertex 28.1685 9.44443 6.5
      vertex 28.1181 9.5286 0
      vertex 28.1181 9.5286 6.5
    endloop
  endfacet
  facet normal 0.857951 0.513731 0
    outer loop
      vertex 28.1181 9.5286 0
      vertex 28.1685 9.44443 6.5
      vertex 28.1685 9.44443 0
    endloop
  endfacet
  facet normal 0.146597 0.989196 -0
    outer loop
      vertex 28.902 9.00482 0
      vertex 28.8049 9.01921 6.5
      vertex 28.902 9.00482 6.5
    endloop
  endfacet
  facet normal 0.146597 0.989196 0
    outer loop
      vertex 28.8049 9.01921 6.5
      vertex 28.902 9.00482 0
      vertex 28.8049 9.01921 0
    endloop
  endfacet
  facet normal -0.671607 0.740908 0
    outer loop
      vertex 29.7071 9.29289 0
      vertex 29.6344 9.22699 6.5
      vertex 29.7071 9.29289 6.5
    endloop
  endfacet
  facet normal -0.671607 0.740908 0
    outer loop
      vertex 29.6344 9.22699 6.5
      vertex 29.7071 9.29289 0
      vertex 29.6344 9.22699 0
    endloop
  endfacet
  facet normal 0.336336 -0.941742 0
    outer loop
      vertex 28.6173 10.9239 0
      vertex 28.7097 10.9569 6.5
      vertex 28.6173 10.9239 6.5
    endloop
  endfacet
  facet normal 0.336336 -0.941742 0
    outer loop
      vertex 28.7097 10.9569 6.5
      vertex 28.6173 10.9239 0
      vertex 28.7097 10.9569 0
    endloop
  endfacet
  facet normal -0.969902 0.243494 0
    outer loop
      vertex 29.9569 9.70971 0
      vertex 29.9808 9.80491 6.5
      vertex 29.9808 9.80491 0
    endloop
  endfacet
  facet normal -0.969902 0.243494 0
    outer loop
      vertex 29.9808 9.80491 6.5
      vertex 29.9569 9.70971 0
      vertex 29.9569 9.70971 6.5
    endloop
  endfacet
  facet normal 0.671607 -0.740908 0
    outer loop
      vertex 28.2929 10.7071 0
      vertex 28.3656 10.773 6.5
      vertex 28.2929 10.7071 6.5
    endloop
  endfacet
  facet normal 0.671607 -0.740908 0
    outer loop
      vertex 28.3656 10.773 6.5
      vertex 28.2929 10.7071 0
      vertex 28.3656 10.773 0
    endloop
  endfacet
  facet normal 0.595817 0.80312 -0
    outer loop
      vertex 28.4444 9.16853 0
      vertex 28.3656 9.22699 6.5
      vertex 28.4444 9.16853 6.5
    endloop
  endfacet
  facet normal 0.595817 0.80312 0
    outer loop
      vertex 28.3656 9.22699 6.5
      vertex 28.4444 9.16853 0
      vertex 28.3656 9.22699 0
    endloop
  endfacet
  facet normal -0.802925 -0.59608 0
    outer loop
      vertex 29.8315 10.5556 0
      vertex 29.773 10.6344 6.5
      vertex 29.773 10.6344 0
    endloop
  endfacet
  facet normal -0.802925 -0.59608 0
    outer loop
      vertex 29.773 10.6344 6.5
      vertex 29.8315 10.5556 0
      vertex 29.8315 10.5556 6.5
    endloop
  endfacet
  facet normal 0.969902 0.243494 0
    outer loop
      vertex 28.0431 9.70971 6.5
      vertex 28.0192 9.80491 0
      vertex 28.0192 9.80491 6.5
    endloop
  endfacet
  facet normal 0.969902 0.243494 0
    outer loop
      vertex 28.0192 9.80491 0
      vertex 28.0431 9.70971 6.5
      vertex 28.0431 9.70971 0
    endloop
  endfacet
  facet normal 0.858032 -0.513596 0
    outer loop
      vertex 28.1181 10.4714 6.5
      vertex 28.1685 10.5556 0
      vertex 28.1685 10.5556 6.5
    endloop
  endfacet
  facet normal 0.858032 -0.513596 0
    outer loop
      vertex 28.1685 10.5556 0
      vertex 28.1181 10.4714 6.5
      vertex 28.1181 10.4714 0
    endloop
  endfacet
  facet normal -0.998803 0.048911 0
    outer loop
      vertex 29.9952 9.90198 0
      vertex 30 10 6.5
      vertex 30 10 0
    endloop
  endfacet
  facet normal -0.998803 0.048911 0
    outer loop
      vertex 30 10 6.5
      vertex 29.9952 9.90198 0
      vertex 29.9952 9.90198 6.5
    endloop
  endfacet
  facet normal -0.336879 0.941548 0
    outer loop
      vertex 29.3827 9.07612 0
      vertex 29.2903 9.04306 6.5
      vertex 29.3827 9.07612 6.5
    endloop
  endfacet
  facet normal -0.336879 0.941548 0
    outer loop
      vertex 29.2903 9.04306 6.5
      vertex 29.3827 9.07612 0
      vertex 29.2903 9.04306 0
    endloop
  endfacet
  facet normal 0.941742 -0.336336 0
    outer loop
      vertex 28.0431 10.2903 6.5
      vertex 28.0761 10.3827 0
      vertex 28.0761 10.3827 6.5
    endloop
  endfacet
  facet normal 0.941742 -0.336336 0
    outer loop
      vertex 28.0761 10.3827 0
      vertex 28.0431 10.2903 6.5
      vertex 28.0431 10.2903 0
    endloop
  endfacet
  facet normal -0.59608 -0.802925 0
    outer loop
      vertex 29.5556 10.8315 0
      vertex 29.6344 10.773 6.5
      vertex 29.5556 10.8315 6.5
    endloop
  endfacet
  facet normal -0.59608 -0.802925 -0
    outer loop
      vertex 29.6344 10.773 6.5
      vertex 29.5556 10.8315 0
      vertex 29.6344 10.773 0
    endloop
  endfacet
  facet normal -0.513596 -0.858032 0
    outer loop
      vertex 29.4714 10.8819 0
      vertex 29.5556 10.8315 6.5
      vertex 29.4714 10.8819 6.5
    endloop
  endfacet
  facet normal -0.513596 -0.858032 -0
    outer loop
      vertex 29.5556 10.8315 6.5
      vertex 29.4714 10.8819 0
      vertex 29.5556 10.8315 0
    endloop
  endfacet
  facet normal -0.146597 0.989196 0
    outer loop
      vertex 29.1951 9.01921 0
      vertex 29.098 9.00482 6.5
      vertex 29.1951 9.01921 6.5
    endloop
  endfacet
  facet normal -0.146597 0.989196 0
    outer loop
      vertex 29.098 9.00482 6.5
      vertex 29.1951 9.01921 0
      vertex 29.098 9.00482 0
    endloop
  endfacet
  facet normal -0.857951 0.513731 0
    outer loop
      vertex 29.8315 9.44443 0
      vertex 29.8819 9.5286 6.5
      vertex 29.8819 9.5286 0
    endloop
  endfacet
  facet normal -0.857951 0.513731 0
    outer loop
      vertex 29.8819 9.5286 6.5
      vertex 29.8315 9.44443 0
      vertex 29.8315 9.44443 6.5
    endloop
  endfacet
  facet normal 0.998803 0.048911 0
    outer loop
      vertex 28.0048 9.90198 6.5
      vertex 28 10 0
      vertex 28 10 6.5
    endloop
  endfacet
  facet normal 0.998803 0.048911 0
    outer loop
      vertex 28 10 0
      vertex 28.0048 9.90198 6.5
      vertex 28.0048 9.90198 0
    endloop
  endfacet
  facet normal -0.243494 -0.969902 0
    outer loop
      vertex 29.1951 10.9808 0
      vertex 29.2903 10.9569 6.5
      vertex 29.1951 10.9808 6.5
    endloop
  endfacet
  facet normal -0.243494 -0.969902 -0
    outer loop
      vertex 29.2903 10.9569 6.5
      vertex 29.1951 10.9808 0
      vertex 29.2903 10.9569 0
    endloop
  endfacet
  facet normal 0.998803 -0.0489209 0
    outer loop
      vertex 28 10 6.5
      vertex 28.0048 10.098 0
      vertex 28.0048 10.098 6.5
    endloop
  endfacet
  facet normal 0.998803 -0.0489209 0
    outer loop
      vertex 28.0048 10.098 0
      vertex 28 10 6.5
      vertex 28 10 0
    endloop
  endfacet
  facet normal 0.513596 -0.858032 0
    outer loop
      vertex 28.4444 10.8315 0
      vertex 28.5286 10.8819 6.5
      vertex 28.4444 10.8315 6.5
    endloop
  endfacet
  facet normal 0.513596 -0.858032 0
    outer loop
      vertex 28.5286 10.8819 6.5
      vertex 28.4444 10.8315 0
      vertex 28.5286 10.8819 0
    endloop
  endfacet
  facet normal 0.243015 0.970023 -0
    outer loop
      vertex 28.8049 9.01921 0
      vertex 28.7097 9.04306 6.5
      vertex 28.8049 9.01921 6.5
    endloop
  endfacet
  facet normal 0.243015 0.970023 0
    outer loop
      vertex 28.7097 9.04306 6.5
      vertex 28.8049 9.01921 0
      vertex 28.7097 9.04306 0
    endloop
  endfacet
  facet normal -0.9038 -0.427955 0
    outer loop
      vertex 29.9239 10.3827 0
      vertex 29.8819 10.4714 6.5
      vertex 29.8819 10.4714 0
    endloop
  endfacet
  facet normal -0.9038 -0.427955 0
    outer loop
      vertex 29.8819 10.4714 6.5
      vertex 29.9239 10.3827 0
      vertex 29.9239 10.3827 6.5
    endloop
  endfacet
  facet normal -0.858032 -0.513596 0
    outer loop
      vertex 29.8819 10.4714 0
      vertex 29.8315 10.5556 6.5
      vertex 29.8315 10.5556 0
    endloop
  endfacet
  facet normal -0.858032 -0.513596 0
    outer loop
      vertex 29.8315 10.5556 6.5
      vertex 29.8819 10.4714 0
      vertex 29.8819 10.4714 6.5
    endloop
  endfacet
  facet normal 0.740908 -0.671607 0
    outer loop
      vertex 28.227 10.6344 6.5
      vertex 28.2929 10.7071 0
      vertex 28.2929 10.7071 6.5
    endloop
  endfacet
  facet normal 0.740908 -0.671607 0
    outer loop
      vertex 28.2929 10.7071 0
      vertex 28.227 10.6344 6.5
      vertex 28.227 10.6344 0
    endloop
  endfacet
  facet normal 0.989175 0.146741 0
    outer loop
      vertex 28.0192 9.80491 6.5
      vertex 28.0048 9.90198 0
      vertex 28.0048 9.90198 6.5
    endloop
  endfacet
  facet normal 0.989175 0.146741 0
    outer loop
      vertex 28.0048 9.90198 0
      vertex 28.0192 9.80491 6.5
      vertex 28.0192 9.80491 0
    endloop
  endfacet
  facet normal 0.741 0.671505 0
    outer loop
      vertex 28.2929 9.29289 6.5
      vertex 28.227 9.36561 0
      vertex 28.227 9.36561 6.5
    endloop
  endfacet
  facet normal 0.741 0.671505 0
    outer loop
      vertex 28.227 9.36561 0
      vertex 28.2929 9.29289 6.5
      vertex 28.2929 9.29289 0
    endloop
  endfacet
  facet normal 0.0489209 -0.998803 0
    outer loop
      vertex 28.902 10.9952 0
      vertex 29 11 6.5
      vertex 28.902 10.9952 6.5
    endloop
  endfacet
  facet normal 0.0489209 -0.998803 0
    outer loop
      vertex 29 11 6.5
      vertex 28.902 10.9952 0
      vertex 29 11 0
    endloop
  endfacet
  facet normal 0.243494 -0.969902 0
    outer loop
      vertex 28.7097 10.9569 0
      vertex 28.8049 10.9808 6.5
      vertex 28.7097 10.9569 6.5
    endloop
  endfacet
  facet normal 0.243494 -0.969902 0
    outer loop
      vertex 28.8049 10.9808 6.5
      vertex 28.7097 10.9569 0
      vertex 28.8049 10.9808 0
    endloop
  endfacet
  facet normal 0.513971 0.857807 -0
    outer loop
      vertex 28.5286 9.11808 0
      vertex 28.4444 9.16853 6.5
      vertex 28.5286 9.11808 6.5
    endloop
  endfacet
  facet normal 0.513971 0.857807 0
    outer loop
      vertex 28.4444 9.16853 6.5
      vertex 28.5286 9.11808 0
      vertex 28.4444 9.16853 0
    endloop
  endfacet
  facet normal 0.9038 -0.427955 0
    outer loop
      vertex 28.0761 10.3827 6.5
      vertex 28.1181 10.4714 0
      vertex 28.1181 10.4714 6.5
    endloop
  endfacet
  facet normal 0.9038 -0.427955 0
    outer loop
      vertex 28.1181 10.4714 0
      vertex 28.0761 10.3827 6.5
      vertex 28.0761 10.3827 0
    endloop
  endfacet
  facet normal -0.427622 0.903958 0
    outer loop
      vertex 29.4714 9.11808 0
      vertex 29.3827 9.07612 6.5
      vertex 29.4714 9.11808 6.5
    endloop
  endfacet
  facet normal -0.427622 0.903958 0
    outer loop
      vertex 29.3827 9.07612 6.5
      vertex 29.4714 9.11808 0
      vertex 29.3827 9.07612 0
    endloop
  endfacet
  facet normal -0.595817 0.80312 0
    outer loop
      vertex 29.6344 9.22699 0
      vertex 29.5556 9.16853 6.5
      vertex 29.6344 9.22699 6.5
    endloop
  endfacet
  facet normal -0.595817 0.80312 0
    outer loop
      vertex 29.5556 9.16853 6.5
      vertex 29.6344 9.22699 0
      vertex 29.5556 9.16853 0
    endloop
  endfacet
  facet normal -0.740908 -0.671607 0
    outer loop
      vertex 29.773 10.6344 0
      vertex 29.7071 10.7071 6.5
      vertex 29.7071 10.7071 0
    endloop
  endfacet
  facet normal -0.740908 -0.671607 0
    outer loop
      vertex 29.7071 10.7071 6.5
      vertex 29.773 10.6344 0
      vertex 29.773 10.6344 6.5
    endloop
  endfacet
  facet normal -0.513971 0.857807 0
    outer loop
      vertex 29.5556 9.16853 0
      vertex 29.4714 9.11808 6.5
      vertex 29.5556 9.16853 6.5
    endloop
  endfacet
  facet normal -0.513971 0.857807 0
    outer loop
      vertex 29.4714 9.11808 6.5
      vertex 29.5556 9.16853 0
      vertex 29.4714 9.11808 0
    endloop
  endfacet
  facet normal -0.903837 0.427876 0
    outer loop
      vertex 29.8819 9.5286 0
      vertex 29.9239 9.61732 6.5
      vertex 29.9239 9.61732 0
    endloop
  endfacet
  facet normal -0.903837 0.427876 0
    outer loop
      vertex 29.9239 9.61732 6.5
      vertex 29.8819 9.5286 0
      vertex 29.8819 9.5286 6.5
    endloop
  endfacet
  facet normal 0.802925 -0.59608 0
    outer loop
      vertex 28.1685 10.5556 6.5
      vertex 28.227 10.6344 0
      vertex 28.227 10.6344 6.5
    endloop
  endfacet
  facet normal 0.802925 -0.59608 0
    outer loop
      vertex 28.227 10.6344 0
      vertex 28.1685 10.5556 6.5
      vertex 28.1685 10.5556 0
    endloop
  endfacet
  facet normal -0.0491243 0.998793 0
    outer loop
      vertex 29.098 9.00482 0
      vertex 29 9 6.5
      vertex 29.098 9.00482 6.5
    endloop
  endfacet
  facet normal -0.0491243 0.998793 0
    outer loop
      vertex 29 9 6.5
      vertex 29.098 9.00482 0
      vertex 29 9 0
    endloop
  endfacet
  facet normal 0.59608 -0.802925 0
    outer loop
      vertex 28.3656 10.773 0
      vertex 28.4444 10.8315 6.5
      vertex 28.3656 10.773 6.5
    endloop
  endfacet
  facet normal 0.59608 -0.802925 0
    outer loop
      vertex 28.4444 10.8315 6.5
      vertex 28.3656 10.773 0
      vertex 28.4444 10.8315 0
    endloop
  endfacet
  facet normal -0.741 0.671505 0
    outer loop
      vertex 29.7071 9.29289 0
      vertex 29.773 9.36561 6.5
      vertex 29.773 9.36561 0
    endloop
  endfacet
  facet normal -0.741 0.671505 0
    outer loop
      vertex 29.773 9.36561 6.5
      vertex 29.7071 9.29289 0
      vertex 29.7071 9.29289 6.5
    endloop
  endfacet
  facet normal 0.989182 -0.146696 0
    outer loop
      vertex 28.0048 10.098 6.5
      vertex 28.0192 10.1951 0
      vertex 28.0192 10.1951 6.5
    endloop
  endfacet
  facet normal 0.989182 -0.146696 0
    outer loop
      vertex 28.0192 10.1951 0
      vertex 28.0048 10.098 6.5
      vertex 28.0048 10.098 0
    endloop
  endfacet
  facet normal 0.336879 0.941548 -0
    outer loop
      vertex 28.7097 9.04306 0
      vertex 28.6173 9.07612 6.5
      vertex 28.7097 9.04306 6.5
    endloop
  endfacet
  facet normal 0.336879 0.941548 0
    outer loop
      vertex 28.6173 9.07612 6.5
      vertex 28.7097 9.04306 0
      vertex 28.6173 9.07612 0
    endloop
  endfacet
  facet normal 0.427622 0.903958 -0
    outer loop
      vertex 28.6173 9.07612 0
      vertex 28.5286 9.11808 6.5
      vertex 28.6173 9.07612 6.5
    endloop
  endfacet
  facet normal 0.427622 0.903958 0
    outer loop
      vertex 28.5286 9.11808 6.5
      vertex 28.6173 9.07612 0
      vertex 28.5286 9.11808 0
    endloop
  endfacet
  facet normal -0.336879 0.941548 0
    outer loop
      vertex 40.9567 -2.3097 0
      vertex 40.7257 -2.39235 6.5
      vertex 40.9567 -2.3097 6.5
    endloop
  endfacet
  facet normal -0.336879 0.941548 0
    outer loop
      vertex 40.7257 -2.39235 6.5
      vertex 40.9567 -2.3097 0
      vertex 40.7257 -2.39235 0
    endloop
  endfacet
  facet normal -0.989176 -0.146737 0
    outer loop
      vertex 42.488 0.245043 0
      vertex 42.452 0.487725 6.5
      vertex 42.452 0.487725 0
    endloop
  endfacet
  facet normal -0.989176 -0.146737 0
    outer loop
      vertex 42.452 0.487725 6.5
      vertex 42.488 0.245043 0
      vertex 42.488 0.245043 6.5
    endloop
  endfacet
  facet normal -0.998803 -0.0489124 0
    outer loop
      vertex 42.5 0 0
      vertex 42.488 0.245043 6.5
      vertex 42.488 0.245043 0
    endloop
  endfacet
  facet normal -0.998803 -0.0489124 0
    outer loop
      vertex 42.488 0.245043 6.5
      vertex 42.5 0 0
      vertex 42.5 0 6.5
    endloop
  endfacet
  facet normal -0.969947 -0.243316 0
    outer loop
      vertex 42.452 0.487725 0
      vertex 42.3923 0.725711 6.5
      vertex 42.3923 0.725711 0
    endloop
  endfacet
  facet normal -0.969947 -0.243316 0
    outer loop
      vertex 42.3923 0.725711 6.5
      vertex 42.452 0.487725 0
      vertex 42.452 0.487725 6.5
    endloop
  endfacet
  facet normal 0.146726 0.989177 -0
    outer loop
      vertex 39.755 -2.48796 0
      vertex 39.5123 -2.45196 6.5
      vertex 39.755 -2.48796 6.5
    endloop
  endfacet
  facet normal 0.146726 0.989177 0
    outer loop
      vertex 39.5123 -2.45196 6.5
      vertex 39.755 -2.48796 0
      vertex 39.5123 -2.45196 0
    endloop
  endfacet
  facet normal -0.803095 -0.595851 0
    outer loop
      vertex 42.0787 1.38893 0
      vertex 41.9325 1.58598 6.5
      vertex 41.9325 1.58598 0
    endloop
  endfacet
  facet normal -0.803095 -0.595851 0
    outer loop
      vertex 41.9325 1.58598 6.5
      vertex 42.0787 1.38893 0
      vertex 42.0787 1.38893 6.5
    endloop
  endfacet
  facet normal 0.941611 0.336702 0
    outer loop
      vertex 37.6903 -0.956708 6.5
      vertex 37.6077 -0.725711 0
      vertex 37.6077 -0.725711 6.5
    endloop
  endfacet
  facet normal 0.941611 0.336702 0
    outer loop
      vertex 37.6077 -0.725711 0
      vertex 37.6903 -0.956708 6.5
      vertex 37.6903 -0.956708 0
    endloop
  endfacet
  facet normal 0.998803 -0.0489124 0
    outer loop
      vertex 37.5 0 6.5
      vertex 37.512 0.245043 0
      vertex 37.512 0.245043 6.5
    endloop
  endfacet
  facet normal 0.998803 -0.0489124 0
    outer loop
      vertex 37.512 0.245043 0
      vertex 37.5 0 6.5
      vertex 37.5 0 0
    endloop
  endfacet
  facet normal -0.998803 0.0489124 0
    outer loop
      vertex 42.488 -0.245043 0
      vertex 42.5 0 6.5
      vertex 42.5 0 0
    endloop
  endfacet
  facet normal -0.998803 0.0489124 0
    outer loop
      vertex 42.5 0 6.5
      vertex 42.488 -0.245043 0
      vertex 42.488 -0.245043 6.5
    endloop
  endfacet
  facet normal 0.803095 0.595851 0
    outer loop
      vertex 38.0675 -1.58598 6.5
      vertex 37.9213 -1.38893 0
      vertex 37.9213 -1.38893 6.5
    endloop
  endfacet
  facet normal 0.803095 0.595851 0
    outer loop
      vertex 37.9213 -1.38893 0
      vertex 38.0675 -1.58598 6.5
      vertex 38.0675 -1.58598 0
    endloop
  endfacet
  facet normal -0.514166 0.857691 0
    outer loop
      vertex 41.3889 -2.07867 0
      vertex 41.1785 -2.2048 6.5
      vertex 41.3889 -2.07867 6.5
    endloop
  endfacet
  facet normal -0.514166 0.857691 0
    outer loop
      vertex 41.1785 -2.2048 6.5
      vertex 41.3889 -2.07867 0
      vertex 41.1785 -2.2048 0
    endloop
  endfacet
  facet normal -0.427543 0.903995 0
    outer loop
      vertex 41.1785 -2.2048 0
      vertex 40.9567 -2.3097 6.5
      vertex 41.1785 -2.2048 6.5
    endloop
  endfacet
  facet normal -0.427543 0.903995 0
    outer loop
      vertex 40.9567 -2.3097 6.5
      vertex 41.1785 -2.2048 0
      vertex 40.9567 -2.3097 0
    endloop
  endfacet
  facet normal -0.803095 0.595851 0
    outer loop
      vertex 41.9325 -1.58598 0
      vertex 42.0787 -1.38893 6.5
      vertex 42.0787 -1.38893 0
    endloop
  endfacet
  facet normal -0.803095 0.595851 0
    outer loop
      vertex 42.0787 -1.38893 6.5
      vertex 41.9325 -1.58598 0
      vertex 41.9325 -1.58598 6.5
    endloop
  endfacet
  facet normal 0.242958 -0.970037 0
    outer loop
      vertex 39.2743 2.39235 0
      vertex 39.5123 2.45196 6.5
      vertex 39.2743 2.39235 6.5
    endloop
  endfacet
  facet normal 0.242958 -0.970037 0
    outer loop
      vertex 39.5123 2.45196 6.5
      vertex 39.2743 2.39235 0
      vertex 39.5123 2.45196 0
    endloop
  endfacet
  facet normal 0.969947 -0.243316 0
    outer loop
      vertex 37.548 0.487725 6.5
      vertex 37.6077 0.725711 0
      vertex 37.6077 0.725711 6.5
    endloop
  endfacet
  facet normal 0.969947 -0.243316 0
    outer loop
      vertex 37.6077 0.725711 0
      vertex 37.548 0.487725 6.5
      vertex 37.548 0.487725 0
    endloop
  endfacet
  facet normal 0.595596 -0.803284 0
    outer loop
      vertex 38.414 1.93253 0
      vertex 38.6111 2.07867 6.5
      vertex 38.414 1.93253 6.5
    endloop
  endfacet
  facet normal 0.595596 -0.803284 0
    outer loop
      vertex 38.6111 2.07867 6.5
      vertex 38.414 1.93253 0
      vertex 38.6111 2.07867 0
    endloop
  endfacet
  facet normal 0.741083 0.671414 0
    outer loop
      vertex 38.2322 -1.76777 6.5
      vertex 38.0675 -1.58598 0
      vertex 38.0675 -1.58598 6.5
    endloop
  endfacet
  facet normal 0.741083 0.671414 0
    outer loop
      vertex 38.0675 -1.58598 0
      vertex 38.2322 -1.76777 6.5
      vertex 38.2322 -1.76777 0
    endloop
  endfacet
  facet normal -0.0490836 -0.998795 0
    outer loop
      vertex 40 2.5 0
      vertex 40.245 2.48796 6.5
      vertex 40 2.5 6.5
    endloop
  endfacet
  facet normal -0.0490836 -0.998795 -0
    outer loop
      vertex 40.245 2.48796 6.5
      vertex 40 2.5 0
      vertex 40.245 2.48796 0
    endloop
  endfacet
  facet normal -0.242958 0.970037 0
    outer loop
      vertex 40.7257 -2.39235 0
      vertex 40.4877 -2.45196 6.5
      vertex 40.7257 -2.39235 6.5
    endloop
  endfacet
  facet normal -0.242958 0.970037 0
    outer loop
      vertex 40.4877 -2.45196 6.5
      vertex 40.7257 -2.39235 0
      vertex 40.4877 -2.45196 0
    endloop
  endfacet
  facet normal 0.941611 -0.336702 0
    outer loop
      vertex 37.6077 0.725711 6.5
      vertex 37.6903 0.956708 0
      vertex 37.6903 0.956708 6.5
    endloop
  endfacet
  facet normal 0.941611 -0.336702 0
    outer loop
      vertex 37.6903 0.956708 0
      vertex 37.6077 0.725711 6.5
      vertex 37.6077 0.725711 0
    endloop
  endfacet
  facet normal 0.242958 0.970037 -0
    outer loop
      vertex 39.5123 -2.45196 0
      vertex 39.2743 -2.39235 6.5
      vertex 39.5123 -2.45196 6.5
    endloop
  endfacet
  facet normal 0.242958 0.970037 0
    outer loop
      vertex 39.2743 -2.39235 6.5
      vertex 39.5123 -2.45196 0
      vertex 39.2743 -2.39235 0
    endloop
  endfacet
  facet normal -0.242958 -0.970037 0
    outer loop
      vertex 40.4877 2.45196 0
      vertex 40.7257 2.39235 6.5
      vertex 40.4877 2.45196 6.5
    endloop
  endfacet
  facet normal -0.242958 -0.970037 -0
    outer loop
      vertex 40.7257 2.39235 6.5
      vertex 40.4877 2.45196 0
      vertex 40.7257 2.39235 0
    endloop
  endfacet
  facet normal -0.514166 -0.857691 0
    outer loop
      vertex 41.1785 2.2048 0
      vertex 41.3889 2.07867 6.5
      vertex 41.1785 2.2048 6.5
    endloop
  endfacet
  facet normal -0.514166 -0.857691 -0
    outer loop
      vertex 41.3889 2.07867 6.5
      vertex 41.1785 2.2048 0
      vertex 41.3889 2.07867 0
    endloop
  endfacet
  facet normal -0.741083 -0.671414 0
    outer loop
      vertex 41.9325 1.58598 0
      vertex 41.7678 1.76777 6.5
      vertex 41.7678 1.76777 0
    endloop
  endfacet
  facet normal -0.741083 -0.671414 0
    outer loop
      vertex 41.7678 1.76777 6.5
      vertex 41.9325 1.58598 0
      vertex 41.9325 1.58598 6.5
    endloop
  endfacet
  facet normal 0.989176 -0.146737 0
    outer loop
      vertex 37.512 0.245043 6.5
      vertex 37.548 0.487725 0
      vertex 37.548 0.487725 6.5
    endloop
  endfacet
  facet normal 0.989176 -0.146737 0
    outer loop
      vertex 37.548 0.487725 0
      vertex 37.512 0.245043 6.5
      vertex 37.512 0.245043 0
    endloop
  endfacet
  facet normal -0.903982 0.427572 0
    outer loop
      vertex 42.2048 -1.17849 0
      vertex 42.3097 -0.956708 6.5
      vertex 42.3097 -0.956708 0
    endloop
  endfacet
  facet normal -0.903982 0.427572 0
    outer loop
      vertex 42.3097 -0.956708 6.5
      vertex 42.2048 -1.17849 0
      vertex 42.2048 -1.17849 6.5
    endloop
  endfacet
  facet normal 0.671528 -0.740979 0
    outer loop
      vertex 38.2322 1.76777 0
      vertex 38.414 1.93253 6.5
      vertex 38.2322 1.76777 6.5
    endloop
  endfacet
  facet normal 0.671528 -0.740979 0
    outer loop
      vertex 38.414 1.93253 6.5
      vertex 38.2322 1.76777 0
      vertex 38.414 1.93253 0
    endloop
  endfacet
  facet normal -0.903982 -0.427572 0
    outer loop
      vertex 42.3097 0.956708 0
      vertex 42.2048 1.17849 6.5
      vertex 42.2048 1.17849 0
    endloop
  endfacet
  facet normal -0.903982 -0.427572 0
    outer loop
      vertex 42.2048 1.17849 6.5
      vertex 42.3097 0.956708 0
      vertex 42.3097 0.956708 6.5
    endloop
  endfacet
  facet normal -0.671528 0.740979 0
    outer loop
      vertex 41.7678 -1.76777 0
      vertex 41.586 -1.93253 6.5
      vertex 41.7678 -1.76777 6.5
    endloop
  endfacet
  facet normal -0.671528 0.740979 0
    outer loop
      vertex 41.586 -1.93253 6.5
      vertex 41.7678 -1.76777 0
      vertex 41.586 -1.93253 0
    endloop
  endfacet
  facet normal -0.595596 -0.803284 0
    outer loop
      vertex 41.3889 2.07867 0
      vertex 41.586 1.93253 6.5
      vertex 41.3889 2.07867 6.5
    endloop
  endfacet
  facet normal -0.595596 -0.803284 -0
    outer loop
      vertex 41.586 1.93253 6.5
      vertex 41.3889 2.07867 0
      vertex 41.586 1.93253 0
    endloop
  endfacet
  facet normal -0.941611 -0.336702 0
    outer loop
      vertex 42.3923 0.725711 0
      vertex 42.3097 0.956708 6.5
      vertex 42.3097 0.956708 0
    endloop
  endfacet
  facet normal -0.941611 -0.336702 0
    outer loop
      vertex 42.3097 0.956708 6.5
      vertex 42.3923 0.725711 0
      vertex 42.3923 0.725711 6.5
    endloop
  endfacet
  facet normal -0.0490836 0.998795 0
    outer loop
      vertex 40.245 -2.48796 0
      vertex 40 -2.5 6.5
      vertex 40.245 -2.48796 6.5
    endloop
  endfacet
  facet normal -0.0490836 0.998795 0
    outer loop
      vertex 40 -2.5 6.5
      vertex 40.245 -2.48796 0
      vertex 40 -2.5 0
    endloop
  endfacet
  facet normal 0.514166 0.857691 -0
    outer loop
      vertex 38.8215 -2.2048 0
      vertex 38.6111 -2.07867 6.5
      vertex 38.8215 -2.2048 6.5
    endloop
  endfacet
  facet normal 0.514166 0.857691 0
    outer loop
      vertex 38.6111 -2.07867 6.5
      vertex 38.8215 -2.2048 0
      vertex 38.6111 -2.07867 0
    endloop
  endfacet
  facet normal -0.427543 -0.903995 0
    outer loop
      vertex 40.9567 2.3097 0
      vertex 41.1785 2.2048 6.5
      vertex 40.9567 2.3097 6.5
    endloop
  endfacet
  facet normal -0.427543 -0.903995 -0
    outer loop
      vertex 41.1785 2.2048 6.5
      vertex 40.9567 2.3097 0
      vertex 41.1785 2.2048 0
    endloop
  endfacet
  facet normal -0.969947 0.243316 0
    outer loop
      vertex 42.3923 -0.725711 0
      vertex 42.452 -0.487725 6.5
      vertex 42.452 -0.487725 0
    endloop
  endfacet
  facet normal -0.969947 0.243316 0
    outer loop
      vertex 42.452 -0.487725 6.5
      vertex 42.3923 -0.725711 0
      vertex 42.3923 -0.725711 6.5
    endloop
  endfacet
  facet normal 0.336879 -0.941548 0
    outer loop
      vertex 39.0433 2.3097 0
      vertex 39.2743 2.39235 6.5
      vertex 39.0433 2.3097 6.5
    endloop
  endfacet
  facet normal 0.336879 -0.941548 0
    outer loop
      vertex 39.2743 2.39235 6.5
      vertex 39.0433 2.3097 0
      vertex 39.2743 2.39235 0
    endloop
  endfacet
  facet normal 0.903982 0.427572 0
    outer loop
      vertex 37.7952 -1.17849 6.5
      vertex 37.6903 -0.956708 0
      vertex 37.6903 -0.956708 6.5
    endloop
  endfacet
  facet normal 0.903982 0.427572 0
    outer loop
      vertex 37.6903 -0.956708 0
      vertex 37.7952 -1.17849 6.5
      vertex 37.7952 -1.17849 0
    endloop
  endfacet
  facet normal -0.336879 -0.941548 0
    outer loop
      vertex 40.7257 2.39235 0
      vertex 40.9567 2.3097 6.5
      vertex 40.7257 2.39235 6.5
    endloop
  endfacet
  facet normal -0.336879 -0.941548 -0
    outer loop
      vertex 40.9567 2.3097 6.5
      vertex 40.7257 2.39235 0
      vertex 40.9567 2.3097 0
    endloop
  endfacet
  facet normal 0.514166 -0.857691 0
    outer loop
      vertex 38.6111 2.07867 0
      vertex 38.8215 2.2048 6.5
      vertex 38.6111 2.07867 6.5
    endloop
  endfacet
  facet normal 0.514166 -0.857691 0
    outer loop
      vertex 38.8215 2.2048 6.5
      vertex 38.6111 2.07867 0
      vertex 38.8215 2.2048 0
    endloop
  endfacet
  facet normal 0.146726 -0.989177 0
    outer loop
      vertex 39.5123 2.45196 0
      vertex 39.755 2.48796 6.5
      vertex 39.5123 2.45196 6.5
    endloop
  endfacet
  facet normal 0.146726 -0.989177 0
    outer loop
      vertex 39.755 2.48796 6.5
      vertex 39.5123 2.45196 0
      vertex 39.755 2.48796 0
    endloop
  endfacet
  facet normal 0.0490836 -0.998795 0
    outer loop
      vertex 39.755 2.48796 0
      vertex 40 2.5 6.5
      vertex 39.755 2.48796 6.5
    endloop
  endfacet
  facet normal 0.0490836 -0.998795 0
    outer loop
      vertex 40 2.5 6.5
      vertex 39.755 2.48796 0
      vertex 40 2.5 0
    endloop
  endfacet
  facet normal 0.427543 -0.903995 0
    outer loop
      vertex 38.8215 2.2048 0
      vertex 39.0433 2.3097 6.5
      vertex 38.8215 2.2048 6.5
    endloop
  endfacet
  facet normal 0.427543 -0.903995 0
    outer loop
      vertex 39.0433 2.3097 6.5
      vertex 38.8215 2.2048 0
      vertex 39.0433 2.3097 0
    endloop
  endfacet
  facet normal -0.989176 0.146737 0
    outer loop
      vertex 42.452 -0.487725 0
      vertex 42.488 -0.245043 6.5
      vertex 42.488 -0.245043 0
    endloop
  endfacet
  facet normal -0.989176 0.146737 0
    outer loop
      vertex 42.488 -0.245043 6.5
      vertex 42.452 -0.487725 0
      vertex 42.452 -0.487725 6.5
    endloop
  endfacet
  facet normal -0.741083 0.671414 0
    outer loop
      vertex 41.7678 -1.76777 0
      vertex 41.9325 -1.58598 6.5
      vertex 41.9325 -1.58598 0
    endloop
  endfacet
  facet normal -0.741083 0.671414 0
    outer loop
      vertex 41.9325 -1.58598 6.5
      vertex 41.7678 -1.76777 0
      vertex 41.7678 -1.76777 6.5
    endloop
  endfacet
  facet normal -0.857788 -0.514004 0
    outer loop
      vertex 42.2048 1.17849 0
      vertex 42.0787 1.38893 6.5
      vertex 42.0787 1.38893 0
    endloop
  endfacet
  facet normal -0.857788 -0.514004 0
    outer loop
      vertex 42.0787 1.38893 6.5
      vertex 42.2048 1.17849 0
      vertex 42.2048 1.17849 6.5
    endloop
  endfacet
  facet normal -0.941611 0.336702 0
    outer loop
      vertex 42.3097 -0.956708 0
      vertex 42.3923 -0.725711 6.5
      vertex 42.3923 -0.725711 0
    endloop
  endfacet
  facet normal -0.941611 0.336702 0
    outer loop
      vertex 42.3923 -0.725711 6.5
      vertex 42.3097 -0.956708 0
      vertex 42.3097 -0.956708 6.5
    endloop
  endfacet
  facet normal 0.989176 0.146737 0
    outer loop
      vertex 37.548 -0.487725 6.5
      vertex 37.512 -0.245043 0
      vertex 37.512 -0.245043 6.5
    endloop
  endfacet
  facet normal 0.989176 0.146737 0
    outer loop
      vertex 37.512 -0.245043 0
      vertex 37.548 -0.487725 6.5
      vertex 37.548 -0.487725 0
    endloop
  endfacet
  facet normal -0.857788 0.514004 0
    outer loop
      vertex 42.0787 -1.38893 0
      vertex 42.2048 -1.17849 6.5
      vertex 42.2048 -1.17849 0
    endloop
  endfacet
  facet normal -0.857788 0.514004 0
    outer loop
      vertex 42.2048 -1.17849 6.5
      vertex 42.0787 -1.38893 0
      vertex 42.0787 -1.38893 6.5
    endloop
  endfacet
  facet normal 0.427543 0.903995 -0
    outer loop
      vertex 39.0433 -2.3097 0
      vertex 38.8215 -2.2048 6.5
      vertex 39.0433 -2.3097 6.5
    endloop
  endfacet
  facet normal 0.427543 0.903995 0
    outer loop
      vertex 38.8215 -2.2048 6.5
      vertex 39.0433 -2.3097 0
      vertex 38.8215 -2.2048 0
    endloop
  endfacet
  facet normal 0.741083 -0.671414 0
    outer loop
      vertex 38.0675 1.58598 6.5
      vertex 38.2322 1.76777 0
      vertex 38.2322 1.76777 6.5
    endloop
  endfacet
  facet normal 0.741083 -0.671414 0
    outer loop
      vertex 38.2322 1.76777 0
      vertex 38.0675 1.58598 6.5
      vertex 38.0675 1.58598 0
    endloop
  endfacet
  facet normal -0.146726 0.989177 0
    outer loop
      vertex 40.4877 -2.45196 0
      vertex 40.245 -2.48796 6.5
      vertex 40.4877 -2.45196 6.5
    endloop
  endfacet
  facet normal -0.146726 0.989177 0
    outer loop
      vertex 40.245 -2.48796 6.5
      vertex 40.4877 -2.45196 0
      vertex 40.245 -2.48796 0
    endloop
  endfacet
  facet normal 0.857788 0.514004 0
    outer loop
      vertex 37.9213 -1.38893 6.5
      vertex 37.7952 -1.17849 0
      vertex 37.7952 -1.17849 6.5
    endloop
  endfacet
  facet normal 0.857788 0.514004 0
    outer loop
      vertex 37.7952 -1.17849 0
      vertex 37.9213 -1.38893 6.5
      vertex 37.9213 -1.38893 0
    endloop
  endfacet
  facet normal 0.803095 -0.595851 0
    outer loop
      vertex 37.9213 1.38893 6.5
      vertex 38.0675 1.58598 0
      vertex 38.0675 1.58598 6.5
    endloop
  endfacet
  facet normal 0.803095 -0.595851 0
    outer loop
      vertex 38.0675 1.58598 0
      vertex 37.9213 1.38893 6.5
      vertex 37.9213 1.38893 0
    endloop
  endfacet
  facet normal 0.969947 0.243316 0
    outer loop
      vertex 37.6077 -0.725711 6.5
      vertex 37.548 -0.487725 0
      vertex 37.548 -0.487725 6.5
    endloop
  endfacet
  facet normal 0.969947 0.243316 0
    outer loop
      vertex 37.548 -0.487725 0
      vertex 37.6077 -0.725711 6.5
      vertex 37.6077 -0.725711 0
    endloop
  endfacet
  facet normal -0.595596 0.803284 0
    outer loop
      vertex 41.586 -1.93253 0
      vertex 41.3889 -2.07867 6.5
      vertex 41.586 -1.93253 6.5
    endloop
  endfacet
  facet normal -0.595596 0.803284 0
    outer loop
      vertex 41.3889 -2.07867 6.5
      vertex 41.586 -1.93253 0
      vertex 41.3889 -2.07867 0
    endloop
  endfacet
  facet normal -0.671528 -0.740979 0
    outer loop
      vertex 41.586 1.93253 0
      vertex 41.7678 1.76777 6.5
      vertex 41.586 1.93253 6.5
    endloop
  endfacet
  facet normal -0.671528 -0.740979 -0
    outer loop
      vertex 41.7678 1.76777 6.5
      vertex 41.586 1.93253 0
      vertex 41.7678 1.76777 0
    endloop
  endfacet
  facet normal 0.903982 -0.427572 0
    outer loop
      vertex 37.6903 0.956708 6.5
      vertex 37.7952 1.17849 0
      vertex 37.7952 1.17849 6.5
    endloop
  endfacet
  facet normal 0.903982 -0.427572 0
    outer loop
      vertex 37.7952 1.17849 0
      vertex 37.6903 0.956708 6.5
      vertex 37.6903 0.956708 0
    endloop
  endfacet
  facet normal 0.0490836 0.998795 -0
    outer loop
      vertex 40 -2.5 0
      vertex 39.755 -2.48796 6.5
      vertex 40 -2.5 6.5
    endloop
  endfacet
  facet normal 0.0490836 0.998795 0
    outer loop
      vertex 39.755 -2.48796 6.5
      vertex 40 -2.5 0
      vertex 39.755 -2.48796 0
    endloop
  endfacet
  facet normal 0.998803 0.0489124 0
    outer loop
      vertex 37.512 -0.245043 6.5
      vertex 37.5 0 0
      vertex 37.5 0 6.5
    endloop
  endfacet
  facet normal 0.998803 0.0489124 0
    outer loop
      vertex 37.5 0 0
      vertex 37.512 -0.245043 6.5
      vertex 37.512 -0.245043 0
    endloop
  endfacet
  facet normal 0.671528 0.740979 -0
    outer loop
      vertex 38.414 -1.93253 0
      vertex 38.2322 -1.76777 6.5
      vertex 38.414 -1.93253 6.5
    endloop
  endfacet
  facet normal 0.671528 0.740979 0
    outer loop
      vertex 38.2322 -1.76777 6.5
      vertex 38.414 -1.93253 0
      vertex 38.2322 -1.76777 0
    endloop
  endfacet
  facet normal 0.336879 0.941548 -0
    outer loop
      vertex 39.2743 -2.39235 0
      vertex 39.0433 -2.3097 6.5
      vertex 39.2743 -2.39235 6.5
    endloop
  endfacet
  facet normal 0.336879 0.941548 0
    outer loop
      vertex 39.0433 -2.3097 6.5
      vertex 39.2743 -2.39235 0
      vertex 39.0433 -2.3097 0
    endloop
  endfacet
  facet normal 0.857788 -0.514004 0
    outer loop
      vertex 37.7952 1.17849 6.5
      vertex 37.9213 1.38893 0
      vertex 37.9213 1.38893 6.5
    endloop
  endfacet
  facet normal 0.857788 -0.514004 0
    outer loop
      vertex 37.9213 1.38893 0
      vertex 37.7952 1.17849 6.5
      vertex 37.7952 1.17849 0
    endloop
  endfacet
  facet normal -0.146726 -0.989177 0
    outer loop
      vertex 40.245 2.48796 0
      vertex 40.4877 2.45196 6.5
      vertex 40.245 2.48796 6.5
    endloop
  endfacet
  facet normal -0.146726 -0.989177 -0
    outer loop
      vertex 40.4877 2.45196 6.5
      vertex 40.245 2.48796 0
      vertex 40.4877 2.45196 0
    endloop
  endfacet
  facet normal 0.595596 0.803284 -0
    outer loop
      vertex 38.6111 -2.07867 0
      vertex 38.414 -1.93253 6.5
      vertex 38.6111 -2.07867 6.5
    endloop
  endfacet
  facet normal 0.595596 0.803284 0
    outer loop
      vertex 38.414 -1.93253 6.5
      vertex 38.6111 -2.07867 0
      vertex 38.414 -1.93253 0
    endloop
  endfacet
  facet normal -0.0490736 0.998795 0
    outer loop
      vertex 4.79802 -0.995184 0
      vertex 4.7 -1 5.15
      vertex 4.79802 -0.995184 5.15
    endloop
  endfacet
  facet normal -0.0490736 0.998795 0
    outer loop
      vertex 4.7 -1 5.15
      vertex 4.79802 -0.995184 0
      vertex 4.7 -1 0
    endloop
  endfacet
  facet normal -0.989191 -0.146636 0
    outer loop
      vertex 5.69518 0.0980167 0
      vertex 5.68079 0.19509 5.15
      vertex 5.68079 0.19509 0
    endloop
  endfacet
  facet normal -0.989191 -0.146636 0
    outer loop
      vertex 5.68079 0.19509 5.15
      vertex 5.69518 0.0980167 0
      vertex 5.69518 0.0980167 5.15
    endloop
  endfacet
  facet normal -0.998793 -0.0491159 0
    outer loop
      vertex 5.7 0 0
      vertex 5.69518 0.0980167 5.15
      vertex 5.69518 0.0980167 0
    endloop
  endfacet
  facet normal -0.998793 -0.0491159 0
    outer loop
      vertex 5.69518 0.0980167 5.15
      vertex 5.7 0 0
      vertex 5.7 0 5.15
    endloop
  endfacet
  facet normal -0.740972 0.671536 0
    outer loop
      vertex 5.40711 -0.707107 0
      vertex 5.47301 -0.634393 5.15
      vertex 5.47301 -0.634393 0
    endloop
  endfacet
  facet normal -0.740972 0.671536 0
    outer loop
      vertex 5.47301 -0.634393 5.15
      vertex 5.40711 -0.707107 0
      vertex 5.40711 -0.707107 5.15
    endloop
  endfacet
  facet normal -0.740972 -0.671536 0
    outer loop
      vertex 5.47301 0.634393 0
      vertex 5.40711 0.707107 5.15
      vertex 5.40711 0.707107 0
    endloop
  endfacet
  facet normal -0.740972 -0.671536 0
    outer loop
      vertex 5.40711 0.707107 5.15
      vertex 5.47301 0.634393 0
      vertex 5.47301 0.634393 5.15
    endloop
  endfacet
  facet normal -0.989191 0.146636 0
    outer loop
      vertex 5.68079 -0.19509 0
      vertex 5.69518 -0.0980167 5.15
      vertex 5.69518 -0.0980167 0
    endloop
  endfacet
  facet normal -0.989191 0.146636 0
    outer loop
      vertex 5.69518 -0.0980167 5.15
      vertex 5.68079 -0.19509 0
      vertex 5.68079 -0.19509 5.15
    endloop
  endfacet
  facet normal 0.514114 0.857722 -0
    outer loop
      vertex 4.2286 -0.881921 0
      vertex 4.14443 -0.83147 5.15
      vertex 4.2286 -0.881921 5.15
    endloop
  endfacet
  facet normal 0.514114 0.857722 0
    outer loop
      vertex 4.14443 -0.83147 5.15
      vertex 4.2286 -0.881921 0
      vertex 4.14443 -0.83147 0
    endloop
  endfacet
  facet normal 0.857737 -0.514088 0
    outer loop
      vertex 3.81808 0.471396 5.15
      vertex 3.86853 0.55557 0
      vertex 3.86853 0.55557 5.15
    endloop
  endfacet
  facet normal 0.857737 -0.514088 0
    outer loop
      vertex 3.86853 0.55557 0
      vertex 3.81808 0.471396 5.15
      vertex 3.81808 0.471396 0
    endloop
  endfacet
  facet normal 0.146741 0.989175 -0
    outer loop
      vertex 4.60198 -0.995184 0
      vertex 4.50491 -0.980784 5.15
      vertex 4.60198 -0.995184 5.15
    endloop
  endfacet
  facet normal 0.146741 0.989175 0
    outer loop
      vertex 4.50491 -0.980784 5.15
      vertex 4.60198 -0.995184 0
      vertex 4.50491 -0.980784 0
    endloop
  endfacet
  facet normal 0.242958 -0.970037 0
    outer loop
      vertex 4.40971 0.95694 0
      vertex 4.50491 0.980784 5.15
      vertex 4.40971 0.95694 5.15
    endloop
  endfacet
  facet normal 0.242958 -0.970037 0
    outer loop
      vertex 4.50491 0.980784 5.15
      vertex 4.40971 0.95694 0
      vertex 4.50491 0.980784 0
    endloop
  endfacet
  facet normal -0.514114 0.857722 0
    outer loop
      vertex 5.25557 -0.83147 0
      vertex 5.1714 -0.881921 5.15
      vertex 5.25557 -0.83147 5.15
    endloop
  endfacet
  facet normal -0.514114 0.857722 0
    outer loop
      vertex 5.1714 -0.881921 5.15
      vertex 5.25557 -0.83147 0
      vertex 5.1714 -0.881921 0
    endloop
  endfacet
  facet normal 0.740972 -0.671536 0
    outer loop
      vertex 3.92699 0.634393 5.15
      vertex 3.99289 0.707107 0
      vertex 3.99289 0.707107 5.15
    endloop
  endfacet
  facet normal 0.740972 -0.671536 0
    outer loop
      vertex 3.99289 0.707107 0
      vertex 3.92699 0.634393 5.15
      vertex 3.92699 0.634393 0
    endloop
  endfacet
  facet normal -0.671522 -0.740984 0
    outer loop
      vertex 5.33439 0.77301 0
      vertex 5.40711 0.707107 5.15
      vertex 5.33439 0.77301 5.15
    endloop
  endfacet
  facet normal -0.671522 -0.740984 -0
    outer loop
      vertex 5.40711 0.707107 5.15
      vertex 5.33439 0.77301 0
      vertex 5.40711 0.707107 0
    endloop
  endfacet
  facet normal 0.803203 -0.595705 0
    outer loop
      vertex 3.86853 0.55557 5.15
      vertex 3.92699 0.634393 0
      vertex 3.92699 0.634393 5.15
    endloop
  endfacet
  facet normal 0.803203 -0.595705 0
    outer loop
      vertex 3.92699 0.634393 0
      vertex 3.86853 0.55557 5.15
      vertex 3.86853 0.55557 0
    endloop
  endfacet
  facet normal -0.59572 -0.803192 0
    outer loop
      vertex 5.25557 0.83147 0
      vertex 5.33439 0.77301 5.15
      vertex 5.25557 0.83147 5.15
    endloop
  endfacet
  facet normal -0.59572 -0.803192 -0
    outer loop
      vertex 5.33439 0.77301 5.15
      vertex 5.25557 0.83147 0
      vertex 5.33439 0.77301 0
    endloop
  endfacet
  facet normal -0.242982 -0.970031 0
    outer loop
      vertex 4.89509 0.980784 0
      vertex 4.99028 0.95694 5.15
      vertex 4.89509 0.980784 5.15
    endloop
  endfacet
  facet normal -0.242982 -0.970031 -0
    outer loop
      vertex 4.99028 0.95694 5.15
      vertex 4.89509 0.980784 0
      vertex 4.99028 0.95694 0
    endloop
  endfacet
  facet normal -0.941547 -0.336882 0
    outer loop
      vertex 5.65694 0.290284 0
      vertex 5.62388 0.382683 5.15
      vertex 5.62388 0.382683 0
    endloop
  endfacet
  facet normal -0.941547 -0.336882 0
    outer loop
      vertex 5.62388 0.382683 5.15
      vertex 5.65694 0.290284 0
      vertex 5.65694 0.290284 5.15
    endloop
  endfacet
  facet normal 0.857737 0.514088 0
    outer loop
      vertex 3.86853 -0.55557 5.15
      vertex 3.81808 -0.471396 0
      vertex 3.81808 -0.471396 5.15
    endloop
  endfacet
  facet normal 0.857737 0.514088 0
    outer loop
      vertex 3.81808 -0.471396 0
      vertex 3.86853 -0.55557 5.15
      vertex 3.86853 -0.55557 0
    endloop
  endfacet
  facet normal 0.970019 -0.24303 0
    outer loop
      vertex 3.71921 0.19509 5.15
      vertex 3.74306 0.290284 0
      vertex 3.74306 0.290284 5.15
    endloop
  endfacet
  facet normal 0.970019 -0.24303 0
    outer loop
      vertex 3.74306 0.290284 0
      vertex 3.71921 0.19509 5.15
      vertex 3.71921 0.19509 0
    endloop
  endfacet
  facet normal -0.514114 -0.857722 0
    outer loop
      vertex 5.1714 0.881921 0
      vertex 5.25557 0.83147 5.15
      vertex 5.1714 0.881921 5.15
    endloop
  endfacet
  facet normal -0.514114 -0.857722 -0
    outer loop
      vertex 5.25557 0.83147 5.15
      vertex 5.1714 0.881921 0
      vertex 5.25557 0.83147 0
    endloop
  endfacet
  facet normal -0.998793 0.0491159 0
    outer loop
      vertex 5.69518 -0.0980167 0
      vertex 5.7 0 5.15
      vertex 5.7 0 0
    endloop
  endfacet
  facet normal -0.998793 0.0491159 0
    outer loop
      vertex 5.7 0 5.15
      vertex 5.69518 -0.0980167 0
      vertex 5.69518 -0.0980167 5.15
    endloop
  endfacet
  facet normal -0.941547 0.336882 0
    outer loop
      vertex 5.62388 -0.382683 0
      vertex 5.65694 -0.290284 5.15
      vertex 5.65694 -0.290284 0
    endloop
  endfacet
  facet normal -0.941547 0.336882 0
    outer loop
      vertex 5.65694 -0.290284 5.15
      vertex 5.62388 -0.382683 0
      vertex 5.62388 -0.382683 5.15
    endloop
  endfacet
  facet normal 0.903982 -0.427571 0
    outer loop
      vertex 3.77612 0.382683 5.15
      vertex 3.81808 0.471396 0
      vertex 3.81808 0.471396 5.15
    endloop
  endfacet
  facet normal 0.903982 -0.427571 0
    outer loop
      vertex 3.81808 0.471396 0
      vertex 3.77612 0.382683 5.15
      vertex 3.77612 0.382683 0
    endloop
  endfacet
  facet normal 0.970019 0.24303 0
    outer loop
      vertex 3.74306 -0.290284 5.15
      vertex 3.71921 -0.19509 0
      vertex 3.71921 -0.19509 5.15
    endloop
  endfacet
  facet normal 0.970019 0.24303 0
    outer loop
      vertex 3.71921 -0.19509 0
      vertex 3.74306 -0.290284 5.15
      vertex 3.74306 -0.290284 0
    endloop
  endfacet
  facet normal -0.857737 -0.514088 0
    outer loop
      vertex 5.58192 0.471396 0
      vertex 5.53147 0.55557 5.15
      vertex 5.53147 0.55557 0
    endloop
  endfacet
  facet normal -0.857737 -0.514088 0
    outer loop
      vertex 5.53147 0.55557 5.15
      vertex 5.58192 0.471396 0
      vertex 5.58192 0.471396 5.15
    endloop
  endfacet
  facet normal 0.941547 0.336882 0
    outer loop
      vertex 3.77612 -0.382683 5.15
      vertex 3.74306 -0.290284 0
      vertex 3.74306 -0.290284 5.15
    endloop
  endfacet
  facet normal 0.941547 0.336882 0
    outer loop
      vertex 3.74306 -0.290284 0
      vertex 3.77612 -0.382683 5.15
      vertex 3.77612 -0.382683 0
    endloop
  endfacet
  facet normal 0.671522 -0.740984 0
    outer loop
      vertex 3.99289 0.707107 0
      vertex 4.06561 0.77301 5.15
      vertex 3.99289 0.707107 5.15
    endloop
  endfacet
  facet normal 0.671522 -0.740984 0
    outer loop
      vertex 4.06561 0.77301 5.15
      vertex 3.99289 0.707107 0
      vertex 4.06561 0.77301 0
    endloop
  endfacet
  facet normal -0.803203 0.595705 0
    outer loop
      vertex 5.47301 -0.634393 0
      vertex 5.53147 -0.55557 5.15
      vertex 5.53147 -0.55557 0
    endloop
  endfacet
  facet normal -0.803203 0.595705 0
    outer loop
      vertex 5.53147 -0.55557 5.15
      vertex 5.47301 -0.634393 0
      vertex 5.47301 -0.634393 5.15
    endloop
  endfacet
  facet normal 0.242958 0.970037 -0
    outer loop
      vertex 4.50491 -0.980784 0
      vertex 4.40971 -0.95694 5.15
      vertex 4.50491 -0.980784 5.15
    endloop
  endfacet
  facet normal 0.242958 0.970037 0
    outer loop
      vertex 4.40971 -0.95694 5.15
      vertex 4.50491 -0.980784 0
      vertex 4.40971 -0.95694 0
    endloop
  endfacet
  facet normal -0.903982 -0.427571 0
    outer loop
      vertex 5.62388 0.382683 0
      vertex 5.58192 0.471396 5.15
      vertex 5.58192 0.471396 0
    endloop
  endfacet
  facet normal -0.903982 -0.427571 0
    outer loop
      vertex 5.58192 0.471396 5.15
      vertex 5.62388 0.382683 0
      vertex 5.62388 0.382683 5.15
    endloop
  endfacet
  facet normal -0.336888 -0.941545 0
    outer loop
      vertex 4.99028 0.95694 0
      vertex 5.08268 0.923879 5.15
      vertex 4.99028 0.95694 5.15
    endloop
  endfacet
  facet normal -0.336888 -0.941545 -0
    outer loop
      vertex 5.08268 0.923879 5.15
      vertex 4.99028 0.95694 0
      vertex 5.08268 0.923879 0
    endloop
  endfacet
  facet normal 0.998798 0.0490143 0
    outer loop
      vertex 3.70481 -0.0980167 5.15
      vertex 3.7 0 0
      vertex 3.7 0 5.15
    endloop
  endfacet
  facet normal 0.998798 0.0490143 0
    outer loop
      vertex 3.7 0 0
      vertex 3.70481 -0.0980167 5.15
      vertex 3.70481 -0.0980167 0
    endloop
  endfacet
  facet normal -0.0490736 -0.998795 0
    outer loop
      vertex 4.7 1 0
      vertex 4.79802 0.995184 5.15
      vertex 4.7 1 5.15
    endloop
  endfacet
  facet normal -0.0490736 -0.998795 -0
    outer loop
      vertex 4.79802 0.995184 5.15
      vertex 4.7 1 0
      vertex 4.79802 0.995184 0
    endloop
  endfacet
  facet normal -0.146741 -0.989175 0
    outer loop
      vertex 4.79802 0.995184 0
      vertex 4.89509 0.980784 5.15
      vertex 4.79802 0.995184 5.15
    endloop
  endfacet
  facet normal -0.146741 -0.989175 -0
    outer loop
      vertex 4.89509 0.980784 5.15
      vertex 4.79802 0.995184 0
      vertex 4.89509 0.980784 0
    endloop
  endfacet
  facet normal -0.427526 0.904003 0
    outer loop
      vertex 5.1714 -0.881921 0
      vertex 5.08268 -0.923879 5.15
      vertex 5.1714 -0.881921 5.15
    endloop
  endfacet
  facet normal -0.427526 0.904003 0
    outer loop
      vertex 5.08268 -0.923879 5.15
      vertex 5.1714 -0.881921 0
      vertex 5.08268 -0.923879 0
    endloop
  endfacet
  facet normal -0.803203 -0.595705 0
    outer loop
      vertex 5.53147 0.55557 0
      vertex 5.47301 0.634393 5.15
      vertex 5.47301 0.634393 0
    endloop
  endfacet
  facet normal -0.803203 -0.595705 0
    outer loop
      vertex 5.47301 0.634393 5.15
      vertex 5.53147 0.55557 0
      vertex 5.53147 0.55557 5.15
    endloop
  endfacet
  facet normal -0.427526 -0.904003 0
    outer loop
      vertex 5.08268 0.923879 0
      vertex 5.1714 0.881921 5.15
      vertex 5.08268 0.923879 5.15
    endloop
  endfacet
  facet normal -0.427526 -0.904003 -0
    outer loop
      vertex 5.1714 0.881921 5.15
      vertex 5.08268 0.923879 0
      vertex 5.1714 0.881921 0
    endloop
  endfacet
  facet normal 0.33692 -0.941533 0
    outer loop
      vertex 4.31732 0.923879 0
      vertex 4.40971 0.95694 5.15
      vertex 4.31732 0.923879 5.15
    endloop
  endfacet
  facet normal 0.33692 -0.941533 0
    outer loop
      vertex 4.40971 0.95694 5.15
      vertex 4.31732 0.923879 0
      vertex 4.40971 0.95694 0
    endloop
  endfacet
  facet normal 0.671522 0.740984 -0
    outer loop
      vertex 4.06561 -0.77301 0
      vertex 3.99289 -0.707107 5.15
      vertex 4.06561 -0.77301 5.15
    endloop
  endfacet
  facet normal 0.671522 0.740984 0
    outer loop
      vertex 3.99289 -0.707107 5.15
      vertex 4.06561 -0.77301 0
      vertex 3.99289 -0.707107 0
    endloop
  endfacet
  facet normal -0.146741 0.989175 0
    outer loop
      vertex 4.89509 -0.980784 0
      vertex 4.79802 -0.995184 5.15
      vertex 4.89509 -0.980784 5.15
    endloop
  endfacet
  facet normal -0.146741 0.989175 0
    outer loop
      vertex 4.79802 -0.995184 5.15
      vertex 4.89509 -0.980784 0
      vertex 4.79802 -0.995184 0
    endloop
  endfacet
  facet normal 0.514114 -0.857722 0
    outer loop
      vertex 4.14443 0.83147 0
      vertex 4.2286 0.881921 5.15
      vertex 4.14443 0.83147 5.15
    endloop
  endfacet
  facet normal 0.514114 -0.857722 0
    outer loop
      vertex 4.2286 0.881921 5.15
      vertex 4.14443 0.83147 0
      vertex 4.2286 0.881921 0
    endloop
  endfacet
  facet normal 0.59572 -0.803192 0
    outer loop
      vertex 4.06561 0.77301 0
      vertex 4.14443 0.83147 5.15
      vertex 4.06561 0.77301 5.15
    endloop
  endfacet
  facet normal 0.59572 -0.803192 0
    outer loop
      vertex 4.14443 0.83147 5.15
      vertex 4.06561 0.77301 0
      vertex 4.14443 0.83147 0
    endloop
  endfacet
  facet normal 0.989176 -0.146736 0
    outer loop
      vertex 3.70481 0.0980167 5.15
      vertex 3.71921 0.19509 0
      vertex 3.71921 0.19509 5.15
    endloop
  endfacet
  facet normal 0.989176 -0.146736 0
    outer loop
      vertex 3.71921 0.19509 0
      vertex 3.70481 0.0980167 5.15
      vertex 3.70481 0.0980167 0
    endloop
  endfacet
  facet normal -0.970019 -0.24303 0
    outer loop
      vertex 5.68079 0.19509 0
      vertex 5.65694 0.290284 5.15
      vertex 5.65694 0.290284 0
    endloop
  endfacet
  facet normal -0.970019 -0.24303 0
    outer loop
      vertex 5.65694 0.290284 5.15
      vertex 5.68079 0.19509 0
      vertex 5.68079 0.19509 5.15
    endloop
  endfacet
  facet normal -0.970019 0.24303 0
    outer loop
      vertex 5.65694 -0.290284 0
      vertex 5.68079 -0.19509 5.15
      vertex 5.68079 -0.19509 0
    endloop
  endfacet
  facet normal -0.970019 0.24303 0
    outer loop
      vertex 5.68079 -0.19509 5.15
      vertex 5.65694 -0.290284 0
      vertex 5.65694 -0.290284 5.15
    endloop
  endfacet
  facet normal 0.803203 0.595705 0
    outer loop
      vertex 3.92699 -0.634393 5.15
      vertex 3.86853 -0.55557 0
      vertex 3.86853 -0.55557 5.15
    endloop
  endfacet
  facet normal 0.803203 0.595705 0
    outer loop
      vertex 3.86853 -0.55557 0
      vertex 3.92699 -0.634393 5.15
      vertex 3.92699 -0.634393 0
    endloop
  endfacet
  facet normal -0.59572 0.803192 0
    outer loop
      vertex 5.33439 -0.77301 0
      vertex 5.25557 -0.83147 5.15
      vertex 5.33439 -0.77301 5.15
    endloop
  endfacet
  facet normal -0.59572 0.803192 0
    outer loop
      vertex 5.25557 -0.83147 5.15
      vertex 5.33439 -0.77301 0
      vertex 5.25557 -0.83147 0
    endloop
  endfacet
  facet normal 0.427526 -0.904003 0
    outer loop
      vertex 4.2286 0.881921 0
      vertex 4.31732 0.923879 5.15
      vertex 4.2286 0.881921 5.15
    endloop
  endfacet
  facet normal 0.427526 -0.904003 0
    outer loop
      vertex 4.31732 0.923879 5.15
      vertex 4.2286 0.881921 0
      vertex 4.31732 0.923879 0
    endloop
  endfacet
  facet normal 0.0490736 -0.998795 0
    outer loop
      vertex 4.60198 0.995184 0
      vertex 4.7 1 5.15
      vertex 4.60198 0.995184 5.15
    endloop
  endfacet
  facet normal 0.0490736 -0.998795 0
    outer loop
      vertex 4.7 1 5.15
      vertex 4.60198 0.995184 0
      vertex 4.7 1 0
    endloop
  endfacet
  facet normal 0.427526 0.904003 -0
    outer loop
      vertex 4.31732 -0.923879 0
      vertex 4.2286 -0.881921 5.15
      vertex 4.31732 -0.923879 5.15
    endloop
  endfacet
  facet normal 0.427526 0.904003 0
    outer loop
      vertex 4.2286 -0.881921 5.15
      vertex 4.31732 -0.923879 0
      vertex 4.2286 -0.881921 0
    endloop
  endfacet
  facet normal 0.146741 -0.989175 0
    outer loop
      vertex 4.50491 0.980784 0
      vertex 4.60198 0.995184 5.15
      vertex 4.50491 0.980784 5.15
    endloop
  endfacet
  facet normal 0.146741 -0.989175 0
    outer loop
      vertex 4.60198 0.995184 5.15
      vertex 4.50491 0.980784 0
      vertex 4.60198 0.995184 0
    endloop
  endfacet
  facet normal 0.33692 0.941533 -0
    outer loop
      vertex 4.40971 -0.95694 0
      vertex 4.31732 -0.923879 5.15
      vertex 4.40971 -0.95694 5.15
    endloop
  endfacet
  facet normal 0.33692 0.941533 0
    outer loop
      vertex 4.31732 -0.923879 5.15
      vertex 4.40971 -0.95694 0
      vertex 4.31732 -0.923879 0
    endloop
  endfacet
  facet normal 0.989176 0.146736 0
    outer loop
      vertex 3.71921 -0.19509 5.15
      vertex 3.70481 -0.0980167 0
      vertex 3.70481 -0.0980167 5.15
    endloop
  endfacet
  facet normal 0.989176 0.146736 0
    outer loop
      vertex 3.70481 -0.0980167 0
      vertex 3.71921 -0.19509 5.15
      vertex 3.71921 -0.19509 0
    endloop
  endfacet
  facet normal -0.336888 0.941545 0
    outer loop
      vertex 5.08268 -0.923879 0
      vertex 4.99028 -0.95694 5.15
      vertex 5.08268 -0.923879 5.15
    endloop
  endfacet
  facet normal -0.336888 0.941545 0
    outer loop
      vertex 4.99028 -0.95694 5.15
      vertex 5.08268 -0.923879 0
      vertex 4.99028 -0.95694 0
    endloop
  endfacet
  facet normal -0.242982 0.970031 0
    outer loop
      vertex 4.99028 -0.95694 0
      vertex 4.89509 -0.980784 5.15
      vertex 4.99028 -0.95694 5.15
    endloop
  endfacet
  facet normal -0.242982 0.970031 0
    outer loop
      vertex 4.89509 -0.980784 5.15
      vertex 4.99028 -0.95694 0
      vertex 4.89509 -0.980784 0
    endloop
  endfacet
  facet normal 0.941547 -0.336882 0
    outer loop
      vertex 3.74306 0.290284 5.15
      vertex 3.77612 0.382683 0
      vertex 3.77612 0.382683 5.15
    endloop
  endfacet
  facet normal 0.941547 -0.336882 0
    outer loop
      vertex 3.77612 0.382683 0
      vertex 3.74306 0.290284 5.15
      vertex 3.74306 0.290284 0
    endloop
  endfacet
  facet normal 0.740972 0.671536 0
    outer loop
      vertex 3.99289 -0.707107 5.15
      vertex 3.92699 -0.634393 0
      vertex 3.92699 -0.634393 5.15
    endloop
  endfacet
  facet normal 0.740972 0.671536 0
    outer loop
      vertex 3.92699 -0.634393 0
      vertex 3.99289 -0.707107 5.15
      vertex 3.99289 -0.707107 0
    endloop
  endfacet
  facet normal 0.903982 0.427571 0
    outer loop
      vertex 3.81808 -0.471396 5.15
      vertex 3.77612 -0.382683 0
      vertex 3.77612 -0.382683 5.15
    endloop
  endfacet
  facet normal 0.903982 0.427571 0
    outer loop
      vertex 3.77612 -0.382683 0
      vertex 3.81808 -0.471396 5.15
      vertex 3.81808 -0.471396 0
    endloop
  endfacet
  facet normal 0.59572 0.803192 -0
    outer loop
      vertex 4.14443 -0.83147 0
      vertex 4.06561 -0.77301 5.15
      vertex 4.14443 -0.83147 5.15
    endloop
  endfacet
  facet normal 0.59572 0.803192 0
    outer loop
      vertex 4.06561 -0.77301 5.15
      vertex 4.14443 -0.83147 0
      vertex 4.06561 -0.77301 0
    endloop
  endfacet
  facet normal -0.903982 0.427571 0
    outer loop
      vertex 5.58192 -0.471396 0
      vertex 5.62388 -0.382683 5.15
      vertex 5.62388 -0.382683 0
    endloop
  endfacet
  facet normal -0.903982 0.427571 0
    outer loop
      vertex 5.62388 -0.382683 5.15
      vertex 5.58192 -0.471396 0
      vertex 5.58192 -0.471396 5.15
    endloop
  endfacet
  facet normal -0.857737 0.514088 0
    outer loop
      vertex 5.53147 -0.55557 0
      vertex 5.58192 -0.471396 5.15
      vertex 5.58192 -0.471396 0
    endloop
  endfacet
  facet normal -0.857737 0.514088 0
    outer loop
      vertex 5.58192 -0.471396 5.15
      vertex 5.53147 -0.55557 0
      vertex 5.53147 -0.55557 5.15
    endloop
  endfacet
  facet normal 0.0490736 0.998795 -0
    outer loop
      vertex 4.7 -1 0
      vertex 4.60198 -0.995184 5.15
      vertex 4.7 -1 5.15
    endloop
  endfacet
  facet normal 0.0490736 0.998795 0
    outer loop
      vertex 4.60198 -0.995184 5.15
      vertex 4.7 -1 0
      vertex 4.60198 -0.995184 0
    endloop
  endfacet
  facet normal 0.998798 -0.0490143 0
    outer loop
      vertex 3.7 0 5.15
      vertex 3.70481 0.0980167 0
      vertex 3.70481 0.0980167 5.15
    endloop
  endfacet
  facet normal 0.998798 -0.0490143 0
    outer loop
      vertex 3.70481 0.0980167 0
      vertex 3.7 0 5.15
      vertex 3.7 0 0
    endloop
  endfacet
  facet normal -0.671522 0.740984 0
    outer loop
      vertex 5.40711 -0.707107 0
      vertex 5.33439 -0.77301 5.15
      vertex 5.40711 -0.707107 5.15
    endloop
  endfacet
  facet normal -0.671522 0.740984 0
    outer loop
      vertex 5.33439 -0.77301 5.15
      vertex 5.40711 -0.707107 0
      vertex 5.33439 -0.77301 0
    endloop
  endfacet
endsolid OpenSCAD_Model
