ISO-10303-21;
HEADER;
FILE_DESCRIPTION(('Open CASCADE Model'),'2;1');
FILE_NAME('Open CASCADE Shape Model','2026-08-17T19:18:10',('Author'),(
    'Open CASCADE'),'Open CASCADE STEP processor 7.9','Open CASCADE 7.9'
  ,'Unknown');
FILE_SCHEMA(('AUTOMOTIVE_DESIGN { 1 0 10303 214 1 1 1 1 }'));
ENDSEC;
DATA;
#1 = APPLICATION_PROTOCOL_DEFINITION('international standard',
  'automotive_design',2000,#2);
#2 = APPLICATION_CONTEXT(
  'core data for automotive mechanical design processes');
#3 = SHAPE_DEFINITION_REPRESENTATION(#4,#10);
#4 = PRODUCT_DEFINITION_SHAPE('','',#5);
#5 = PRODUCT_DEFINITION('design','',#6,#9);
#6 = PRODUCT_DEFINITION_FORMATION('','',#7);
#7 = PRODUCT('Open CASCADE STEP translator 7.9 3',
  'Open CASCADE STEP translator 7.9 3','',(#8));
#8 = PRODUCT_CONTEXT('',#2,'mechanical');
#9 = PRODUCT_DEFINITION_CONTEXT('part definition',#2,'design');
#10 = ADVANCED_BREP_SHAPE_REPRESENTATION('',(#11,#15),#11077);
#11 = AXIS2_PLACEMENT_3D('',#12,#13,#14);
#12 = CARTESIAN_POINT('',(0.,0.,0.));
#13 = DIRECTION('',(0.,0.,1.));
#14 = DIRECTION('',(1.,0.,-0.));
#15 = BREP_WITH_VOIDS('',#16,(#6965,#7925));
#16 = CLOSED_SHELL('',(#17,#137,#215,#291,#369,#445,#523,#704,#778,#970,
    #1333,#1401,#1448,#1495,#1540,#1590,#1638,#1686,#1733,#1780,#1825,
    #1967,#1992,#2036,#2762,#2925,#3550,#3700,#4384,#4411,#4438,#4465,
    #4493,#4520,#4547,#4554,#4717,#5291,#5319,#5346,#5373,#5400,#5427,
    #5454,#5461,#5508,#5535,#5562,#5589,#5616,#5643,#5670,#5678,#5685,
    #5749,#5808,#5847,#5906,#5941,#5995,#6022,#6066,#6121,#6125,#6307,
    #6388,#6453,#6512,#6551,#6606,#6610,#6668,#6723,#6762,#6821,#6860,
    #6915,#6919,#6951));
#17 = ADVANCED_FACE('',(#18),#32,.F.);
#18 = FACE_BOUND('',#19,.F.);
#19 = EDGE_LOOP('',(#20,#55,#83,#111));
#20 = ORIENTED_EDGE('',*,*,#21,.F.);
#21 = EDGE_CURVE('',#22,#24,#26,.T.);
#22 = VERTEX_POINT('',#23);
#23 = CARTESIAN_POINT('',(8.,-17.,0.));
#24 = VERTEX_POINT('',#25);
#25 = CARTESIAN_POINT('',(50.,-17.,0.));
#26 = SURFACE_CURVE('',#27,(#31,#43),.PCURVE_S1.);
#27 = LINE('',#28,#29);
#28 = CARTESIAN_POINT('',(0.,-17.,0.));
#29 = VECTOR('',#30,1.);
#30 = DIRECTION('',(1.,0.,0.));
#31 = PCURVE('',#32,#37);
#32 = PLANE('',#33);
#33 = AXIS2_PLACEMENT_3D('',#34,#35,#36);
#34 = CARTESIAN_POINT('',(0.,-17.,0.));
#35 = DIRECTION('',(0.,1.,0.));
#36 = DIRECTION('',(1.,0.,0.));
#37 = DEFINITIONAL_REPRESENTATION('',(#38),#42);
#38 = LINE('',#39,#40);
#39 = CARTESIAN_POINT('',(0.,0.));
#40 = VECTOR('',#41,1.);
#41 = DIRECTION('',(1.,0.));
#42 = ( GEOMETRIC_REPRESENTATION_CONTEXT(2) 
PARAMETRIC_REPRESENTATION_CONTEXT() REPRESENTATION_CONTEXT('2D SPACE',''
  ) );
#43 = PCURVE('',#44,#49);
#44 = PLANE('',#45);
#45 = AXIS2_PLACEMENT_3D('',#46,#47,#48);
#46 = CARTESIAN_POINT('',(29.,0.,0.));
#47 = DIRECTION('',(0.,0.,1.));
#48 = DIRECTION('',(1.,0.,-0.));
#49 = DEFINITIONAL_REPRESENTATION('',(#50),#54);
#50 = LINE('',#51,#52);
#51 = CARTESIAN_POINT('',(-29.,-17.));
#52 = VECTOR('',#53,1.);
#53 = DIRECTION('',(1.,0.));
#54 = ( GEOMETRIC_REPRESENTATION_CONTEXT(2) 
PARAMETRIC_REPRESENTATION_CONTEXT() REPRESENTATION_CONTEXT('2D SPACE',''
  ) );
#55 = ORIENTED_EDGE('',*,*,#56,.F.);
#56 = EDGE_CURVE('',#57,#22,#59,.T.);
#57 = VERTEX_POINT('',#58);
#58 = CARTESIAN_POINT('',(8.,-17.,12.));
#59 = SURFACE_CURVE('',#60,(#64,#71),.PCURVE_S1.);
#60 = LINE('',#61,#62);
#61 = CARTESIAN_POINT('',(8.,-17.,12.));
#62 = VECTOR('',#63,1.);
#63 = DIRECTION('',(0.,0.,-1.));
#64 = PCURVE('',#32,#65);
#65 = DEFINITIONAL_REPRESENTATION('',(#66),#70);
#66 = LINE('',#67,#68);
#67 = CARTESIAN_POINT('',(8.,-12.));
#68 = VECTOR('',#69,1.);
#69 = DIRECTION('',(0.,1.));
#70 = ( GEOMETRIC_REPRESENTATION_CONTEXT(2) 
PARAMETRIC_REPRESENTATION_CONTEXT() REPRESENTATION_CONTEXT('2D SPACE',''
  ) );
#71 = PCURVE('',#72,#77);
#72 = CYLINDRICAL_SURFACE('',#73,8.);
#73 = AXIS2_PLACEMENT_3D('',#74,#75,#76);
#74 = CARTESIAN_POINT('',(8.,-9.,0.));
#75 = DIRECTION('',(0.,0.,1.));
#76 = DIRECTION('',(0.,-1.,0.));
#77 = DEFINITIONAL_REPRESENTATION('',(#78),#82);
#78 = LINE('',#79,#80);
#79 = CARTESIAN_POINT('',(-0.,12.));
#80 = VECTOR('',#81,1.);
#81 = DIRECTION('',(-0.,-1.));
#82 = ( GEOMETRIC_REPRESENTATION_CONTEXT(2) 
PARAMETRIC_REPRESENTATION_CONTEXT() REPRESENTATION_CONTEXT('2D SPACE',''
  ) );
#83 = ORIENTED_EDGE('',*,*,#84,.T.);
#84 = EDGE_CURVE('',#57,#85,#87,.T.);
#85 = VERTEX_POINT('',#86);
#86 = CARTESIAN_POINT('',(50.,-17.,12.));
#87 = SURFACE_CURVE('',#88,(#92,#99),.PCURVE_S1.);
#88 = LINE('',#89,#90);
#89 = CARTESIAN_POINT('',(0.,-17.,12.));
#90 = VECTOR('',#91,1.);
#91 = DIRECTION('',(1.,0.,0.));
#92 = PCURVE('',#32,#93);
#93 = DEFINITIONAL_REPRESENTATION('',(#94),#98);
#94 = LINE('',#95,#96);
#95 = CARTESIAN_POINT('',(0.,-12.));
#96 = VECTOR('',#97,1.);
#97 = DIRECTION('',(1.,0.));
#98 = ( GEOMETRIC_REPRESENTATION_CONTEXT(2) 
PARAMETRIC_REPRESENTATION_CONTEXT() REPRESENTATION_CONTEXT('2D SPACE',''
  ) );
#99 = PCURVE('',#100,#105);
#100 = PLANE('',#101);
#101 = AXIS2_PLACEMENT_3D('',#102,#103,#104);
#102 = CARTESIAN_POINT('',(29.,0.,12.));
#103 = DIRECTION('',(0.,0.,1.));
#104 = DIRECTION('',(1.,0.,-0.));
#105 = DEFINITIONAL_REPRESENTATION('',(#106),#110);
#106 = LINE('',#107,#108);
#107 = CARTESIAN_POINT('',(-29.,-17.));
#108 = VECTOR('',#109,1.);
#109 = DIRECTION('',(1.,0.));
#110 = ( GEOMETRIC_REPRESENTATION_CONTEXT(2) 
PARAMETRIC_REPRESENTATION_CONTEXT() REPRESENTATION_CONTEXT('2D SPACE',''
  ) );
#111 = ORIENTED_EDGE('',*,*,#112,.F.);
#112 = EDGE_CURVE('',#24,#85,#113,.T.);
#113 = SURFACE_CURVE('',#114,(#118,#125),.PCURVE_S1.);
#114 = LINE('',#115,#116);
#115 = CARTESIAN_POINT('',(50.,-17.,0.));
#116 = VECTOR('',#117,1.);
#117 = DIRECTION('',(0.,0.,1.));
#118 = PCURVE('',#32,#119);
#119 = DEFINITIONAL_REPRESENTATION('',(#120),#124);
#120 = LINE('',#121,#122);
#121 = CARTESIAN_POINT('',(50.,0.));
#122 = VECTOR('',#123,1.);
#123 = DIRECTION('',(0.,-1.));
#124 = ( GEOMETRIC_REPRESENTATION_CONTEXT(2) 
PARAMETRIC_REPRESENTATION_CONTEXT() REPRESENTATION_CONTEXT('2D SPACE',''
  ) );
#125 = PCURVE('',#126,#131);
#126 = CYLINDRICAL_SURFACE('',#127,8.);
#127 = AXIS2_PLACEMENT_3D('',#128,#129,#130);
#128 = CARTESIAN_POINT('',(50.,-9.,0.));
#129 = DIRECTION('',(0.,0.,1.));
#130 = DIRECTION('',(0.,-1.,0.));
#131 = DEFINITIONAL_REPRESENTATION('',(#132),#136);
#132 = LINE('',#133,#134);
#133 = CARTESIAN_POINT('',(0.,0.));
#134 = VECTOR('',#135,1.);
#135 = DIRECTION('',(0.,1.));
#136 = ( GEOMETRIC_REPRESENTATION_CONTEXT(2) 
PARAMETRIC_REPRESENTATION_CONTEXT() REPRESENTATION_CONTEXT('2D SPACE',''
  ) );
#137 = ADVANCED_FACE('',(#138),#126,.T.);
#138 = FACE_BOUND('',#139,.T.);
#139 = EDGE_LOOP('',(#140,#164,#192,#214));
#140 = ORIENTED_EDGE('',*,*,#141,.T.);
#141 = EDGE_CURVE('',#24,#142,#144,.T.);
#142 = VERTEX_POINT('',#143);
#143 = CARTESIAN_POINT('',(58.,-9.,0.));
#144 = SURFACE_CURVE('',#145,(#150,#157),.PCURVE_S1.);
#145 = CIRCLE('',#146,8.);
#146 = AXIS2_PLACEMENT_3D('',#147,#148,#149);
#147 = CARTESIAN_POINT('',(50.,-9.,0.));
#148 = DIRECTION('',(0.,0.,1.));
#149 = DIRECTION('',(0.,-1.,0.));
#150 = PCURVE('',#126,#151);
#151 = DEFINITIONAL_REPRESENTATION('',(#152),#156);
#152 = LINE('',#153,#154);
#153 = CARTESIAN_POINT('',(0.,0.));
#154 = VECTOR('',#155,1.);
#155 = DIRECTION('',(1.,0.));
#156 = ( GEOMETRIC_REPRESENTATION_CONTEXT(2) 
PARAMETRIC_REPRESENTATION_CONTEXT() REPRESENTATION_CONTEXT('2D SPACE',''
  ) );
#157 = PCURVE('',#44,#158);
#158 = DEFINITIONAL_REPRESENTATION('',(#159),#163);
#159 = CIRCLE('',#160,8.);
#160 = AXIS2_PLACEMENT_2D('',#161,#162);
#161 = CARTESIAN_POINT('',(21.,-9.));
#162 = DIRECTION('',(0.,-1.));
#163 = ( GEOMETRIC_REPRESENTATION_CONTEXT(2) 
PARAMETRIC_REPRESENTATION_CONTEXT() REPRESENTATION_CONTEXT('2D SPACE',''
  ) );
#164 = ORIENTED_EDGE('',*,*,#165,.T.);
#165 = EDGE_CURVE('',#142,#166,#168,.T.);
#166 = VERTEX_POINT('',#167);
#167 = CARTESIAN_POINT('',(58.,-9.,12.));
#168 = SURFACE_CURVE('',#169,(#173,#180),.PCURVE_S1.);
#169 = LINE('',#170,#171);
#170 = CARTESIAN_POINT('',(58.,-9.,0.));
#171 = VECTOR('',#172,1.);
#172 = DIRECTION('',(0.,0.,1.));
#173 = PCURVE('',#126,#174);
#174 = DEFINITIONAL_REPRESENTATION('',(#175),#179);
#175 = LINE('',#176,#177);
#176 = CARTESIAN_POINT('',(1.570796326795,0.));
#177 = VECTOR('',#178,1.);
#178 = DIRECTION('',(0.,1.));
#179 = ( GEOMETRIC_REPRESENTATION_CONTEXT(2) 
PARAMETRIC_REPRESENTATION_CONTEXT() REPRESENTATION_CONTEXT('2D SPACE',''
  ) );
#180 = PCURVE('',#181,#186);
#181 = PLANE('',#182);
#182 = AXIS2_PLACEMENT_3D('',#183,#184,#185);
#183 = CARTESIAN_POINT('',(58.,-17.,0.));
#184 = DIRECTION('',(-1.,0.,0.));
#185 = DIRECTION('',(0.,1.,0.));
#186 = DEFINITIONAL_REPRESENTATION('',(#187),#191);
#187 = LINE('',#188,#189);
#188 = CARTESIAN_POINT('',(8.,0.));
#189 = VECTOR('',#190,1.);
#190 = DIRECTION('',(0.,-1.));
#191 = ( GEOMETRIC_REPRESENTATION_CONTEXT(2) 
PARAMETRIC_REPRESENTATION_CONTEXT() REPRESENTATION_CONTEXT('2D SPACE',''
  ) );
#192 = ORIENTED_EDGE('',*,*,#193,.F.);
#193 = EDGE_CURVE('',#85,#166,#194,.T.);
#194 = SURFACE_CURVE('',#195,(#200,#207),.PCURVE_S1.);
#195 = CIRCLE('',#196,8.);
#196 = AXIS2_PLACEMENT_3D('',#197,#198,#199);
#197 = CARTESIAN_POINT('',(50.,-9.,12.));
#198 = DIRECTION('',(0.,0.,1.));
#199 = DIRECTION('',(0.,-1.,0.));
#200 = PCURVE('',#126,#201);
#201 = DEFINITIONAL_REPRESENTATION('',(#202),#206);
#202 = LINE('',#203,#204);
#203 = CARTESIAN_POINT('',(0.,12.));
#204 = VECTOR('',#205,1.);
#205 = DIRECTION('',(1.,0.));
#206 = ( GEOMETRIC_REPRESENTATION_CONTEXT(2) 
PARAMETRIC_REPRESENTATION_CONTEXT() REPRESENTATION_CONTEXT('2D SPACE',''
  ) );
#207 = PCURVE('',#100,#208);
#208 = DEFINITIONAL_REPRESENTATION('',(#209),#213);
#209 = CIRCLE('',#210,8.);
#210 = AXIS2_PLACEMENT_2D('',#211,#212);
#211 = CARTESIAN_POINT('',(21.,-9.));
#212 = DIRECTION('',(0.,-1.));
#213 = ( GEOMETRIC_REPRESENTATION_CONTEXT(2) 
PARAMETRIC_REPRESENTATION_CONTEXT() REPRESENTATION_CONTEXT('2D SPACE',''
  ) );
#214 = ORIENTED_EDGE('',*,*,#112,.F.);
#215 = ADVANCED_FACE('',(#216),#181,.F.);
#216 = FACE_BOUND('',#217,.F.);
#217 = EDGE_LOOP('',(#218,#241,#242,#265));
#218 = ORIENTED_EDGE('',*,*,#219,.F.);
#219 = EDGE_CURVE('',#142,#220,#222,.T.);
#220 = VERTEX_POINT('',#221);
#221 = CARTESIAN_POINT('',(58.,9.,0.));
#222 = SURFACE_CURVE('',#223,(#227,#234),.PCURVE_S1.);
#223 = LINE('',#224,#225);
#224 = CARTESIAN_POINT('',(58.,-17.,0.));
#225 = VECTOR('',#226,1.);
#226 = DIRECTION('',(0.,1.,0.));
#227 = PCURVE('',#181,#228);
#228 = DEFINITIONAL_REPRESENTATION('',(#229),#233);
#229 = LINE('',#230,#231);
#230 = CARTESIAN_POINT('',(0.,0.));
#231 = VECTOR('',#232,1.);
#232 = DIRECTION('',(1.,0.));
#233 = ( GEOMETRIC_REPRESENTATION_CONTEXT(2) 
PARAMETRIC_REPRESENTATION_CONTEXT() REPRESENTATION_CONTEXT('2D SPACE',''
  ) );
#234 = PCURVE('',#44,#235);
#235 = DEFINITIONAL_REPRESENTATION('',(#236),#240);
#236 = LINE('',#237,#238);
#237 = CARTESIAN_POINT('',(29.,-17.));
#238 = VECTOR('',#239,1.);
#239 = DIRECTION('',(0.,1.));
#240 = ( GEOMETRIC_REPRESENTATION_CONTEXT(2) 
PARAMETRIC_REPRESENTATION_CONTEXT() REPRESENTATION_CONTEXT('2D SPACE',''
  ) );
#241 = ORIENTED_EDGE('',*,*,#165,.T.);
#242 = ORIENTED_EDGE('',*,*,#243,.T.);
#243 = EDGE_CURVE('',#166,#244,#246,.T.);
#244 = VERTEX_POINT('',#245);
#245 = CARTESIAN_POINT('',(58.,9.,12.));
#246 = SURFACE_CURVE('',#247,(#251,#258),.PCURVE_S1.);
#247 = LINE('',#248,#249);
#248 = CARTESIAN_POINT('',(58.,-17.,12.));
#249 = VECTOR('',#250,1.);
#250 = DIRECTION('',(0.,1.,0.));
#251 = PCURVE('',#181,#252);
#252 = DEFINITIONAL_REPRESENTATION('',(#253),#257);
#253 = LINE('',#254,#255);
#254 = CARTESIAN_POINT('',(0.,-12.));
#255 = VECTOR('',#256,1.);
#256 = DIRECTION('',(1.,0.));
#257 = ( GEOMETRIC_REPRESENTATION_CONTEXT(2) 
PARAMETRIC_REPRESENTATION_CONTEXT() REPRESENTATION_CONTEXT('2D SPACE',''
  ) );
#258 = PCURVE('',#100,#259);
#259 = DEFINITIONAL_REPRESENTATION('',(#260),#264);
#260 = LINE('',#261,#262);
#261 = CARTESIAN_POINT('',(29.,-17.));
#262 = VECTOR('',#263,1.);
#263 = DIRECTION('',(0.,1.));
#264 = ( GEOMETRIC_REPRESENTATION_CONTEXT(2) 
PARAMETRIC_REPRESENTATION_CONTEXT() REPRESENTATION_CONTEXT('2D SPACE',''
  ) );
#265 = ORIENTED_EDGE('',*,*,#266,.F.);
#266 = EDGE_CURVE('',#220,#244,#267,.T.);
#267 = SURFACE_CURVE('',#268,(#272,#279),.PCURVE_S1.);
#268 = LINE('',#269,#270);
#269 = CARTESIAN_POINT('',(58.,9.,0.));
#270 = VECTOR('',#271,1.);
#271 = DIRECTION('',(0.,0.,1.));
#272 = PCURVE('',#181,#273);
#273 = DEFINITIONAL_REPRESENTATION('',(#274),#278);
#274 = LINE('',#275,#276);
#275 = CARTESIAN_POINT('',(26.,0.));
#276 = VECTOR('',#277,1.);
#277 = DIRECTION('',(0.,-1.));
#278 = ( GEOMETRIC_REPRESENTATION_CONTEXT(2) 
PARAMETRIC_REPRESENTATION_CONTEXT() REPRESENTATION_CONTEXT('2D SPACE',''
  ) );
#279 = PCURVE('',#280,#285);
#280 = CYLINDRICAL_SURFACE('',#281,8.);
#281 = AXIS2_PLACEMENT_3D('',#282,#283,#284);
#282 = CARTESIAN_POINT('',(50.,9.,0.));
#283 = DIRECTION('',(0.,0.,1.));
#284 = DIRECTION('',(1.,0.,-0.));
#285 = DEFINITIONAL_REPRESENTATION('',(#286),#290);
#286 = LINE('',#287,#288);
#287 = CARTESIAN_POINT('',(0.,0.));
#288 = VECTOR('',#289,1.);
#289 = DIRECTION('',(0.,1.));
#290 = ( GEOMETRIC_REPRESENTATION_CONTEXT(2) 
PARAMETRIC_REPRESENTATION_CONTEXT() REPRESENTATION_CONTEXT('2D SPACE',''
  ) );
#291 = ADVANCED_FACE('',(#292),#280,.T.);
#292 = FACE_BOUND('',#293,.T.);
#293 = EDGE_LOOP('',(#294,#318,#346,#368));
#294 = ORIENTED_EDGE('',*,*,#295,.T.);
#295 = EDGE_CURVE('',#220,#296,#298,.T.);
#296 = VERTEX_POINT('',#297);
#297 = CARTESIAN_POINT('',(50.,17.,0.));
#298 = SURFACE_CURVE('',#299,(#304,#311),.PCURVE_S1.);
#299 = CIRCLE('',#300,8.);
#300 = AXIS2_PLACEMENT_3D('',#301,#302,#303);
#301 = CARTESIAN_POINT('',(50.,9.,0.));
#302 = DIRECTION('',(0.,0.,1.));
#303 = DIRECTION('',(0.,-1.,0.));
#304 = PCURVE('',#280,#305);
#305 = DEFINITIONAL_REPRESENTATION('',(#306),#310);
#306 = LINE('',#307,#308);
#307 = CARTESIAN_POINT('',(-1.570796326795,0.));
#308 = VECTOR('',#309,1.);
#309 = DIRECTION('',(1.,0.));
#310 = ( GEOMETRIC_REPRESENTATION_CONTEXT(2) 
PARAMETRIC_REPRESENTATION_CONTEXT() REPRESENTATION_CONTEXT('2D SPACE',''
  ) );
#311 = PCURVE('',#44,#312);
#312 = DEFINITIONAL_REPRESENTATION('',(#313),#317);
#313 = CIRCLE('',#314,8.);
#314 = AXIS2_PLACEMENT_2D('',#315,#316);
#315 = CARTESIAN_POINT('',(21.,9.));
#316 = DIRECTION('',(0.,-1.));
#317 = ( GEOMETRIC_REPRESENTATION_CONTEXT(2) 
PARAMETRIC_REPRESENTATION_CONTEXT() REPRESENTATION_CONTEXT('2D SPACE',''
  ) );
#318 = ORIENTED_EDGE('',*,*,#319,.T.);
#319 = EDGE_CURVE('',#296,#320,#322,.T.);
#320 = VERTEX_POINT('',#321);
#321 = CARTESIAN_POINT('',(50.,17.,12.));
#322 = SURFACE_CURVE('',#323,(#327,#334),.PCURVE_S1.);
#323 = LINE('',#324,#325);
#324 = CARTESIAN_POINT('',(50.,17.,0.));
#325 = VECTOR('',#326,1.);
#326 = DIRECTION('',(0.,0.,1.));
#327 = PCURVE('',#280,#328);
#328 = DEFINITIONAL_REPRESENTATION('',(#329),#333);
#329 = LINE('',#330,#331);
#330 = CARTESIAN_POINT('',(1.570796326795,0.));
#331 = VECTOR('',#332,1.);
#332 = DIRECTION('',(0.,1.));
#333 = ( GEOMETRIC_REPRESENTATION_CONTEXT(2) 
PARAMETRIC_REPRESENTATION_CONTEXT() REPRESENTATION_CONTEXT('2D SPACE',''
  ) );
#334 = PCURVE('',#335,#340);
#335 = PLANE('',#336);
#336 = AXIS2_PLACEMENT_3D('',#337,#338,#339);
#337 = CARTESIAN_POINT('',(58.,17.,0.));
#338 = DIRECTION('',(0.,-1.,0.));
#339 = DIRECTION('',(-1.,0.,0.));
#340 = DEFINITIONAL_REPRESENTATION('',(#341),#345);
#341 = LINE('',#342,#343);
#342 = CARTESIAN_POINT('',(8.,0.));
#343 = VECTOR('',#344,1.);
#344 = DIRECTION('',(0.,-1.));
#345 = ( GEOMETRIC_REPRESENTATION_CONTEXT(2) 
PARAMETRIC_REPRESENTATION_CONTEXT() REPRESENTATION_CONTEXT('2D SPACE',''
  ) );
#346 = ORIENTED_EDGE('',*,*,#347,.F.);
#347 = EDGE_CURVE('',#244,#320,#348,.T.);
#348 = SURFACE_CURVE('',#349,(#354,#361),.PCURVE_S1.);
#349 = CIRCLE('',#350,8.);
#350 = AXIS2_PLACEMENT_3D('',#351,#352,#353);
#351 = CARTESIAN_POINT('',(50.,9.,12.));
#352 = DIRECTION('',(0.,0.,1.));
#353 = DIRECTION('',(0.,-1.,0.));
#354 = PCURVE('',#280,#355);
#355 = DEFINITIONAL_REPRESENTATION('',(#356),#360);
#356 = LINE('',#357,#358);
#357 = CARTESIAN_POINT('',(-1.570796326795,12.));
#358 = VECTOR('',#359,1.);
#359 = DIRECTION('',(1.,0.));
#360 = ( GEOMETRIC_REPRESENTATION_CONTEXT(2) 
PARAMETRIC_REPRESENTATION_CONTEXT() REPRESENTATION_CONTEXT('2D SPACE',''
  ) );
#361 = PCURVE('',#100,#362);
#362 = DEFINITIONAL_REPRESENTATION('',(#363),#367);
#363 = CIRCLE('',#364,8.);
#364 = AXIS2_PLACEMENT_2D('',#365,#366);
#365 = CARTESIAN_POINT('',(21.,9.));
#366 = DIRECTION('',(0.,-1.));
#367 = ( GEOMETRIC_REPRESENTATION_CONTEXT(2) 
PARAMETRIC_REPRESENTATION_CONTEXT() REPRESENTATION_CONTEXT('2D SPACE',''
  ) );
#368 = ORIENTED_EDGE('',*,*,#266,.F.);
#369 = ADVANCED_FACE('',(#370),#335,.F.);
#370 = FACE_BOUND('',#371,.F.);
#371 = EDGE_LOOP('',(#372,#395,#396,#419));
#372 = ORIENTED_EDGE('',*,*,#373,.F.);
#373 = EDGE_CURVE('',#296,#374,#376,.T.);
#374 = VERTEX_POINT('',#375);
#375 = CARTESIAN_POINT('',(8.,17.,0.));
#376 = SURFACE_CURVE('',#377,(#381,#388),.PCURVE_S1.);
#377 = LINE('',#378,#379);
#378 = CARTESIAN_POINT('',(58.,17.,0.));
#379 = VECTOR('',#380,1.);
#380 = DIRECTION('',(-1.,0.,0.));
#381 = PCURVE('',#335,#382);
#382 = DEFINITIONAL_REPRESENTATION('',(#383),#387);
#383 = LINE('',#384,#385);
#384 = CARTESIAN_POINT('',(0.,-0.));
#385 = VECTOR('',#386,1.);
#386 = DIRECTION('',(1.,0.));
#387 = ( GEOMETRIC_REPRESENTATION_CONTEXT(2) 
PARAMETRIC_REPRESENTATION_CONTEXT() REPRESENTATION_CONTEXT('2D SPACE',''
  ) );
#388 = PCURVE('',#44,#389);
#389 = DEFINITIONAL_REPRESENTATION('',(#390),#394);
#390 = LINE('',#391,#392);
#391 = CARTESIAN_POINT('',(29.,17.));
#392 = VECTOR('',#393,1.);
#393 = DIRECTION('',(-1.,0.));
#394 = ( GEOMETRIC_REPRESENTATION_CONTEXT(2) 
PARAMETRIC_REPRESENTATION_CONTEXT() REPRESENTATION_CONTEXT('2D SPACE',''
  ) );
#395 = ORIENTED_EDGE('',*,*,#319,.T.);
#396 = ORIENTED_EDGE('',*,*,#397,.T.);
#397 = EDGE_CURVE('',#320,#398,#400,.T.);
#398 = VERTEX_POINT('',#399);
#399 = CARTESIAN_POINT('',(8.,17.,12.));
#400 = SURFACE_CURVE('',#401,(#405,#412),.PCURVE_S1.);
#401 = LINE('',#402,#403);
#402 = CARTESIAN_POINT('',(58.,17.,12.));
#403 = VECTOR('',#404,1.);
#404 = DIRECTION('',(-1.,0.,0.));
#405 = PCURVE('',#335,#406);
#406 = DEFINITIONAL_REPRESENTATION('',(#407),#411);
#407 = LINE('',#408,#409);
#408 = CARTESIAN_POINT('',(0.,-12.));
#409 = VECTOR('',#410,1.);
#410 = DIRECTION('',(1.,0.));
#411 = ( GEOMETRIC_REPRESENTATION_CONTEXT(2) 
PARAMETRIC_REPRESENTATION_CONTEXT() REPRESENTATION_CONTEXT('2D SPACE',''
  ) );
#412 = PCURVE('',#100,#413);
#413 = DEFINITIONAL_REPRESENTATION('',(#414),#418);
#414 = LINE('',#415,#416);
#415 = CARTESIAN_POINT('',(29.,17.));
#416 = VECTOR('',#417,1.);
#417 = DIRECTION('',(-1.,0.));
#418 = ( GEOMETRIC_REPRESENTATION_CONTEXT(2) 
PARAMETRIC_REPRESENTATION_CONTEXT() REPRESENTATION_CONTEXT('2D SPACE',''
  ) );
#419 = ORIENTED_EDGE('',*,*,#420,.T.);
#420 = EDGE_CURVE('',#398,#374,#421,.T.);
#421 = SURFACE_CURVE('',#422,(#426,#433),.PCURVE_S1.);
#422 = LINE('',#423,#424);
#423 = CARTESIAN_POINT('',(8.,17.,12.));
#424 = VECTOR('',#425,1.);
#425 = DIRECTION('',(0.,0.,-1.));
#426 = PCURVE('',#335,#427);
#427 = DEFINITIONAL_REPRESENTATION('',(#428),#432);
#428 = LINE('',#429,#430);
#429 = CARTESIAN_POINT('',(50.,-12.));
#430 = VECTOR('',#431,1.);
#431 = DIRECTION('',(0.,1.));
#432 = ( GEOMETRIC_REPRESENTATION_CONTEXT(2) 
PARAMETRIC_REPRESENTATION_CONTEXT() REPRESENTATION_CONTEXT('2D SPACE',''
  ) );
#433 = PCURVE('',#434,#439);
#434 = CYLINDRICAL_SURFACE('',#435,8.);
#435 = AXIS2_PLACEMENT_3D('',#436,#437,#438);
#436 = CARTESIAN_POINT('',(8.,9.,0.));
#437 = DIRECTION('',(0.,0.,1.));
#438 = DIRECTION('',(-0.,1.,0.));
#439 = DEFINITIONAL_REPRESENTATION('',(#440),#444);
#440 = LINE('',#441,#442);
#441 = CARTESIAN_POINT('',(0.,12.));
#442 = VECTOR('',#443,1.);
#443 = DIRECTION('',(-0.,-1.));
#444 = ( GEOMETRIC_REPRESENTATION_CONTEXT(2) 
PARAMETRIC_REPRESENTATION_CONTEXT() REPRESENTATION_CONTEXT('2D SPACE',''
  ) );
#445 = ADVANCED_FACE('',(#446),#434,.T.);
#446 = FACE_BOUND('',#447,.T.);
#447 = EDGE_LOOP('',(#448,#472,#500,#522));
#448 = ORIENTED_EDGE('',*,*,#449,.T.);
#449 = EDGE_CURVE('',#374,#450,#452,.T.);
#450 = VERTEX_POINT('',#451);
#451 = CARTESIAN_POINT('',(0.,9.,0.));
#452 = SURFACE_CURVE('',#453,(#458,#465),.PCURVE_S1.);
#453 = CIRCLE('',#454,8.);
#454 = AXIS2_PLACEMENT_3D('',#455,#456,#457);
#455 = CARTESIAN_POINT('',(8.,9.,0.));
#456 = DIRECTION('',(0.,0.,1.));
#457 = DIRECTION('',(0.,-1.,0.));
#458 = PCURVE('',#434,#459);
#459 = DEFINITIONAL_REPRESENTATION('',(#460),#464);
#460 = LINE('',#461,#462);
#461 = CARTESIAN_POINT('',(-3.14159265359,0.));
#462 = VECTOR('',#463,1.);
#463 = DIRECTION('',(1.,0.));
#464 = ( GEOMETRIC_REPRESENTATION_CONTEXT(2) 
PARAMETRIC_REPRESENTATION_CONTEXT() REPRESENTATION_CONTEXT('2D SPACE',''
  ) );
#465 = PCURVE('',#44,#466);
#466 = DEFINITIONAL_REPRESENTATION('',(#467),#471);
#467 = CIRCLE('',#468,8.);
#468 = AXIS2_PLACEMENT_2D('',#469,#470);
#469 = CARTESIAN_POINT('',(-21.,9.));
#470 = DIRECTION('',(0.,-1.));
#471 = ( GEOMETRIC_REPRESENTATION_CONTEXT(2) 
PARAMETRIC_REPRESENTATION_CONTEXT() REPRESENTATION_CONTEXT('2D SPACE',''
  ) );
#472 = ORIENTED_EDGE('',*,*,#473,.F.);
#473 = EDGE_CURVE('',#474,#450,#476,.T.);
#474 = VERTEX_POINT('',#475);
#475 = CARTESIAN_POINT('',(0.,9.,12.));
#476 = SURFACE_CURVE('',#477,(#481,#488),.PCURVE_S1.);
#477 = LINE('',#478,#479);
#478 = CARTESIAN_POINT('',(0.,9.,12.));
#479 = VECTOR('',#480,1.);
#480 = DIRECTION('',(0.,0.,-1.));
#481 = PCURVE('',#434,#482);
#482 = DEFINITIONAL_REPRESENTATION('',(#483),#487);
#483 = LINE('',#484,#485);
#484 = CARTESIAN_POINT('',(1.570796326795,12.));
#485 = VECTOR('',#486,1.);
#486 = DIRECTION('',(-0.,-1.));
#487 = ( GEOMETRIC_REPRESENTATION_CONTEXT(2) 
PARAMETRIC_REPRESENTATION_CONTEXT() REPRESENTATION_CONTEXT('2D SPACE',''
  ) );
#488 = PCURVE('',#489,#494);
#489 = PLANE('',#490);
#490 = AXIS2_PLACEMENT_3D('',#491,#492,#493);
#491 = CARTESIAN_POINT('',(0.,17.,0.));
#492 = DIRECTION('',(1.,0.,-0.));
#493 = DIRECTION('',(0.,-1.,0.));
#494 = DEFINITIONAL_REPRESENTATION('',(#495),#499);
#495 = LINE('',#496,#497);
#496 = CARTESIAN_POINT('',(8.,-12.));
#497 = VECTOR('',#498,1.);
#498 = DIRECTION('',(0.,1.));
#499 = ( GEOMETRIC_REPRESENTATION_CONTEXT(2) 
PARAMETRIC_REPRESENTATION_CONTEXT() REPRESENTATION_CONTEXT('2D SPACE',''
  ) );
#500 = ORIENTED_EDGE('',*,*,#501,.F.);
#501 = EDGE_CURVE('',#398,#474,#502,.T.);
#502 = SURFACE_CURVE('',#503,(#508,#515),.PCURVE_S1.);
#503 = CIRCLE('',#504,8.);
#504 = AXIS2_PLACEMENT_3D('',#505,#506,#507);
#505 = CARTESIAN_POINT('',(8.,9.,12.));
#506 = DIRECTION('',(0.,0.,1.));
#507 = DIRECTION('',(0.,-1.,0.));
#508 = PCURVE('',#434,#509);
#509 = DEFINITIONAL_REPRESENTATION('',(#510),#514);
#510 = LINE('',#511,#512);
#511 = CARTESIAN_POINT('',(-3.14159265359,12.));
#512 = VECTOR('',#513,1.);
#513 = DIRECTION('',(1.,0.));
#514 = ( GEOMETRIC_REPRESENTATION_CONTEXT(2) 
PARAMETRIC_REPRESENTATION_CONTEXT() REPRESENTATION_CONTEXT('2D SPACE',''
  ) );
#515 = PCURVE('',#100,#516);
#516 = DEFINITIONAL_REPRESENTATION('',(#517),#521);
#517 = CIRCLE('',#518,8.);
#518 = AXIS2_PLACEMENT_2D('',#519,#520);
#519 = CARTESIAN_POINT('',(-21.,9.));
#520 = DIRECTION('',(0.,-1.));
#521 = ( GEOMETRIC_REPRESENTATION_CONTEXT(2) 
PARAMETRIC_REPRESENTATION_CONTEXT() REPRESENTATION_CONTEXT('2D SPACE',''
  ) );
#522 = ORIENTED_EDGE('',*,*,#420,.T.);
#523 = ADVANCED_FACE('',(#524,#594),#489,.F.);
#524 = FACE_BOUND('',#525,.F.);
#525 = EDGE_LOOP('',(#526,#549,#550,#573));
#526 = ORIENTED_EDGE('',*,*,#527,.F.);
#527 = EDGE_CURVE('',#450,#528,#530,.T.);
#528 = VERTEX_POINT('',#529);
#529 = CARTESIAN_POINT('',(0.,-9.,0.));
#530 = SURFACE_CURVE('',#531,(#535,#542),.PCURVE_S1.);
#531 = LINE('',#532,#533);
#532 = CARTESIAN_POINT('',(0.,17.,0.));
#533 = VECTOR('',#534,1.);
#534 = DIRECTION('',(0.,-1.,0.));
#535 = PCURVE('',#489,#536);
#536 = DEFINITIONAL_REPRESENTATION('',(#537),#541);
#537 = LINE('',#538,#539);
#538 = CARTESIAN_POINT('',(0.,0.));
#539 = VECTOR('',#540,1.);
#540 = DIRECTION('',(1.,0.));
#541 = ( GEOMETRIC_REPRESENTATION_CONTEXT(2) 
PARAMETRIC_REPRESENTATION_CONTEXT() REPRESENTATION_CONTEXT('2D SPACE',''
  ) );
#542 = PCURVE('',#44,#543);
#543 = DEFINITIONAL_REPRESENTATION('',(#544),#548);
#544 = LINE('',#545,#546);
#545 = CARTESIAN_POINT('',(-29.,17.));
#546 = VECTOR('',#547,1.);
#547 = DIRECTION('',(0.,-1.));
#548 = ( GEOMETRIC_REPRESENTATION_CONTEXT(2) 
PARAMETRIC_REPRESENTATION_CONTEXT() REPRESENTATION_CONTEXT('2D SPACE',''
  ) );
#549 = ORIENTED_EDGE('',*,*,#473,.F.);
#550 = ORIENTED_EDGE('',*,*,#551,.T.);
#551 = EDGE_CURVE('',#474,#552,#554,.T.);
#552 = VERTEX_POINT('',#553);
#553 = CARTESIAN_POINT('',(0.,-9.,12.));
#554 = SURFACE_CURVE('',#555,(#559,#566),.PCURVE_S1.);
#555 = LINE('',#556,#557);
#556 = CARTESIAN_POINT('',(0.,17.,12.));
#557 = VECTOR('',#558,1.);
#558 = DIRECTION('',(0.,-1.,0.));
#559 = PCURVE('',#489,#560);
#560 = DEFINITIONAL_REPRESENTATION('',(#561),#565);
#561 = LINE('',#562,#563);
#562 = CARTESIAN_POINT('',(0.,-12.));
#563 = VECTOR('',#564,1.);
#564 = DIRECTION('',(1.,0.));
#565 = ( GEOMETRIC_REPRESENTATION_CONTEXT(2) 
PARAMETRIC_REPRESENTATION_CONTEXT() REPRESENTATION_CONTEXT('2D SPACE',''
  ) );
#566 = PCURVE('',#100,#567);
#567 = DEFINITIONAL_REPRESENTATION('',(#568),#572);
#568 = LINE('',#569,#570);
#569 = CARTESIAN_POINT('',(-29.,17.));
#570 = VECTOR('',#571,1.);
#571 = DIRECTION('',(0.,-1.));
#572 = ( GEOMETRIC_REPRESENTATION_CONTEXT(2) 
PARAMETRIC_REPRESENTATION_CONTEXT() REPRESENTATION_CONTEXT('2D SPACE',''
  ) );
#573 = ORIENTED_EDGE('',*,*,#574,.T.);
#574 = EDGE_CURVE('',#552,#528,#575,.T.);
#575 = SURFACE_CURVE('',#576,(#580,#587),.PCURVE_S1.);
#576 = LINE('',#577,#578);
#577 = CARTESIAN_POINT('',(0.,-9.,12.));
#578 = VECTOR('',#579,1.);
#579 = DIRECTION('',(0.,0.,-1.));
#580 = PCURVE('',#489,#581);
#581 = DEFINITIONAL_REPRESENTATION('',(#582),#586);
#582 = LINE('',#583,#584);
#583 = CARTESIAN_POINT('',(26.,-12.));
#584 = VECTOR('',#585,1.);
#585 = DIRECTION('',(0.,1.));
#586 = ( GEOMETRIC_REPRESENTATION_CONTEXT(2) 
PARAMETRIC_REPRESENTATION_CONTEXT() REPRESENTATION_CONTEXT('2D SPACE',''
  ) );
#587 = PCURVE('',#72,#588);
#588 = DEFINITIONAL_REPRESENTATION('',(#589),#593);
#589 = LINE('',#590,#591);
#590 = CARTESIAN_POINT('',(-1.570796326795,12.));
#591 = VECTOR('',#592,1.);
#592 = DIRECTION('',(-0.,-1.));
#593 = ( GEOMETRIC_REPRESENTATION_CONTEXT(2) 
PARAMETRIC_REPRESENTATION_CONTEXT() REPRESENTATION_CONTEXT('2D SPACE',''
  ) );
#594 = FACE_BOUND('',#595,.F.);
#595 = EDGE_LOOP('',(#596,#625,#652,#679));
#596 = ORIENTED_EDGE('',*,*,#597,.T.);
#597 = EDGE_CURVE('',#598,#600,#602,.T.);
#598 = VERTEX_POINT('',#599);
#599 = CARTESIAN_POINT('',(0.,5.,3.8));
#600 = VERTEX_POINT('',#601);
#601 = CARTESIAN_POINT('',(0.,-5.,3.8));
#602 = SURFACE_CURVE('',#603,(#607,#614),.PCURVE_S1.);
#603 = LINE('',#604,#605);
#604 = CARTESIAN_POINT('',(0.,6.,3.8));
#605 = VECTOR('',#606,1.);
#606 = DIRECTION('',(0.,-1.,0.));
#607 = PCURVE('',#489,#608);
#608 = DEFINITIONAL_REPRESENTATION('',(#609),#613);
#609 = LINE('',#610,#611);
#610 = CARTESIAN_POINT('',(11.,-3.8));
#611 = VECTOR('',#612,1.);
#612 = DIRECTION('',(1.,0.));
#613 = ( GEOMETRIC_REPRESENTATION_CONTEXT(2) 
PARAMETRIC_REPRESENTATION_CONTEXT() REPRESENTATION_CONTEXT('2D SPACE',''
  ) );
#614 = PCURVE('',#615,#620);
#615 = PLANE('',#616);
#616 = AXIS2_PLACEMENT_3D('',#617,#618,#619);
#617 = CARTESIAN_POINT('',(-2.E-02,-5.,3.8));
#618 = DIRECTION('',(0.,0.,1.));
#619 = DIRECTION('',(1.,0.,0.));
#620 = DEFINITIONAL_REPRESENTATION('',(#621),#624);
#621 = B_SPLINE_CURVE_WITH_KNOTS('',1,(#622,#623),.UNSPECIFIED.,.F.,.F.,
  (2,2),(1.,11.),.PIECEWISE_BEZIER_KNOTS.);
#622 = CARTESIAN_POINT('',(2.E-02,10.));
#623 = CARTESIAN_POINT('',(2.E-02,0.));
#624 = ( GEOMETRIC_REPRESENTATION_CONTEXT(2) 
PARAMETRIC_REPRESENTATION_CONTEXT() REPRESENTATION_CONTEXT('2D SPACE',''
  ) );
#625 = ORIENTED_EDGE('',*,*,#626,.T.);
#626 = EDGE_CURVE('',#600,#627,#629,.T.);
#627 = VERTEX_POINT('',#628);
#628 = CARTESIAN_POINT('',(0.,-5.,6.6));
#629 = SURFACE_CURVE('',#630,(#634,#641),.PCURVE_S1.);
#630 = LINE('',#631,#632);
#631 = CARTESIAN_POINT('',(0.,-5.,1.9));
#632 = VECTOR('',#633,1.);
#633 = DIRECTION('',(0.,-0.,1.));
#634 = PCURVE('',#489,#635);
#635 = DEFINITIONAL_REPRESENTATION('',(#636),#640);
#636 = LINE('',#637,#638);
#637 = CARTESIAN_POINT('',(22.,-1.9));
#638 = VECTOR('',#639,1.);
#639 = DIRECTION('',(0.,-1.));
#640 = ( GEOMETRIC_REPRESENTATION_CONTEXT(2) 
PARAMETRIC_REPRESENTATION_CONTEXT() REPRESENTATION_CONTEXT('2D SPACE',''
  ) );
#641 = PCURVE('',#642,#647);
#642 = PLANE('',#643);
#643 = AXIS2_PLACEMENT_3D('',#644,#645,#646);
#644 = CARTESIAN_POINT('',(-2.E-02,-5.,3.8));
#645 = DIRECTION('',(0.,1.,0.));
#646 = DIRECTION('',(0.,0.,1.));
#647 = DEFINITIONAL_REPRESENTATION('',(#648),#651);
#648 = B_SPLINE_CURVE_WITH_KNOTS('',1,(#649,#650),.UNSPECIFIED.,.F.,.F.,
  (2,2),(1.9,4.7),.PIECEWISE_BEZIER_KNOTS.);
#649 = CARTESIAN_POINT('',(0.,2.E-02));
#650 = CARTESIAN_POINT('',(2.8,2.E-02));
#651 = ( GEOMETRIC_REPRESENTATION_CONTEXT(2) 
PARAMETRIC_REPRESENTATION_CONTEXT() REPRESENTATION_CONTEXT('2D SPACE',''
  ) );
#652 = ORIENTED_EDGE('',*,*,#653,.F.);
#653 = EDGE_CURVE('',#654,#627,#656,.T.);
#654 = VERTEX_POINT('',#655);
#655 = CARTESIAN_POINT('',(0.,5.,6.6));
#656 = SURFACE_CURVE('',#657,(#661,#668),.PCURVE_S1.);
#657 = LINE('',#658,#659);
#658 = CARTESIAN_POINT('',(0.,6.,6.6));
#659 = VECTOR('',#660,1.);
#660 = DIRECTION('',(0.,-1.,0.));
#661 = PCURVE('',#489,#662);
#662 = DEFINITIONAL_REPRESENTATION('',(#663),#667);
#663 = LINE('',#664,#665);
#664 = CARTESIAN_POINT('',(11.,-6.6));
#665 = VECTOR('',#666,1.);
#666 = DIRECTION('',(1.,0.));
#667 = ( GEOMETRIC_REPRESENTATION_CONTEXT(2) 
PARAMETRIC_REPRESENTATION_CONTEXT() REPRESENTATION_CONTEXT('2D SPACE',''
  ) );
#668 = PCURVE('',#669,#674);
#669 = PLANE('',#670);
#670 = AXIS2_PLACEMENT_3D('',#671,#672,#673);
#671 = CARTESIAN_POINT('',(-2.E-02,-5.,6.6));
#672 = DIRECTION('',(0.,0.,1.));
#673 = DIRECTION('',(1.,0.,0.));
#674 = DEFINITIONAL_REPRESENTATION('',(#675),#678);
#675 = B_SPLINE_CURVE_WITH_KNOTS('',1,(#676,#677),.UNSPECIFIED.,.F.,.F.,
  (2,2),(1.,11.),.PIECEWISE_BEZIER_KNOTS.);
#676 = CARTESIAN_POINT('',(2.E-02,10.));
#677 = CARTESIAN_POINT('',(2.E-02,0.));
#678 = ( GEOMETRIC_REPRESENTATION_CONTEXT(2) 
PARAMETRIC_REPRESENTATION_CONTEXT() REPRESENTATION_CONTEXT('2D SPACE',''
  ) );
#679 = ORIENTED_EDGE('',*,*,#680,.F.);
#680 = EDGE_CURVE('',#598,#654,#681,.T.);
#681 = SURFACE_CURVE('',#682,(#686,#693),.PCURVE_S1.);
#682 = LINE('',#683,#684);
#683 = CARTESIAN_POINT('',(0.,5.,1.9));
#684 = VECTOR('',#685,1.);
#685 = DIRECTION('',(0.,-0.,1.));
#686 = PCURVE('',#489,#687);
#687 = DEFINITIONAL_REPRESENTATION('',(#688),#692);
#688 = LINE('',#689,#690);
#689 = CARTESIAN_POINT('',(12.,-1.9));
#690 = VECTOR('',#691,1.);
#691 = DIRECTION('',(0.,-1.));
#692 = ( GEOMETRIC_REPRESENTATION_CONTEXT(2) 
PARAMETRIC_REPRESENTATION_CONTEXT() REPRESENTATION_CONTEXT('2D SPACE',''
  ) );
#693 = PCURVE('',#694,#699);
#694 = PLANE('',#695);
#695 = AXIS2_PLACEMENT_3D('',#696,#697,#698);
#696 = CARTESIAN_POINT('',(-2.E-02,5.,3.8));
#697 = DIRECTION('',(0.,1.,0.));
#698 = DIRECTION('',(0.,0.,1.));
#699 = DEFINITIONAL_REPRESENTATION('',(#700),#703);
#700 = B_SPLINE_CURVE_WITH_KNOTS('',1,(#701,#702),.UNSPECIFIED.,.F.,.F.,
  (2,2),(1.9,4.7),.PIECEWISE_BEZIER_KNOTS.);
#701 = CARTESIAN_POINT('',(0.,2.E-02));
#702 = CARTESIAN_POINT('',(2.8,2.E-02));
#703 = ( GEOMETRIC_REPRESENTATION_CONTEXT(2) 
PARAMETRIC_REPRESENTATION_CONTEXT() REPRESENTATION_CONTEXT('2D SPACE',''
  ) );
#704 = ADVANCED_FACE('',(#705),#694,.F.);
#705 = FACE_BOUND('',#706,.F.);
#706 = EDGE_LOOP('',(#707,#730,#731,#754));
#707 = ORIENTED_EDGE('',*,*,#708,.F.);
#708 = EDGE_CURVE('',#598,#709,#711,.T.);
#709 = VERTEX_POINT('',#710);
#710 = CARTESIAN_POINT('',(15.960942177001,5.,3.8));
#711 = SURFACE_CURVE('',#712,(#716,#723),.PCURVE_S1.);
#712 = LINE('',#713,#714);
#713 = CARTESIAN_POINT('',(-2.E-02,5.,3.8));
#714 = VECTOR('',#715,1.);
#715 = DIRECTION('',(1.,0.,0.));
#716 = PCURVE('',#694,#717);
#717 = DEFINITIONAL_REPRESENTATION('',(#718),#722);
#718 = LINE('',#719,#720);
#719 = CARTESIAN_POINT('',(0.,0.));
#720 = VECTOR('',#721,1.);
#721 = DIRECTION('',(0.,1.));
#722 = ( GEOMETRIC_REPRESENTATION_CONTEXT(2) 
PARAMETRIC_REPRESENTATION_CONTEXT() REPRESENTATION_CONTEXT('2D SPACE',''
  ) );
#723 = PCURVE('',#615,#724);
#724 = DEFINITIONAL_REPRESENTATION('',(#725),#729);
#725 = LINE('',#726,#727);
#726 = CARTESIAN_POINT('',(0.,10.));
#727 = VECTOR('',#728,1.);
#728 = DIRECTION('',(1.,0.));
#729 = ( GEOMETRIC_REPRESENTATION_CONTEXT(2) 
PARAMETRIC_REPRESENTATION_CONTEXT() REPRESENTATION_CONTEXT('2D SPACE',''
  ) );
#730 = ORIENTED_EDGE('',*,*,#680,.T.);
#731 = ORIENTED_EDGE('',*,*,#732,.T.);
#732 = EDGE_CURVE('',#654,#733,#735,.T.);
#733 = VERTEX_POINT('',#734);
#734 = CARTESIAN_POINT('',(15.960942177001,5.,6.6));
#735 = SURFACE_CURVE('',#736,(#740,#747),.PCURVE_S1.);
#736 = LINE('',#737,#738);
#737 = CARTESIAN_POINT('',(-2.E-02,5.,6.6));
#738 = VECTOR('',#739,1.);
#739 = DIRECTION('',(1.,0.,0.));
#740 = PCURVE('',#694,#741);
#741 = DEFINITIONAL_REPRESENTATION('',(#742),#746);
#742 = LINE('',#743,#744);
#743 = CARTESIAN_POINT('',(2.8,0.));
#744 = VECTOR('',#745,1.);
#745 = DIRECTION('',(0.,1.));
#746 = ( GEOMETRIC_REPRESENTATION_CONTEXT(2) 
PARAMETRIC_REPRESENTATION_CONTEXT() REPRESENTATION_CONTEXT('2D SPACE',''
  ) );
#747 = PCURVE('',#669,#748);
#748 = DEFINITIONAL_REPRESENTATION('',(#749),#753);
#749 = LINE('',#750,#751);
#750 = CARTESIAN_POINT('',(0.,10.));
#751 = VECTOR('',#752,1.);
#752 = DIRECTION('',(1.,0.));
#753 = ( GEOMETRIC_REPRESENTATION_CONTEXT(2) 
PARAMETRIC_REPRESENTATION_CONTEXT() REPRESENTATION_CONTEXT('2D SPACE',''
  ) );
#754 = ORIENTED_EDGE('',*,*,#755,.F.);
#755 = EDGE_CURVE('',#709,#733,#756,.T.);
#756 = SURFACE_CURVE('',#757,(#761,#767),.PCURVE_S1.);
#757 = LINE('',#758,#759);
#758 = CARTESIAN_POINT('',(15.960942177001,5.,2.2));
#759 = VECTOR('',#760,1.);
#760 = DIRECTION('',(0.,0.,1.));
#761 = PCURVE('',#694,#762);
#762 = DEFINITIONAL_REPRESENTATION('',(#763),#766);
#763 = B_SPLINE_CURVE_WITH_KNOTS('',1,(#764,#765),.UNSPECIFIED.,.F.,.F.,
  (2,2),(1.32,4.68),.PIECEWISE_BEZIER_KNOTS.);
#764 = CARTESIAN_POINT('',(-0.28,15.980942177001));
#765 = CARTESIAN_POINT('',(3.08,15.980942177001));
#766 = ( GEOMETRIC_REPRESENTATION_CONTEXT(2) 
PARAMETRIC_REPRESENTATION_CONTEXT() REPRESENTATION_CONTEXT('2D SPACE',''
  ) );
#767 = PCURVE('',#768,#773);
#768 = CYLINDRICAL_SURFACE('',#769,13.4);
#769 = AXIS2_PLACEMENT_3D('',#770,#771,#772);
#770 = CARTESIAN_POINT('',(28.75,1.,2.2));
#771 = DIRECTION('',(0.,0.,1.));
#772 = DIRECTION('',(-0.,1.,0.));
#773 = DEFINITIONAL_REPRESENTATION('',(#774),#777);
#774 = B_SPLINE_CURVE_WITH_KNOTS('',1,(#775,#776),.UNSPECIFIED.,.F.,.F.,
  (2,2),(1.32,4.68),.PIECEWISE_BEZIER_KNOTS.);
#775 = CARTESIAN_POINT('',(1.267667892912,1.32));
#776 = CARTESIAN_POINT('',(1.267667892912,4.68));
#777 = ( GEOMETRIC_REPRESENTATION_CONTEXT(2) 
PARAMETRIC_REPRESENTATION_CONTEXT() REPRESENTATION_CONTEXT('2D SPACE',''
  ) );
#778 = ADVANCED_FACE('',(#779),#768,.F.);
#779 = FACE_BOUND('',#780,.F.);
#780 = EDGE_LOOP('',(#781,#811,#840,#868,#890,#891,#915,#943));
#781 = ORIENTED_EDGE('',*,*,#782,.F.);
#782 = EDGE_CURVE('',#783,#785,#787,.T.);
#783 = VERTEX_POINT('',#784);
#784 = CARTESIAN_POINT('',(28.75,14.4,2.2));
#785 = VERTEX_POINT('',#786);
#786 = CARTESIAN_POINT('',(28.75,14.4,7.8));
#787 = SURFACE_CURVE('',#788,(#792,#799),.PCURVE_S1.);
#788 = LINE('',#789,#790);
#789 = CARTESIAN_POINT('',(28.75,14.4,2.2));
#790 = VECTOR('',#791,1.);
#791 = DIRECTION('',(0.,0.,1.));
#792 = PCURVE('',#768,#793);
#793 = DEFINITIONAL_REPRESENTATION('',(#794),#798);
#794 = LINE('',#795,#796);
#795 = CARTESIAN_POINT('',(0.,0.));
#796 = VECTOR('',#797,1.);
#797 = DIRECTION('',(0.,1.));
#798 = ( GEOMETRIC_REPRESENTATION_CONTEXT(2) 
PARAMETRIC_REPRESENTATION_CONTEXT() REPRESENTATION_CONTEXT('2D SPACE',''
  ) );
#799 = PCURVE('',#800,#805);
#800 = PLANE('',#801);
#801 = AXIS2_PLACEMENT_3D('',#802,#803,#804);
#802 = CARTESIAN_POINT('',(47.65,14.4,2.2));
#803 = DIRECTION('',(0.,-1.,0.));
#804 = DIRECTION('',(-1.,0.,0.));
#805 = DEFINITIONAL_REPRESENTATION('',(#806),#810);
#806 = LINE('',#807,#808);
#807 = CARTESIAN_POINT('',(18.9,0.));
#808 = VECTOR('',#809,1.);
#809 = DIRECTION('',(0.,-1.));
#810 = ( GEOMETRIC_REPRESENTATION_CONTEXT(2) 
PARAMETRIC_REPRESENTATION_CONTEXT() REPRESENTATION_CONTEXT('2D SPACE',''
  ) );
#811 = ORIENTED_EDGE('',*,*,#812,.T.);
#812 = EDGE_CURVE('',#783,#813,#815,.T.);
#813 = VERTEX_POINT('',#814);
#814 = CARTESIAN_POINT('',(15.35,1.,2.2));
#815 = SURFACE_CURVE('',#816,(#821,#828),.PCURVE_S1.);
#816 = CIRCLE('',#817,13.4);
#817 = AXIS2_PLACEMENT_3D('',#818,#819,#820);
#818 = CARTESIAN_POINT('',(28.75,1.,2.2));
#819 = DIRECTION('',(0.,0.,1.));
#820 = DIRECTION('',(0.,-1.,0.));
#821 = PCURVE('',#768,#822);
#822 = DEFINITIONAL_REPRESENTATION('',(#823),#827);
#823 = LINE('',#824,#825);
#824 = CARTESIAN_POINT('',(-3.14159265359,0.));
#825 = VECTOR('',#826,1.);
#826 = DIRECTION('',(1.,0.));
#827 = ( GEOMETRIC_REPRESENTATION_CONTEXT(2) 
PARAMETRIC_REPRESENTATION_CONTEXT() REPRESENTATION_CONTEXT('2D SPACE',''
  ) );
#828 = PCURVE('',#829,#834);
#829 = PLANE('',#830);
#830 = AXIS2_PLACEMENT_3D('',#831,#832,#833);
#831 = CARTESIAN_POINT('',(31.5,-4.651670937873E-16,2.2));
#832 = DIRECTION('',(0.,0.,1.));
#833 = DIRECTION('',(1.,0.,-0.));
#834 = DEFINITIONAL_REPRESENTATION('',(#835),#839);
#835 = CIRCLE('',#836,13.4);
#836 = AXIS2_PLACEMENT_2D('',#837,#838);
#837 = CARTESIAN_POINT('',(-2.75,1.));
#838 = DIRECTION('',(0.,-1.));
#839 = ( GEOMETRIC_REPRESENTATION_CONTEXT(2) 
PARAMETRIC_REPRESENTATION_CONTEXT() REPRESENTATION_CONTEXT('2D SPACE',''
  ) );
#840 = ORIENTED_EDGE('',*,*,#841,.T.);
#841 = EDGE_CURVE('',#813,#842,#844,.T.);
#842 = VERTEX_POINT('',#843);
#843 = CARTESIAN_POINT('',(15.35,1.,3.8));
#844 = SURFACE_CURVE('',#845,(#849,#856),.PCURVE_S1.);
#845 = LINE('',#846,#847);
#846 = CARTESIAN_POINT('',(15.35,1.,2.2));
#847 = VECTOR('',#848,1.);
#848 = DIRECTION('',(0.,0.,1.));
#849 = PCURVE('',#768,#850);
#850 = DEFINITIONAL_REPRESENTATION('',(#851),#855);
#851 = LINE('',#852,#853);
#852 = CARTESIAN_POINT('',(1.570796326795,0.));
#853 = VECTOR('',#854,1.);
#854 = DIRECTION('',(0.,1.));
#855 = ( GEOMETRIC_REPRESENTATION_CONTEXT(2) 
PARAMETRIC_REPRESENTATION_CONTEXT() REPRESENTATION_CONTEXT('2D SPACE',''
  ) );
#856 = PCURVE('',#857,#862);
#857 = PLANE('',#858);
#858 = AXIS2_PLACEMENT_3D('',#859,#860,#861);
#859 = CARTESIAN_POINT('',(15.35,14.4,2.2));
#860 = DIRECTION('',(1.,0.,-0.));
#861 = DIRECTION('',(0.,-1.,0.));
#862 = DEFINITIONAL_REPRESENTATION('',(#863),#867);
#863 = LINE('',#864,#865);
#864 = CARTESIAN_POINT('',(13.4,0.));
#865 = VECTOR('',#866,1.);
#866 = DIRECTION('',(0.,-1.));
#867 = ( GEOMETRIC_REPRESENTATION_CONTEXT(2) 
PARAMETRIC_REPRESENTATION_CONTEXT() REPRESENTATION_CONTEXT('2D SPACE',''
  ) );
#868 = ORIENTED_EDGE('',*,*,#869,.F.);
#869 = EDGE_CURVE('',#709,#842,#870,.T.);
#870 = SURFACE_CURVE('',#871,(#876,#883),.PCURVE_S1.);
#871 = CIRCLE('',#872,13.4);
#872 = AXIS2_PLACEMENT_3D('',#873,#874,#875);
#873 = CARTESIAN_POINT('',(28.75,1.,3.8));
#874 = DIRECTION('',(0.,0.,1.));
#875 = DIRECTION('',(-0.,1.,0.));
#876 = PCURVE('',#768,#877);
#877 = DEFINITIONAL_REPRESENTATION('',(#878),#882);
#878 = LINE('',#879,#880);
#879 = CARTESIAN_POINT('',(0.,1.6));
#880 = VECTOR('',#881,1.);
#881 = DIRECTION('',(1.,0.));
#882 = ( GEOMETRIC_REPRESENTATION_CONTEXT(2) 
PARAMETRIC_REPRESENTATION_CONTEXT() REPRESENTATION_CONTEXT('2D SPACE',''
  ) );
#883 = PCURVE('',#615,#884);
#884 = DEFINITIONAL_REPRESENTATION('',(#885),#889);
#885 = CIRCLE('',#886,13.4);
#886 = AXIS2_PLACEMENT_2D('',#887,#888);
#887 = CARTESIAN_POINT('',(28.77,6.));
#888 = DIRECTION('',(0.,1.));
#889 = ( GEOMETRIC_REPRESENTATION_CONTEXT(2) 
PARAMETRIC_REPRESENTATION_CONTEXT() REPRESENTATION_CONTEXT('2D SPACE',''
  ) );
#890 = ORIENTED_EDGE('',*,*,#755,.T.);
#891 = ORIENTED_EDGE('',*,*,#892,.T.);
#892 = EDGE_CURVE('',#733,#893,#895,.T.);
#893 = VERTEX_POINT('',#894);
#894 = CARTESIAN_POINT('',(15.35,1.,6.6));
#895 = SURFACE_CURVE('',#896,(#901,#908),.PCURVE_S1.);
#896 = CIRCLE('',#897,13.4);
#897 = AXIS2_PLACEMENT_3D('',#898,#899,#900);
#898 = CARTESIAN_POINT('',(28.75,1.,6.6));
#899 = DIRECTION('',(0.,0.,1.));
#900 = DIRECTION('',(-0.,1.,0.));
#901 = PCURVE('',#768,#902);
#902 = DEFINITIONAL_REPRESENTATION('',(#903),#907);
#903 = LINE('',#904,#905);
#904 = CARTESIAN_POINT('',(0.,4.4));
#905 = VECTOR('',#906,1.);
#906 = DIRECTION('',(1.,0.));
#907 = ( GEOMETRIC_REPRESENTATION_CONTEXT(2) 
PARAMETRIC_REPRESENTATION_CONTEXT() REPRESENTATION_CONTEXT('2D SPACE',''
  ) );
#908 = PCURVE('',#669,#909);
#909 = DEFINITIONAL_REPRESENTATION('',(#910),#914);
#910 = CIRCLE('',#911,13.4);
#911 = AXIS2_PLACEMENT_2D('',#912,#913);
#912 = CARTESIAN_POINT('',(28.77,6.));
#913 = DIRECTION('',(0.,1.));
#914 = ( GEOMETRIC_REPRESENTATION_CONTEXT(2) 
PARAMETRIC_REPRESENTATION_CONTEXT() REPRESENTATION_CONTEXT('2D SPACE',''
  ) );
#915 = ORIENTED_EDGE('',*,*,#916,.T.);
#916 = EDGE_CURVE('',#893,#917,#919,.T.);
#917 = VERTEX_POINT('',#918);
#918 = CARTESIAN_POINT('',(15.35,1.,7.8));
#919 = SURFACE_CURVE('',#920,(#924,#931),.PCURVE_S1.);
#920 = LINE('',#921,#922);
#921 = CARTESIAN_POINT('',(15.35,1.,2.2));
#922 = VECTOR('',#923,1.);
#923 = DIRECTION('',(0.,0.,1.));
#924 = PCURVE('',#768,#925);
#925 = DEFINITIONAL_REPRESENTATION('',(#926),#930);
#926 = LINE('',#927,#928);
#927 = CARTESIAN_POINT('',(1.570796326795,0.));
#928 = VECTOR('',#929,1.);
#929 = DIRECTION('',(0.,1.));
#930 = ( GEOMETRIC_REPRESENTATION_CONTEXT(2) 
PARAMETRIC_REPRESENTATION_CONTEXT() REPRESENTATION_CONTEXT('2D SPACE',''
  ) );
#931 = PCURVE('',#932,#937);
#932 = PLANE('',#933);
#933 = AXIS2_PLACEMENT_3D('',#934,#935,#936);
#934 = CARTESIAN_POINT('',(15.35,14.4,2.2));
#935 = DIRECTION('',(1.,0.,-0.));
#936 = DIRECTION('',(0.,-1.,0.));
#937 = DEFINITIONAL_REPRESENTATION('',(#938),#942);
#938 = LINE('',#939,#940);
#939 = CARTESIAN_POINT('',(13.4,0.));
#940 = VECTOR('',#941,1.);
#941 = DIRECTION('',(0.,-1.));
#942 = ( GEOMETRIC_REPRESENTATION_CONTEXT(2) 
PARAMETRIC_REPRESENTATION_CONTEXT() REPRESENTATION_CONTEXT('2D SPACE',''
  ) );
#943 = ORIENTED_EDGE('',*,*,#944,.F.);
#944 = EDGE_CURVE('',#785,#917,#945,.T.);
#945 = SURFACE_CURVE('',#946,(#951,#958),.PCURVE_S1.);
#946 = CIRCLE('',#947,13.4);
#947 = AXIS2_PLACEMENT_3D('',#948,#949,#950);
#948 = CARTESIAN_POINT('',(28.75,1.,7.8));
#949 = DIRECTION('',(0.,0.,1.));
#950 = DIRECTION('',(-0.,1.,0.));
#951 = PCURVE('',#768,#952);
#952 = DEFINITIONAL_REPRESENTATION('',(#953),#957);
#953 = LINE('',#954,#955);
#954 = CARTESIAN_POINT('',(0.,5.6));
#955 = VECTOR('',#956,1.);
#956 = DIRECTION('',(1.,0.));
#957 = ( GEOMETRIC_REPRESENTATION_CONTEXT(2) 
PARAMETRIC_REPRESENTATION_CONTEXT() REPRESENTATION_CONTEXT('2D SPACE',''
  ) );
#958 = PCURVE('',#959,#964);
#959 = PLANE('',#960);
#960 = AXIS2_PLACEMENT_3D('',#961,#962,#963);
#961 = CARTESIAN_POINT('',(29.,0.,7.8));
#962 = DIRECTION('',(0.,0.,1.));
#963 = DIRECTION('',(1.,0.,-0.));
#964 = DEFINITIONAL_REPRESENTATION('',(#965),#969);
#965 = CIRCLE('',#966,13.4);
#966 = AXIS2_PLACEMENT_2D('',#967,#968);
#967 = CARTESIAN_POINT('',(-0.25,1.));
#968 = DIRECTION('',(0.,1.));
#969 = ( GEOMETRIC_REPRESENTATION_CONTEXT(2) 
PARAMETRIC_REPRESENTATION_CONTEXT() REPRESENTATION_CONTEXT('2D SPACE',''
  ) );
#970 = ADVANCED_FACE('',(#971),#829,.T.);
#971 = FACE_BOUND('',#972,.T.);
#972 = EDGE_LOOP('',(#973,#1008,#1036,#1064,#1092,#1120,#1149,#1177,
    #1206,#1234,#1262,#1290,#1311,#1312));
#973 = ORIENTED_EDGE('',*,*,#974,.F.);
#974 = EDGE_CURVE('',#975,#977,#979,.T.);
#975 = VERTEX_POINT('',#976);
#976 = CARTESIAN_POINT('',(28.75,-14.4,2.2));
#977 = VERTEX_POINT('',#978);
#978 = CARTESIAN_POINT('',(15.35,-1.,2.2));
#979 = SURFACE_CURVE('',#980,(#985,#996),.PCURVE_S1.);
#980 = CIRCLE('',#981,13.4);
#981 = AXIS2_PLACEMENT_3D('',#982,#983,#984);
#982 = CARTESIAN_POINT('',(28.75,-1.,2.2));
#983 = DIRECTION('',(-0.,-0.,-1.));
#984 = DIRECTION('',(0.,-1.,0.));
#985 = PCURVE('',#829,#986);
#986 = DEFINITIONAL_REPRESENTATION('',(#987),#995);
#987 = ( BOUNDED_CURVE() B_SPLINE_CURVE(2,(#988,#989,#990,#991,#992,#993
,#994),.UNSPECIFIED.,.T.,.F.) B_SPLINE_CURVE_WITH_KNOTS((1,2,2,2,2,1),(
    -2.094395102393,0.,2.094395102393,4.188790204786,6.28318530718,
8.377580409573),.UNSPECIFIED.) CURVE() GEOMETRIC_REPRESENTATION_ITEM() 
RATIONAL_B_SPLINE_CURVE((1.,0.5,1.,0.5,1.,0.5,1.)) REPRESENTATION_ITEM(
  '') );
#988 = CARTESIAN_POINT('',(-2.75,-14.4));
#989 = CARTESIAN_POINT('',(-25.95948082142,-14.4));
#990 = CARTESIAN_POINT('',(-14.35474041071,5.7));
#991 = CARTESIAN_POINT('',(-2.75,25.8));
#992 = CARTESIAN_POINT('',(8.854740410711,5.7));
#993 = CARTESIAN_POINT('',(20.459480821423,-14.4));
#994 = CARTESIAN_POINT('',(-2.75,-14.4));
#995 = ( GEOMETRIC_REPRESENTATION_CONTEXT(2) 
PARAMETRIC_REPRESENTATION_CONTEXT() REPRESENTATION_CONTEXT('2D SPACE',''
  ) );
#996 = PCURVE('',#997,#1002);
#997 = CYLINDRICAL_SURFACE('',#998,13.4);
#998 = AXIS2_PLACEMENT_3D('',#999,#1000,#1001);
#999 = CARTESIAN_POINT('',(28.75,-1.,2.2));
#1000 = DIRECTION('',(0.,0.,1.));
#1001 = DIRECTION('',(0.,-1.,0.));
#1002 = DEFINITIONAL_REPRESENTATION('',(#1003),#1007);
#1003 = LINE('',#1004,#1005);
#1004 = CARTESIAN_POINT('',(-0.,0.));
#1005 = VECTOR('',#1006,1.);
#1006 = DIRECTION('',(-1.,0.));
#1007 = ( GEOMETRIC_REPRESENTATION_CONTEXT(2) 
PARAMETRIC_REPRESENTATION_CONTEXT() REPRESENTATION_CONTEXT('2D SPACE',''
  ) );
#1008 = ORIENTED_EDGE('',*,*,#1009,.T.);
#1009 = EDGE_CURVE('',#975,#1010,#1012,.T.);
#1010 = VERTEX_POINT('',#1011);
#1011 = CARTESIAN_POINT('',(34.,-14.4,2.2));
#1012 = SURFACE_CURVE('',#1013,(#1017,#1024),.PCURVE_S1.);
#1013 = LINE('',#1014,#1015);
#1014 = CARTESIAN_POINT('',(15.35,-14.4,2.2));
#1015 = VECTOR('',#1016,1.);
#1016 = DIRECTION('',(1.,0.,0.));
#1017 = PCURVE('',#829,#1018);
#1018 = DEFINITIONAL_REPRESENTATION('',(#1019),#1023);
#1019 = LINE('',#1020,#1021);
#1020 = CARTESIAN_POINT('',(-16.15,-14.4));
#1021 = VECTOR('',#1022,1.);
#1022 = DIRECTION('',(1.,0.));
#1023 = ( GEOMETRIC_REPRESENTATION_CONTEXT(2) 
PARAMETRIC_REPRESENTATION_CONTEXT() REPRESENTATION_CONTEXT('2D SPACE',''
  ) );
#1024 = PCURVE('',#1025,#1030);
#1025 = PLANE('',#1026);
#1026 = AXIS2_PLACEMENT_3D('',#1027,#1028,#1029);
#1027 = CARTESIAN_POINT('',(15.35,-14.4,2.2));
#1028 = DIRECTION('',(0.,1.,0.));
#1029 = DIRECTION('',(1.,0.,0.));
#1030 = DEFINITIONAL_REPRESENTATION('',(#1031),#1035);
#1031 = LINE('',#1032,#1033);
#1032 = CARTESIAN_POINT('',(0.,0.));
#1033 = VECTOR('',#1034,1.);
#1034 = DIRECTION('',(1.,0.));
#1035 = ( GEOMETRIC_REPRESENTATION_CONTEXT(2) 
PARAMETRIC_REPRESENTATION_CONTEXT() REPRESENTATION_CONTEXT('2D SPACE',''
  ) );
#1036 = ORIENTED_EDGE('',*,*,#1037,.T.);
#1037 = EDGE_CURVE('',#1010,#1038,#1040,.T.);
#1038 = VERTEX_POINT('',#1039);
#1039 = CARTESIAN_POINT('',(34.,-13.4,2.2));
#1040 = SURFACE_CURVE('',#1041,(#1045,#1052),.PCURVE_S1.);
#1041 = LINE('',#1042,#1043);
#1042 = CARTESIAN_POINT('',(34.,-15.4,2.2));
#1043 = VECTOR('',#1044,1.);
#1044 = DIRECTION('',(0.,1.,0.));
#1045 = PCURVE('',#829,#1046);
#1046 = DEFINITIONAL_REPRESENTATION('',(#1047),#1051);
#1047 = LINE('',#1048,#1049);
#1048 = CARTESIAN_POINT('',(2.5,-15.4));
#1049 = VECTOR('',#1050,1.);
#1050 = DIRECTION('',(0.,1.));
#1051 = ( GEOMETRIC_REPRESENTATION_CONTEXT(2) 
PARAMETRIC_REPRESENTATION_CONTEXT() REPRESENTATION_CONTEXT('2D SPACE',''
  ) );
#1052 = PCURVE('',#1053,#1058);
#1053 = PLANE('',#1054);
#1054 = AXIS2_PLACEMENT_3D('',#1055,#1056,#1057);
#1055 = CARTESIAN_POINT('',(34.,-15.4,2.2));
#1056 = DIRECTION('',(1.,0.,0.));
#1057 = DIRECTION('',(0.,0.,1.));
#1058 = DEFINITIONAL_REPRESENTATION('',(#1059),#1063);
#1059 = LINE('',#1060,#1061);
#1060 = CARTESIAN_POINT('',(0.,0.));
#1061 = VECTOR('',#1062,1.);
#1062 = DIRECTION('',(0.,-1.));
#1063 = ( GEOMETRIC_REPRESENTATION_CONTEXT(2) 
PARAMETRIC_REPRESENTATION_CONTEXT() REPRESENTATION_CONTEXT('2D SPACE',''
  ) );
#1064 = ORIENTED_EDGE('',*,*,#1065,.T.);
#1065 = EDGE_CURVE('',#1038,#1066,#1068,.T.);
#1066 = VERTEX_POINT('',#1067);
#1067 = CARTESIAN_POINT('',(35.,-13.4,2.2));
#1068 = SURFACE_CURVE('',#1069,(#1073,#1080),.PCURVE_S1.);
#1069 = LINE('',#1070,#1071);
#1070 = CARTESIAN_POINT('',(34.,-13.4,2.2));
#1071 = VECTOR('',#1072,1.);
#1072 = DIRECTION('',(1.,0.,0.));
#1073 = PCURVE('',#829,#1074);
#1074 = DEFINITIONAL_REPRESENTATION('',(#1075),#1079);
#1075 = LINE('',#1076,#1077);
#1076 = CARTESIAN_POINT('',(2.5,-13.4));
#1077 = VECTOR('',#1078,1.);
#1078 = DIRECTION('',(1.,0.));
#1079 = ( GEOMETRIC_REPRESENTATION_CONTEXT(2) 
PARAMETRIC_REPRESENTATION_CONTEXT() REPRESENTATION_CONTEXT('2D SPACE',''
  ) );
#1080 = PCURVE('',#1081,#1086);
#1081 = PLANE('',#1082);
#1082 = AXIS2_PLACEMENT_3D('',#1083,#1084,#1085);
#1083 = CARTESIAN_POINT('',(34.,-13.4,2.2));
#1084 = DIRECTION('',(0.,1.,0.));
#1085 = DIRECTION('',(0.,0.,1.));
#1086 = DEFINITIONAL_REPRESENTATION('',(#1087),#1091);
#1087 = LINE('',#1088,#1089);
#1088 = CARTESIAN_POINT('',(0.,0.));
#1089 = VECTOR('',#1090,1.);
#1090 = DIRECTION('',(0.,1.));
#1091 = ( GEOMETRIC_REPRESENTATION_CONTEXT(2) 
PARAMETRIC_REPRESENTATION_CONTEXT() REPRESENTATION_CONTEXT('2D SPACE',''
  ) );
#1092 = ORIENTED_EDGE('',*,*,#1093,.F.);
#1093 = EDGE_CURVE('',#1094,#1066,#1096,.T.);
#1094 = VERTEX_POINT('',#1095);
#1095 = CARTESIAN_POINT('',(35.,-14.37899473054,2.2));
#1096 = SURFACE_CURVE('',#1097,(#1101,#1108),.PCURVE_S1.);
#1097 = LINE('',#1098,#1099);
#1098 = CARTESIAN_POINT('',(35.,-15.4,2.2));
#1099 = VECTOR('',#1100,1.);
#1100 = DIRECTION('',(0.,1.,0.));
#1101 = PCURVE('',#829,#1102);
#1102 = DEFINITIONAL_REPRESENTATION('',(#1103),#1107);
#1103 = LINE('',#1104,#1105);
#1104 = CARTESIAN_POINT('',(3.5,-15.4));
#1105 = VECTOR('',#1106,1.);
#1106 = DIRECTION('',(0.,1.));
#1107 = ( GEOMETRIC_REPRESENTATION_CONTEXT(2) 
PARAMETRIC_REPRESENTATION_CONTEXT() REPRESENTATION_CONTEXT('2D SPACE',''
  ) );
#1108 = PCURVE('',#1109,#1114);
#1109 = PLANE('',#1110);
#1110 = AXIS2_PLACEMENT_3D('',#1111,#1112,#1113);
#1111 = CARTESIAN_POINT('',(35.,-15.4,2.2));
#1112 = DIRECTION('',(1.,0.,0.));
#1113 = DIRECTION('',(0.,0.,1.));
#1114 = DEFINITIONAL_REPRESENTATION('',(#1115),#1119);
#1115 = LINE('',#1116,#1117);
#1116 = CARTESIAN_POINT('',(0.,0.));
#1117 = VECTOR('',#1118,1.);
#1118 = DIRECTION('',(0.,-1.));
#1119 = ( GEOMETRIC_REPRESENTATION_CONTEXT(2) 
PARAMETRIC_REPRESENTATION_CONTEXT() REPRESENTATION_CONTEXT('2D SPACE',''
  ) );
#1120 = ORIENTED_EDGE('',*,*,#1121,.T.);
#1121 = EDGE_CURVE('',#1094,#1122,#1124,.T.);
#1122 = VERTEX_POINT('',#1123);
#1123 = CARTESIAN_POINT('',(47.65,-1.,2.2));
#1124 = SURFACE_CURVE('',#1125,(#1130,#1137),.PCURVE_S1.);
#1125 = CIRCLE('',#1126,13.4);
#1126 = AXIS2_PLACEMENT_3D('',#1127,#1128,#1129);
#1127 = CARTESIAN_POINT('',(34.25,-1.,2.2));
#1128 = DIRECTION('',(0.,0.,1.));
#1129 = DIRECTION('',(0.,-1.,0.));
#1130 = PCURVE('',#829,#1131);
#1131 = DEFINITIONAL_REPRESENTATION('',(#1132),#1136);
#1132 = CIRCLE('',#1133,13.4);
#1133 = AXIS2_PLACEMENT_2D('',#1134,#1135);
#1134 = CARTESIAN_POINT('',(2.75,-1.));
#1135 = DIRECTION('',(0.,-1.));
#1136 = ( GEOMETRIC_REPRESENTATION_CONTEXT(2) 
PARAMETRIC_REPRESENTATION_CONTEXT() REPRESENTATION_CONTEXT('2D SPACE',''
  ) );
#1137 = PCURVE('',#1138,#1143);
#1138 = CYLINDRICAL_SURFACE('',#1139,13.4);
#1139 = AXIS2_PLACEMENT_3D('',#1140,#1141,#1142);
#1140 = CARTESIAN_POINT('',(34.25,-1.,2.2));
#1141 = DIRECTION('',(0.,0.,1.));
#1142 = DIRECTION('',(0.,-1.,0.));
#1143 = DEFINITIONAL_REPRESENTATION('',(#1144),#1148);
#1144 = LINE('',#1145,#1146);
#1145 = CARTESIAN_POINT('',(0.,0.));
#1146 = VECTOR('',#1147,1.);
#1147 = DIRECTION('',(1.,0.));
#1148 = ( GEOMETRIC_REPRESENTATION_CONTEXT(2) 
PARAMETRIC_REPRESENTATION_CONTEXT() REPRESENTATION_CONTEXT('2D SPACE',''
  ) );
#1149 = ORIENTED_EDGE('',*,*,#1150,.T.);
#1150 = EDGE_CURVE('',#1122,#1151,#1153,.T.);
#1151 = VERTEX_POINT('',#1152);
#1152 = CARTESIAN_POINT('',(47.65,1.,2.2));
#1153 = SURFACE_CURVE('',#1154,(#1158,#1165),.PCURVE_S1.);
#1154 = LINE('',#1155,#1156);
#1155 = CARTESIAN_POINT('',(47.65,-14.4,2.2));
#1156 = VECTOR('',#1157,1.);
#1157 = DIRECTION('',(0.,1.,0.));
#1158 = PCURVE('',#829,#1159);
#1159 = DEFINITIONAL_REPRESENTATION('',(#1160),#1164);
#1160 = LINE('',#1161,#1162);
#1161 = CARTESIAN_POINT('',(16.15,-14.4));
#1162 = VECTOR('',#1163,1.);
#1163 = DIRECTION('',(0.,1.));
#1164 = ( GEOMETRIC_REPRESENTATION_CONTEXT(2) 
PARAMETRIC_REPRESENTATION_CONTEXT() REPRESENTATION_CONTEXT('2D SPACE',''
  ) );
#1165 = PCURVE('',#1166,#1171);
#1166 = PLANE('',#1167);
#1167 = AXIS2_PLACEMENT_3D('',#1168,#1169,#1170);
#1168 = CARTESIAN_POINT('',(47.65,-14.4,2.2));
#1169 = DIRECTION('',(-1.,0.,0.));
#1170 = DIRECTION('',(0.,1.,0.));
#1171 = DEFINITIONAL_REPRESENTATION('',(#1172),#1176);
#1172 = LINE('',#1173,#1174);
#1173 = CARTESIAN_POINT('',(0.,0.));
#1174 = VECTOR('',#1175,1.);
#1175 = DIRECTION('',(1.,0.));
#1176 = ( GEOMETRIC_REPRESENTATION_CONTEXT(2) 
PARAMETRIC_REPRESENTATION_CONTEXT() REPRESENTATION_CONTEXT('2D SPACE',''
  ) );
#1177 = ORIENTED_EDGE('',*,*,#1178,.T.);
#1178 = EDGE_CURVE('',#1151,#1179,#1181,.T.);
#1179 = VERTEX_POINT('',#1180);
#1180 = CARTESIAN_POINT('',(35.,14.378994730547,2.2));
#1181 = SURFACE_CURVE('',#1182,(#1187,#1194),.PCURVE_S1.);
#1182 = CIRCLE('',#1183,13.4);
#1183 = AXIS2_PLACEMENT_3D('',#1184,#1185,#1186);
#1184 = CARTESIAN_POINT('',(34.25,1.,2.2));
#1185 = DIRECTION('',(0.,0.,1.));
#1186 = DIRECTION('',(0.,-1.,0.));
#1187 = PCURVE('',#829,#1188);
#1188 = DEFINITIONAL_REPRESENTATION('',(#1189),#1193);
#1189 = CIRCLE('',#1190,13.4);
#1190 = AXIS2_PLACEMENT_2D('',#1191,#1192);
#1191 = CARTESIAN_POINT('',(2.75,1.));
#1192 = DIRECTION('',(0.,-1.));
#1193 = ( GEOMETRIC_REPRESENTATION_CONTEXT(2) 
PARAMETRIC_REPRESENTATION_CONTEXT() REPRESENTATION_CONTEXT('2D SPACE',''
  ) );
#1194 = PCURVE('',#1195,#1200);
#1195 = CYLINDRICAL_SURFACE('',#1196,13.4);
#1196 = AXIS2_PLACEMENT_3D('',#1197,#1198,#1199);
#1197 = CARTESIAN_POINT('',(34.25,1.,2.2));
#1198 = DIRECTION('',(0.,0.,1.));
#1199 = DIRECTION('',(1.,0.,-0.));
#1200 = DEFINITIONAL_REPRESENTATION('',(#1201),#1205);
#1201 = LINE('',#1202,#1203);
#1202 = CARTESIAN_POINT('',(-1.570796326795,0.));
#1203 = VECTOR('',#1204,1.);
#1204 = DIRECTION('',(1.,0.));
#1205 = ( GEOMETRIC_REPRESENTATION_CONTEXT(2) 
PARAMETRIC_REPRESENTATION_CONTEXT() REPRESENTATION_CONTEXT('2D SPACE',''
  ) );
#1206 = ORIENTED_EDGE('',*,*,#1207,.F.);
#1207 = EDGE_CURVE('',#1208,#1179,#1210,.T.);
#1208 = VERTEX_POINT('',#1209);
#1209 = CARTESIAN_POINT('',(35.,13.4,2.2));
#1210 = SURFACE_CURVE('',#1211,(#1215,#1222),.PCURVE_S1.);
#1211 = LINE('',#1212,#1213);
#1212 = CARTESIAN_POINT('',(35.,13.4,2.2));
#1213 = VECTOR('',#1214,1.);
#1214 = DIRECTION('',(0.,1.,0.));
#1215 = PCURVE('',#829,#1216);
#1216 = DEFINITIONAL_REPRESENTATION('',(#1217),#1221);
#1217 = LINE('',#1218,#1219);
#1218 = CARTESIAN_POINT('',(3.5,13.4));
#1219 = VECTOR('',#1220,1.);
#1220 = DIRECTION('',(0.,1.));
#1221 = ( GEOMETRIC_REPRESENTATION_CONTEXT(2) 
PARAMETRIC_REPRESENTATION_CONTEXT() REPRESENTATION_CONTEXT('2D SPACE',''
  ) );
#1222 = PCURVE('',#1223,#1228);
#1223 = PLANE('',#1224);
#1224 = AXIS2_PLACEMENT_3D('',#1225,#1226,#1227);
#1225 = CARTESIAN_POINT('',(35.,13.4,2.2));
#1226 = DIRECTION('',(1.,0.,0.));
#1227 = DIRECTION('',(0.,0.,1.));
#1228 = DEFINITIONAL_REPRESENTATION('',(#1229),#1233);
#1229 = LINE('',#1230,#1231);
#1230 = CARTESIAN_POINT('',(0.,0.));
#1231 = VECTOR('',#1232,1.);
#1232 = DIRECTION('',(0.,-1.));
#1233 = ( GEOMETRIC_REPRESENTATION_CONTEXT(2) 
PARAMETRIC_REPRESENTATION_CONTEXT() REPRESENTATION_CONTEXT('2D SPACE',''
  ) );
#1234 = ORIENTED_EDGE('',*,*,#1235,.F.);
#1235 = EDGE_CURVE('',#1236,#1208,#1238,.T.);
#1236 = VERTEX_POINT('',#1237);
#1237 = CARTESIAN_POINT('',(34.,13.4,2.2));
#1238 = SURFACE_CURVE('',#1239,(#1243,#1250),.PCURVE_S1.);
#1239 = LINE('',#1240,#1241);
#1240 = CARTESIAN_POINT('',(34.,13.4,2.2));
#1241 = VECTOR('',#1242,1.);
#1242 = DIRECTION('',(1.,0.,0.));
#1243 = PCURVE('',#829,#1244);
#1244 = DEFINITIONAL_REPRESENTATION('',(#1245),#1249);
#1245 = LINE('',#1246,#1247);
#1246 = CARTESIAN_POINT('',(2.5,13.4));
#1247 = VECTOR('',#1248,1.);
#1248 = DIRECTION('',(1.,0.));
#1249 = ( GEOMETRIC_REPRESENTATION_CONTEXT(2) 
PARAMETRIC_REPRESENTATION_CONTEXT() REPRESENTATION_CONTEXT('2D SPACE',''
  ) );
#1250 = PCURVE('',#1251,#1256);
#1251 = PLANE('',#1252);
#1252 = AXIS2_PLACEMENT_3D('',#1253,#1254,#1255);
#1253 = CARTESIAN_POINT('',(34.,13.4,2.2));
#1254 = DIRECTION('',(0.,1.,0.));
#1255 = DIRECTION('',(0.,0.,1.));
#1256 = DEFINITIONAL_REPRESENTATION('',(#1257),#1261);
#1257 = LINE('',#1258,#1259);
#1258 = CARTESIAN_POINT('',(0.,0.));
#1259 = VECTOR('',#1260,1.);
#1260 = DIRECTION('',(0.,1.));
#1261 = ( GEOMETRIC_REPRESENTATION_CONTEXT(2) 
PARAMETRIC_REPRESENTATION_CONTEXT() REPRESENTATION_CONTEXT('2D SPACE',''
  ) );
#1262 = ORIENTED_EDGE('',*,*,#1263,.T.);
#1263 = EDGE_CURVE('',#1236,#1264,#1266,.T.);
#1264 = VERTEX_POINT('',#1265);
#1265 = CARTESIAN_POINT('',(34.,14.4,2.2));
#1266 = SURFACE_CURVE('',#1267,(#1271,#1278),.PCURVE_S1.);
#1267 = LINE('',#1268,#1269);
#1268 = CARTESIAN_POINT('',(34.,13.4,2.2));
#1269 = VECTOR('',#1270,1.);
#1270 = DIRECTION('',(0.,1.,0.));
#1271 = PCURVE('',#829,#1272);
#1272 = DEFINITIONAL_REPRESENTATION('',(#1273),#1277);
#1273 = LINE('',#1274,#1275);
#1274 = CARTESIAN_POINT('',(2.5,13.4));
#1275 = VECTOR('',#1276,1.);
#1276 = DIRECTION('',(0.,1.));
#1277 = ( GEOMETRIC_REPRESENTATION_CONTEXT(2) 
PARAMETRIC_REPRESENTATION_CONTEXT() REPRESENTATION_CONTEXT('2D SPACE',''
  ) );
#1278 = PCURVE('',#1279,#1284);
#1279 = PLANE('',#1280);
#1280 = AXIS2_PLACEMENT_3D('',#1281,#1282,#1283);
#1281 = CARTESIAN_POINT('',(34.,13.4,2.2));
#1282 = DIRECTION('',(1.,0.,0.));
#1283 = DIRECTION('',(0.,0.,1.));
#1284 = DEFINITIONAL_REPRESENTATION('',(#1285),#1289);
#1285 = LINE('',#1286,#1287);
#1286 = CARTESIAN_POINT('',(0.,0.));
#1287 = VECTOR('',#1288,1.);
#1288 = DIRECTION('',(0.,-1.));
#1289 = ( GEOMETRIC_REPRESENTATION_CONTEXT(2) 
PARAMETRIC_REPRESENTATION_CONTEXT() REPRESENTATION_CONTEXT('2D SPACE',''
  ) );
#1290 = ORIENTED_EDGE('',*,*,#1291,.T.);
#1291 = EDGE_CURVE('',#1264,#783,#1292,.T.);
#1292 = SURFACE_CURVE('',#1293,(#1297,#1304),.PCURVE_S1.);
#1293 = LINE('',#1294,#1295);
#1294 = CARTESIAN_POINT('',(47.65,14.4,2.2));
#1295 = VECTOR('',#1296,1.);
#1296 = DIRECTION('',(-1.,0.,0.));
#1297 = PCURVE('',#829,#1298);
#1298 = DEFINITIONAL_REPRESENTATION('',(#1299),#1303);
#1299 = LINE('',#1300,#1301);
#1300 = CARTESIAN_POINT('',(16.15,14.4));
#1301 = VECTOR('',#1302,1.);
#1302 = DIRECTION('',(-1.,0.));
#1303 = ( GEOMETRIC_REPRESENTATION_CONTEXT(2) 
PARAMETRIC_REPRESENTATION_CONTEXT() REPRESENTATION_CONTEXT('2D SPACE',''
  ) );
#1304 = PCURVE('',#800,#1305);
#1305 = DEFINITIONAL_REPRESENTATION('',(#1306),#1310);
#1306 = LINE('',#1307,#1308);
#1307 = CARTESIAN_POINT('',(0.,-0.));
#1308 = VECTOR('',#1309,1.);
#1309 = DIRECTION('',(1.,0.));
#1310 = ( GEOMETRIC_REPRESENTATION_CONTEXT(2) 
PARAMETRIC_REPRESENTATION_CONTEXT() REPRESENTATION_CONTEXT('2D SPACE',''
  ) );
#1311 = ORIENTED_EDGE('',*,*,#812,.T.);
#1312 = ORIENTED_EDGE('',*,*,#1313,.T.);
#1313 = EDGE_CURVE('',#813,#977,#1314,.T.);
#1314 = SURFACE_CURVE('',#1315,(#1319,#1326),.PCURVE_S1.);
#1315 = LINE('',#1316,#1317);
#1316 = CARTESIAN_POINT('',(15.35,14.4,2.2));
#1317 = VECTOR('',#1318,1.);
#1318 = DIRECTION('',(0.,-1.,0.));
#1319 = PCURVE('',#829,#1320);
#1320 = DEFINITIONAL_REPRESENTATION('',(#1321),#1325);
#1321 = LINE('',#1322,#1323);
#1322 = CARTESIAN_POINT('',(-16.15,14.4));
#1323 = VECTOR('',#1324,1.);
#1324 = DIRECTION('',(0.,-1.));
#1325 = ( GEOMETRIC_REPRESENTATION_CONTEXT(2) 
PARAMETRIC_REPRESENTATION_CONTEXT() REPRESENTATION_CONTEXT('2D SPACE',''
  ) );
#1326 = PCURVE('',#857,#1327);
#1327 = DEFINITIONAL_REPRESENTATION('',(#1328),#1332);
#1328 = LINE('',#1329,#1330);
#1329 = CARTESIAN_POINT('',(0.,0.));
#1330 = VECTOR('',#1331,1.);
#1331 = DIRECTION('',(1.,0.));
#1332 = ( GEOMETRIC_REPRESENTATION_CONTEXT(2) 
PARAMETRIC_REPRESENTATION_CONTEXT() REPRESENTATION_CONTEXT('2D SPACE',''
  ) );
#1333 = ADVANCED_FACE('',(#1334),#1025,.T.);
#1334 = FACE_BOUND('',#1335,.T.);
#1335 = EDGE_LOOP('',(#1336,#1337,#1360,#1382));
#1336 = ORIENTED_EDGE('',*,*,#1009,.F.);
#1337 = ORIENTED_EDGE('',*,*,#1338,.T.);
#1338 = EDGE_CURVE('',#975,#1339,#1341,.T.);
#1339 = VERTEX_POINT('',#1340);
#1340 = CARTESIAN_POINT('',(28.75,-14.4,7.8));
#1341 = SURFACE_CURVE('',#1342,(#1346,#1353),.PCURVE_S1.);
#1342 = LINE('',#1343,#1344);
#1343 = CARTESIAN_POINT('',(28.75,-14.4,2.2));
#1344 = VECTOR('',#1345,1.);
#1345 = DIRECTION('',(0.,0.,1.));
#1346 = PCURVE('',#1025,#1347);
#1347 = DEFINITIONAL_REPRESENTATION('',(#1348),#1352);
#1348 = LINE('',#1349,#1350);
#1349 = CARTESIAN_POINT('',(13.4,0.));
#1350 = VECTOR('',#1351,1.);
#1351 = DIRECTION('',(0.,-1.));
#1352 = ( GEOMETRIC_REPRESENTATION_CONTEXT(2) 
PARAMETRIC_REPRESENTATION_CONTEXT() REPRESENTATION_CONTEXT('2D SPACE',''
  ) );
#1353 = PCURVE('',#997,#1354);
#1354 = DEFINITIONAL_REPRESENTATION('',(#1355),#1359);
#1355 = LINE('',#1356,#1357);
#1356 = CARTESIAN_POINT('',(-0.,0.));
#1357 = VECTOR('',#1358,1.);
#1358 = DIRECTION('',(-0.,1.));
#1359 = ( GEOMETRIC_REPRESENTATION_CONTEXT(2) 
PARAMETRIC_REPRESENTATION_CONTEXT() REPRESENTATION_CONTEXT('2D SPACE',''
  ) );
#1360 = ORIENTED_EDGE('',*,*,#1361,.F.);
#1361 = EDGE_CURVE('',#1362,#1339,#1364,.T.);
#1362 = VERTEX_POINT('',#1363);
#1363 = CARTESIAN_POINT('',(34.,-14.4,7.8));
#1364 = SURFACE_CURVE('',#1365,(#1369,#1375),.PCURVE_S1.);
#1365 = LINE('',#1366,#1367);
#1366 = CARTESIAN_POINT('',(22.175,-14.4,7.8));
#1367 = VECTOR('',#1368,1.);
#1368 = DIRECTION('',(-1.,0.,0.));
#1369 = PCURVE('',#1025,#1370);
#1370 = DEFINITIONAL_REPRESENTATION('',(#1371),#1374);
#1371 = B_SPLINE_CURVE_WITH_KNOTS('',1,(#1372,#1373),.UNSPECIFIED.,.F.,
  .F.,(2,2),(-12.075,-6.575),.PIECEWISE_BEZIER_KNOTS.);
#1372 = CARTESIAN_POINT('',(18.9,-5.6));
#1373 = CARTESIAN_POINT('',(13.4,-5.6));
#1374 = ( GEOMETRIC_REPRESENTATION_CONTEXT(2) 
PARAMETRIC_REPRESENTATION_CONTEXT() REPRESENTATION_CONTEXT('2D SPACE',''
  ) );
#1375 = PCURVE('',#959,#1376);
#1376 = DEFINITIONAL_REPRESENTATION('',(#1377),#1381);
#1377 = LINE('',#1378,#1379);
#1378 = CARTESIAN_POINT('',(-6.825,-14.4));
#1379 = VECTOR('',#1380,1.);
#1380 = DIRECTION('',(-1.,0.));
#1381 = ( GEOMETRIC_REPRESENTATION_CONTEXT(2) 
PARAMETRIC_REPRESENTATION_CONTEXT() REPRESENTATION_CONTEXT('2D SPACE',''
  ) );
#1382 = ORIENTED_EDGE('',*,*,#1383,.T.);
#1383 = EDGE_CURVE('',#1362,#1010,#1384,.T.);
#1384 = SURFACE_CURVE('',#1385,(#1389,#1395),.PCURVE_S1.);
#1385 = LINE('',#1386,#1387);
#1386 = CARTESIAN_POINT('',(34.,-14.4,2.2));
#1387 = VECTOR('',#1388,1.);
#1388 = DIRECTION('',(0.,0.,-1.));
#1389 = PCURVE('',#1025,#1390);
#1390 = DEFINITIONAL_REPRESENTATION('',(#1391),#1394);
#1391 = B_SPLINE_CURVE_WITH_KNOTS('',1,(#1392,#1393),.UNSPECIFIED.,.F.,
  .F.,(2,2),(-5.6,0.),.PIECEWISE_BEZIER_KNOTS.);
#1392 = CARTESIAN_POINT('',(18.65,-5.6));
#1393 = CARTESIAN_POINT('',(18.65,0.));
#1394 = ( GEOMETRIC_REPRESENTATION_CONTEXT(2) 
PARAMETRIC_REPRESENTATION_CONTEXT() REPRESENTATION_CONTEXT('2D SPACE',''
  ) );
#1395 = PCURVE('',#1053,#1396);
#1396 = DEFINITIONAL_REPRESENTATION('',(#1397),#1400);
#1397 = B_SPLINE_CURVE_WITH_KNOTS('',1,(#1398,#1399),.UNSPECIFIED.,.F.,
  .F.,(2,2),(-5.6,0.),.PIECEWISE_BEZIER_KNOTS.);
#1398 = CARTESIAN_POINT('',(5.6,-1.));
#1399 = CARTESIAN_POINT('',(0.,-1.));
#1400 = ( GEOMETRIC_REPRESENTATION_CONTEXT(2) 
PARAMETRIC_REPRESENTATION_CONTEXT() REPRESENTATION_CONTEXT('2D SPACE',''
  ) );
#1401 = ADVANCED_FACE('',(#1402),#1053,.F.);
#1402 = FACE_BOUND('',#1403,.F.);
#1403 = EDGE_LOOP('',(#1404,#1425,#1426,#1427));
#1404 = ORIENTED_EDGE('',*,*,#1405,.T.);
#1405 = EDGE_CURVE('',#1406,#1362,#1408,.T.);
#1406 = VERTEX_POINT('',#1407);
#1407 = CARTESIAN_POINT('',(34.,-13.4,7.8));
#1408 = SURFACE_CURVE('',#1409,(#1413,#1419),.PCURVE_S1.);
#1409 = LINE('',#1410,#1411);
#1410 = CARTESIAN_POINT('',(34.,-7.7,7.8));
#1411 = VECTOR('',#1412,1.);
#1412 = DIRECTION('',(0.,-1.,0.));
#1413 = PCURVE('',#1053,#1414);
#1414 = DEFINITIONAL_REPRESENTATION('',(#1415),#1418);
#1415 = B_SPLINE_CURVE_WITH_KNOTS('',1,(#1416,#1417),.UNSPECIFIED.,.F.,
  .F.,(2,2),(5.7,7.4),.PIECEWISE_BEZIER_KNOTS.);
#1416 = CARTESIAN_POINT('',(5.6,-2.));
#1417 = CARTESIAN_POINT('',(5.6,-0.3));
#1418 = ( GEOMETRIC_REPRESENTATION_CONTEXT(2) 
PARAMETRIC_REPRESENTATION_CONTEXT() REPRESENTATION_CONTEXT('2D SPACE',''
  ) );
#1419 = PCURVE('',#959,#1420);
#1420 = DEFINITIONAL_REPRESENTATION('',(#1421),#1424);
#1421 = B_SPLINE_CURVE_WITH_KNOTS('',1,(#1422,#1423),.UNSPECIFIED.,.F.,
  .F.,(2,2),(5.7,7.4),.PIECEWISE_BEZIER_KNOTS.);
#1422 = CARTESIAN_POINT('',(5.,-13.4));
#1423 = CARTESIAN_POINT('',(5.,-15.1));
#1424 = ( GEOMETRIC_REPRESENTATION_CONTEXT(2) 
PARAMETRIC_REPRESENTATION_CONTEXT() REPRESENTATION_CONTEXT('2D SPACE',''
  ) );
#1425 = ORIENTED_EDGE('',*,*,#1383,.T.);
#1426 = ORIENTED_EDGE('',*,*,#1037,.T.);
#1427 = ORIENTED_EDGE('',*,*,#1428,.T.);
#1428 = EDGE_CURVE('',#1038,#1406,#1429,.T.);
#1429 = SURFACE_CURVE('',#1430,(#1434,#1441),.PCURVE_S1.);
#1430 = LINE('',#1431,#1432);
#1431 = CARTESIAN_POINT('',(34.,-13.4,2.2));
#1432 = VECTOR('',#1433,1.);
#1433 = DIRECTION('',(0.,0.,1.));
#1434 = PCURVE('',#1053,#1435);
#1435 = DEFINITIONAL_REPRESENTATION('',(#1436),#1440);
#1436 = LINE('',#1437,#1438);
#1437 = CARTESIAN_POINT('',(0.,-2.));
#1438 = VECTOR('',#1439,1.);
#1439 = DIRECTION('',(1.,0.));
#1440 = ( GEOMETRIC_REPRESENTATION_CONTEXT(2) 
PARAMETRIC_REPRESENTATION_CONTEXT() REPRESENTATION_CONTEXT('2D SPACE',''
  ) );
#1441 = PCURVE('',#1081,#1442);
#1442 = DEFINITIONAL_REPRESENTATION('',(#1443),#1447);
#1443 = LINE('',#1444,#1445);
#1444 = CARTESIAN_POINT('',(0.,0.));
#1445 = VECTOR('',#1446,1.);
#1446 = DIRECTION('',(1.,0.));
#1447 = ( GEOMETRIC_REPRESENTATION_CONTEXT(2) 
PARAMETRIC_REPRESENTATION_CONTEXT() REPRESENTATION_CONTEXT('2D SPACE',''
  ) );
#1448 = ADVANCED_FACE('',(#1449),#1081,.T.);
#1449 = FACE_BOUND('',#1450,.T.);
#1450 = EDGE_LOOP('',(#1451,#1474,#1475,#1476));
#1451 = ORIENTED_EDGE('',*,*,#1452,.F.);
#1452 = EDGE_CURVE('',#1066,#1453,#1455,.T.);
#1453 = VERTEX_POINT('',#1454);
#1454 = CARTESIAN_POINT('',(35.,-13.4,7.8));
#1455 = SURFACE_CURVE('',#1456,(#1460,#1467),.PCURVE_S1.);
#1456 = LINE('',#1457,#1458);
#1457 = CARTESIAN_POINT('',(35.,-13.4,2.2));
#1458 = VECTOR('',#1459,1.);
#1459 = DIRECTION('',(0.,0.,1.));
#1460 = PCURVE('',#1081,#1461);
#1461 = DEFINITIONAL_REPRESENTATION('',(#1462),#1466);
#1462 = LINE('',#1463,#1464);
#1463 = CARTESIAN_POINT('',(0.,1.));
#1464 = VECTOR('',#1465,1.);
#1465 = DIRECTION('',(1.,0.));
#1466 = ( GEOMETRIC_REPRESENTATION_CONTEXT(2) 
PARAMETRIC_REPRESENTATION_CONTEXT() REPRESENTATION_CONTEXT('2D SPACE',''
  ) );
#1467 = PCURVE('',#1109,#1468);
#1468 = DEFINITIONAL_REPRESENTATION('',(#1469),#1473);
#1469 = LINE('',#1470,#1471);
#1470 = CARTESIAN_POINT('',(0.,-2.));
#1471 = VECTOR('',#1472,1.);
#1472 = DIRECTION('',(1.,0.));
#1473 = ( GEOMETRIC_REPRESENTATION_CONTEXT(2) 
PARAMETRIC_REPRESENTATION_CONTEXT() REPRESENTATION_CONTEXT('2D SPACE',''
  ) );
#1474 = ORIENTED_EDGE('',*,*,#1065,.F.);
#1475 = ORIENTED_EDGE('',*,*,#1428,.T.);
#1476 = ORIENTED_EDGE('',*,*,#1477,.T.);
#1477 = EDGE_CURVE('',#1406,#1453,#1478,.T.);
#1478 = SURFACE_CURVE('',#1479,(#1483,#1489),.PCURVE_S1.);
#1479 = LINE('',#1480,#1481);
#1480 = CARTESIAN_POINT('',(31.5,-13.4,7.8));
#1481 = VECTOR('',#1482,1.);
#1482 = DIRECTION('',(1.,0.,0.));
#1483 = PCURVE('',#1081,#1484);
#1484 = DEFINITIONAL_REPRESENTATION('',(#1485),#1488);
#1485 = B_SPLINE_CURVE_WITH_KNOTS('',1,(#1486,#1487),.UNSPECIFIED.,.F.,
  .F.,(2,2),(2.5,3.5),.PIECEWISE_BEZIER_KNOTS.);
#1486 = CARTESIAN_POINT('',(5.6,0.));
#1487 = CARTESIAN_POINT('',(5.6,1.));
#1488 = ( GEOMETRIC_REPRESENTATION_CONTEXT(2) 
PARAMETRIC_REPRESENTATION_CONTEXT() REPRESENTATION_CONTEXT('2D SPACE',''
  ) );
#1489 = PCURVE('',#959,#1490);
#1490 = DEFINITIONAL_REPRESENTATION('',(#1491),#1494);
#1491 = B_SPLINE_CURVE_WITH_KNOTS('',1,(#1492,#1493),.UNSPECIFIED.,.F.,
  .F.,(2,2),(2.5,3.5),.PIECEWISE_BEZIER_KNOTS.);
#1492 = CARTESIAN_POINT('',(5.,-13.4));
#1493 = CARTESIAN_POINT('',(6.,-13.4));
#1494 = ( GEOMETRIC_REPRESENTATION_CONTEXT(2) 
PARAMETRIC_REPRESENTATION_CONTEXT() REPRESENTATION_CONTEXT('2D SPACE',''
  ) );
#1495 = ADVANCED_FACE('',(#1496),#1109,.T.);
#1496 = FACE_BOUND('',#1497,.T.);
#1497 = EDGE_LOOP('',(#1498,#1519,#1538,#1539));
#1498 = ORIENTED_EDGE('',*,*,#1499,.T.);
#1499 = EDGE_CURVE('',#1453,#1500,#1502,.T.);
#1500 = VERTEX_POINT('',#1501);
#1501 = CARTESIAN_POINT('',(35.,-14.37899473054,7.8));
#1502 = SURFACE_CURVE('',#1503,(#1507,#1513),.PCURVE_S1.);
#1503 = LINE('',#1504,#1505);
#1504 = CARTESIAN_POINT('',(35.,-7.7,7.8));
#1505 = VECTOR('',#1506,1.);
#1506 = DIRECTION('',(0.,-1.,0.));
#1507 = PCURVE('',#1109,#1508);
#1508 = DEFINITIONAL_REPRESENTATION('',(#1509),#1512);
#1509 = B_SPLINE_CURVE_WITH_KNOTS('',1,(#1510,#1511),.UNSPECIFIED.,.F.,
  .F.,(2,2),(5.7,7.4),.PIECEWISE_BEZIER_KNOTS.);
#1510 = CARTESIAN_POINT('',(5.6,-2.));
#1511 = CARTESIAN_POINT('',(5.6,-0.3));
#1512 = ( GEOMETRIC_REPRESENTATION_CONTEXT(2) 
PARAMETRIC_REPRESENTATION_CONTEXT() REPRESENTATION_CONTEXT('2D SPACE',''
  ) );
#1513 = PCURVE('',#959,#1514);
#1514 = DEFINITIONAL_REPRESENTATION('',(#1515),#1518);
#1515 = B_SPLINE_CURVE_WITH_KNOTS('',1,(#1516,#1517),.UNSPECIFIED.,.F.,
  .F.,(2,2),(5.7,7.4),.PIECEWISE_BEZIER_KNOTS.);
#1516 = CARTESIAN_POINT('',(6.,-13.4));
#1517 = CARTESIAN_POINT('',(6.,-15.1));
#1518 = ( GEOMETRIC_REPRESENTATION_CONTEXT(2) 
PARAMETRIC_REPRESENTATION_CONTEXT() REPRESENTATION_CONTEXT('2D SPACE',''
  ) );
#1519 = ORIENTED_EDGE('',*,*,#1520,.F.);
#1520 = EDGE_CURVE('',#1094,#1500,#1521,.T.);
#1521 = SURFACE_CURVE('',#1522,(#1526,#1532),.PCURVE_S1.);
#1522 = LINE('',#1523,#1524);
#1523 = CARTESIAN_POINT('',(35.,-14.37899473054,2.2));
#1524 = VECTOR('',#1525,1.);
#1525 = DIRECTION('',(0.,0.,1.));
#1526 = PCURVE('',#1109,#1527);
#1527 = DEFINITIONAL_REPRESENTATION('',(#1528),#1531);
#1528 = B_SPLINE_CURVE_WITH_KNOTS('',1,(#1529,#1530),.UNSPECIFIED.,.F.,
  .F.,(2,2),(-5.999999999062E-07,5.6000006),.PIECEWISE_BEZIER_KNOTS.);
#1529 = CARTESIAN_POINT('',(-5.999999999062E-07,-1.021005269453));
#1530 = CARTESIAN_POINT('',(5.6000006,-1.021005269453));
#1531 = ( GEOMETRIC_REPRESENTATION_CONTEXT(2) 
PARAMETRIC_REPRESENTATION_CONTEXT() REPRESENTATION_CONTEXT('2D SPACE',''
  ) );
#1532 = PCURVE('',#1138,#1533);
#1533 = DEFINITIONAL_REPRESENTATION('',(#1534),#1537);
#1534 = B_SPLINE_CURVE_WITH_KNOTS('',1,(#1535,#1536),.UNSPECIFIED.,.F.,
  .F.,(2,2),(-5.999999999062E-07,5.6000006),.PIECEWISE_BEZIER_KNOTS.);
#1535 = CARTESIAN_POINT('',(5.599941307793E-02,-5.999999999062E-07));
#1536 = CARTESIAN_POINT('',(5.599941307793E-02,5.6000006));
#1537 = ( GEOMETRIC_REPRESENTATION_CONTEXT(2) 
PARAMETRIC_REPRESENTATION_CONTEXT() REPRESENTATION_CONTEXT('2D SPACE',''
  ) );
#1538 = ORIENTED_EDGE('',*,*,#1093,.T.);
#1539 = ORIENTED_EDGE('',*,*,#1452,.T.);
#1540 = ADVANCED_FACE('',(#1541),#1138,.F.);
#1541 = FACE_BOUND('',#1542,.F.);
#1542 = EDGE_LOOP('',(#1543,#1544,#1545,#1568));
#1543 = ORIENTED_EDGE('',*,*,#1520,.F.);
#1544 = ORIENTED_EDGE('',*,*,#1121,.T.);
#1545 = ORIENTED_EDGE('',*,*,#1546,.T.);
#1546 = EDGE_CURVE('',#1122,#1547,#1549,.T.);
#1547 = VERTEX_POINT('',#1548);
#1548 = CARTESIAN_POINT('',(47.65,-1.,7.8));
#1549 = SURFACE_CURVE('',#1550,(#1554,#1561),.PCURVE_S1.);
#1550 = LINE('',#1551,#1552);
#1551 = CARTESIAN_POINT('',(47.65,-1.,2.2));
#1552 = VECTOR('',#1553,1.);
#1553 = DIRECTION('',(0.,0.,1.));
#1554 = PCURVE('',#1138,#1555);
#1555 = DEFINITIONAL_REPRESENTATION('',(#1556),#1560);
#1556 = LINE('',#1557,#1558);
#1557 = CARTESIAN_POINT('',(1.570796326795,0.));
#1558 = VECTOR('',#1559,1.);
#1559 = DIRECTION('',(0.,1.));
#1560 = ( GEOMETRIC_REPRESENTATION_CONTEXT(2) 
PARAMETRIC_REPRESENTATION_CONTEXT() REPRESENTATION_CONTEXT('2D SPACE',''
  ) );
#1561 = PCURVE('',#1166,#1562);
#1562 = DEFINITIONAL_REPRESENTATION('',(#1563),#1567);
#1563 = LINE('',#1564,#1565);
#1564 = CARTESIAN_POINT('',(13.4,0.));
#1565 = VECTOR('',#1566,1.);
#1566 = DIRECTION('',(0.,-1.));
#1567 = ( GEOMETRIC_REPRESENTATION_CONTEXT(2) 
PARAMETRIC_REPRESENTATION_CONTEXT() REPRESENTATION_CONTEXT('2D SPACE',''
  ) );
#1568 = ORIENTED_EDGE('',*,*,#1569,.F.);
#1569 = EDGE_CURVE('',#1500,#1547,#1570,.T.);
#1570 = SURFACE_CURVE('',#1571,(#1576,#1583),.PCURVE_S1.);
#1571 = CIRCLE('',#1572,13.4);
#1572 = AXIS2_PLACEMENT_3D('',#1573,#1574,#1575);
#1573 = CARTESIAN_POINT('',(34.25,-1.,7.8));
#1574 = DIRECTION('',(0.,0.,1.));
#1575 = DIRECTION('',(0.,-1.,0.));
#1576 = PCURVE('',#1138,#1577);
#1577 = DEFINITIONAL_REPRESENTATION('',(#1578),#1582);
#1578 = LINE('',#1579,#1580);
#1579 = CARTESIAN_POINT('',(0.,5.6));
#1580 = VECTOR('',#1581,1.);
#1581 = DIRECTION('',(1.,0.));
#1582 = ( GEOMETRIC_REPRESENTATION_CONTEXT(2) 
PARAMETRIC_REPRESENTATION_CONTEXT() REPRESENTATION_CONTEXT('2D SPACE',''
  ) );
#1583 = PCURVE('',#959,#1584);
#1584 = DEFINITIONAL_REPRESENTATION('',(#1585),#1589);
#1585 = CIRCLE('',#1586,13.4);
#1586 = AXIS2_PLACEMENT_2D('',#1587,#1588);
#1587 = CARTESIAN_POINT('',(5.25,-1.));
#1588 = DIRECTION('',(0.,-1.));
#1589 = ( GEOMETRIC_REPRESENTATION_CONTEXT(2) 
PARAMETRIC_REPRESENTATION_CONTEXT() REPRESENTATION_CONTEXT('2D SPACE',''
  ) );
#1590 = ADVANCED_FACE('',(#1591),#1166,.T.);
#1591 = FACE_BOUND('',#1592,.T.);
#1592 = EDGE_LOOP('',(#1593,#1594,#1595,#1617));
#1593 = ORIENTED_EDGE('',*,*,#1150,.F.);
#1594 = ORIENTED_EDGE('',*,*,#1546,.T.);
#1595 = ORIENTED_EDGE('',*,*,#1596,.F.);
#1596 = EDGE_CURVE('',#1597,#1547,#1599,.T.);
#1597 = VERTEX_POINT('',#1598);
#1598 = CARTESIAN_POINT('',(47.65,1.,7.8));
#1599 = SURFACE_CURVE('',#1600,(#1604,#1610),.PCURVE_S1.);
#1600 = LINE('',#1601,#1602);
#1601 = CARTESIAN_POINT('',(47.65,-7.2,7.8));
#1602 = VECTOR('',#1603,1.);
#1603 = DIRECTION('',(0.,-1.,0.));
#1604 = PCURVE('',#1166,#1605);
#1605 = DEFINITIONAL_REPRESENTATION('',(#1606),#1609);
#1606 = B_SPLINE_CURVE_WITH_KNOTS('',1,(#1607,#1608),.UNSPECIFIED.,.F.,
  .F.,(2,2),(-8.2,-6.2),.PIECEWISE_BEZIER_KNOTS.);
#1607 = CARTESIAN_POINT('',(15.4,-5.6));
#1608 = CARTESIAN_POINT('',(13.4,-5.6));
#1609 = ( GEOMETRIC_REPRESENTATION_CONTEXT(2) 
PARAMETRIC_REPRESENTATION_CONTEXT() REPRESENTATION_CONTEXT('2D SPACE',''
  ) );
#1610 = PCURVE('',#959,#1611);
#1611 = DEFINITIONAL_REPRESENTATION('',(#1612),#1616);
#1612 = LINE('',#1613,#1614);
#1613 = CARTESIAN_POINT('',(18.65,-7.2));
#1614 = VECTOR('',#1615,1.);
#1615 = DIRECTION('',(0.,-1.));
#1616 = ( GEOMETRIC_REPRESENTATION_CONTEXT(2) 
PARAMETRIC_REPRESENTATION_CONTEXT() REPRESENTATION_CONTEXT('2D SPACE',''
  ) );
#1617 = ORIENTED_EDGE('',*,*,#1618,.F.);
#1618 = EDGE_CURVE('',#1151,#1597,#1619,.T.);
#1619 = SURFACE_CURVE('',#1620,(#1624,#1631),.PCURVE_S1.);
#1620 = LINE('',#1621,#1622);
#1621 = CARTESIAN_POINT('',(47.65,1.,2.2));
#1622 = VECTOR('',#1623,1.);
#1623 = DIRECTION('',(0.,0.,1.));
#1624 = PCURVE('',#1166,#1625);
#1625 = DEFINITIONAL_REPRESENTATION('',(#1626),#1630);
#1626 = LINE('',#1627,#1628);
#1627 = CARTESIAN_POINT('',(15.4,0.));
#1628 = VECTOR('',#1629,1.);
#1629 = DIRECTION('',(0.,-1.));
#1630 = ( GEOMETRIC_REPRESENTATION_CONTEXT(2) 
PARAMETRIC_REPRESENTATION_CONTEXT() REPRESENTATION_CONTEXT('2D SPACE',''
  ) );
#1631 = PCURVE('',#1195,#1632);
#1632 = DEFINITIONAL_REPRESENTATION('',(#1633),#1637);
#1633 = LINE('',#1634,#1635);
#1634 = CARTESIAN_POINT('',(0.,0.));
#1635 = VECTOR('',#1636,1.);
#1636 = DIRECTION('',(0.,1.));
#1637 = ( GEOMETRIC_REPRESENTATION_CONTEXT(2) 
PARAMETRIC_REPRESENTATION_CONTEXT() REPRESENTATION_CONTEXT('2D SPACE',''
  ) );
#1638 = ADVANCED_FACE('',(#1639),#1195,.F.);
#1639 = FACE_BOUND('',#1640,.F.);
#1640 = EDGE_LOOP('',(#1641,#1642,#1643,#1664));
#1641 = ORIENTED_EDGE('',*,*,#1618,.F.);
#1642 = ORIENTED_EDGE('',*,*,#1178,.T.);
#1643 = ORIENTED_EDGE('',*,*,#1644,.T.);
#1644 = EDGE_CURVE('',#1179,#1645,#1647,.T.);
#1645 = VERTEX_POINT('',#1646);
#1646 = CARTESIAN_POINT('',(35.,14.378994730547,7.8));
#1647 = SURFACE_CURVE('',#1648,(#1652,#1658),.PCURVE_S1.);
#1648 = LINE('',#1649,#1650);
#1649 = CARTESIAN_POINT('',(35.,14.378994730547,2.2));
#1650 = VECTOR('',#1651,1.);
#1651 = DIRECTION('',(0.,0.,1.));
#1652 = PCURVE('',#1195,#1653);
#1653 = DEFINITIONAL_REPRESENTATION('',(#1654),#1657);
#1654 = B_SPLINE_CURVE_WITH_KNOTS('',1,(#1655,#1656),.UNSPECIFIED.,.F.,
  .F.,(2,2),(-5.999999999062E-07,5.6000006),.PIECEWISE_BEZIER_KNOTS.);
#1655 = CARTESIAN_POINT('',(1.514796913717,-5.999999999062E-07));
#1656 = CARTESIAN_POINT('',(1.514796913717,5.6000006));
#1657 = ( GEOMETRIC_REPRESENTATION_CONTEXT(2) 
PARAMETRIC_REPRESENTATION_CONTEXT() REPRESENTATION_CONTEXT('2D SPACE',''
  ) );
#1658 = PCURVE('',#1223,#1659);
#1659 = DEFINITIONAL_REPRESENTATION('',(#1660),#1663);
#1660 = B_SPLINE_CURVE_WITH_KNOTS('',1,(#1661,#1662),.UNSPECIFIED.,.F.,
  .F.,(2,2),(-5.999999999062E-07,5.6000006),.PIECEWISE_BEZIER_KNOTS.);
#1661 = CARTESIAN_POINT('',(-5.999999999062E-07,-0.978994730547));
#1662 = CARTESIAN_POINT('',(5.6000006,-0.978994730547));
#1663 = ( GEOMETRIC_REPRESENTATION_CONTEXT(2) 
PARAMETRIC_REPRESENTATION_CONTEXT() REPRESENTATION_CONTEXT('2D SPACE',''
  ) );
#1664 = ORIENTED_EDGE('',*,*,#1665,.F.);
#1665 = EDGE_CURVE('',#1597,#1645,#1666,.T.);
#1666 = SURFACE_CURVE('',#1667,(#1672,#1679),.PCURVE_S1.);
#1667 = CIRCLE('',#1668,13.4);
#1668 = AXIS2_PLACEMENT_3D('',#1669,#1670,#1671);
#1669 = CARTESIAN_POINT('',(34.25,1.,7.8));
#1670 = DIRECTION('',(0.,0.,1.));
#1671 = DIRECTION('',(1.,0.,-0.));
#1672 = PCURVE('',#1195,#1673);
#1673 = DEFINITIONAL_REPRESENTATION('',(#1674),#1678);
#1674 = LINE('',#1675,#1676);
#1675 = CARTESIAN_POINT('',(0.,5.6));
#1676 = VECTOR('',#1677,1.);
#1677 = DIRECTION('',(1.,0.));
#1678 = ( GEOMETRIC_REPRESENTATION_CONTEXT(2) 
PARAMETRIC_REPRESENTATION_CONTEXT() REPRESENTATION_CONTEXT('2D SPACE',''
  ) );
#1679 = PCURVE('',#959,#1680);
#1680 = DEFINITIONAL_REPRESENTATION('',(#1681),#1685);
#1681 = CIRCLE('',#1682,13.4);
#1682 = AXIS2_PLACEMENT_2D('',#1683,#1684);
#1683 = CARTESIAN_POINT('',(5.25,1.));
#1684 = DIRECTION('',(1.,0.));
#1685 = ( GEOMETRIC_REPRESENTATION_CONTEXT(2) 
PARAMETRIC_REPRESENTATION_CONTEXT() REPRESENTATION_CONTEXT('2D SPACE',''
  ) );
#1686 = ADVANCED_FACE('',(#1687),#1223,.T.);
#1687 = FACE_BOUND('',#1688,.T.);
#1688 = EDGE_LOOP('',(#1689,#1710,#1731,#1732));
#1689 = ORIENTED_EDGE('',*,*,#1690,.T.);
#1690 = EDGE_CURVE('',#1645,#1691,#1693,.T.);
#1691 = VERTEX_POINT('',#1692);
#1692 = CARTESIAN_POINT('',(35.,13.4,7.8));
#1693 = SURFACE_CURVE('',#1694,(#1698,#1704),.PCURVE_S1.);
#1694 = LINE('',#1695,#1696);
#1695 = CARTESIAN_POINT('',(35.,6.7,7.8));
#1696 = VECTOR('',#1697,1.);
#1697 = DIRECTION('',(0.,-1.,0.));
#1698 = PCURVE('',#1223,#1699);
#1699 = DEFINITIONAL_REPRESENTATION('',(#1700),#1703);
#1700 = B_SPLINE_CURVE_WITH_KNOTS('',1,(#1701,#1702),.UNSPECIFIED.,.F.,
  .F.,(2,2),(-8.4,-6.7),.PIECEWISE_BEZIER_KNOTS.);
#1701 = CARTESIAN_POINT('',(5.6,-1.7));
#1702 = CARTESIAN_POINT('',(5.6,0.));
#1703 = ( GEOMETRIC_REPRESENTATION_CONTEXT(2) 
PARAMETRIC_REPRESENTATION_CONTEXT() REPRESENTATION_CONTEXT('2D SPACE',''
  ) );
#1704 = PCURVE('',#959,#1705);
#1705 = DEFINITIONAL_REPRESENTATION('',(#1706),#1709);
#1706 = B_SPLINE_CURVE_WITH_KNOTS('',1,(#1707,#1708),.UNSPECIFIED.,.F.,
  .F.,(2,2),(-8.4,-6.7),.PIECEWISE_BEZIER_KNOTS.);
#1707 = CARTESIAN_POINT('',(6.,15.1));
#1708 = CARTESIAN_POINT('',(6.,13.4));
#1709 = ( GEOMETRIC_REPRESENTATION_CONTEXT(2) 
PARAMETRIC_REPRESENTATION_CONTEXT() REPRESENTATION_CONTEXT('2D SPACE',''
  ) );
#1710 = ORIENTED_EDGE('',*,*,#1711,.F.);
#1711 = EDGE_CURVE('',#1208,#1691,#1712,.T.);
#1712 = SURFACE_CURVE('',#1713,(#1717,#1724),.PCURVE_S1.);
#1713 = LINE('',#1714,#1715);
#1714 = CARTESIAN_POINT('',(35.,13.4,2.2));
#1715 = VECTOR('',#1716,1.);
#1716 = DIRECTION('',(0.,0.,1.));
#1717 = PCURVE('',#1223,#1718);
#1718 = DEFINITIONAL_REPRESENTATION('',(#1719),#1723);
#1719 = LINE('',#1720,#1721);
#1720 = CARTESIAN_POINT('',(0.,0.));
#1721 = VECTOR('',#1722,1.);
#1722 = DIRECTION('',(1.,0.));
#1723 = ( GEOMETRIC_REPRESENTATION_CONTEXT(2) 
PARAMETRIC_REPRESENTATION_CONTEXT() REPRESENTATION_CONTEXT('2D SPACE',''
  ) );
#1724 = PCURVE('',#1251,#1725);
#1725 = DEFINITIONAL_REPRESENTATION('',(#1726),#1730);
#1726 = LINE('',#1727,#1728);
#1727 = CARTESIAN_POINT('',(0.,1.));
#1728 = VECTOR('',#1729,1.);
#1729 = DIRECTION('',(1.,0.));
#1730 = ( GEOMETRIC_REPRESENTATION_CONTEXT(2) 
PARAMETRIC_REPRESENTATION_CONTEXT() REPRESENTATION_CONTEXT('2D SPACE',''
  ) );
#1731 = ORIENTED_EDGE('',*,*,#1207,.T.);
#1732 = ORIENTED_EDGE('',*,*,#1644,.T.);
#1733 = ADVANCED_FACE('',(#1734),#1251,.F.);
#1734 = FACE_BOUND('',#1735,.F.);
#1735 = EDGE_LOOP('',(#1736,#1737,#1738,#1761));
#1736 = ORIENTED_EDGE('',*,*,#1711,.F.);
#1737 = ORIENTED_EDGE('',*,*,#1235,.F.);
#1738 = ORIENTED_EDGE('',*,*,#1739,.T.);
#1739 = EDGE_CURVE('',#1236,#1740,#1742,.T.);
#1740 = VERTEX_POINT('',#1741);
#1741 = CARTESIAN_POINT('',(34.,13.4,7.8));
#1742 = SURFACE_CURVE('',#1743,(#1747,#1754),.PCURVE_S1.);
#1743 = LINE('',#1744,#1745);
#1744 = CARTESIAN_POINT('',(34.,13.4,2.2));
#1745 = VECTOR('',#1746,1.);
#1746 = DIRECTION('',(0.,0.,1.));
#1747 = PCURVE('',#1251,#1748);
#1748 = DEFINITIONAL_REPRESENTATION('',(#1749),#1753);
#1749 = LINE('',#1750,#1751);
#1750 = CARTESIAN_POINT('',(0.,0.));
#1751 = VECTOR('',#1752,1.);
#1752 = DIRECTION('',(1.,0.));
#1753 = ( GEOMETRIC_REPRESENTATION_CONTEXT(2) 
PARAMETRIC_REPRESENTATION_CONTEXT() REPRESENTATION_CONTEXT('2D SPACE',''
  ) );
#1754 = PCURVE('',#1279,#1755);
#1755 = DEFINITIONAL_REPRESENTATION('',(#1756),#1760);
#1756 = LINE('',#1757,#1758);
#1757 = CARTESIAN_POINT('',(0.,0.));
#1758 = VECTOR('',#1759,1.);
#1759 = DIRECTION('',(1.,0.));
#1760 = ( GEOMETRIC_REPRESENTATION_CONTEXT(2) 
PARAMETRIC_REPRESENTATION_CONTEXT() REPRESENTATION_CONTEXT('2D SPACE',''
  ) );
#1761 = ORIENTED_EDGE('',*,*,#1762,.T.);
#1762 = EDGE_CURVE('',#1740,#1691,#1763,.T.);
#1763 = SURFACE_CURVE('',#1764,(#1768,#1774),.PCURVE_S1.);
#1764 = LINE('',#1765,#1766);
#1765 = CARTESIAN_POINT('',(31.5,13.4,7.8));
#1766 = VECTOR('',#1767,1.);
#1767 = DIRECTION('',(1.,0.,0.));
#1768 = PCURVE('',#1251,#1769);
#1769 = DEFINITIONAL_REPRESENTATION('',(#1770),#1773);
#1770 = B_SPLINE_CURVE_WITH_KNOTS('',1,(#1771,#1772),.UNSPECIFIED.,.F.,
  .F.,(2,2),(2.5,3.5),.PIECEWISE_BEZIER_KNOTS.);
#1771 = CARTESIAN_POINT('',(5.6,0.));
#1772 = CARTESIAN_POINT('',(5.6,1.));
#1773 = ( GEOMETRIC_REPRESENTATION_CONTEXT(2) 
PARAMETRIC_REPRESENTATION_CONTEXT() REPRESENTATION_CONTEXT('2D SPACE',''
  ) );
#1774 = PCURVE('',#959,#1775);
#1775 = DEFINITIONAL_REPRESENTATION('',(#1776),#1779);
#1776 = B_SPLINE_CURVE_WITH_KNOTS('',1,(#1777,#1778),.UNSPECIFIED.,.F.,
  .F.,(2,2),(2.5,3.5),.PIECEWISE_BEZIER_KNOTS.);
#1777 = CARTESIAN_POINT('',(5.,13.4));
#1778 = CARTESIAN_POINT('',(6.,13.4));
#1779 = ( GEOMETRIC_REPRESENTATION_CONTEXT(2) 
PARAMETRIC_REPRESENTATION_CONTEXT() REPRESENTATION_CONTEXT('2D SPACE',''
  ) );
#1780 = ADVANCED_FACE('',(#1781),#1279,.F.);
#1781 = FACE_BOUND('',#1782,.F.);
#1782 = EDGE_LOOP('',(#1783,#1804,#1805,#1806));
#1783 = ORIENTED_EDGE('',*,*,#1784,.T.);
#1784 = EDGE_CURVE('',#1785,#1740,#1787,.T.);
#1785 = VERTEX_POINT('',#1786);
#1786 = CARTESIAN_POINT('',(34.,14.4,7.8));
#1787 = SURFACE_CURVE('',#1788,(#1792,#1798),.PCURVE_S1.);
#1788 = LINE('',#1789,#1790);
#1789 = CARTESIAN_POINT('',(34.,6.7,7.8));
#1790 = VECTOR('',#1791,1.);
#1791 = DIRECTION('',(0.,-1.,0.));
#1792 = PCURVE('',#1279,#1793);
#1793 = DEFINITIONAL_REPRESENTATION('',(#1794),#1797);
#1794 = B_SPLINE_CURVE_WITH_KNOTS('',1,(#1795,#1796),.UNSPECIFIED.,.F.,
  .F.,(2,2),(-8.4,-6.7),.PIECEWISE_BEZIER_KNOTS.);
#1795 = CARTESIAN_POINT('',(5.6,-1.7));
#1796 = CARTESIAN_POINT('',(5.6,0.));
#1797 = ( GEOMETRIC_REPRESENTATION_CONTEXT(2) 
PARAMETRIC_REPRESENTATION_CONTEXT() REPRESENTATION_CONTEXT('2D SPACE',''
  ) );
#1798 = PCURVE('',#959,#1799);
#1799 = DEFINITIONAL_REPRESENTATION('',(#1800),#1803);
#1800 = B_SPLINE_CURVE_WITH_KNOTS('',1,(#1801,#1802),.UNSPECIFIED.,.F.,
  .F.,(2,2),(-8.4,-6.7),.PIECEWISE_BEZIER_KNOTS.);
#1801 = CARTESIAN_POINT('',(5.,15.1));
#1802 = CARTESIAN_POINT('',(5.,13.4));
#1803 = ( GEOMETRIC_REPRESENTATION_CONTEXT(2) 
PARAMETRIC_REPRESENTATION_CONTEXT() REPRESENTATION_CONTEXT('2D SPACE',''
  ) );
#1804 = ORIENTED_EDGE('',*,*,#1739,.F.);
#1805 = ORIENTED_EDGE('',*,*,#1263,.T.);
#1806 = ORIENTED_EDGE('',*,*,#1807,.T.);
#1807 = EDGE_CURVE('',#1264,#1785,#1808,.T.);
#1808 = SURFACE_CURVE('',#1809,(#1813,#1819),.PCURVE_S1.);
#1809 = LINE('',#1810,#1811);
#1810 = CARTESIAN_POINT('',(34.,14.4,2.2));
#1811 = VECTOR('',#1812,1.);
#1812 = DIRECTION('',(-0.,0.,1.));
#1813 = PCURVE('',#1279,#1814);
#1814 = DEFINITIONAL_REPRESENTATION('',(#1815),#1818);
#1815 = B_SPLINE_CURVE_WITH_KNOTS('',1,(#1816,#1817),.UNSPECIFIED.,.F.,
  .F.,(2,2),(0.,5.6),.PIECEWISE_BEZIER_KNOTS.);
#1816 = CARTESIAN_POINT('',(0.,-1.));
#1817 = CARTESIAN_POINT('',(5.6,-1.));
#1818 = ( GEOMETRIC_REPRESENTATION_CONTEXT(2) 
PARAMETRIC_REPRESENTATION_CONTEXT() REPRESENTATION_CONTEXT('2D SPACE',''
  ) );
#1819 = PCURVE('',#800,#1820);
#1820 = DEFINITIONAL_REPRESENTATION('',(#1821),#1824);
#1821 = B_SPLINE_CURVE_WITH_KNOTS('',1,(#1822,#1823),.UNSPECIFIED.,.F.,
  .F.,(2,2),(0.,5.6),.PIECEWISE_BEZIER_KNOTS.);
#1822 = CARTESIAN_POINT('',(13.65,0.));
#1823 = CARTESIAN_POINT('',(13.65,-5.6));
#1824 = ( GEOMETRIC_REPRESENTATION_CONTEXT(2) 
PARAMETRIC_REPRESENTATION_CONTEXT() REPRESENTATION_CONTEXT('2D SPACE',''
  ) );
#1825 = ADVANCED_FACE('',(#1826),#997,.F.);
#1826 = FACE_BOUND('',#1827,.T.);
#1827 = EDGE_LOOP('',(#1828,#1829,#1830,#1853,#1877,#1898,#1922,#1945));
#1828 = ORIENTED_EDGE('',*,*,#1338,.F.);
#1829 = ORIENTED_EDGE('',*,*,#974,.T.);
#1830 = ORIENTED_EDGE('',*,*,#1831,.T.);
#1831 = EDGE_CURVE('',#977,#1832,#1834,.T.);
#1832 = VERTEX_POINT('',#1833);
#1833 = CARTESIAN_POINT('',(15.35,-1.,3.8));
#1834 = SURFACE_CURVE('',#1835,(#1839,#1846),.PCURVE_S1.);
#1835 = LINE('',#1836,#1837);
#1836 = CARTESIAN_POINT('',(15.35,-1.,2.2));
#1837 = VECTOR('',#1838,1.);
#1838 = DIRECTION('',(0.,0.,1.));
#1839 = PCURVE('',#997,#1840);
#1840 = DEFINITIONAL_REPRESENTATION('',(#1841),#1845);
#1841 = LINE('',#1842,#1843);
#1842 = CARTESIAN_POINT('',(-1.570796326795,0.));
#1843 = VECTOR('',#1844,1.);
#1844 = DIRECTION('',(-0.,1.));
#1845 = ( GEOMETRIC_REPRESENTATION_CONTEXT(2) 
PARAMETRIC_REPRESENTATION_CONTEXT() REPRESENTATION_CONTEXT('2D SPACE',''
  ) );
#1846 = PCURVE('',#857,#1847);
#1847 = DEFINITIONAL_REPRESENTATION('',(#1848),#1852);
#1848 = LINE('',#1849,#1850);
#1849 = CARTESIAN_POINT('',(15.4,0.));
#1850 = VECTOR('',#1851,1.);
#1851 = DIRECTION('',(0.,-1.));
#1852 = ( GEOMETRIC_REPRESENTATION_CONTEXT(2) 
PARAMETRIC_REPRESENTATION_CONTEXT() REPRESENTATION_CONTEXT('2D SPACE',''
  ) );
#1853 = ORIENTED_EDGE('',*,*,#1854,.T.);
#1854 = EDGE_CURVE('',#1832,#1855,#1857,.T.);
#1855 = VERTEX_POINT('',#1856);
#1856 = CARTESIAN_POINT('',(15.960942177001,-5.,3.8));
#1857 = SURFACE_CURVE('',#1858,(#1863,#1870),.PCURVE_S1.);
#1858 = CIRCLE('',#1859,13.4);
#1859 = AXIS2_PLACEMENT_3D('',#1860,#1861,#1862);
#1860 = CARTESIAN_POINT('',(28.75,-1.,3.8));
#1861 = DIRECTION('',(0.,0.,1.));
#1862 = DIRECTION('',(0.,-1.,0.));
#1863 = PCURVE('',#997,#1864);
#1864 = DEFINITIONAL_REPRESENTATION('',(#1865),#1869);
#1865 = LINE('',#1866,#1867);
#1866 = CARTESIAN_POINT('',(-6.28318530718,1.6));
#1867 = VECTOR('',#1868,1.);
#1868 = DIRECTION('',(1.,-0.));
#1869 = ( GEOMETRIC_REPRESENTATION_CONTEXT(2) 
PARAMETRIC_REPRESENTATION_CONTEXT() REPRESENTATION_CONTEXT('2D SPACE',''
  ) );
#1870 = PCURVE('',#615,#1871);
#1871 = DEFINITIONAL_REPRESENTATION('',(#1872),#1876);
#1872 = CIRCLE('',#1873,13.4);
#1873 = AXIS2_PLACEMENT_2D('',#1874,#1875);
#1874 = CARTESIAN_POINT('',(28.77,4.));
#1875 = DIRECTION('',(0.,-1.));
#1876 = ( GEOMETRIC_REPRESENTATION_CONTEXT(2) 
PARAMETRIC_REPRESENTATION_CONTEXT() REPRESENTATION_CONTEXT('2D SPACE',''
  ) );
#1877 = ORIENTED_EDGE('',*,*,#1878,.T.);
#1878 = EDGE_CURVE('',#1855,#1879,#1881,.T.);
#1879 = VERTEX_POINT('',#1880);
#1880 = CARTESIAN_POINT('',(15.960942177001,-5.,6.6));
#1881 = SURFACE_CURVE('',#1882,(#1886,#1892),.PCURVE_S1.);
#1882 = LINE('',#1883,#1884);
#1883 = CARTESIAN_POINT('',(15.960942177001,-5.,2.2));
#1884 = VECTOR('',#1885,1.);
#1885 = DIRECTION('',(0.,0.,1.));
#1886 = PCURVE('',#997,#1887);
#1887 = DEFINITIONAL_REPRESENTATION('',(#1888),#1891);
#1888 = B_SPLINE_CURVE_WITH_KNOTS('',1,(#1889,#1890),.UNSPECIFIED.,.F.,
  .F.,(2,2),(1.32,4.68),.PIECEWISE_BEZIER_KNOTS.);
#1889 = CARTESIAN_POINT('',(-1.267667892912,1.32));
#1890 = CARTESIAN_POINT('',(-1.267667892912,4.68));
#1891 = ( GEOMETRIC_REPRESENTATION_CONTEXT(2) 
PARAMETRIC_REPRESENTATION_CONTEXT() REPRESENTATION_CONTEXT('2D SPACE',''
  ) );
#1892 = PCURVE('',#642,#1893);
#1893 = DEFINITIONAL_REPRESENTATION('',(#1894),#1897);
#1894 = B_SPLINE_CURVE_WITH_KNOTS('',1,(#1895,#1896),.UNSPECIFIED.,.F.,
  .F.,(2,2),(1.32,4.68),.PIECEWISE_BEZIER_KNOTS.);
#1895 = CARTESIAN_POINT('',(-0.28,15.980942177001));
#1896 = CARTESIAN_POINT('',(3.08,15.980942177001));
#1897 = ( GEOMETRIC_REPRESENTATION_CONTEXT(2) 
PARAMETRIC_REPRESENTATION_CONTEXT() REPRESENTATION_CONTEXT('2D SPACE',''
  ) );
#1898 = ORIENTED_EDGE('',*,*,#1899,.F.);
#1899 = EDGE_CURVE('',#1900,#1879,#1902,.T.);
#1900 = VERTEX_POINT('',#1901);
#1901 = CARTESIAN_POINT('',(15.35,-1.,6.6));
#1902 = SURFACE_CURVE('',#1903,(#1908,#1915),.PCURVE_S1.);
#1903 = CIRCLE('',#1904,13.4);
#1904 = AXIS2_PLACEMENT_3D('',#1905,#1906,#1907);
#1905 = CARTESIAN_POINT('',(28.75,-1.,6.6));
#1906 = DIRECTION('',(0.,0.,1.));
#1907 = DIRECTION('',(0.,-1.,0.));
#1908 = PCURVE('',#997,#1909);
#1909 = DEFINITIONAL_REPRESENTATION('',(#1910),#1914);
#1910 = LINE('',#1911,#1912);
#1911 = CARTESIAN_POINT('',(-6.28318530718,4.4));
#1912 = VECTOR('',#1913,1.);
#1913 = DIRECTION('',(1.,-0.));
#1914 = ( GEOMETRIC_REPRESENTATION_CONTEXT(2) 
PARAMETRIC_REPRESENTATION_CONTEXT() REPRESENTATION_CONTEXT('2D SPACE',''
  ) );
#1915 = PCURVE('',#669,#1916);
#1916 = DEFINITIONAL_REPRESENTATION('',(#1917),#1921);
#1917 = CIRCLE('',#1918,13.4);
#1918 = AXIS2_PLACEMENT_2D('',#1919,#1920);
#1919 = CARTESIAN_POINT('',(28.77,4.));
#1920 = DIRECTION('',(0.,-1.));
#1921 = ( GEOMETRIC_REPRESENTATION_CONTEXT(2) 
PARAMETRIC_REPRESENTATION_CONTEXT() REPRESENTATION_CONTEXT('2D SPACE',''
  ) );
#1922 = ORIENTED_EDGE('',*,*,#1923,.T.);
#1923 = EDGE_CURVE('',#1900,#1924,#1926,.T.);
#1924 = VERTEX_POINT('',#1925);
#1925 = CARTESIAN_POINT('',(15.35,-1.,7.8));
#1926 = SURFACE_CURVE('',#1927,(#1931,#1938),.PCURVE_S1.);
#1927 = LINE('',#1928,#1929);
#1928 = CARTESIAN_POINT('',(15.35,-1.,2.2));
#1929 = VECTOR('',#1930,1.);
#1930 = DIRECTION('',(0.,0.,1.));
#1931 = PCURVE('',#997,#1932);
#1932 = DEFINITIONAL_REPRESENTATION('',(#1933),#1937);
#1933 = LINE('',#1934,#1935);
#1934 = CARTESIAN_POINT('',(-1.570796326795,0.));
#1935 = VECTOR('',#1936,1.);
#1936 = DIRECTION('',(-0.,1.));
#1937 = ( GEOMETRIC_REPRESENTATION_CONTEXT(2) 
PARAMETRIC_REPRESENTATION_CONTEXT() REPRESENTATION_CONTEXT('2D SPACE',''
  ) );
#1938 = PCURVE('',#932,#1939);
#1939 = DEFINITIONAL_REPRESENTATION('',(#1940),#1944);
#1940 = LINE('',#1941,#1942);
#1941 = CARTESIAN_POINT('',(15.4,0.));
#1942 = VECTOR('',#1943,1.);
#1943 = DIRECTION('',(0.,-1.));
#1944 = ( GEOMETRIC_REPRESENTATION_CONTEXT(2) 
PARAMETRIC_REPRESENTATION_CONTEXT() REPRESENTATION_CONTEXT('2D SPACE',''
  ) );
#1945 = ORIENTED_EDGE('',*,*,#1946,.T.);
#1946 = EDGE_CURVE('',#1924,#1339,#1947,.T.);
#1947 = SURFACE_CURVE('',#1948,(#1953,#1960),.PCURVE_S1.);
#1948 = CIRCLE('',#1949,13.4);
#1949 = AXIS2_PLACEMENT_3D('',#1950,#1951,#1952);
#1950 = CARTESIAN_POINT('',(28.75,-1.,7.8));
#1951 = DIRECTION('',(0.,0.,1.));
#1952 = DIRECTION('',(0.,-1.,0.));
#1953 = PCURVE('',#997,#1954);
#1954 = DEFINITIONAL_REPRESENTATION('',(#1955),#1959);
#1955 = LINE('',#1956,#1957);
#1956 = CARTESIAN_POINT('',(-6.28318530718,5.6));
#1957 = VECTOR('',#1958,1.);
#1958 = DIRECTION('',(1.,-0.));
#1959 = ( GEOMETRIC_REPRESENTATION_CONTEXT(2) 
PARAMETRIC_REPRESENTATION_CONTEXT() REPRESENTATION_CONTEXT('2D SPACE',''
  ) );
#1960 = PCURVE('',#959,#1961);
#1961 = DEFINITIONAL_REPRESENTATION('',(#1962),#1966);
#1962 = CIRCLE('',#1963,13.4);
#1963 = AXIS2_PLACEMENT_2D('',#1964,#1965);
#1964 = CARTESIAN_POINT('',(-0.25,-1.));
#1965 = DIRECTION('',(0.,-1.));
#1966 = ( GEOMETRIC_REPRESENTATION_CONTEXT(2) 
PARAMETRIC_REPRESENTATION_CONTEXT() REPRESENTATION_CONTEXT('2D SPACE',''
  ) );
#1967 = ADVANCED_FACE('',(#1968),#857,.T.);
#1968 = FACE_BOUND('',#1969,.T.);
#1969 = EDGE_LOOP('',(#1970,#1971,#1972,#1991));
#1970 = ORIENTED_EDGE('',*,*,#1313,.F.);
#1971 = ORIENTED_EDGE('',*,*,#841,.T.);
#1972 = ORIENTED_EDGE('',*,*,#1973,.T.);
#1973 = EDGE_CURVE('',#842,#1832,#1974,.T.);
#1974 = SURFACE_CURVE('',#1975,(#1979,#1985),.PCURVE_S1.);
#1975 = LINE('',#1976,#1977);
#1976 = CARTESIAN_POINT('',(15.35,4.7,3.8));
#1977 = VECTOR('',#1978,1.);
#1978 = DIRECTION('',(0.,-1.,0.));
#1979 = PCURVE('',#857,#1980);
#1980 = DEFINITIONAL_REPRESENTATION('',(#1981),#1984);
#1981 = B_SPLINE_CURVE_WITH_KNOTS('',1,(#1982,#1983),.UNSPECIFIED.,.F.,
  .F.,(2,2),(3.7,5.7),.PIECEWISE_BEZIER_KNOTS.);
#1982 = CARTESIAN_POINT('',(13.4,-1.6));
#1983 = CARTESIAN_POINT('',(15.4,-1.6));
#1984 = ( GEOMETRIC_REPRESENTATION_CONTEXT(2) 
PARAMETRIC_REPRESENTATION_CONTEXT() REPRESENTATION_CONTEXT('2D SPACE',''
  ) );
#1985 = PCURVE('',#615,#1986);
#1986 = DEFINITIONAL_REPRESENTATION('',(#1987),#1990);
#1987 = B_SPLINE_CURVE_WITH_KNOTS('',1,(#1988,#1989),.UNSPECIFIED.,.F.,
  .F.,(2,2),(3.7,5.7),.PIECEWISE_BEZIER_KNOTS.);
#1988 = CARTESIAN_POINT('',(15.37,6.));
#1989 = CARTESIAN_POINT('',(15.37,4.));
#1990 = ( GEOMETRIC_REPRESENTATION_CONTEXT(2) 
PARAMETRIC_REPRESENTATION_CONTEXT() REPRESENTATION_CONTEXT('2D SPACE',''
  ) );
#1991 = ORIENTED_EDGE('',*,*,#1831,.F.);
#1992 = ADVANCED_FACE('',(#1993),#932,.T.);
#1993 = FACE_BOUND('',#1994,.T.);
#1994 = EDGE_LOOP('',(#1995,#2014,#2015,#2035));
#1995 = ORIENTED_EDGE('',*,*,#1996,.F.);
#1996 = EDGE_CURVE('',#893,#1900,#1997,.T.);
#1997 = SURFACE_CURVE('',#1998,(#2002,#2008),.PCURVE_S1.);
#1998 = LINE('',#1999,#2000);
#1999 = CARTESIAN_POINT('',(15.35,4.7,6.6));
#2000 = VECTOR('',#2001,1.);
#2001 = DIRECTION('',(0.,-1.,0.));
#2002 = PCURVE('',#932,#2003);
#2003 = DEFINITIONAL_REPRESENTATION('',(#2004),#2007);
#2004 = B_SPLINE_CURVE_WITH_KNOTS('',1,(#2005,#2006),.UNSPECIFIED.,.F.,
  .F.,(2,2),(3.7,5.7),.PIECEWISE_BEZIER_KNOTS.);
#2005 = CARTESIAN_POINT('',(13.4,-4.4));
#2006 = CARTESIAN_POINT('',(15.4,-4.4));
#2007 = ( GEOMETRIC_REPRESENTATION_CONTEXT(2) 
PARAMETRIC_REPRESENTATION_CONTEXT() REPRESENTATION_CONTEXT('2D SPACE',''
  ) );
#2008 = PCURVE('',#669,#2009);
#2009 = DEFINITIONAL_REPRESENTATION('',(#2010),#2013);
#2010 = B_SPLINE_CURVE_WITH_KNOTS('',1,(#2011,#2012),.UNSPECIFIED.,.F.,
  .F.,(2,2),(3.7,5.7),.PIECEWISE_BEZIER_KNOTS.);
#2011 = CARTESIAN_POINT('',(15.37,6.));
#2012 = CARTESIAN_POINT('',(15.37,4.));
#2013 = ( GEOMETRIC_REPRESENTATION_CONTEXT(2) 
PARAMETRIC_REPRESENTATION_CONTEXT() REPRESENTATION_CONTEXT('2D SPACE',''
  ) );
#2014 = ORIENTED_EDGE('',*,*,#916,.T.);
#2015 = ORIENTED_EDGE('',*,*,#2016,.F.);
#2016 = EDGE_CURVE('',#1924,#917,#2017,.T.);
#2017 = SURFACE_CURVE('',#2018,(#2022,#2028),.PCURVE_S1.);
#2018 = LINE('',#2019,#2020);
#2019 = CARTESIAN_POINT('',(15.35,7.2,7.8));
#2020 = VECTOR('',#2021,1.);
#2021 = DIRECTION('',(-0.,1.,0.));
#2022 = PCURVE('',#932,#2023);
#2023 = DEFINITIONAL_REPRESENTATION('',(#2024),#2027);
#2024 = B_SPLINE_CURVE_WITH_KNOTS('',1,(#2025,#2026),.UNSPECIFIED.,.F.,
  .F.,(2,2),(-8.2,-6.2),.PIECEWISE_BEZIER_KNOTS.);
#2025 = CARTESIAN_POINT('',(15.4,-5.6));
#2026 = CARTESIAN_POINT('',(13.4,-5.6));
#2027 = ( GEOMETRIC_REPRESENTATION_CONTEXT(2) 
PARAMETRIC_REPRESENTATION_CONTEXT() REPRESENTATION_CONTEXT('2D SPACE',''
  ) );
#2028 = PCURVE('',#959,#2029);
#2029 = DEFINITIONAL_REPRESENTATION('',(#2030),#2034);
#2030 = LINE('',#2031,#2032);
#2031 = CARTESIAN_POINT('',(-13.65,7.2));
#2032 = VECTOR('',#2033,1.);
#2033 = DIRECTION('',(0.,1.));
#2034 = ( GEOMETRIC_REPRESENTATION_CONTEXT(2) 
PARAMETRIC_REPRESENTATION_CONTEXT() REPRESENTATION_CONTEXT('2D SPACE',''
  ) );
#2035 = ORIENTED_EDGE('',*,*,#1923,.F.);
#2036 = ADVANCED_FACE('',(#2037,#2072,#2302,#2532),#959,.F.);
#2037 = FACE_BOUND('',#2038,.F.);
#2038 = EDGE_LOOP('',(#2039,#2040,#2041,#2042,#2043,#2044,#2045,#2046,
    #2066,#2067,#2068,#2069,#2070,#2071));
#2039 = ORIENTED_EDGE('',*,*,#1499,.T.);
#2040 = ORIENTED_EDGE('',*,*,#1569,.T.);
#2041 = ORIENTED_EDGE('',*,*,#1596,.F.);
#2042 = ORIENTED_EDGE('',*,*,#1665,.T.);
#2043 = ORIENTED_EDGE('',*,*,#1690,.T.);
#2044 = ORIENTED_EDGE('',*,*,#1762,.F.);
#2045 = ORIENTED_EDGE('',*,*,#1784,.F.);
#2046 = ORIENTED_EDGE('',*,*,#2047,.F.);
#2047 = EDGE_CURVE('',#785,#1785,#2048,.T.);
#2048 = SURFACE_CURVE('',#2049,(#2053,#2060),.PCURVE_S1.);
#2049 = LINE('',#2050,#2051);
#2050 = CARTESIAN_POINT('',(38.325,14.4,7.8));
#2051 = VECTOR('',#2052,1.);
#2052 = DIRECTION('',(1.,0.,-0.));
#2053 = PCURVE('',#959,#2054);
#2054 = DEFINITIONAL_REPRESENTATION('',(#2055),#2059);
#2055 = LINE('',#2056,#2057);
#2056 = CARTESIAN_POINT('',(9.325,14.4));
#2057 = VECTOR('',#2058,1.);
#2058 = DIRECTION('',(1.,0.));
#2059 = ( GEOMETRIC_REPRESENTATION_CONTEXT(2) 
PARAMETRIC_REPRESENTATION_CONTEXT() REPRESENTATION_CONTEXT('2D SPACE',''
  ) );
#2060 = PCURVE('',#800,#2061);
#2061 = DEFINITIONAL_REPRESENTATION('',(#2062),#2065);
#2062 = B_SPLINE_CURVE_WITH_KNOTS('',1,(#2063,#2064),.UNSPECIFIED.,.F.,
  .F.,(2,2),(-9.575,-4.075),.PIECEWISE_BEZIER_KNOTS.);
#2063 = CARTESIAN_POINT('',(18.9,-5.6));
#2064 = CARTESIAN_POINT('',(13.4,-5.6));
#2065 = ( GEOMETRIC_REPRESENTATION_CONTEXT(2) 
PARAMETRIC_REPRESENTATION_CONTEXT() REPRESENTATION_CONTEXT('2D SPACE',''
  ) );
#2066 = ORIENTED_EDGE('',*,*,#944,.T.);
#2067 = ORIENTED_EDGE('',*,*,#2016,.F.);
#2068 = ORIENTED_EDGE('',*,*,#1946,.T.);
#2069 = ORIENTED_EDGE('',*,*,#1361,.F.);
#2070 = ORIENTED_EDGE('',*,*,#1405,.F.);
#2071 = ORIENTED_EDGE('',*,*,#1477,.T.);
#2072 = FACE_BOUND('',#2073,.F.);
#2073 = EDGE_LOOP('',(#2074,#2105,#2133,#2162,#2190,#2219,#2247,#2276));
#2074 = ORIENTED_EDGE('',*,*,#2075,.F.);
#2075 = EDGE_CURVE('',#2076,#2078,#2080,.T.);
#2076 = VERTEX_POINT('',#2077);
#2077 = CARTESIAN_POINT('',(40.894112549695,-6.141421356237,7.8));
#2078 = VERTEX_POINT('',#2079);
#2079 = CARTESIAN_POINT('',(40.894112549695,-4.44436508139,7.8));
#2080 = SURFACE_CURVE('',#2081,(#2086,#2093),.PCURVE_S1.);
#2081 = CIRCLE('',#2082,1.2);
#2082 = AXIS2_PLACEMENT_3D('',#2083,#2084,#2085);
#2083 = CARTESIAN_POINT('',(40.045584412272,-5.292893218813,7.8));
#2084 = DIRECTION('',(0.,0.,1.));
#2085 = DIRECTION('',(0.707106781187,-0.707106781187,0.));
#2086 = PCURVE('',#959,#2087);
#2087 = DEFINITIONAL_REPRESENTATION('',(#2088),#2092);
#2088 = CIRCLE('',#2089,1.2);
#2089 = AXIS2_PLACEMENT_2D('',#2090,#2091);
#2090 = CARTESIAN_POINT('',(11.045584412272,-5.292893218813));
#2091 = DIRECTION('',(0.707106781187,-0.707106781187));
#2092 = ( GEOMETRIC_REPRESENTATION_CONTEXT(2) 
PARAMETRIC_REPRESENTATION_CONTEXT() REPRESENTATION_CONTEXT('2D SPACE',''
  ) );
#2093 = PCURVE('',#2094,#2099);
#2094 = CYLINDRICAL_SURFACE('',#2095,1.2);
#2095 = AXIS2_PLACEMENT_3D('',#2096,#2097,#2098);
#2096 = CARTESIAN_POINT('',(40.045584412272,-5.292893218813,7.78));
#2097 = DIRECTION('',(0.,0.,1.));
#2098 = DIRECTION('',(0.707106781187,-0.707106781187,0.));
#2099 = DEFINITIONAL_REPRESENTATION('',(#2100),#2104);
#2100 = LINE('',#2101,#2102);
#2101 = CARTESIAN_POINT('',(0.,2.E-02));
#2102 = VECTOR('',#2103,1.);
#2103 = DIRECTION('',(1.,0.));
#2104 = ( GEOMETRIC_REPRESENTATION_CONTEXT(2) 
PARAMETRIC_REPRESENTATION_CONTEXT() REPRESENTATION_CONTEXT('2D SPACE',''
  ) );
#2105 = ORIENTED_EDGE('',*,*,#2106,.T.);
#2106 = EDGE_CURVE('',#2076,#2107,#2109,.T.);
#2107 = VERTEX_POINT('',#2108);
#2108 = CARTESIAN_POINT('',(37.641421356237,-9.394112549695,7.8));
#2109 = SURFACE_CURVE('',#2110,(#2114,#2121),.PCURVE_S1.);
#2110 = LINE('',#2111,#2112);
#2111 = CARTESIAN_POINT('',(37.40533008589,-9.630203820043,7.8));
#2112 = VECTOR('',#2113,1.);
#2113 = DIRECTION('',(-0.707106781187,-0.707106781187,0.));
#2114 = PCURVE('',#959,#2115);
#2115 = DEFINITIONAL_REPRESENTATION('',(#2116),#2120);
#2116 = LINE('',#2117,#2118);
#2117 = CARTESIAN_POINT('',(8.40533008589,-9.630203820043));
#2118 = VECTOR('',#2119,1.);
#2119 = DIRECTION('',(-0.707106781187,-0.707106781187));
#2120 = ( GEOMETRIC_REPRESENTATION_CONTEXT(2) 
PARAMETRIC_REPRESENTATION_CONTEXT() REPRESENTATION_CONTEXT('2D SPACE',''
  ) );
#2121 = PCURVE('',#2122,#2127);
#2122 = PLANE('',#2123);
#2123 = AXIS2_PLACEMENT_3D('',#2124,#2125,#2126);
#2124 = CARTESIAN_POINT('',(36.792893218813,-10.24264068711,7.78));
#2125 = DIRECTION('',(-0.707106781187,0.707106781187,0.));
#2126 = DIRECTION('',(0.707106781187,0.707106781187,0.));
#2127 = DEFINITIONAL_REPRESENTATION('',(#2128),#2132);
#2128 = LINE('',#2129,#2130);
#2129 = CARTESIAN_POINT('',(0.866116523517,-2.E-02));
#2130 = VECTOR('',#2131,1.);
#2131 = DIRECTION('',(-1.,-0.));
#2132 = ( GEOMETRIC_REPRESENTATION_CONTEXT(2) 
PARAMETRIC_REPRESENTATION_CONTEXT() REPRESENTATION_CONTEXT('2D SPACE',''
  ) );
#2133 = ORIENTED_EDGE('',*,*,#2134,.F.);
#2134 = EDGE_CURVE('',#2135,#2107,#2137,.T.);
#2135 = VERTEX_POINT('',#2136);
#2136 = CARTESIAN_POINT('',(35.94436508139,-9.394112549695,7.8));
#2137 = SURFACE_CURVE('',#2138,(#2143,#2150),.PCURVE_S1.);
#2138 = CIRCLE('',#2139,1.2);
#2139 = AXIS2_PLACEMENT_3D('',#2140,#2141,#2142);
#2140 = CARTESIAN_POINT('',(36.792893218813,-8.545584412272,7.8));
#2141 = DIRECTION('',(0.,0.,1.));
#2142 = DIRECTION('',(0.707106781187,-0.707106781187,0.));
#2143 = PCURVE('',#959,#2144);
#2144 = DEFINITIONAL_REPRESENTATION('',(#2145),#2149);
#2145 = CIRCLE('',#2146,1.2);
#2146 = AXIS2_PLACEMENT_2D('',#2147,#2148);
#2147 = CARTESIAN_POINT('',(7.792893218813,-8.545584412272));
#2148 = DIRECTION('',(0.707106781187,-0.707106781187));
#2149 = ( GEOMETRIC_REPRESENTATION_CONTEXT(2) 
PARAMETRIC_REPRESENTATION_CONTEXT() REPRESENTATION_CONTEXT('2D SPACE',''
  ) );
#2150 = PCURVE('',#2151,#2156);
#2151 = CYLINDRICAL_SURFACE('',#2152,1.2);
#2152 = AXIS2_PLACEMENT_3D('',#2153,#2154,#2155);
#2153 = CARTESIAN_POINT('',(36.792893218813,-8.545584412272,7.78));
#2154 = DIRECTION('',(0.,0.,1.));
#2155 = DIRECTION('',(0.707106781187,-0.707106781187,0.));
#2156 = DEFINITIONAL_REPRESENTATION('',(#2157),#2161);
#2157 = LINE('',#2158,#2159);
#2158 = CARTESIAN_POINT('',(-6.28318530718,2.E-02));
#2159 = VECTOR('',#2160,1.);
#2160 = DIRECTION('',(1.,-0.));
#2161 = ( GEOMETRIC_REPRESENTATION_CONTEXT(2) 
PARAMETRIC_REPRESENTATION_CONTEXT() REPRESENTATION_CONTEXT('2D SPACE',''
  ) );
#2162 = ORIENTED_EDGE('',*,*,#2163,.T.);
#2163 = EDGE_CURVE('',#2135,#2164,#2166,.T.);
#2164 = VERTEX_POINT('',#2165);
#2165 = CARTESIAN_POINT('',(34.105887450305,-7.55563491861,7.8));
#2166 = SURFACE_CURVE('',#2167,(#2171,#2178),.PCURVE_S1.);
#2167 = LINE('',#2168,#2169);
#2168 = CARTESIAN_POINT('',(30.516242789364,-3.96599025767,7.8));
#2169 = VECTOR('',#2170,1.);
#2170 = DIRECTION('',(-0.707106781187,0.707106781187,0.));
#2171 = PCURVE('',#959,#2172);
#2172 = DEFINITIONAL_REPRESENTATION('',(#2173),#2177);
#2173 = LINE('',#2174,#2175);
#2174 = CARTESIAN_POINT('',(1.516242789364,-3.96599025767));
#2175 = VECTOR('',#2176,1.);
#2176 = DIRECTION('',(-0.707106781187,0.707106781187));
#2177 = ( GEOMETRIC_REPRESENTATION_CONTEXT(2) 
PARAMETRIC_REPRESENTATION_CONTEXT() REPRESENTATION_CONTEXT('2D SPACE',''
  ) );
#2178 = PCURVE('',#2179,#2184);
#2179 = PLANE('',#2180);
#2180 = AXIS2_PLACEMENT_3D('',#2181,#2182,#2183);
#2181 = CARTESIAN_POINT('',(33.257359312881,-6.707106781187,7.78));
#2182 = DIRECTION('',(0.707106781187,0.707106781187,0.));
#2183 = DIRECTION('',(0.707106781187,-0.707106781187,0.));
#2184 = DEFINITIONAL_REPRESENTATION('',(#2185),#2189);
#2185 = LINE('',#2186,#2187);
#2186 = CARTESIAN_POINT('',(-3.876524163602,-2.E-02));
#2187 = VECTOR('',#2188,1.);
#2188 = DIRECTION('',(-1.,0.));
#2189 = ( GEOMETRIC_REPRESENTATION_CONTEXT(2) 
PARAMETRIC_REPRESENTATION_CONTEXT() REPRESENTATION_CONTEXT('2D SPACE',''
  ) );
#2190 = ORIENTED_EDGE('',*,*,#2191,.F.);
#2191 = EDGE_CURVE('',#2192,#2164,#2194,.T.);
#2192 = VERTEX_POINT('',#2193);
#2193 = CARTESIAN_POINT('',(34.105887450305,-5.858578643763,7.8));
#2194 = SURFACE_CURVE('',#2195,(#2200,#2207),.PCURVE_S1.);
#2195 = CIRCLE('',#2196,1.2);
#2196 = AXIS2_PLACEMENT_3D('',#2197,#2198,#2199);
#2197 = CARTESIAN_POINT('',(34.954415587728,-6.707106781187,7.8));
#2198 = DIRECTION('',(0.,0.,1.));
#2199 = DIRECTION('',(-0.707106781187,0.707106781187,0.));
#2200 = PCURVE('',#959,#2201);
#2201 = DEFINITIONAL_REPRESENTATION('',(#2202),#2206);
#2202 = CIRCLE('',#2203,1.2);
#2203 = AXIS2_PLACEMENT_2D('',#2204,#2205);
#2204 = CARTESIAN_POINT('',(5.954415587728,-6.707106781187));
#2205 = DIRECTION('',(-0.707106781187,0.707106781187));
#2206 = ( GEOMETRIC_REPRESENTATION_CONTEXT(2) 
PARAMETRIC_REPRESENTATION_CONTEXT() REPRESENTATION_CONTEXT('2D SPACE',''
  ) );
#2207 = PCURVE('',#2208,#2213);
#2208 = CYLINDRICAL_SURFACE('',#2209,1.2);
#2209 = AXIS2_PLACEMENT_3D('',#2210,#2211,#2212);
#2210 = CARTESIAN_POINT('',(34.954415587728,-6.707106781187,7.78));
#2211 = DIRECTION('',(0.,0.,1.));
#2212 = DIRECTION('',(-0.707106781187,0.707106781187,0.));
#2213 = DEFINITIONAL_REPRESENTATION('',(#2214),#2218);
#2214 = LINE('',#2215,#2216);
#2215 = CARTESIAN_POINT('',(0.,2.E-02));
#2216 = VECTOR('',#2217,1.);
#2217 = DIRECTION('',(1.,0.));
#2218 = ( GEOMETRIC_REPRESENTATION_CONTEXT(2) 
PARAMETRIC_REPRESENTATION_CONTEXT() REPRESENTATION_CONTEXT('2D SPACE',''
  ) );
#2219 = ORIENTED_EDGE('',*,*,#2220,.T.);
#2220 = EDGE_CURVE('',#2192,#2221,#2223,.T.);
#2221 = VERTEX_POINT('',#2222);
#2222 = CARTESIAN_POINT('',(37.358578643763,-2.605887450305,7.8));
#2223 = SURFACE_CURVE('',#2224,(#2228,#2235),.PCURVE_S1.);
#2224 = LINE('',#2225,#2226);
#2225 = CARTESIAN_POINT('',(36.34466991411,-3.619796179957,7.8));
#2226 = VECTOR('',#2227,1.);
#2227 = DIRECTION('',(0.707106781187,0.707106781187,-0.));
#2228 = PCURVE('',#959,#2229);
#2229 = DEFINITIONAL_REPRESENTATION('',(#2230),#2234);
#2230 = LINE('',#2231,#2232);
#2231 = CARTESIAN_POINT('',(7.34466991411,-3.619796179957));
#2232 = VECTOR('',#2233,1.);
#2233 = DIRECTION('',(0.707106781187,0.707106781187));
#2234 = ( GEOMETRIC_REPRESENTATION_CONTEXT(2) 
PARAMETRIC_REPRESENTATION_CONTEXT() REPRESENTATION_CONTEXT('2D SPACE',''
  ) );
#2235 = PCURVE('',#2236,#2241);
#2236 = PLANE('',#2237);
#2237 = AXIS2_PLACEMENT_3D('',#2238,#2239,#2240);
#2238 = CARTESIAN_POINT('',(38.207106781187,-1.757359312881,7.78));
#2239 = DIRECTION('',(0.707106781187,-0.707106781187,0.));
#2240 = DIRECTION('',(-0.707106781187,-0.707106781187,0.));
#2241 = DEFINITIONAL_REPRESENTATION('',(#2242),#2246);
#2242 = LINE('',#2243,#2244);
#2243 = CARTESIAN_POINT('',(2.633883476483,-2.E-02));
#2244 = VECTOR('',#2245,1.);
#2245 = DIRECTION('',(-1.,0.));
#2246 = ( GEOMETRIC_REPRESENTATION_CONTEXT(2) 
PARAMETRIC_REPRESENTATION_CONTEXT() REPRESENTATION_CONTEXT('2D SPACE',''
  ) );
#2247 = ORIENTED_EDGE('',*,*,#2248,.F.);
#2248 = EDGE_CURVE('',#2249,#2221,#2251,.T.);
#2249 = VERTEX_POINT('',#2250);
#2250 = CARTESIAN_POINT('',(39.05563491861,-2.605887450305,7.8));
#2251 = SURFACE_CURVE('',#2252,(#2257,#2264),.PCURVE_S1.);
#2252 = CIRCLE('',#2253,1.2);
#2253 = AXIS2_PLACEMENT_3D('',#2254,#2255,#2256);
#2254 = CARTESIAN_POINT('',(38.207106781187,-3.454415587728,7.8));
#2255 = DIRECTION('',(0.,0.,1.));
#2256 = DIRECTION('',(0.707106781187,0.707106781187,-0.));
#2257 = PCURVE('',#959,#2258);
#2258 = DEFINITIONAL_REPRESENTATION('',(#2259),#2263);
#2259 = CIRCLE('',#2260,1.2);
#2260 = AXIS2_PLACEMENT_2D('',#2261,#2262);
#2261 = CARTESIAN_POINT('',(9.207106781187,-3.454415587728));
#2262 = DIRECTION('',(0.707106781187,0.707106781187));
#2263 = ( GEOMETRIC_REPRESENTATION_CONTEXT(2) 
PARAMETRIC_REPRESENTATION_CONTEXT() REPRESENTATION_CONTEXT('2D SPACE',''
  ) );
#2264 = PCURVE('',#2265,#2270);
#2265 = CYLINDRICAL_SURFACE('',#2266,1.2);
#2266 = AXIS2_PLACEMENT_3D('',#2267,#2268,#2269);
#2267 = CARTESIAN_POINT('',(38.207106781187,-3.454415587728,7.78));
#2268 = DIRECTION('',(0.,0.,1.));
#2269 = DIRECTION('',(0.707106781187,0.707106781187,0.));
#2270 = DEFINITIONAL_REPRESENTATION('',(#2271),#2275);
#2271 = LINE('',#2272,#2273);
#2272 = CARTESIAN_POINT('',(0.,2.E-02));
#2273 = VECTOR('',#2274,1.);
#2274 = DIRECTION('',(1.,0.));
#2275 = ( GEOMETRIC_REPRESENTATION_CONTEXT(2) 
PARAMETRIC_REPRESENTATION_CONTEXT() REPRESENTATION_CONTEXT('2D SPACE',''
  ) );
#2276 = ORIENTED_EDGE('',*,*,#2277,.T.);
#2277 = EDGE_CURVE('',#2249,#2078,#2278,.T.);
#2278 = SURFACE_CURVE('',#2279,(#2283,#2290),.PCURVE_S1.);
#2279 = LINE('',#2280,#2281);
#2280 = CARTESIAN_POINT('',(37.233757210636,-0.78400974233,7.8));
#2281 = VECTOR('',#2282,1.);
#2282 = DIRECTION('',(0.707106781187,-0.707106781187,0.));
#2283 = PCURVE('',#959,#2284);
#2284 = DEFINITIONAL_REPRESENTATION('',(#2285),#2289);
#2285 = LINE('',#2286,#2287);
#2286 = CARTESIAN_POINT('',(8.233757210636,-0.78400974233));
#2287 = VECTOR('',#2288,1.);
#2288 = DIRECTION('',(0.707106781187,-0.707106781187));
#2289 = ( GEOMETRIC_REPRESENTATION_CONTEXT(2) 
PARAMETRIC_REPRESENTATION_CONTEXT() REPRESENTATION_CONTEXT('2D SPACE',''
  ) );
#2290 = PCURVE('',#2291,#2296);
#2291 = PLANE('',#2292);
#2292 = AXIS2_PLACEMENT_3D('',#2293,#2294,#2295);
#2293 = CARTESIAN_POINT('',(41.742640687119,-5.292893218813,7.78));
#2294 = DIRECTION('',(-0.707106781187,-0.707106781187,0.));
#2295 = DIRECTION('',(-0.707106781187,0.707106781187,0.));
#2296 = DEFINITIONAL_REPRESENTATION('',(#2297),#2301);
#2297 = LINE('',#2298,#2299);
#2298 = CARTESIAN_POINT('',(6.376524163602,-2.E-02));
#2299 = VECTOR('',#2300,1.);
#2300 = DIRECTION('',(-1.,0.));
#2301 = ( GEOMETRIC_REPRESENTATION_CONTEXT(2) 
PARAMETRIC_REPRESENTATION_CONTEXT() REPRESENTATION_CONTEXT('2D SPACE',''
  ) );
#2302 = FACE_BOUND('',#2303,.F.);
#2303 = EDGE_LOOP('',(#2304,#2335,#2363,#2392,#2420,#2449,#2477,#2506));
#2304 = ORIENTED_EDGE('',*,*,#2305,.F.);
#2305 = EDGE_CURVE('',#2306,#2308,#2310,.T.);
#2306 = VERTEX_POINT('',#2307);
#2307 = CARTESIAN_POINT('',(22.962019139533,-2.158019741256,7.8));
#2308 = VERTEX_POINT('',#2309);
#2309 = CARTESIAN_POINT('',(24.14185528478,-3.377850332104,7.8));
#2310 = SURFACE_CURVE('',#2311,(#2316,#2323),.PCURVE_S1.);
#2311 = CIRCLE('',#2312,1.2);
#2312 = AXIS2_PLACEMENT_3D('',#2313,#2314,#2315);
#2313 = CARTESIAN_POINT('',(24.16185250758,-2.178016964057,7.8));
#2314 = DIRECTION('',(0.,0.,1.));
#2315 = DIRECTION('',(-0.99986114004,1.666435233399E-02,0.));
#2316 = PCURVE('',#959,#2317);
#2317 = DEFINITIONAL_REPRESENTATION('',(#2318),#2322);
#2318 = CIRCLE('',#2319,1.2);
#2319 = AXIS2_PLACEMENT_2D('',#2320,#2321);
#2320 = CARTESIAN_POINT('',(-4.83814749242,-2.178016964057));
#2321 = DIRECTION('',(-0.99986114004,1.666435233399E-02));
#2322 = ( GEOMETRIC_REPRESENTATION_CONTEXT(2) 
PARAMETRIC_REPRESENTATION_CONTEXT() REPRESENTATION_CONTEXT('2D SPACE',''
  ) );
#2323 = PCURVE('',#2324,#2329);
#2324 = CYLINDRICAL_SURFACE('',#2325,1.2);
#2325 = AXIS2_PLACEMENT_3D('',#2326,#2327,#2328);
#2326 = CARTESIAN_POINT('',(24.16185250758,-2.178016964057,7.78));
#2327 = DIRECTION('',(0.,0.,1.));
#2328 = DIRECTION('',(-0.99986114004,1.666435233399E-02,0.));
#2329 = DEFINITIONAL_REPRESENTATION('',(#2330),#2334);
#2330 = LINE('',#2331,#2332);
#2331 = CARTESIAN_POINT('',(0.,2.E-02));
#2332 = VECTOR('',#2333,1.);
#2333 = DIRECTION('',(1.,0.));
#2334 = ( GEOMETRIC_REPRESENTATION_CONTEXT(2) 
PARAMETRIC_REPRESENTATION_CONTEXT() REPRESENTATION_CONTEXT('2D SPACE',''
  ) );
#2335 = ORIENTED_EDGE('',*,*,#2336,.T.);
#2336 = EDGE_CURVE('',#2306,#2337,#2339,.T.);
#2337 = VERTEX_POINT('',#2338);
#2338 = CARTESIAN_POINT('',(23.038675160269,2.441341502926,7.8));
#2339 = SURFACE_CURVE('',#2340,(#2344,#2351),.PCURVE_S1.);
#2340 = LINE('',#2341,#2342);
#2341 = CARTESIAN_POINT('',(23.029162640687,1.870590328001,7.8));
#2342 = VECTOR('',#2343,1.);
#2343 = DIRECTION('',(1.666435233399E-02,0.99986114004,-0.));
#2344 = PCURVE('',#959,#2345);
#2345 = DEFINITIONAL_REPRESENTATION('',(#2346),#2350);
#2346 = LINE('',#2347,#2348);
#2347 = CARTESIAN_POINT('',(-5.970837359313,1.870590328001));
#2348 = VECTOR('',#2349,1.);
#2349 = DIRECTION('',(1.666435233399E-02,0.99986114004));
#2350 = ( GEOMETRIC_REPRESENTATION_CONTEXT(2) 
PARAMETRIC_REPRESENTATION_CONTEXT() REPRESENTATION_CONTEXT('2D SPACE',''
  ) );
#2351 = PCURVE('',#2352,#2357);
#2352 = PLANE('',#2353);
#2353 = AXIS2_PLACEMENT_3D('',#2354,#2355,#2356);
#2354 = CARTESIAN_POINT('',(23.05867238307,3.641174870974,7.78));
#2355 = DIRECTION('',(0.99986114004,-1.666435233399E-02,0.));
#2356 = DIRECTION('',(-1.666435233399E-02,-0.99986114004,0.));
#2357 = DEFINITIONAL_REPRESENTATION('',(#2358),#2362);
#2358 = LINE('',#2359,#2360);
#2359 = CARTESIAN_POINT('',(1.770830440417,-2.E-02));
#2360 = VECTOR('',#2361,1.);
#2361 = DIRECTION('',(-1.,0.));
#2362 = ( GEOMETRIC_REPRESENTATION_CONTEXT(2) 
PARAMETRIC_REPRESENTATION_CONTEXT() REPRESENTATION_CONTEXT('2D SPACE',''
  ) );
#2363 = ORIENTED_EDGE('',*,*,#2364,.F.);
#2364 = EDGE_CURVE('',#2365,#2337,#2367,.T.);
#2365 = VERTEX_POINT('',#2366);
#2366 = CARTESIAN_POINT('',(24.258505751117,3.621177648173,7.8));
#2367 = SURFACE_CURVE('',#2368,(#2373,#2380),.PCURVE_S1.);
#2368 = CIRCLE('',#2369,1.2);
#2369 = AXIS2_PLACEMENT_3D('',#2370,#2371,#2372);
#2370 = CARTESIAN_POINT('',(24.238508528317,2.421344280125,7.8));
#2371 = DIRECTION('',(0.,0.,1.));
#2372 = DIRECTION('',(-0.99986114004,1.666435233399E-02,0.));
#2373 = PCURVE('',#959,#2374);
#2374 = DEFINITIONAL_REPRESENTATION('',(#2375),#2379);
#2375 = CIRCLE('',#2376,1.2);
#2376 = AXIS2_PLACEMENT_2D('',#2377,#2378);
#2377 = CARTESIAN_POINT('',(-4.761491471683,2.421344280125));
#2378 = DIRECTION('',(-0.99986114004,1.666435233399E-02));
#2379 = ( GEOMETRIC_REPRESENTATION_CONTEXT(2) 
PARAMETRIC_REPRESENTATION_CONTEXT() REPRESENTATION_CONTEXT('2D SPACE',''
  ) );
#2380 = PCURVE('',#2381,#2386);
#2381 = CYLINDRICAL_SURFACE('',#2382,1.2);
#2382 = AXIS2_PLACEMENT_3D('',#2383,#2384,#2385);
#2383 = CARTESIAN_POINT('',(24.238508528317,2.421344280125,7.78));
#2384 = DIRECTION('',(0.,0.,1.));
#2385 = DIRECTION('',(-0.99986114004,1.666435233399E-02,0.));
#2386 = DEFINITIONAL_REPRESENTATION('',(#2387),#2391);
#2387 = LINE('',#2388,#2389);
#2388 = CARTESIAN_POINT('',(-6.28318530718,2.E-02));
#2389 = VECTOR('',#2390,1.);
#2390 = DIRECTION('',(1.,-0.));
#2391 = ( GEOMETRIC_REPRESENTATION_CONTEXT(2) 
PARAMETRIC_REPRESENTATION_CONTEXT() REPRESENTATION_CONTEXT('2D SPACE',''
  ) );
#2392 = ORIENTED_EDGE('',*,*,#2393,.T.);
#2393 = EDGE_CURVE('',#2365,#2394,#2396,.T.);
#2394 = VERTEX_POINT('',#2395);
#2395 = CARTESIAN_POINT('',(26.85814471522,3.577850332104,7.8));
#2396 = SURFACE_CURVE('',#2397,(#2401,#2408),.PCURVE_S1.);
#2397 = LINE('',#2398,#2399);
#2398 = CARTESIAN_POINT('',(28.558498784017,3.549511097624,7.8));
#2399 = VECTOR('',#2400,1.);
#2400 = DIRECTION('',(0.99986114004,-1.666435233399E-02,0.));
#2401 = PCURVE('',#959,#2402);
#2402 = DEFINITIONAL_REPRESENTATION('',(#2403),#2407);
#2403 = LINE('',#2404,#2405);
#2404 = CARTESIAN_POINT('',(-0.441501215983,3.549511097624));
#2405 = VECTOR('',#2406,1.);
#2406 = DIRECTION('',(0.99986114004,-1.666435233399E-02));
#2407 = ( GEOMETRIC_REPRESENTATION_CONTEXT(2) 
PARAMETRIC_REPRESENTATION_CONTEXT() REPRESENTATION_CONTEXT('2D SPACE',''
  ) );
#2408 = PCURVE('',#2409,#2414);
#2409 = PLANE('',#2410);
#2410 = AXIS2_PLACEMENT_3D('',#2411,#2412,#2413);
#2411 = CARTESIAN_POINT('',(28.057978083268,3.557853109304,7.78));
#2412 = DIRECTION('',(-1.666435233399E-02,-0.99986114004,0.));
#2413 = DIRECTION('',(-0.99986114004,1.666435233399E-02,0.));
#2414 = DEFINITIONAL_REPRESENTATION('',(#2415),#2419);
#2415 = LINE('',#2416,#2417);
#2416 = CARTESIAN_POINT('',(-0.500590212686,-2.E-02));
#2417 = VECTOR('',#2418,1.);
#2418 = DIRECTION('',(-1.,-0.));
#2419 = ( GEOMETRIC_REPRESENTATION_CONTEXT(2) 
PARAMETRIC_REPRESENTATION_CONTEXT() REPRESENTATION_CONTEXT('2D SPACE',''
  ) );
#2420 = ORIENTED_EDGE('',*,*,#2421,.F.);
#2421 = EDGE_CURVE('',#2422,#2394,#2424,.T.);
#2422 = VERTEX_POINT('',#2423);
#2423 = CARTESIAN_POINT('',(28.037980860467,2.358019741256,7.8));
#2424 = SURFACE_CURVE('',#2425,(#2430,#2437),.PCURVE_S1.);
#2425 = CIRCLE('',#2426,1.2);
#2426 = AXIS2_PLACEMENT_3D('',#2427,#2428,#2429);
#2427 = CARTESIAN_POINT('',(26.83814749242,2.378016964057,7.8));
#2428 = DIRECTION('',(0.,0.,1.));
#2429 = DIRECTION('',(0.99986114004,-1.666435233399E-02,0.));
#2430 = PCURVE('',#959,#2431);
#2431 = DEFINITIONAL_REPRESENTATION('',(#2432),#2436);
#2432 = CIRCLE('',#2433,1.2);
#2433 = AXIS2_PLACEMENT_2D('',#2434,#2435);
#2434 = CARTESIAN_POINT('',(-2.16185250758,2.378016964057));
#2435 = DIRECTION('',(0.99986114004,-1.666435233399E-02));
#2436 = ( GEOMETRIC_REPRESENTATION_CONTEXT(2) 
PARAMETRIC_REPRESENTATION_CONTEXT() REPRESENTATION_CONTEXT('2D SPACE',''
  ) );
#2437 = PCURVE('',#2438,#2443);
#2438 = CYLINDRICAL_SURFACE('',#2439,1.2);
#2439 = AXIS2_PLACEMENT_3D('',#2440,#2441,#2442);
#2440 = CARTESIAN_POINT('',(26.83814749242,2.378016964057,7.78));
#2441 = DIRECTION('',(0.,0.,1.));
#2442 = DIRECTION('',(0.99986114004,-1.666435233399E-02,0.));
#2443 = DEFINITIONAL_REPRESENTATION('',(#2444),#2448);
#2444 = LINE('',#2445,#2446);
#2445 = CARTESIAN_POINT('',(0.,2.E-02));
#2446 = VECTOR('',#2447,1.);
#2447 = DIRECTION('',(1.,0.));
#2448 = ( GEOMETRIC_REPRESENTATION_CONTEXT(2) 
PARAMETRIC_REPRESENTATION_CONTEXT() REPRESENTATION_CONTEXT('2D SPACE',''
  ) );
#2449 = ORIENTED_EDGE('',*,*,#2450,.T.);
#2450 = EDGE_CURVE('',#2422,#2451,#2453,.T.);
#2451 = VERTEX_POINT('',#2452);
#2452 = CARTESIAN_POINT('',(27.961324839731,-2.241341502926,7.8));
#2453 = SURFACE_CURVE('',#2454,(#2458,#2465),.PCURVE_S1.);
#2454 = LINE('',#2455,#2456);
#2455 = CARTESIAN_POINT('',(27.970143107716,-1.712245423808,7.8));
#2456 = VECTOR('',#2457,1.);
#2457 = DIRECTION('',(-1.666435233399E-02,-0.99986114004,0.));
#2458 = PCURVE('',#959,#2459);
#2459 = DEFINITIONAL_REPRESENTATION('',(#2460),#2464);
#2460 = LINE('',#2461,#2462);
#2461 = CARTESIAN_POINT('',(-1.029856892284,-1.712245423808));
#2462 = VECTOR('',#2463,1.);
#2463 = DIRECTION('',(-1.666435233399E-02,-0.99986114004));
#2464 = ( GEOMETRIC_REPRESENTATION_CONTEXT(2) 
PARAMETRIC_REPRESENTATION_CONTEXT() REPRESENTATION_CONTEXT('2D SPACE',''
  ) );
#2465 = PCURVE('',#2466,#2471);
#2466 = PLANE('',#2467);
#2467 = AXIS2_PLACEMENT_3D('',#2468,#2469,#2470);
#2468 = CARTESIAN_POINT('',(27.94132761693,-3.441174870974,7.78));
#2469 = DIRECTION('',(-0.99986114004,1.666435233399E-02,0.));
#2470 = DIRECTION('',(1.666435233399E-02,0.99986114004,0.));
#2471 = DEFINITIONAL_REPRESENTATION('',(#2472),#2476);
#2472 = LINE('',#2473,#2474);
#2473 = CARTESIAN_POINT('',(1.729169559583,-2.E-02));
#2474 = VECTOR('',#2475,1.);
#2475 = DIRECTION('',(-1.,-0.));
#2476 = ( GEOMETRIC_REPRESENTATION_CONTEXT(2) 
PARAMETRIC_REPRESENTATION_CONTEXT() REPRESENTATION_CONTEXT('2D SPACE',''
  ) );
#2477 = ORIENTED_EDGE('',*,*,#2478,.F.);
#2478 = EDGE_CURVE('',#2479,#2451,#2481,.T.);
#2479 = VERTEX_POINT('',#2480);
#2480 = CARTESIAN_POINT('',(26.741494248883,-3.421177648173,7.8));
#2481 = SURFACE_CURVE('',#2482,(#2487,#2494),.PCURVE_S1.);
#2482 = CIRCLE('',#2483,1.2);
#2483 = AXIS2_PLACEMENT_3D('',#2484,#2485,#2486);
#2484 = CARTESIAN_POINT('',(26.761491471683,-2.221344280125,7.8));
#2485 = DIRECTION('',(0.,0.,1.));
#2486 = DIRECTION('',(-1.666435233399E-02,-0.99986114004,0.));
#2487 = PCURVE('',#959,#2488);
#2488 = DEFINITIONAL_REPRESENTATION('',(#2489),#2493);
#2489 = CIRCLE('',#2490,1.2);
#2490 = AXIS2_PLACEMENT_2D('',#2491,#2492);
#2491 = CARTESIAN_POINT('',(-2.238508528317,-2.221344280125));
#2492 = DIRECTION('',(-1.666435233399E-02,-0.99986114004));
#2493 = ( GEOMETRIC_REPRESENTATION_CONTEXT(2) 
PARAMETRIC_REPRESENTATION_CONTEXT() REPRESENTATION_CONTEXT('2D SPACE',''
  ) );
#2494 = PCURVE('',#2495,#2500);
#2495 = CYLINDRICAL_SURFACE('',#2496,1.2);
#2496 = AXIS2_PLACEMENT_3D('',#2497,#2498,#2499);
#2497 = CARTESIAN_POINT('',(26.761491471683,-2.221344280125,7.78));
#2498 = DIRECTION('',(0.,0.,1.));
#2499 = DIRECTION('',(-1.666435233399E-02,-0.99986114004,0.));
#2500 = DEFINITIONAL_REPRESENTATION('',(#2501),#2505);
#2501 = LINE('',#2502,#2503);
#2502 = CARTESIAN_POINT('',(0.,2.E-02));
#2503 = VECTOR('',#2504,1.);
#2504 = DIRECTION('',(1.,0.));
#2505 = ( GEOMETRIC_REPRESENTATION_CONTEXT(2) 
PARAMETRIC_REPRESENTATION_CONTEXT() REPRESENTATION_CONTEXT('2D SPACE',''
  ) );
#2506 = ORIENTED_EDGE('',*,*,#2507,.T.);
#2507 = EDGE_CURVE('',#2479,#2308,#2508,.T.);
#2508 = SURFACE_CURVE('',#2509,(#2513,#2520),.PCURVE_S1.);
#2509 = LINE('',#2510,#2511);
#2510 = CARTESIAN_POINT('',(25.94219546758,-3.407856001818,7.8));
#2511 = VECTOR('',#2512,1.);
#2512 = DIRECTION('',(-0.99986114004,1.666435233399E-02,0.));
#2513 = PCURVE('',#959,#2514);
#2514 = DEFINITIONAL_REPRESENTATION('',(#2515),#2519);
#2515 = LINE('',#2516,#2517);
#2516 = CARTESIAN_POINT('',(-3.05780453242,-3.407856001818));
#2517 = VECTOR('',#2518,1.);
#2518 = DIRECTION('',(-0.99986114004,1.666435233399E-02));
#2519 = ( GEOMETRIC_REPRESENTATION_CONTEXT(2) 
PARAMETRIC_REPRESENTATION_CONTEXT() REPRESENTATION_CONTEXT('2D SPACE',''
  ) );
#2520 = PCURVE('',#2521,#2526);
#2521 = PLANE('',#2522);
#2522 = AXIS2_PLACEMENT_3D('',#2523,#2524,#2525);
#2523 = CARTESIAN_POINT('',(22.942021916732,-3.357853109304,7.78));
#2524 = DIRECTION('',(1.666435233399E-02,0.99986114004,0.));
#2525 = DIRECTION('',(0.99986114004,-1.666435233399E-02,0.));
#2526 = DEFINITIONAL_REPRESENTATION('',(#2527),#2531);
#2527 = LINE('',#2528,#2529);
#2528 = CARTESIAN_POINT('',(3.000590212686,-2.E-02));
#2529 = VECTOR('',#2530,1.);
#2530 = DIRECTION('',(-1.,-0.));
#2531 = ( GEOMETRIC_REPRESENTATION_CONTEXT(2) 
PARAMETRIC_REPRESENTATION_CONTEXT() REPRESENTATION_CONTEXT('2D SPACE',''
  ) );
#2532 = FACE_BOUND('',#2533,.F.);
#2533 = EDGE_LOOP('',(#2534,#2565,#2593,#2622,#2650,#2679,#2707,#2736));
#2534 = ORIENTED_EDGE('',*,*,#2535,.F.);
#2535 = EDGE_CURVE('',#2536,#2538,#2540,.T.);
#2536 = VERTEX_POINT('',#2537);
#2537 = CARTESIAN_POINT('',(37.641421356237,9.394112549695,7.8));
#2538 = VERTEX_POINT('',#2539);
#2539 = CARTESIAN_POINT('',(35.94436508139,9.394112549695,7.8));
#2540 = SURFACE_CURVE('',#2541,(#2546,#2553),.PCURVE_S1.);
#2541 = CIRCLE('',#2542,1.2);
#2542 = AXIS2_PLACEMENT_3D('',#2543,#2544,#2545);
#2543 = CARTESIAN_POINT('',(36.792893218813,8.545584412272,7.8));
#2544 = DIRECTION('',(0.,0.,1.));
#2545 = DIRECTION('',(0.707106781187,0.707106781187,-0.));
#2546 = PCURVE('',#959,#2547);
#2547 = DEFINITIONAL_REPRESENTATION('',(#2548),#2552);
#2548 = CIRCLE('',#2549,1.2);
#2549 = AXIS2_PLACEMENT_2D('',#2550,#2551);
#2550 = CARTESIAN_POINT('',(7.792893218813,8.545584412272));
#2551 = DIRECTION('',(0.707106781187,0.707106781187));
#2552 = ( GEOMETRIC_REPRESENTATION_CONTEXT(2) 
PARAMETRIC_REPRESENTATION_CONTEXT() REPRESENTATION_CONTEXT('2D SPACE',''
  ) );
#2553 = PCURVE('',#2554,#2559);
#2554 = CYLINDRICAL_SURFACE('',#2555,1.2);
#2555 = AXIS2_PLACEMENT_3D('',#2556,#2557,#2558);
#2556 = CARTESIAN_POINT('',(36.792893218813,8.545584412272,7.78));
#2557 = DIRECTION('',(0.,0.,1.));
#2558 = DIRECTION('',(0.707106781187,0.707106781187,0.));
#2559 = DEFINITIONAL_REPRESENTATION('',(#2560),#2564);
#2560 = LINE('',#2561,#2562);
#2561 = CARTESIAN_POINT('',(0.,2.E-02));
#2562 = VECTOR('',#2563,1.);
#2563 = DIRECTION('',(1.,0.));
#2564 = ( GEOMETRIC_REPRESENTATION_CONTEXT(2) 
PARAMETRIC_REPRESENTATION_CONTEXT() REPRESENTATION_CONTEXT('2D SPACE',''
  ) );
#2565 = ORIENTED_EDGE('',*,*,#2566,.T.);
#2566 = EDGE_CURVE('',#2536,#2567,#2569,.T.);
#2567 = VERTEX_POINT('',#2568);
#2568 = CARTESIAN_POINT('',(40.894112549695,6.141421356237,7.8));
#2569 = SURFACE_CURVE('',#2570,(#2574,#2581),.PCURVE_S1.);
#2570 = LINE('',#2571,#2572);
#2571 = CARTESIAN_POINT('',(39.880203820043,7.15533008589,7.8));
#2572 = VECTOR('',#2573,1.);
#2573 = DIRECTION('',(0.707106781187,-0.707106781187,0.));
#2574 = PCURVE('',#959,#2575);
#2575 = DEFINITIONAL_REPRESENTATION('',(#2576),#2580);
#2576 = LINE('',#2577,#2578);
#2577 = CARTESIAN_POINT('',(10.880203820043,7.15533008589));
#2578 = VECTOR('',#2579,1.);
#2579 = DIRECTION('',(0.707106781187,-0.707106781187));
#2580 = ( GEOMETRIC_REPRESENTATION_CONTEXT(2) 
PARAMETRIC_REPRESENTATION_CONTEXT() REPRESENTATION_CONTEXT('2D SPACE',''
  ) );
#2581 = PCURVE('',#2582,#2587);
#2582 = PLANE('',#2583);
#2583 = AXIS2_PLACEMENT_3D('',#2584,#2585,#2586);
#2584 = CARTESIAN_POINT('',(41.742640687119,5.292893218813,7.78));
#2585 = DIRECTION('',(-0.707106781187,-0.707106781187,0.));
#2586 = DIRECTION('',(-0.707106781187,0.707106781187,0.));
#2587 = DEFINITIONAL_REPRESENTATION('',(#2588),#2592);
#2588 = LINE('',#2589,#2590);
#2589 = CARTESIAN_POINT('',(2.633883476483,-2.E-02));
#2590 = VECTOR('',#2591,1.);
#2591 = DIRECTION('',(-1.,-0.));
#2592 = ( GEOMETRIC_REPRESENTATION_CONTEXT(2) 
PARAMETRIC_REPRESENTATION_CONTEXT() REPRESENTATION_CONTEXT('2D SPACE',''
  ) );
#2593 = ORIENTED_EDGE('',*,*,#2594,.F.);
#2594 = EDGE_CURVE('',#2595,#2567,#2597,.T.);
#2595 = VERTEX_POINT('',#2596);
#2596 = CARTESIAN_POINT('',(40.894112549695,4.44436508139,7.8));
#2597 = SURFACE_CURVE('',#2598,(#2603,#2610),.PCURVE_S1.);
#2598 = CIRCLE('',#2599,1.2);
#2599 = AXIS2_PLACEMENT_3D('',#2600,#2601,#2602);
#2600 = CARTESIAN_POINT('',(40.045584412272,5.292893218813,7.8));
#2601 = DIRECTION('',(0.,0.,1.));
#2602 = DIRECTION('',(0.707106781187,0.707106781187,-0.));
#2603 = PCURVE('',#959,#2604);
#2604 = DEFINITIONAL_REPRESENTATION('',(#2605),#2609);
#2605 = CIRCLE('',#2606,1.2);
#2606 = AXIS2_PLACEMENT_2D('',#2607,#2608);
#2607 = CARTESIAN_POINT('',(11.045584412272,5.292893218813));
#2608 = DIRECTION('',(0.707106781187,0.707106781187));
#2609 = ( GEOMETRIC_REPRESENTATION_CONTEXT(2) 
PARAMETRIC_REPRESENTATION_CONTEXT() REPRESENTATION_CONTEXT('2D SPACE',''
  ) );
#2610 = PCURVE('',#2611,#2616);
#2611 = CYLINDRICAL_SURFACE('',#2612,1.2);
#2612 = AXIS2_PLACEMENT_3D('',#2613,#2614,#2615);
#2613 = CARTESIAN_POINT('',(40.045584412272,5.292893218813,7.78));
#2614 = DIRECTION('',(0.,0.,1.));
#2615 = DIRECTION('',(0.707106781187,0.707106781187,0.));
#2616 = DEFINITIONAL_REPRESENTATION('',(#2617),#2621);
#2617 = LINE('',#2618,#2619);
#2618 = CARTESIAN_POINT('',(-6.28318530718,2.E-02));
#2619 = VECTOR('',#2620,1.);
#2620 = DIRECTION('',(1.,-0.));
#2621 = ( GEOMETRIC_REPRESENTATION_CONTEXT(2) 
PARAMETRIC_REPRESENTATION_CONTEXT() REPRESENTATION_CONTEXT('2D SPACE',''
  ) );
#2622 = ORIENTED_EDGE('',*,*,#2623,.T.);
#2623 = EDGE_CURVE('',#2595,#2624,#2626,.T.);
#2624 = VERTEX_POINT('',#2625);
#2625 = CARTESIAN_POINT('',(39.05563491861,2.605887450305,7.8));
#2626 = SURFACE_CURVE('',#2627,(#2631,#2638),.PCURVE_S1.);
#2627 = LINE('',#2628,#2629);
#2628 = CARTESIAN_POINT('',(35.46599025767,-0.983757210636,7.8));
#2629 = VECTOR('',#2630,1.);
#2630 = DIRECTION('',(-0.707106781187,-0.707106781187,0.));
#2631 = PCURVE('',#959,#2632);
#2632 = DEFINITIONAL_REPRESENTATION('',(#2633),#2637);
#2633 = LINE('',#2634,#2635);
#2634 = CARTESIAN_POINT('',(6.46599025767,-0.983757210636));
#2635 = VECTOR('',#2636,1.);
#2636 = DIRECTION('',(-0.707106781187,-0.707106781187));
#2637 = ( GEOMETRIC_REPRESENTATION_CONTEXT(2) 
PARAMETRIC_REPRESENTATION_CONTEXT() REPRESENTATION_CONTEXT('2D SPACE',''
  ) );
#2638 = PCURVE('',#2639,#2644);
#2639 = PLANE('',#2640);
#2640 = AXIS2_PLACEMENT_3D('',#2641,#2642,#2643);
#2641 = CARTESIAN_POINT('',(38.207106781187,1.757359312881,7.78));
#2642 = DIRECTION('',(-0.707106781187,0.707106781187,0.));
#2643 = DIRECTION('',(0.707106781187,0.707106781187,0.));
#2644 = DEFINITIONAL_REPRESENTATION('',(#2645),#2649);
#2645 = LINE('',#2646,#2647);
#2646 = CARTESIAN_POINT('',(-3.876524163602,-2.E-02));
#2647 = VECTOR('',#2648,1.);
#2648 = DIRECTION('',(-1.,-0.));
#2649 = ( GEOMETRIC_REPRESENTATION_CONTEXT(2) 
PARAMETRIC_REPRESENTATION_CONTEXT() REPRESENTATION_CONTEXT('2D SPACE',''
  ) );
#2650 = ORIENTED_EDGE('',*,*,#2651,.F.);
#2651 = EDGE_CURVE('',#2652,#2624,#2654,.T.);
#2652 = VERTEX_POINT('',#2653);
#2653 = CARTESIAN_POINT('',(37.358578643763,2.605887450305,7.8));
#2654 = SURFACE_CURVE('',#2655,(#2660,#2667),.PCURVE_S1.);
#2655 = CIRCLE('',#2656,1.2);
#2656 = AXIS2_PLACEMENT_3D('',#2657,#2658,#2659);
#2657 = CARTESIAN_POINT('',(38.207106781187,3.454415587728,7.8));
#2658 = DIRECTION('',(0.,0.,1.));
#2659 = DIRECTION('',(-0.707106781187,-0.707106781187,0.));
#2660 = PCURVE('',#959,#2661);
#2661 = DEFINITIONAL_REPRESENTATION('',(#2662),#2666);
#2662 = CIRCLE('',#2663,1.2);
#2663 = AXIS2_PLACEMENT_2D('',#2664,#2665);
#2664 = CARTESIAN_POINT('',(9.207106781187,3.454415587728));
#2665 = DIRECTION('',(-0.707106781187,-0.707106781187));
#2666 = ( GEOMETRIC_REPRESENTATION_CONTEXT(2) 
PARAMETRIC_REPRESENTATION_CONTEXT() REPRESENTATION_CONTEXT('2D SPACE',''
  ) );
#2667 = PCURVE('',#2668,#2673);
#2668 = CYLINDRICAL_SURFACE('',#2669,1.2);
#2669 = AXIS2_PLACEMENT_3D('',#2670,#2671,#2672);
#2670 = CARTESIAN_POINT('',(38.207106781187,3.454415587728,7.78));
#2671 = DIRECTION('',(0.,0.,1.));
#2672 = DIRECTION('',(-0.707106781187,-0.707106781187,0.));
#2673 = DEFINITIONAL_REPRESENTATION('',(#2674),#2678);
#2674 = LINE('',#2675,#2676);
#2675 = CARTESIAN_POINT('',(0.,2.E-02));
#2676 = VECTOR('',#2677,1.);
#2677 = DIRECTION('',(1.,0.));
#2678 = ( GEOMETRIC_REPRESENTATION_CONTEXT(2) 
PARAMETRIC_REPRESENTATION_CONTEXT() REPRESENTATION_CONTEXT('2D SPACE',''
  ) );
#2679 = ORIENTED_EDGE('',*,*,#2680,.T.);
#2680 = EDGE_CURVE('',#2652,#2681,#2683,.T.);
#2681 = VERTEX_POINT('',#2682);
#2682 = CARTESIAN_POINT('',(34.105887450305,5.858578643763,7.8));
#2683 = SURFACE_CURVE('',#2684,(#2688,#2695),.PCURVE_S1.);
#2684 = LINE('',#2685,#2686);
#2685 = CARTESIAN_POINT('',(33.869796179957,6.09466991411,7.8));
#2686 = VECTOR('',#2687,1.);
#2687 = DIRECTION('',(-0.707106781187,0.707106781187,0.));
#2688 = PCURVE('',#959,#2689);
#2689 = DEFINITIONAL_REPRESENTATION('',(#2690),#2694);
#2690 = LINE('',#2691,#2692);
#2691 = CARTESIAN_POINT('',(4.869796179957,6.09466991411));
#2692 = VECTOR('',#2693,1.);
#2693 = DIRECTION('',(-0.707106781187,0.707106781187));
#2694 = ( GEOMETRIC_REPRESENTATION_CONTEXT(2) 
PARAMETRIC_REPRESENTATION_CONTEXT() REPRESENTATION_CONTEXT('2D SPACE',''
  ) );
#2695 = PCURVE('',#2696,#2701);
#2696 = PLANE('',#2697);
#2697 = AXIS2_PLACEMENT_3D('',#2698,#2699,#2700);
#2698 = CARTESIAN_POINT('',(33.257359312881,6.707106781187,7.78));
#2699 = DIRECTION('',(0.707106781187,0.707106781187,0.));
#2700 = DIRECTION('',(0.707106781187,-0.707106781187,0.));
#2701 = DEFINITIONAL_REPRESENTATION('',(#2702),#2706);
#2702 = LINE('',#2703,#2704);
#2703 = CARTESIAN_POINT('',(0.866116523517,-2.E-02));
#2704 = VECTOR('',#2705,1.);
#2705 = DIRECTION('',(-1.,0.));
#2706 = ( GEOMETRIC_REPRESENTATION_CONTEXT(2) 
PARAMETRIC_REPRESENTATION_CONTEXT() REPRESENTATION_CONTEXT('2D SPACE',''
  ) );
#2707 = ORIENTED_EDGE('',*,*,#2708,.F.);
#2708 = EDGE_CURVE('',#2709,#2681,#2711,.T.);
#2709 = VERTEX_POINT('',#2710);
#2710 = CARTESIAN_POINT('',(34.105887450305,7.55563491861,7.8));
#2711 = SURFACE_CURVE('',#2712,(#2717,#2724),.PCURVE_S1.);
#2712 = CIRCLE('',#2713,1.2);
#2713 = AXIS2_PLACEMENT_3D('',#2714,#2715,#2716);
#2714 = CARTESIAN_POINT('',(34.954415587728,6.707106781187,7.8));
#2715 = DIRECTION('',(0.,0.,1.));
#2716 = DIRECTION('',(-0.707106781187,0.707106781187,0.));
#2717 = PCURVE('',#959,#2718);
#2718 = DEFINITIONAL_REPRESENTATION('',(#2719),#2723);
#2719 = CIRCLE('',#2720,1.2);
#2720 = AXIS2_PLACEMENT_2D('',#2721,#2722);
#2721 = CARTESIAN_POINT('',(5.954415587728,6.707106781187));
#2722 = DIRECTION('',(-0.707106781187,0.707106781187));
#2723 = ( GEOMETRIC_REPRESENTATION_CONTEXT(2) 
PARAMETRIC_REPRESENTATION_CONTEXT() REPRESENTATION_CONTEXT('2D SPACE',''
  ) );
#2724 = PCURVE('',#2725,#2730);
#2725 = CYLINDRICAL_SURFACE('',#2726,1.2);
#2726 = AXIS2_PLACEMENT_3D('',#2727,#2728,#2729);
#2727 = CARTESIAN_POINT('',(34.954415587728,6.707106781187,7.78));
#2728 = DIRECTION('',(0.,0.,1.));
#2729 = DIRECTION('',(-0.707106781187,0.707106781187,0.));
#2730 = DEFINITIONAL_REPRESENTATION('',(#2731),#2735);
#2731 = LINE('',#2732,#2733);
#2732 = CARTESIAN_POINT('',(0.,2.E-02));
#2733 = VECTOR('',#2734,1.);
#2734 = DIRECTION('',(1.,0.));
#2735 = ( GEOMETRIC_REPRESENTATION_CONTEXT(2) 
PARAMETRIC_REPRESENTATION_CONTEXT() REPRESENTATION_CONTEXT('2D SPACE',''
  ) );
#2736 = ORIENTED_EDGE('',*,*,#2737,.T.);
#2737 = EDGE_CURVE('',#2709,#2538,#2738,.T.);
#2738 = SURFACE_CURVE('',#2739,(#2743,#2750),.PCURVE_S1.);
#2739 = LINE('',#2740,#2741);
#2740 = CARTESIAN_POINT('',(32.28400974233,5.733757210636,7.8));
#2741 = VECTOR('',#2742,1.);
#2742 = DIRECTION('',(0.707106781187,0.707106781187,-0.));
#2743 = PCURVE('',#959,#2744);
#2744 = DEFINITIONAL_REPRESENTATION('',(#2745),#2749);
#2745 = LINE('',#2746,#2747);
#2746 = CARTESIAN_POINT('',(3.28400974233,5.733757210636));
#2747 = VECTOR('',#2748,1.);
#2748 = DIRECTION('',(0.707106781187,0.707106781187));
#2749 = ( GEOMETRIC_REPRESENTATION_CONTEXT(2) 
PARAMETRIC_REPRESENTATION_CONTEXT() REPRESENTATION_CONTEXT('2D SPACE',''
  ) );
#2750 = PCURVE('',#2751,#2756);
#2751 = PLANE('',#2752);
#2752 = AXIS2_PLACEMENT_3D('',#2753,#2754,#2755);
#2753 = CARTESIAN_POINT('',(36.792893218813,10.242640687119,7.78));
#2754 = DIRECTION('',(0.707106781187,-0.707106781187,0.));
#2755 = DIRECTION('',(-0.707106781187,-0.707106781187,0.));
#2756 = DEFINITIONAL_REPRESENTATION('',(#2757),#2761);
#2757 = LINE('',#2758,#2759);
#2758 = CARTESIAN_POINT('',(6.376524163602,-2.E-02));
#2759 = VECTOR('',#2760,1.);
#2760 = DIRECTION('',(-1.,0.));
#2761 = ( GEOMETRIC_REPRESENTATION_CONTEXT(2) 
PARAMETRIC_REPRESENTATION_CONTEXT() REPRESENTATION_CONTEXT('2D SPACE',''
  ) );
#2762 = ADVANCED_FACE('',(#2763),#2668,.F.);
#2763 = FACE_BOUND('',#2764,.F.);
#2764 = EDGE_LOOP('',(#2765,#2788,#2789,#2812));
#2765 = ORIENTED_EDGE('',*,*,#2766,.F.);
#2766 = EDGE_CURVE('',#2652,#2767,#2769,.T.);
#2767 = VERTEX_POINT('',#2768);
#2768 = CARTESIAN_POINT('',(37.358578643763,2.605887450305,
    10.845119048725));
#2769 = SURFACE_CURVE('',#2770,(#2774,#2781),.PCURVE_S1.);
#2770 = LINE('',#2771,#2772);
#2771 = CARTESIAN_POINT('',(37.358578643763,2.605887450305,7.78));
#2772 = VECTOR('',#2773,1.);
#2773 = DIRECTION('',(0.,0.,1.));
#2774 = PCURVE('',#2668,#2775);
#2775 = DEFINITIONAL_REPRESENTATION('',(#2776),#2780);
#2776 = LINE('',#2777,#2778);
#2777 = CARTESIAN_POINT('',(0.,0.));
#2778 = VECTOR('',#2779,1.);
#2779 = DIRECTION('',(0.,1.));
#2780 = ( GEOMETRIC_REPRESENTATION_CONTEXT(2) 
PARAMETRIC_REPRESENTATION_CONTEXT() REPRESENTATION_CONTEXT('2D SPACE',''
  ) );
#2781 = PCURVE('',#2696,#2782);
#2782 = DEFINITIONAL_REPRESENTATION('',(#2783),#2787);
#2783 = LINE('',#2784,#2785);
#2784 = CARTESIAN_POINT('',(5.8,0.));
#2785 = VECTOR('',#2786,1.);
#2786 = DIRECTION('',(0.,-1.));
#2787 = ( GEOMETRIC_REPRESENTATION_CONTEXT(2) 
PARAMETRIC_REPRESENTATION_CONTEXT() REPRESENTATION_CONTEXT('2D SPACE',''
  ) );
#2788 = ORIENTED_EDGE('',*,*,#2651,.T.);
#2789 = ORIENTED_EDGE('',*,*,#2790,.T.);
#2790 = EDGE_CURVE('',#2624,#2791,#2793,.T.);
#2791 = VERTEX_POINT('',#2792);
#2792 = CARTESIAN_POINT('',(39.05563491861,2.605887450305,
    11.035299685423));
#2793 = SURFACE_CURVE('',#2794,(#2798,#2805),.PCURVE_S1.);
#2794 = LINE('',#2795,#2796);
#2795 = CARTESIAN_POINT('',(39.05563491861,2.605887450305,7.78));
#2796 = VECTOR('',#2797,1.);
#2797 = DIRECTION('',(0.,0.,1.));
#2798 = PCURVE('',#2668,#2799);
#2799 = DEFINITIONAL_REPRESENTATION('',(#2800),#2804);
#2800 = LINE('',#2801,#2802);
#2801 = CARTESIAN_POINT('',(1.570796326795,0.));
#2802 = VECTOR('',#2803,1.);
#2803 = DIRECTION('',(0.,1.));
#2804 = ( GEOMETRIC_REPRESENTATION_CONTEXT(2) 
PARAMETRIC_REPRESENTATION_CONTEXT() REPRESENTATION_CONTEXT('2D SPACE',''
  ) );
#2805 = PCURVE('',#2639,#2806);
#2806 = DEFINITIONAL_REPRESENTATION('',(#2807),#2811);
#2807 = LINE('',#2808,#2809);
#2808 = CARTESIAN_POINT('',(1.2,0.));
#2809 = VECTOR('',#2810,1.);
#2810 = DIRECTION('',(0.,-1.));
#2811 = ( GEOMETRIC_REPRESENTATION_CONTEXT(2) 
PARAMETRIC_REPRESENTATION_CONTEXT() REPRESENTATION_CONTEXT('2D SPACE',''
  ) );
#2812 = ORIENTED_EDGE('',*,*,#2813,.F.);
#2813 = EDGE_CURVE('',#2767,#2791,#2814,.T.);
#2814 = SURFACE_CURVE('',#2815,(#2848,#2884),.PCURVE_S1.);
#2815 = B_SPLINE_CURVE_WITH_KNOTS('',6,(#2816,#2817,#2818,#2819,#2820,
    #2821,#2822,#2823,#2824,#2825,#2826,#2827,#2828,#2829,#2830,#2831,
    #2832,#2833,#2834,#2835,#2836,#2837,#2838,#2839,#2840,#2841,#2842,
    #2843,#2844,#2845,#2846,#2847),.UNSPECIFIED.,.F.,.F.,(7,5,5,5,5,5,7)
  ,(0.,0.301729534253,0.430476490099,0.508032119626,0.677624007862,
    0.892899637078,1.),.UNSPECIFIED.);
#2816 = CARTESIAN_POINT('',(37.358578643763,2.605887450305,
    10.845119048725));
#2817 = CARTESIAN_POINT('',(37.422695448935,2.541770645132,
    10.877680491963));
#2818 = CARTESIAN_POINT('',(37.492960257638,2.48313327371,
    10.908941559724));
#2819 = CARTESIAN_POINT('',(37.568921830323,2.430654754052,
    10.938552632632));
#2820 = CARTESIAN_POINT('',(37.650020457316,2.385035378884,
    10.96613168997));
#2821 = CARTESIAN_POINT('',(37.735545830829,2.346960450966,
    10.991274487566));
#2822 = CARTESIAN_POINT('',(37.86259199697,2.304234461146,
    11.023119408877));
#2823 = CARTESIAN_POINT('',(37.901229190789,2.292936177013,
    11.032129440843));
#2824 = CARTESIAN_POINT('',(37.940435121324,2.283163506531,
    11.040595154256));
#2825 = CARTESIAN_POINT('',(37.980131996089,2.274958061953,11.0484871533
    ));
#2826 = CARTESIAN_POINT('',(38.020235509816,2.268355919741,
    11.055777668974));
#2827 = CARTESIAN_POINT('',(38.085002654986,2.260391981933,
    11.066455574092));
#2828 = CARTESIAN_POINT('',(38.10946527664,2.257990289968,
    11.070242325778));
#2829 = CARTESIAN_POINT('',(38.134022615789,2.256187166138,
    11.073796104261));
#2830 = CARTESIAN_POINT('',(38.158654110374,2.254987849461,
    11.077111779924));
#2831 = CARTESIAN_POINT('',(38.183338533803,2.254396452541,11.0801846581
    ));
#2832 = CARTESIAN_POINT('',(38.262099610349,2.254458622207,
    11.089189737969));
#2833 = CARTESIAN_POINT('',(38.316296154658,2.257422380038,
    11.094187983047));
#2834 = CARTESIAN_POINT('',(38.37041072902,2.263337888443,
    11.097960488487));
#2835 = CARTESIAN_POINT('',(38.424204897973,2.272205981292,
    11.100475665219));
#2836 = CARTESIAN_POINT('',(38.4774381548,2.283994895039,11.101716958051
    ));
#2837 = CARTESIAN_POINT('',(38.596428797985,2.317224429437,
    11.101643849553));
#2838 = CARTESIAN_POINT('',(38.661706517881,2.34041230997,
    11.099550892951));
#2839 = CARTESIAN_POINT('',(38.725210135723,2.368063244384,
    11.095405979161));
#2840 = CARTESIAN_POINT('',(38.786495520981,2.399959471944,
    11.089253767522));
#2841 = CARTESIAN_POINT('',(38.845171949656,2.435819136405,
    11.081175885986));
#2842 = CARTESIAN_POINT('',(38.928632728632,2.494959929572,
    11.066361774323));
#2843 = CARTESIAN_POINT('',(38.955633283423,2.515508255292,
    11.060990717447));
#2844 = CARTESIAN_POINT('',(38.981867200621,2.536917050458,
    11.055183759767));
#2845 = CARTESIAN_POINT('',(39.007298968271,2.559145064945,
    11.048955576126));
#2846 = CARTESIAN_POINT('',(39.031897256718,2.582149788413,
    11.042321932385));
#2847 = CARTESIAN_POINT('',(39.05563491861,2.605887450305,
    11.035299685423));
#2848 = PCURVE('',#2668,#2849);
#2849 = DEFINITIONAL_REPRESENTATION('',(#2850),#2883);
#2850 = B_SPLINE_CURVE_WITH_KNOTS('',6,(#2851,#2852,#2853,#2854,#2855,
    #2856,#2857,#2858,#2859,#2860,#2861,#2862,#2863,#2864,#2865,#2866,
    #2867,#2868,#2869,#2870,#2871,#2872,#2873,#2874,#2875,#2876,#2877,
    #2878,#2879,#2880,#2881,#2882),.UNSPECIFIED.,.F.,.F.,(7,5,5,5,5,5,7)
  ,(0.,0.301729534253,0.430476490099,0.508032119626,0.677624007862,
    0.892899637078,1.),.UNSPECIFIED.);
#2851 = CARTESIAN_POINT('',(0.,3.065119048725));
#2852 = CARTESIAN_POINT('',(7.556237954226E-02,3.097680491963));
#2853 = CARTESIAN_POINT('',(0.151518652663,3.128941559725));
#2854 = CARTESIAN_POINT('',(0.227979579231,3.158552632632));
#2855 = CARTESIAN_POINT('',(0.305018477052,3.18613168997));
#2856 = CARTESIAN_POINT('',(0.382685715258,3.211274487566));
#2857 = CARTESIAN_POINT('',(0.494384213635,3.243119408877));
#2858 = CARTESIAN_POINT('',(0.527903512381,3.252129440843));
#2859 = CARTESIAN_POINT('',(0.561533844516,3.260595154256));
#2860 = CARTESIAN_POINT('',(0.595272187745,3.2684871533));
#2861 = CARTESIAN_POINT('',(0.629113408339,3.275777668974));
#2862 = CARTESIAN_POINT('',(0.683492526312,3.286455574092));
#2863 = CARTESIAN_POINT('',(0.703969898035,3.290242325778));
#2864 = CARTESIAN_POINT('',(0.724480148972,3.293796104261));
#2865 = CARTESIAN_POINT('',(0.745021343879,3.297111779924));
#2866 = CARTESIAN_POINT('',(0.765591284243,3.3001846581));
#2867 = CARTESIAN_POINT('',(0.831225535146,3.309189737969));
#2868 = CARTESIAN_POINT('',(0.876391290622,3.314187983047));
#2869 = CARTESIAN_POINT('',(0.921655002189,3.317960488487));
#2870 = CARTESIAN_POINT('',(0.966987338805,3.320475665219));
#2871 = CARTESIAN_POINT('',(1.012355974123,3.321716958051));
#2872 = CARTESIAN_POINT('',(1.115308819053,3.321643849553));
#2873 = CARTESIAN_POINT('',(1.172899497885,3.319550892951));
#2874 = CARTESIAN_POINT('',(1.230410934901,3.315405979161));
#2875 = CARTESIAN_POINT('',(1.287780200142,3.309253767522));
#2876 = CARTESIAN_POINT('',(1.344953754764,3.301175885986));
#2877 = CARTESIAN_POINT('',(1.430195791878,3.286361774323));
#2878 = CARTESIAN_POINT('',(1.458454571403,3.280990717447));
#2879 = CARTESIAN_POINT('',(1.486647683086,3.275183759767));
#2880 = CARTESIAN_POINT('',(1.514770955879,3.268955576126));
#2881 = CARTESIAN_POINT('',(1.542821223973,3.262321932385));
#2882 = CARTESIAN_POINT('',(1.570796326795,3.255299685423));
#2883 = ( GEOMETRIC_REPRESENTATION_CONTEXT(2) 
PARAMETRIC_REPRESENTATION_CONTEXT() REPRESENTATION_CONTEXT('2D SPACE',''
  ) );
#2884 = PCURVE('',#2885,#2890);
#2885 = SPHERICAL_SURFACE('',#2886,7.25);
#2886 = AXIS2_PLACEMENT_3D('',#2887,#2888,#2889);
#2887 = CARTESIAN_POINT('',(37.5,6.,17.25));
#2888 = DIRECTION('',(0.,0.,1.));
#2889 = DIRECTION('',(1.,0.,0.));
#2890 = DEFINITIONAL_REPRESENTATION('',(#2891),#2924);
#2891 = B_SPLINE_CURVE_WITH_KNOTS('',6,(#2892,#2893,#2894,#2895,#2896,
    #2897,#2898,#2899,#2900,#2901,#2902,#2903,#2904,#2905,#2906,#2907,
    #2908,#2909,#2910,#2911,#2912,#2913,#2914,#2915,#2916,#2917,#2918,
    #2919,#2920,#2921,#2922,#2923),.UNSPECIFIED.,.F.,.F.,(7,5,5,5,5,5,7)
  ,(0.,0.301729534253,0.430476490099,0.508032119626,0.677624007862,
    0.892899637078,1.),.UNSPECIFIED.);
#2892 = CARTESIAN_POINT('',(4.670746401286,-1.083136644395));
#2893 = CARTESIAN_POINT('',(4.69039000082,-1.073551454048));
#2894 = CARTESIAN_POINT('',(4.710922659808,-1.064556928153));
#2895 = CARTESIAN_POINT('',(4.732253008281,-1.056206362181));
#2896 = CARTESIAN_POINT('',(4.754306822161,-1.048560751134));
#2897 = CARTESIAN_POINT('',(4.777014429276,-1.04168659793));
#2898 = CARTESIAN_POINT('',(4.810229415508,-1.033073491639));
#2899 = CARTESIAN_POINT('',(4.820267403792,-1.030649976788));
#2900 = CARTESIAN_POINT('',(4.8304028332,-1.028384104021));
#2901 = CARTESIAN_POINT('',(4.840628780775,-1.026280942296));
#2902 = CARTESIAN_POINT('',(4.850937758729,-1.024345326748));
#2903 = CARTESIAN_POINT('',(4.867576489154,-1.021519318816));
#2904 = CARTESIAN_POINT('',(4.873858643765,-1.020519338534));
#2905 = CARTESIAN_POINT('',(4.880166129309,-1.01958274162));
#2906 = CARTESIAN_POINT('',(4.88649706196,-1.018710432958));
#2907 = CARTESIAN_POINT('',(4.892849475738,-1.017903243917));
#2908 = CARTESIAN_POINT('',(4.913154721416,-1.015540896869));
#2909 = CARTESIAN_POINT('',(4.927181673964,-1.014234788144));
#2910 = CARTESIAN_POINT('',(4.941279511897,-1.013251595647));
#2911 = CARTESIAN_POINT('',(4.955425599649,-1.012596969353));
#2912 = CARTESIAN_POINT('',(4.969596304231,-1.01227387715));
#2913 = CARTESIAN_POINT('',(5.001752572248,-1.012292906069));
#2914 = CARTESIAN_POINT('',(5.019739996067,-1.01283768427));
#2915 = CARTESIAN_POINT('',(5.037674489338,-1.01391652975));
#2916 = CARTESIAN_POINT('',(5.055508753794,-1.015521449106));
#2917 = CARTESIAN_POINT('',(5.073198592656,-1.017637883251));
#2918 = CARTESIAN_POINT('',(5.099406355905,-1.021543648904));
#2919 = CARTESIAN_POINT('',(5.108066883008,-1.022963022609));
#2920 = CARTESIAN_POINT('',(5.116676172627,-1.024501787859));
#2921 = CARTESIAN_POINT('',(5.125229543682,-1.026157371057));
#2922 = CARTESIAN_POINT('',(5.133722605833,-1.027927026298));
#2923 = CARTESIAN_POINT('',(5.142151259481,-1.029807835375));
#2924 = ( GEOMETRIC_REPRESENTATION_CONTEXT(2) 
PARAMETRIC_REPRESENTATION_CONTEXT() REPRESENTATION_CONTEXT('2D SPACE',''
  ) );
#2925 = ADVANCED_FACE('',(#2926),#2885,.F.);
#2926 = FACE_BOUND('',#2927,.F.);
#2927 = EDGE_LOOP('',(#2928,#2954,#2978,#3029,#3051,#3052,#3081,#3132,
    #3242,#3277,#3387,#3436,#3437,#3472));
#2928 = ORIENTED_EDGE('',*,*,#2929,.T.);
#2929 = EDGE_CURVE('',#2930,#2932,#2934,.T.);
#2930 = VERTEX_POINT('',#2931);
#2931 = CARTESIAN_POINT('',(41.015120383755,6.,10.909146060055));
#2932 = VERTEX_POINT('',#2933);
#2933 = CARTESIAN_POINT('',(42.5,6.,12.));
#2934 = SEAM_CURVE('',#2935,(#2940,#2947),.PCURVE_S1.);
#2935 = CIRCLE('',#2936,7.25);
#2936 = AXIS2_PLACEMENT_3D('',#2937,#2938,#2939);
#2937 = CARTESIAN_POINT('',(37.5,6.,17.25));
#2938 = DIRECTION('',(-2.449293598295E-16,-1.,0.));
#2939 = DIRECTION('',(1.,-2.449293598295E-16,0.));
#2940 = PCURVE('',#2885,#2941);
#2941 = DEFINITIONAL_REPRESENTATION('',(#2942),#2946);
#2942 = LINE('',#2943,#2944);
#2943 = CARTESIAN_POINT('',(6.28318530718,-6.28318530718));
#2944 = VECTOR('',#2945,1.);
#2945 = DIRECTION('',(0.,1.));
#2946 = ( GEOMETRIC_REPRESENTATION_CONTEXT(2) 
PARAMETRIC_REPRESENTATION_CONTEXT() REPRESENTATION_CONTEXT('2D SPACE',''
  ) );
#2947 = PCURVE('',#2885,#2948);
#2948 = DEFINITIONAL_REPRESENTATION('',(#2949),#2953);
#2949 = LINE('',#2950,#2951);
#2950 = CARTESIAN_POINT('',(0.,-6.28318530718));
#2951 = VECTOR('',#2952,1.);
#2952 = DIRECTION('',(0.,1.));
#2953 = ( GEOMETRIC_REPRESENTATION_CONTEXT(2) 
PARAMETRIC_REPRESENTATION_CONTEXT() REPRESENTATION_CONTEXT('2D SPACE',''
  ) );
#2954 = ORIENTED_EDGE('',*,*,#2955,.F.);
#2955 = EDGE_CURVE('',#2956,#2932,#2958,.T.);
#2956 = VERTEX_POINT('',#2957);
#2957 = CARTESIAN_POINT('',(41.928268721647,3.678268721647,12.));
#2958 = SURFACE_CURVE('',#2959,(#2964,#2971),.PCURVE_S1.);
#2959 = CIRCLE('',#2960,5.);
#2960 = AXIS2_PLACEMENT_3D('',#2961,#2962,#2963);
#2961 = CARTESIAN_POINT('',(37.5,6.,12.));
#2962 = DIRECTION('',(0.,0.,1.));
#2963 = DIRECTION('',(1.,0.,-0.));
#2964 = PCURVE('',#2885,#2965);
#2965 = DEFINITIONAL_REPRESENTATION('',(#2966),#2970);
#2966 = LINE('',#2967,#2968);
#2967 = CARTESIAN_POINT('',(0.,-0.80978357257));
#2968 = VECTOR('',#2969,1.);
#2969 = DIRECTION('',(1.,0.));
#2970 = ( GEOMETRIC_REPRESENTATION_CONTEXT(2) 
PARAMETRIC_REPRESENTATION_CONTEXT() REPRESENTATION_CONTEXT('2D SPACE',''
  ) );
#2971 = PCURVE('',#100,#2972);
#2972 = DEFINITIONAL_REPRESENTATION('',(#2973),#2977);
#2973 = CIRCLE('',#2974,5.);
#2974 = AXIS2_PLACEMENT_2D('',#2975,#2976);
#2975 = CARTESIAN_POINT('',(8.5,6.));
#2976 = DIRECTION('',(1.,0.));
#2977 = ( GEOMETRIC_REPRESENTATION_CONTEXT(2) 
PARAMETRIC_REPRESENTATION_CONTEXT() REPRESENTATION_CONTEXT('2D SPACE',''
  ) );
#2978 = ORIENTED_EDGE('',*,*,#2979,.F.);
#2979 = EDGE_CURVE('',#2980,#2956,#2982,.T.);
#2980 = VERTEX_POINT('',#2981);
#2981 = CARTESIAN_POINT('',(39.821731278353,1.571731278353,12.));
#2982 = SURFACE_CURVE('',#2983,(#2988,#3008),.PCURVE_S1.);
#2983 = CIRCLE('',#2984,2.905336461661);
#2984 = AXIS2_PLACEMENT_3D('',#2985,#2986,#2987);
#2985 = CARTESIAN_POINT('',(41.679658500371,1.820341499629,
    14.219747587231));
#2986 = DIRECTION('',(0.629238904244,-0.629238904244,-0.456198205577));
#2987 = DIRECTION('',(0.707106781187,0.707106781187,0.));
#2988 = PCURVE('',#2885,#2989);
#2989 = DEFINITIONAL_REPRESENTATION('',(#2990),#3007);
#2990 = B_SPLINE_CURVE_WITH_KNOTS('',8,(#2991,#2992,#2993,#2994,#2995,
    #2996,#2997,#2998,#2999,#3000,#3001,#3002,#3003,#3004,#3005,#3006),
  .UNSPECIFIED.,.F.,.F.,(9,7,9),(4.174070014509,4.712388980385,
    5.250707946261),.UNSPECIFIED.);
#2991 = CARTESIAN_POINT('',(5.195285299754,-0.80978357257));
#2992 = CARTESIAN_POINT('',(5.224606722389,-0.827622323378));
#2993 = CARTESIAN_POINT('',(5.257005920038,-0.843545611583));
#2994 = CARTESIAN_POINT('',(5.292356704516,-0.857295402889));
#2995 = CARTESIAN_POINT('',(5.330392518496,-0.868618899145));
#2996 = CARTESIAN_POINT('',(5.370670008,-0.877285528438));
#2997 = CARTESIAN_POINT('',(5.412518891949,-0.88312069218));
#2998 = CARTESIAN_POINT('',(5.455153005131,-0.886038331081));
#2999 = CARTESIAN_POINT('',(5.540421282433,-0.886038331081));
#3000 = CARTESIAN_POINT('',(5.583055395608,-0.883120692181));
#3001 = CARTESIAN_POINT('',(5.624904279579,-0.877285528435));
#3002 = CARTESIAN_POINT('',(5.665181769011,-0.868618899143));
#3003 = CARTESIAN_POINT('',(5.703217583043,-0.857295402884));
#3004 = CARTESIAN_POINT('',(5.73856836752,-0.843545611584));
#3005 = CARTESIAN_POINT('',(5.770967565175,-0.827622323378));
#3006 = CARTESIAN_POINT('',(5.80028898781,-0.80978357257));
#3007 = ( GEOMETRIC_REPRESENTATION_CONTEXT(2) 
PARAMETRIC_REPRESENTATION_CONTEXT() REPRESENTATION_CONTEXT('2D SPACE',''
  ) );
#3008 = PCURVE('',#3009,#3014);
#3009 = SPHERICAL_SURFACE('',#3010,4.1);
#3010 = AXIS2_PLACEMENT_3D('',#3011,#3012,#3013);
#3011 = CARTESIAN_POINT('',(43.5,0.,12.9));
#3012 = DIRECTION('',(0.,0.,1.));
#3013 = DIRECTION('',(1.,0.,0.));
#3014 = DEFINITIONAL_REPRESENTATION('',(#3015),#3028);
#3015 = B_SPLINE_CURVE_WITH_KNOTS('',6,(#3016,#3017,#3018,#3019,#3020,
    #3021,#3022,#3023,#3024,#3025,#3026,#3027),.UNSPECIFIED.,.F.,.F.,(7,
    5,7),(4.174070014509,4.712388980385,5.250707946261),.UNSPECIFIED.);
#3016 = CARTESIAN_POINT('',(2.737773877959,-0.221314442348));
#3017 = CARTESIAN_POINT('',(2.68017192555,-0.251045693694));
#3018 = CARTESIAN_POINT('',(2.619330257736,-0.275654751901));
#3019 = CARTESIAN_POINT('',(2.555665103777,-0.294606894612));
#3020 = CARTESIAN_POINT('',(2.489877346085,-0.307416777142));
#3021 = CARTESIAN_POINT('',(2.423036097183,-0.313820327092));
#3022 = CARTESIAN_POINT('',(2.289352883202,-0.313820327092));
#3023 = CARTESIAN_POINT('',(2.222511634299,-0.307416777142));
#3024 = CARTESIAN_POINT('',(2.156723876608,-0.294606894612));
#3025 = CARTESIAN_POINT('',(2.093058722649,-0.275654751901));
#3026 = CARTESIAN_POINT('',(2.032217054835,-0.251045693694));
#3027 = CARTESIAN_POINT('',(1.974615102425,-0.221314442348));
#3028 = ( GEOMETRIC_REPRESENTATION_CONTEXT(2) 
PARAMETRIC_REPRESENTATION_CONTEXT() REPRESENTATION_CONTEXT('2D SPACE',''
  ) );
#3029 = ORIENTED_EDGE('',*,*,#3030,.F.);
#3030 = EDGE_CURVE('',#2932,#2980,#3031,.T.);
#3031 = SURFACE_CURVE('',#3032,(#3037,#3044),.PCURVE_S1.);
#3032 = CIRCLE('',#3033,5.);
#3033 = AXIS2_PLACEMENT_3D('',#3034,#3035,#3036);
#3034 = CARTESIAN_POINT('',(37.5,6.,12.));
#3035 = DIRECTION('',(0.,0.,1.));
#3036 = DIRECTION('',(1.,0.,-0.));
#3037 = PCURVE('',#2885,#3038);
#3038 = DEFINITIONAL_REPRESENTATION('',(#3039),#3043);
#3039 = LINE('',#3040,#3041);
#3040 = CARTESIAN_POINT('',(0.,-0.80978357257));
#3041 = VECTOR('',#3042,1.);
#3042 = DIRECTION('',(1.,0.));
#3043 = ( GEOMETRIC_REPRESENTATION_CONTEXT(2) 
PARAMETRIC_REPRESENTATION_CONTEXT() REPRESENTATION_CONTEXT('2D SPACE',''
  ) );
#3044 = PCURVE('',#100,#3045);
#3045 = DEFINITIONAL_REPRESENTATION('',(#3046),#3050);
#3046 = CIRCLE('',#3047,5.);
#3047 = AXIS2_PLACEMENT_2D('',#3048,#3049);
#3048 = CARTESIAN_POINT('',(8.5,6.));
#3049 = DIRECTION('',(1.,0.));
#3050 = ( GEOMETRIC_REPRESENTATION_CONTEXT(2) 
PARAMETRIC_REPRESENTATION_CONTEXT() REPRESENTATION_CONTEXT('2D SPACE',''
  ) );
#3051 = ORIENTED_EDGE('',*,*,#2929,.F.);
#3052 = ORIENTED_EDGE('',*,*,#3053,.F.);
#3053 = EDGE_CURVE('',#3054,#2930,#3056,.T.);
#3054 = VERTEX_POINT('',#3055);
#3055 = CARTESIAN_POINT('',(40.894112549695,6.141421356237,
    10.845119048725));
#3056 = SURFACE_CURVE('',#3057,(#3063,#3072),.PCURVE_S1.);
#3057 = B_SPLINE_CURVE_WITH_KNOTS('',4,(#3058,#3059,#3060,#3061,#3062),
  .UNSPECIFIED.,.F.,.F.,(5,5),(0.,1.),.PIECEWISE_BEZIER_KNOTS.);
#3058 = CARTESIAN_POINT('',(40.894112549695,6.141421356237,
    10.845119048725));
#3059 = CARTESIAN_POINT('',(40.926886877807,6.108647028126,
    10.861763350037));
#3060 = CARTESIAN_POINT('',(40.958068688418,6.074089782663,
    10.878029224967));
#3061 = CARTESIAN_POINT('',(40.987525738478,6.037835871368,
    10.893848672509));
#3062 = CARTESIAN_POINT('',(41.015120383755,6.,10.909146060055));
#3063 = PCURVE('',#2885,#3064);
#3064 = DEFINITIONAL_REPRESENTATION('',(#3065),#3071);
#3065 = B_SPLINE_CURVE_WITH_KNOTS('',4,(#3066,#3067,#3068,#3069,#3070),
  .UNSPECIFIED.,.F.,.F.,(5,5),(0.,1.),.PIECEWISE_BEZIER_KNOTS.);
#3066 = CARTESIAN_POINT('',(4.164257909859E-02,-1.083136644395));
#3067 = CARTESIAN_POINT('',(3.160143973282E-02,-1.078237021393));
#3068 = CARTESIAN_POINT('',(2.130278390905E-02,-1.073509147639));
#3069 = CARTESIAN_POINT('',(1.076374838903E-02,-1.068963198379));
#3070 = CARTESIAN_POINT('',(0.,-1.064611316829));
#3071 = ( GEOMETRIC_REPRESENTATION_CONTEXT(2) 
PARAMETRIC_REPRESENTATION_CONTEXT() REPRESENTATION_CONTEXT('2D SPACE',''
  ) );
#3072 = PCURVE('',#2611,#3073);
#3073 = DEFINITIONAL_REPRESENTATION('',(#3074),#3080);
#3074 = B_SPLINE_CURVE_WITH_KNOTS('',4,(#3075,#3076,#3077,#3078,#3079),
  .UNSPECIFIED.,.F.,.F.,(5,5),(0.,1.),.PIECEWISE_BEZIER_KNOTS.);
#3075 = CARTESIAN_POINT('',(2.6645352591E-15,3.065119048725));
#3076 = CARTESIAN_POINT('',(-3.862491609367E-02,3.081763350037));
#3077 = CARTESIAN_POINT('',(-7.736203636896E-02,3.098029224967));
#3078 = CARTESIAN_POINT('',(-0.116236195733,3.113848672509));
#3079 = CARTESIAN_POINT('',(-0.155260917333,3.129146060055));
#3080 = ( GEOMETRIC_REPRESENTATION_CONTEXT(2) 
PARAMETRIC_REPRESENTATION_CONTEXT() REPRESENTATION_CONTEXT('2D SPACE',''
  ) );
#3081 = ORIENTED_EDGE('',*,*,#3082,.F.);
#3082 = EDGE_CURVE('',#3083,#3054,#3085,.T.);
#3083 = VERTEX_POINT('',#3084);
#3084 = CARTESIAN_POINT('',(37.641421356237,9.394112549695,
    10.845119048725));
#3085 = SURFACE_CURVE('',#3086,(#3091,#3125),.PCURVE_S1.);
#3086 = CIRCLE('',#3087,6.805328794408);
#3087 = AXIS2_PLACEMENT_3D('',#3088,#3089,#3090);
#3088 = CARTESIAN_POINT('',(39.267766952966,7.767766952966,17.25));
#3089 = DIRECTION('',(-0.707106781187,-0.707106781187,0.));
#3090 = DIRECTION('',(0.707106781187,-0.707106781187,0.));
#3091 = PCURVE('',#2885,#3092);
#3092 = DEFINITIONAL_REPRESENTATION('',(#3093),#3124);
#3093 = B_SPLINE_CURVE_WITH_KNOTS('',8,(#3094,#3095,#3096,#3097,#3098,
    #3099,#3100,#3101,#3102,#3103,#3104,#3105,#3106,#3107,#3108,#3109,
    #3110,#3111,#3112,#3113,#3114,#3115,#3116,#3117,#3118,#3119,#3120,
    #3121,#3122,#3123),.UNSPECIFIED.,.F.,.F.,(9,7,7,7,9),(4.367629367728
    ,4.540009174056,4.669294028803,4.863221310922,5.057148593041),
  .UNSPECIFIED.);
#3094 = CARTESIAN_POINT('',(1.529153747696,-1.083136644395));
#3095 = CARTESIAN_POINT('',(1.499255780356,-1.097725503602));
#3096 = CARTESIAN_POINT('',(1.467213767797,-1.111772528259));
#3097 = CARTESIAN_POINT('',(1.432864886451,-1.125212511158));
#3098 = CARTESIAN_POINT('',(1.396052216046,-1.137971172481));
#3099 = CARTESIAN_POINT('',(1.356634037952,-1.149964505639));
#3100 = CARTESIAN_POINT('',(1.314513072287,-1.16109879433));
#3101 = CARTESIAN_POINT('',(1.269675970283,-1.171273565394));
#3102 = CARTESIAN_POINT('',(1.18665143459,-1.187226874458));
#3103 = CARTESIAN_POINT('',(1.149603739977,-1.193468519322));
#3104 = CARTESIAN_POINT('',(1.111137353765,-1.199072998389));
#3105 = CARTESIAN_POINT('',(1.071336081667,-1.20399871134));
#3106 = CARTESIAN_POINT('',(1.03033221115,-1.208206607952));
#3107 = CARTESIAN_POINT('',(0.988308860845,-1.211662640592));
#3108 = CARTESIAN_POINT('',(0.945492944152,-1.214340197007));
#3109 = CARTESIAN_POINT('',(0.83710745145,-1.219045987971));
#3110 = CARTESIAN_POINT('',(0.770864790232,-1.220080092754));
#3111 = CARTESIAN_POINT('',(0.704268390295,-1.219267854666));
#3112 = CARTESIAN_POINT('',(0.638307469848,-1.216599490916));
#3113 = CARTESIAN_POINT('',(0.573988059584,-1.212126385107));
#3114 = CARTESIAN_POINT('',(0.512061702099,-1.20595342106));
#3115 = CARTESIAN_POINT('',(0.453018752132,-1.198209221701));
#3116 = CARTESIAN_POINT('',(0.341243841968,-1.179854738758));
#3117 = CARTESIAN_POINT('',(0.288511643576,-1.169244453453));
#3118 = CARTESIAN_POINT('',(0.239208213681,-1.15733911594));
#3119 = CARTESIAN_POINT('',(0.193382439305,-1.144286055049));
#3120 = CARTESIAN_POINT('',(0.150921041999,-1.130223909288));
#3121 = CARTESIAN_POINT('',(0.11162645518,-1.11527582272));
#3122 = CARTESIAN_POINT('',(7.527779235625E-02,-1.099549111003));
#3123 = CARTESIAN_POINT('',(4.164257909859E-02,-1.083136644395));
#3124 = ( GEOMETRIC_REPRESENTATION_CONTEXT(2) 
PARAMETRIC_REPRESENTATION_CONTEXT() REPRESENTATION_CONTEXT('2D SPACE',''
  ) );
#3125 = PCURVE('',#2582,#3126);
#3126 = DEFINITIONAL_REPRESENTATION('',(#3127),#3131);
#3127 = CIRCLE('',#3128,6.805328794408);
#3128 = AXIS2_PLACEMENT_2D('',#3129,#3130);
#3129 = CARTESIAN_POINT('',(3.5,-9.47));
#3130 = DIRECTION('',(-1.,-0.));
#3131 = ( GEOMETRIC_REPRESENTATION_CONTEXT(2) 
PARAMETRIC_REPRESENTATION_CONTEXT() REPRESENTATION_CONTEXT('2D SPACE',''
  ) );
#3132 = ORIENTED_EDGE('',*,*,#3133,.T.);
#3133 = EDGE_CURVE('',#3083,#3134,#3136,.T.);
#3134 = VERTEX_POINT('',#3135);
#3135 = CARTESIAN_POINT('',(35.94436508139,9.394112549695,
    11.035299685423));
#3136 = SURFACE_CURVE('',#3137,(#3170,#3206),.PCURVE_S1.);
#3137 = B_SPLINE_CURVE_WITH_KNOTS('',6,(#3138,#3139,#3140,#3141,#3142,
    #3143,#3144,#3145,#3146,#3147,#3148,#3149,#3150,#3151,#3152,#3153,
    #3154,#3155,#3156,#3157,#3158,#3159,#3160,#3161,#3162,#3163,#3164,
    #3165,#3166,#3167,#3168,#3169),.UNSPECIFIED.,.F.,.F.,(7,5,5,5,5,5,7)
  ,(0.,0.301729534253,0.430476490099,0.508032119626,0.677624007862,
    0.892899637078,1.),.UNSPECIFIED.);
#3138 = CARTESIAN_POINT('',(37.641421356237,9.394112549695,
    10.845119048725));
#3139 = CARTESIAN_POINT('',(37.577304551065,9.458229354868,
    10.877680491963));
#3140 = CARTESIAN_POINT('',(37.507039742362,9.51686672629,
    10.908941559724));
#3141 = CARTESIAN_POINT('',(37.431078169677,9.569345245948,
    10.938552632632));
#3142 = CARTESIAN_POINT('',(37.349979542684,9.614964621116,
    10.96613168997));
#3143 = CARTESIAN_POINT('',(37.264454169171,9.653039549034,
    10.991274487566));
#3144 = CARTESIAN_POINT('',(37.13740800303,9.695765538854,
    11.023119408877));
#3145 = CARTESIAN_POINT('',(37.098770809211,9.707063822987,
    11.032129440843));
#3146 = CARTESIAN_POINT('',(37.059564878676,9.716836493469,
    11.040595154256));
#3147 = CARTESIAN_POINT('',(37.019868003911,9.725041938047,11.0484871533
    ));
#3148 = CARTESIAN_POINT('',(36.979764490184,9.731644080259,
    11.055777668974));
#3149 = CARTESIAN_POINT('',(36.914997345014,9.739608018067,
    11.066455574092));
#3150 = CARTESIAN_POINT('',(36.89053472336,9.742009710032,
    11.070242325778));
#3151 = CARTESIAN_POINT('',(36.865977384211,9.743812833862,
    11.073796104261));
#3152 = CARTESIAN_POINT('',(36.841345889626,9.745012150539,
    11.077111779924));
#3153 = CARTESIAN_POINT('',(36.816661466197,9.745603547459,11.0801846581
    ));
#3154 = CARTESIAN_POINT('',(36.737900389651,9.745541377793,
    11.089189737969));
#3155 = CARTESIAN_POINT('',(36.683703845342,9.742577619962,
    11.094187983047));
#3156 = CARTESIAN_POINT('',(36.62958927098,9.736662111557,
    11.097960488487));
#3157 = CARTESIAN_POINT('',(36.575795102027,9.727794018708,
    11.100475665219));
#3158 = CARTESIAN_POINT('',(36.5225618452,9.716005104961,11.101716958051
    ));
#3159 = CARTESIAN_POINT('',(36.403571202015,9.682775570563,
    11.101643849553));
#3160 = CARTESIAN_POINT('',(36.338293482119,9.65958769003,
    11.099550892951));
#3161 = CARTESIAN_POINT('',(36.274789864277,9.631936755616,
    11.095405979161));
#3162 = CARTESIAN_POINT('',(36.213504479019,9.600040528056,
    11.089253767522));
#3163 = CARTESIAN_POINT('',(36.154828050344,9.564180863595,
    11.081175885986));
#3164 = CARTESIAN_POINT('',(36.071367271368,9.505040070428,
    11.066361774323));
#3165 = CARTESIAN_POINT('',(36.044366716577,9.484491744708,
    11.060990717447));
#3166 = CARTESIAN_POINT('',(36.018132799379,9.463082949542,
    11.055183759767));
#3167 = CARTESIAN_POINT('',(35.992701031729,9.440854935055,
    11.048955576126));
#3168 = CARTESIAN_POINT('',(35.968102743282,9.417850211587,
    11.042321932385));
#3169 = CARTESIAN_POINT('',(35.94436508139,9.394112549695,
    11.035299685423));
#3170 = PCURVE('',#2885,#3171);
#3171 = DEFINITIONAL_REPRESENTATION('',(#3172),#3205);
#3172 = B_SPLINE_CURVE_WITH_KNOTS('',6,(#3173,#3174,#3175,#3176,#3177,
    #3178,#3179,#3180,#3181,#3182,#3183,#3184,#3185,#3186,#3187,#3188,
    #3189,#3190,#3191,#3192,#3193,#3194,#3195,#3196,#3197,#3198,#3199,
    #3200,#3201,#3202,#3203,#3204),.UNSPECIFIED.,.F.,.F.,(7,5,5,5,5,5,7)
  ,(0.,0.301729534253,0.430476490099,0.508032119626,0.677624007862,
    0.892899637078,1.),.UNSPECIFIED.);
#3173 = CARTESIAN_POINT('',(1.529153747696,-1.083136644395));
#3174 = CARTESIAN_POINT('',(1.548797347231,-1.073551454048));
#3175 = CARTESIAN_POINT('',(1.569330006218,-1.064556928153));
#3176 = CARTESIAN_POINT('',(1.590660354691,-1.056206362181));
#3177 = CARTESIAN_POINT('',(1.612714168572,-1.048560751134));
#3178 = CARTESIAN_POINT('',(1.635421775686,-1.04168659793));
#3179 = CARTESIAN_POINT('',(1.668636761919,-1.033073491639));
#3180 = CARTESIAN_POINT('',(1.678674750202,-1.030649976788));
#3181 = CARTESIAN_POINT('',(1.688810179611,-1.028384104021));
#3182 = CARTESIAN_POINT('',(1.699036127185,-1.026280942296));
#3183 = CARTESIAN_POINT('',(1.709345105139,-1.024345326748));
#3184 = CARTESIAN_POINT('',(1.725983835564,-1.021519318816));
#3185 = CARTESIAN_POINT('',(1.732265990175,-1.020519338534));
#3186 = CARTESIAN_POINT('',(1.738573475719,-1.01958274162));
#3187 = CARTESIAN_POINT('',(1.744904408371,-1.018710432958));
#3188 = CARTESIAN_POINT('',(1.751256822148,-1.017903243917));
#3189 = CARTESIAN_POINT('',(1.771562067827,-1.015540896869));
#3190 = CARTESIAN_POINT('',(1.785589020375,-1.014234788144));
#3191 = CARTESIAN_POINT('',(1.799686858307,-1.013251595647));
#3192 = CARTESIAN_POINT('',(1.813832946059,-1.012596969353));
#3193 = CARTESIAN_POINT('',(1.828003650641,-1.01227387715));
#3194 = CARTESIAN_POINT('',(1.860159918658,-1.012292906069));
#3195 = CARTESIAN_POINT('',(1.878147342477,-1.01283768427));
#3196 = CARTESIAN_POINT('',(1.896081835749,-1.01391652975));
#3197 = CARTESIAN_POINT('',(1.913916100204,-1.015521449106));
#3198 = CARTESIAN_POINT('',(1.931605939066,-1.017637883251));
#3199 = CARTESIAN_POINT('',(1.957813702315,-1.021543648904));
#3200 = CARTESIAN_POINT('',(1.966474229418,-1.022963022609));
#3201 = CARTESIAN_POINT('',(1.975083519037,-1.024501787859));
#3202 = CARTESIAN_POINT('',(1.983636890093,-1.026157371057));
#3203 = CARTESIAN_POINT('',(1.992129952244,-1.027927026298));
#3204 = CARTESIAN_POINT('',(2.000558605892,-1.029807835375));
#3205 = ( GEOMETRIC_REPRESENTATION_CONTEXT(2) 
PARAMETRIC_REPRESENTATION_CONTEXT() REPRESENTATION_CONTEXT('2D SPACE',''
  ) );
#3206 = PCURVE('',#2554,#3207);
#3207 = DEFINITIONAL_REPRESENTATION('',(#3208),#3241);
#3208 = B_SPLINE_CURVE_WITH_KNOTS('',6,(#3209,#3210,#3211,#3212,#3213,
    #3214,#3215,#3216,#3217,#3218,#3219,#3220,#3221,#3222,#3223,#3224,
    #3225,#3226,#3227,#3228,#3229,#3230,#3231,#3232,#3233,#3234,#3235,
    #3236,#3237,#3238,#3239,#3240),.UNSPECIFIED.,.F.,.F.,(7,5,5,5,5,5,7)
  ,(0.,0.301729534253,0.430476490099,0.508032119626,0.677624007862,
    0.892899637078,1.),.UNSPECIFIED.);
#3209 = CARTESIAN_POINT('',(0.,3.065119048725));
#3210 = CARTESIAN_POINT('',(7.556237954225E-02,3.097680491963));
#3211 = CARTESIAN_POINT('',(0.151518652663,3.128941559725));
#3212 = CARTESIAN_POINT('',(0.227979579231,3.158552632632));
#3213 = CARTESIAN_POINT('',(0.305018477052,3.18613168997));
#3214 = CARTESIAN_POINT('',(0.382685715258,3.211274487566));
#3215 = CARTESIAN_POINT('',(0.494384213635,3.243119408877));
#3216 = CARTESIAN_POINT('',(0.527903512381,3.252129440843));
#3217 = CARTESIAN_POINT('',(0.561533844516,3.260595154256));
#3218 = CARTESIAN_POINT('',(0.595272187745,3.2684871533));
#3219 = CARTESIAN_POINT('',(0.629113408339,3.275777668974));
#3220 = CARTESIAN_POINT('',(0.683492526312,3.286455574092));
#3221 = CARTESIAN_POINT('',(0.703969898035,3.290242325778));
#3222 = CARTESIAN_POINT('',(0.724480148972,3.293796104261));
#3223 = CARTESIAN_POINT('',(0.745021343879,3.297111779924));
#3224 = CARTESIAN_POINT('',(0.765591284243,3.3001846581));
#3225 = CARTESIAN_POINT('',(0.831225535146,3.309189737969));
#3226 = CARTESIAN_POINT('',(0.876391290622,3.314187983047));
#3227 = CARTESIAN_POINT('',(0.921655002189,3.317960488487));
#3228 = CARTESIAN_POINT('',(0.966987338805,3.320475665219));
#3229 = CARTESIAN_POINT('',(1.012355974123,3.321716958051));
#3230 = CARTESIAN_POINT('',(1.115308819053,3.321643849553));
#3231 = CARTESIAN_POINT('',(1.172899497885,3.319550892951));
#3232 = CARTESIAN_POINT('',(1.230410934901,3.315405979161));
#3233 = CARTESIAN_POINT('',(1.287780200142,3.309253767522));
#3234 = CARTESIAN_POINT('',(1.344953754764,3.301175885986));
#3235 = CARTESIAN_POINT('',(1.430195791878,3.286361774323));
#3236 = CARTESIAN_POINT('',(1.458454571403,3.280990717447));
#3237 = CARTESIAN_POINT('',(1.486647683086,3.275183759767));
#3238 = CARTESIAN_POINT('',(1.514770955879,3.268955576126));
#3239 = CARTESIAN_POINT('',(1.542821223973,3.262321932385));
#3240 = CARTESIAN_POINT('',(1.570796326795,3.255299685423));
#3241 = ( GEOMETRIC_REPRESENTATION_CONTEXT(2) 
PARAMETRIC_REPRESENTATION_CONTEXT() REPRESENTATION_CONTEXT('2D SPACE',''
  ) );
#3242 = ORIENTED_EDGE('',*,*,#3243,.F.);
#3243 = EDGE_CURVE('',#3244,#3134,#3246,.T.);
#3244 = VERTEX_POINT('',#3245);
#3245 = CARTESIAN_POINT('',(34.105887450305,7.55563491861,
    11.035299685423));
#3246 = SURFACE_CURVE('',#3247,(#3252,#3270),.PCURVE_S1.);
#3247 = CIRCLE('',#3248,6.3492125496);
#3248 = AXIS2_PLACEMENT_3D('',#3249,#3250,#3251);
#3249 = CARTESIAN_POINT('',(35.025126265847,8.474873734153,17.25));
#3250 = DIRECTION('',(0.707106781187,-0.707106781187,0.));
#3251 = DIRECTION('',(0.707106781187,0.707106781187,0.));
#3252 = PCURVE('',#2885,#3253);
#3253 = DEFINITIONAL_REPRESENTATION('',(#3254),#3269);
#3254 = B_SPLINE_CURVE_WITH_KNOTS('',7,(#3255,#3256,#3257,#3258,#3259,
    #3260,#3261,#3262,#3263,#3264,#3265,#3266,#3267,#3268),
  .UNSPECIFIED.,.F.,.F.,(8,6,8),(4.50618089529,4.712388980385,
    4.918597065479),.UNSPECIFIED.);
#3255 = CARTESIAN_POINT('',(2.711830374493,-1.029807835375));
#3256 = CARTESIAN_POINT('',(2.665864755723,-1.040064817878));
#3257 = CARTESIAN_POINT('',(2.617737475459,-1.048840904859));
#3258 = CARTESIAN_POINT('',(2.567652896485,-1.056017133259));
#3259 = CARTESIAN_POINT('',(2.515938078206,-1.061484573624));
#3260 = CARTESIAN_POINT('',(2.463072688948,-1.065157741652));
#3261 = CARTESIAN_POINT('',(2.409633631487,-1.06699434242));
#3262 = CARTESIAN_POINT('',(2.302755348898,-1.06699434242));
#3263 = CARTESIAN_POINT('',(2.249316291437,-1.065157741652));
#3264 = CARTESIAN_POINT('',(2.19645090218,-1.061484573624));
#3265 = CARTESIAN_POINT('',(2.1447360839,-1.056017133258));
#3266 = CARTESIAN_POINT('',(2.094651504925,-1.048840904859));
#3267 = CARTESIAN_POINT('',(2.046524224662,-1.040064817878));
#3268 = CARTESIAN_POINT('',(2.000558605892,-1.029807835375));
#3269 = ( GEOMETRIC_REPRESENTATION_CONTEXT(2) 
PARAMETRIC_REPRESENTATION_CONTEXT() REPRESENTATION_CONTEXT('2D SPACE',''
  ) );
#3270 = PCURVE('',#2751,#3271);
#3271 = DEFINITIONAL_REPRESENTATION('',(#3272),#3276);
#3272 = CIRCLE('',#3273,6.3492125496);
#3273 = AXIS2_PLACEMENT_2D('',#3274,#3275);
#3274 = CARTESIAN_POINT('',(2.5,-9.47));
#3275 = DIRECTION('',(-1.,0.));
#3276 = ( GEOMETRIC_REPRESENTATION_CONTEXT(2) 
PARAMETRIC_REPRESENTATION_CONTEXT() REPRESENTATION_CONTEXT('2D SPACE',''
  ) );
#3277 = ORIENTED_EDGE('',*,*,#3278,.T.);
#3278 = EDGE_CURVE('',#3244,#3279,#3281,.T.);
#3279 = VERTEX_POINT('',#3280);
#3280 = CARTESIAN_POINT('',(34.105887450305,5.858578643763,
    10.845119048725));
#3281 = SURFACE_CURVE('',#3282,(#3315,#3351),.PCURVE_S1.);
#3282 = B_SPLINE_CURVE_WITH_KNOTS('',6,(#3283,#3284,#3285,#3286,#3287,
    #3288,#3289,#3290,#3291,#3292,#3293,#3294,#3295,#3296,#3297,#3298,
    #3299,#3300,#3301,#3302,#3303,#3304,#3305,#3306,#3307,#3308,#3309,
    #3310,#3311,#3312,#3313,#3314),.UNSPECIFIED.,.F.,.F.,(7,5,5,5,5,5,7)
  ,(0.,0.114062235943,0.323359039597,0.494939977337,0.572518089668,
    0.701312715455,1.),.UNSPECIFIED.);
#3283 = CARTESIAN_POINT('',(34.105887450305,7.55563491861,
    11.035299685423));
#3284 = CARTESIAN_POINT('',(34.080605580343,7.530353048649,
    11.042778751194));
#3285 = CARTESIAN_POINT('',(34.056156396649,7.504096004347,
    11.049816588423));
#3286 = CARTESIAN_POINT('',(34.032591210333,7.476896021671,
    11.056393459093));
#3287 = CARTESIAN_POINT('',(34.009961247276,7.448790553346,
    11.062490295154));
#3288 = CARTESIAN_POINT('',(33.988316562657,7.419822956861,11.0680893131
    ));
#3289 = CARTESIAN_POINT('',(33.929883993405,7.335399228325,
    11.082505852529));
#3290 = CARTESIAN_POINT('',(33.895536686154,7.27801363925,
    11.090108608184));
#3291 = CARTESIAN_POINT('',(33.864962833063,7.218199370081,
    11.095883284649));
#3292 = CARTESIAN_POINT('',(33.838417570897,7.156319396854,
    11.099757205069));
#3293 = CARTESIAN_POINT('',(33.816097929275,7.092783720471,
    11.101691040078));
#3294 = CARTESIAN_POINT('',(33.783398824343,6.974974870726,
    11.101680451042));
#3295 = CARTESIAN_POINT('',(33.771590813856,6.92108997561,
    11.100372121406));
#3296 = CARTESIAN_POINT('',(33.762774325229,6.866639570882,
    11.097760138612));
#3297 = CARTESIAN_POINT('',(33.756981201258,6.811872777764,
    11.093862151337));
#3298 = CARTESIAN_POINT('',(33.754209182643,6.757036292191,
    11.088711500119));
#3299 = CARTESIAN_POINT('',(33.754522482758,6.677654391247,
    11.079481232507));
#3300 = CARTESIAN_POINT('',(33.755230834494,6.652972456735,
    11.076360748517));
#3301 = CARTESIAN_POINT('',(33.756546855161,6.62834676719,
    11.072998037547));
#3302 = CARTESIAN_POINT('',(33.758466294064,6.60379849442,
    11.069397851241));
#3303 = CARTESIAN_POINT('',(33.760983783558,6.579348135475,
    11.065565370166));
#3304 = CARTESIAN_POINT('',(33.76925447067,6.514618666709,
    11.054767204942));
#3305 = CARTESIAN_POINT('',(33.77604670954,6.474546105627,11.04740332862
    ));
#3306 = CARTESIAN_POINT('',(33.784440209525,6.434888517502,
    11.039440072419));
#3307 = CARTESIAN_POINT('',(33.794398427115,6.395729841954,
    11.030905369108));
#3308 = CARTESIAN_POINT('',(33.805879363473,6.35714748068,
    11.021828735007));
#3309 = CARTESIAN_POINT('',(33.848888038692,6.231237610743,
    10.990004177891));
#3310 = CARTESIAN_POINT('',(33.886879944729,6.146751948322,
    10.965017858183));
#3311 = CARTESIAN_POINT('',(33.932244406579,6.066625244078,
    10.937656220497));
#3312 = CARTESIAN_POINT('',(33.984316811988,5.991543105394,
    10.908310722312));
#3313 = CARTESIAN_POINT('',(34.042418029878,5.922048064189,
    10.877351720409));
#3314 = CARTESIAN_POINT('',(34.105887450305,5.858578643763,
    10.845119048725));
#3315 = PCURVE('',#2885,#3316);
#3316 = DEFINITIONAL_REPRESENTATION('',(#3317),#3350);
#3317 = B_SPLINE_CURVE_WITH_KNOTS('',6,(#3318,#3319,#3320,#3321,#3322,
    #3323,#3324,#3325,#3326,#3327,#3328,#3329,#3330,#3331,#3332,#3333,
    #3334,#3335,#3336,#3337,#3338,#3339,#3340,#3341,#3342,#3343,#3344,
    #3345,#3346,#3347,#3348,#3349),.UNSPECIFIED.,.F.,.F.,(7,5,5,5,5,5,7)
  ,(0.,0.114062235943,0.323359039597,0.494939977337,0.572518089668,
    0.701312715455,1.),.UNSPECIFIED.);
#3318 = CARTESIAN_POINT('',(2.711830374493,-1.029807835375));
#3319 = CARTESIAN_POINT('',(2.72080733804,-1.027804673871));
#3320 = CARTESIAN_POINT('',(2.729856978661,-1.025927704018));
#3321 = CARTESIAN_POINT('',(2.738974604704,-1.024180305052));
#3322 = CARTESIAN_POINT('',(2.748155110832,-1.022565792575));
#3323 = CARTESIAN_POINT('',(2.757392831783,-1.021087295114));
#3324 = CARTESIAN_POINT('',(2.783725309173,-1.017289433329));
#3325 = CARTESIAN_POINT('',(2.800942617348,-1.01529839225));
#3326 = CARTESIAN_POINT('',(2.818292184133,-1.013792252203));
#3327 = CARTESIAN_POINT('',(2.835733084247,-1.012783982061));
#3328 = CARTESIAN_POINT('',(2.853221689817,-1.012280623165));
#3329 = CARTESIAN_POINT('',(2.885044605217,-1.012283379314));
#3330 = CARTESIAN_POINT('',(2.899380958632,-1.012623920155));
#3331 = CARTESIAN_POINT('',(2.913691218628,-1.013303765284));
#3332 = CARTESIAN_POINT('',(2.927950943693,-1.01431975105));
#3333 = CARTESIAN_POINT('',(2.942136757445,-1.015665915296));
#3334 = CARTESIAN_POINT('',(2.962595190894,-1.018088010722));
#3335 = CARTESIAN_POINT('',(2.968945367078,-1.018907953881));
#3336 = CARTESIAN_POINT('',(2.975273745013,-1.01979292828));
#3337 = CARTESIAN_POINT('',(2.981578366564,-1.020742092825));
#3338 = CARTESIAN_POINT('',(2.987857356124,-1.021754534098));
#3339 = CARTESIAN_POINT('',(3.004487723149,-1.024613529141));
#3340 = CARTESIAN_POINT('',(3.01479097554,-1.026569498135));
#3341 = CARTESIAN_POINT('',(3.025010416907,-1.028692692364));
#3342 = CARTESIAN_POINT('',(3.03513859402,-1.030978251387));
#3343 = CARTESIAN_POINT('',(3.045168614216,-1.033421089359));
#3344 = CARTESIAN_POINT('',(3.078111599082,-1.042034013521));
#3345 = CARTESIAN_POINT('',(3.100564052444,-1.048869619793));
#3346 = CARTESIAN_POINT('',(3.122373765202,-1.056459212952));
#3347 = CARTESIAN_POINT('',(3.143473166929,-1.064738452869));
#3348 = CARTESIAN_POINT('',(3.163789973771,-1.073648235321));
#3349 = CARTESIAN_POINT('',(3.183235232688,-1.083136644395));
#3350 = ( GEOMETRIC_REPRESENTATION_CONTEXT(2) 
PARAMETRIC_REPRESENTATION_CONTEXT() REPRESENTATION_CONTEXT('2D SPACE',''
  ) );
#3351 = PCURVE('',#2725,#3352);
#3352 = DEFINITIONAL_REPRESENTATION('',(#3353),#3386);
#3353 = B_SPLINE_CURVE_WITH_KNOTS('',6,(#3354,#3355,#3356,#3357,#3358,
    #3359,#3360,#3361,#3362,#3363,#3364,#3365,#3366,#3367,#3368,#3369,
    #3370,#3371,#3372,#3373,#3374,#3375,#3376,#3377,#3378,#3379,#3380,
    #3381,#3382,#3383,#3384,#3385),.UNSPECIFIED.,.F.,.F.,(7,5,5,5,5,5,7)
  ,(0.,0.114062235943,0.323359039597,0.494939977337,0.572518089668,
    0.701312715455,1.),.UNSPECIFIED.);
#3354 = CARTESIAN_POINT('',(-2.6645352591E-15,3.255299685423));
#3355 = CARTESIAN_POINT('',(2.979496948518E-02,3.262778751194));
#3356 = CARTESIAN_POINT('',(5.967390941958E-02,3.269816588423));
#3357 = CARTESIAN_POINT('',(8.963515968433E-02,3.276393459093));
#3358 = CARTESIAN_POINT('',(0.11967549253,3.282490295154));
#3359 = CARTESIAN_POINT('',(0.149789775512,3.2880893131));
#3360 = CARTESIAN_POINT('',(0.235350552681,3.302505852529));
#3361 = CARTESIAN_POINT('',(0.290961799556,3.310108608184));
#3362 = CARTESIAN_POINT('',(0.346752844908,3.315883284649));
#3363 = CARTESIAN_POINT('',(0.402673538741,3.319757205069));
#3364 = CARTESIAN_POINT('',(0.458665560251,3.321691040078));
#3365 = CARTESIAN_POINT('',(0.560551105177,3.321680451042));
#3366 = CARTESIAN_POINT('',(0.606451086653,3.320372121406));
#3367 = CARTESIAN_POINT('',(0.652312597066,3.317760138612));
#3368 = CARTESIAN_POINT('',(0.698102258395,3.313862151337));
#3369 = CARTESIAN_POINT('',(0.74378989301,3.308711500119));
#3370 = CARTESIAN_POINT('',(0.809941992343,3.299481232507));
#3371 = CARTESIAN_POINT('',(0.830512423721,3.296360748517));
#3372 = CARTESIAN_POINT('',(0.851053746716,3.292998037547));
#3373 = CARTESIAN_POINT('',(0.871563791238,3.289397851241));
#3374 = CARTESIAN_POINT('',(0.892040652365,3.285565370166));
#3375 = CARTESIAN_POINT('',(0.946420415196,3.274767204942));
#3376 = CARTESIAN_POINT('',(0.980262293512,3.26740332862));
#3377 = CARTESIAN_POINT('',(1.014000676988,3.259440072419));
#3378 = CARTESIAN_POINT('',(1.047630577809,3.250905369108));
#3379 = CARTESIAN_POINT('',(1.081149118474,3.241828735007));
#3380 = CARTESIAN_POINT('',(1.192026432716,3.210004177891));
#3381 = CARTESIAN_POINT('',(1.268885363042,3.185017858183));
#3382 = CARTESIAN_POINT('',(1.34513003351,3.157656220497));
#3383 = CARTESIAN_POINT('',(1.420810142201,3.128310722312));
#3384 = CARTESIAN_POINT('',(1.495996897493,3.097351720409));
#3385 = CARTESIAN_POINT('',(1.570796326795,3.065119048725));
#3386 = ( GEOMETRIC_REPRESENTATION_CONTEXT(2) 
PARAMETRIC_REPRESENTATION_CONTEXT() REPRESENTATION_CONTEXT('2D SPACE',''
  ) );
#3387 = ORIENTED_EDGE('',*,*,#3388,.F.);
#3388 = EDGE_CURVE('',#2767,#3279,#3389,.T.);
#3389 = SURFACE_CURVE('',#3390,(#3395,#3429),.PCURVE_S1.);
#3390 = CIRCLE('',#3391,6.805328794408);
#3391 = AXIS2_PLACEMENT_3D('',#3392,#3393,#3394);
#3392 = CARTESIAN_POINT('',(35.732233047034,4.232233047034,17.25));
#3393 = DIRECTION('',(0.707106781187,0.707106781187,0.));
#3394 = DIRECTION('',(-0.707106781187,0.707106781187,0.));
#3395 = PCURVE('',#2885,#3396);
#3396 = DEFINITIONAL_REPRESENTATION('',(#3397),#3428);
#3397 = B_SPLINE_CURVE_WITH_KNOTS('',8,(#3398,#3399,#3400,#3401,#3402,
    #3403,#3404,#3405,#3406,#3407,#3408,#3409,#3410,#3411,#3412,#3413,
    #3414,#3415,#3416,#3417,#3418,#3419,#3420,#3421,#3422,#3423,#3424,
    #3425,#3426,#3427),.UNSPECIFIED.,.F.,.F.,(9,7,7,7,9),(4.367629367728
    ,4.540009174056,4.669294028803,4.863221310922,5.057148593041),
  .UNSPECIFIED.);
#3398 = CARTESIAN_POINT('',(4.670746401286,-1.083136644395));
#3399 = CARTESIAN_POINT('',(4.640848433946,-1.097725503602));
#3400 = CARTESIAN_POINT('',(4.608806421386,-1.111772528259));
#3401 = CARTESIAN_POINT('',(4.574457540043,-1.125212511158));
#3402 = CARTESIAN_POINT('',(4.537644869637,-1.137971172482));
#3403 = CARTESIAN_POINT('',(4.498226691542,-1.149964505639));
#3404 = CARTESIAN_POINT('',(4.456105725877,-1.16109879433));
#3405 = CARTESIAN_POINT('',(4.411268623873,-1.171273565394));
#3406 = CARTESIAN_POINT('',(4.32824408818,-1.187226874458));
#3407 = CARTESIAN_POINT('',(4.291196393566,-1.193468519322));
#3408 = CARTESIAN_POINT('',(4.252730007355,-1.199072998389));
#3409 = CARTESIAN_POINT('',(4.212928735256,-1.20399871134));
#3410 = CARTESIAN_POINT('',(4.17192486474,-1.208206607952));
#3411 = CARTESIAN_POINT('',(4.129901514435,-1.211662640592));
#3412 = CARTESIAN_POINT('',(4.087085597741,-1.214340197007));
#3413 = CARTESIAN_POINT('',(3.97870010504,-1.219045987971));
#3414 = CARTESIAN_POINT('',(3.912457443821,-1.220080092755));
#3415 = CARTESIAN_POINT('',(3.845861043867,-1.219267854662));
#3416 = CARTESIAN_POINT('',(3.779900123456,-1.216599490917));
#3417 = CARTESIAN_POINT('',(3.715580713164,-1.212126385103));
#3418 = CARTESIAN_POINT('',(3.653654355689,-1.20595342106));
#3419 = CARTESIAN_POINT('',(3.594611405721,-1.198209221701));
#3420 = CARTESIAN_POINT('',(3.482836495558,-1.179854738758));
#3421 = CARTESIAN_POINT('',(3.430104297165,-1.169244453453));
#3422 = CARTESIAN_POINT('',(3.380800867271,-1.15733911594));
#3423 = CARTESIAN_POINT('',(3.334975092896,-1.144286055049));
#3424 = CARTESIAN_POINT('',(3.292513695589,-1.130223909288));
#3425 = CARTESIAN_POINT('',(3.25321910877,-1.11527582272));
#3426 = CARTESIAN_POINT('',(3.216870445946,-1.099549111003));
#3427 = CARTESIAN_POINT('',(3.183235232688,-1.083136644395));
#3428 = ( GEOMETRIC_REPRESENTATION_CONTEXT(2) 
PARAMETRIC_REPRESENTATION_CONTEXT() REPRESENTATION_CONTEXT('2D SPACE',''
  ) );
#3429 = PCURVE('',#2696,#3430);
#3430 = DEFINITIONAL_REPRESENTATION('',(#3431),#3435);
#3431 = CIRCLE('',#3432,6.805328794408);
#3432 = AXIS2_PLACEMENT_2D('',#3433,#3434);
#3433 = CARTESIAN_POINT('',(3.5,-9.47));
#3434 = DIRECTION('',(-1.,0.));
#3435 = ( GEOMETRIC_REPRESENTATION_CONTEXT(2) 
PARAMETRIC_REPRESENTATION_CONTEXT() REPRESENTATION_CONTEXT('2D SPACE',''
  ) );
#3436 = ORIENTED_EDGE('',*,*,#2813,.T.);
#3437 = ORIENTED_EDGE('',*,*,#3438,.F.);
#3438 = EDGE_CURVE('',#3439,#2791,#3441,.T.);
#3439 = VERTEX_POINT('',#3440);
#3440 = CARTESIAN_POINT('',(40.894112549695,4.44436508139,
    11.035299685423));
#3441 = SURFACE_CURVE('',#3442,(#3447,#3465),.PCURVE_S1.);
#3442 = CIRCLE('',#3443,6.3492125496);
#3443 = AXIS2_PLACEMENT_3D('',#3444,#3445,#3446);
#3444 = CARTESIAN_POINT('',(39.974873734153,3.525126265847,17.25));
#3445 = DIRECTION('',(-0.707106781187,0.707106781187,0.));
#3446 = DIRECTION('',(-0.707106781187,-0.707106781187,0.));
#3447 = PCURVE('',#2885,#3448);
#3448 = DEFINITIONAL_REPRESENTATION('',(#3449),#3464);
#3449 = B_SPLINE_CURVE_WITH_KNOTS('',7,(#3450,#3451,#3452,#3453,#3454,
    #3455,#3456,#3457,#3458,#3459,#3460,#3461,#3462,#3463),
  .UNSPECIFIED.,.F.,.F.,(8,6,8),(4.50618089529,4.712388980385,
    4.918597065479),.UNSPECIFIED.);
#3450 = CARTESIAN_POINT('',(5.853423028083,-1.029807835375));
#3451 = CARTESIAN_POINT('',(5.807457409313,-1.040064817878));
#3452 = CARTESIAN_POINT('',(5.759330129049,-1.048840904859));
#3453 = CARTESIAN_POINT('',(5.709245550074,-1.056017133259));
#3454 = CARTESIAN_POINT('',(5.657530731796,-1.061484573624));
#3455 = CARTESIAN_POINT('',(5.604665342538,-1.065157741652));
#3456 = CARTESIAN_POINT('',(5.551226285076,-1.06699434242));
#3457 = CARTESIAN_POINT('',(5.444348002488,-1.06699434242));
#3458 = CARTESIAN_POINT('',(5.390908945026,-1.065157741652));
#3459 = CARTESIAN_POINT('',(5.33804355577,-1.061484573623));
#3460 = CARTESIAN_POINT('',(5.286328737489,-1.05601713326));
#3461 = CARTESIAN_POINT('',(5.236244158515,-1.048840904859));
#3462 = CARTESIAN_POINT('',(5.188116878251,-1.040064817878));
#3463 = CARTESIAN_POINT('',(5.142151259481,-1.029807835375));
#3464 = ( GEOMETRIC_REPRESENTATION_CONTEXT(2) 
PARAMETRIC_REPRESENTATION_CONTEXT() REPRESENTATION_CONTEXT('2D SPACE',''
  ) );
#3465 = PCURVE('',#2639,#3466);
#3466 = DEFINITIONAL_REPRESENTATION('',(#3467),#3471);
#3467 = CIRCLE('',#3468,6.3492125496);
#3468 = AXIS2_PLACEMENT_2D('',#3469,#3470);
#3469 = CARTESIAN_POINT('',(2.5,-9.47));
#3470 = DIRECTION('',(-1.,-0.));
#3471 = ( GEOMETRIC_REPRESENTATION_CONTEXT(2) 
PARAMETRIC_REPRESENTATION_CONTEXT() REPRESENTATION_CONTEXT('2D SPACE',''
  ) );
#3472 = ORIENTED_EDGE('',*,*,#3473,.F.);
#3473 = EDGE_CURVE('',#2930,#3439,#3474,.T.);
#3474 = SURFACE_CURVE('',#3475,(#3498,#3524),.PCURVE_S1.);
#3475 = B_SPLINE_CURVE_WITH_KNOTS('',5,(#3476,#3477,#3478,#3479,#3480,
    #3481,#3482,#3483,#3484,#3485,#3486,#3487,#3488,#3489,#3490,#3491,
    #3492,#3493,#3494,#3495,#3496,#3497),.UNSPECIFIED.,.F.,.F.,(6,4,4,4,
    4,6),(0.,0.25848912894,0.384938005783,0.640531864683,0.880993714186,
    1.),.UNSPECIFIED.);
#3476 = CARTESIAN_POINT('',(41.015120383755,6.,10.909146060055));
#3477 = CARTESIAN_POINT('',(41.064912955884,5.931727864763,
    10.936749106413));
#3478 = CARTESIAN_POINT('',(41.109022699109,5.858624694656,
    10.962759627155));
#3479 = CARTESIAN_POINT('',(41.146829562257,5.781211611309,
    10.986836247483));
#3480 = CARTESIAN_POINT('',(41.177708992925,5.700160581946,
    11.008606628169));
#3481 = CARTESIAN_POINT('',(41.212641070394,5.57536610617,
    11.037079431218));
#3482 = CARTESIAN_POINT('',(41.22234007353,5.53371456241,11.045798308032
    ));
#3483 = CARTESIAN_POINT('',(41.230204282735,5.49151029326,
    11.053842094155));
#3484 = CARTESIAN_POINT('',(41.236186176743,5.448869553964,
    11.061173565771));
#3485 = CARTESIAN_POINT('',(41.248463140894,5.319105030866,
    11.081070788502));
#3486 = CARTESIAN_POINT('',(41.248840603961,5.231012681989,
    11.091337856897));
#3487 = CARTESIAN_POINT('',(41.241086629735,5.142732351146,
    11.098280935743));
#3488 = CARTESIAN_POINT('',(41.225170854365,5.055451952885,
    11.101729216798));
#3489 = CARTESIAN_POINT('',(41.179094600642,4.890325636151,
    11.10164316803));
#3490 = CARTESIAN_POINT('',(41.149827737722,4.812207004739,
    11.098510162573));
#3491 = CARTESIAN_POINT('',(41.113906637373,4.737009734754,
    11.092285915387));
#3492 = CARTESIAN_POINT('',(41.071850291947,4.665577042912,
    11.083105317171));
#3493 = CARTESIAN_POINT('',(41.000802458271,4.565424245644,
    11.06529613177));
#3494 = CARTESIAN_POINT('',(40.975939582736,4.533351868922,
    11.058730363252));
#3495 = CARTESIAN_POINT('',(40.94981435226,4.502442491293,
    11.051521714463));
#3496 = CARTESIAN_POINT('',(40.922509766203,4.472762297897,
    11.043700355559));
#3497 = CARTESIAN_POINT('',(40.894112549695,4.44436508139,
    11.035299685423));
#3498 = PCURVE('',#2885,#3499);
#3499 = DEFINITIONAL_REPRESENTATION('',(#3500),#3523);
#3500 = B_SPLINE_CURVE_WITH_KNOTS('',5,(#3501,#3502,#3503,#3504,#3505,
    #3506,#3507,#3508,#3509,#3510,#3511,#3512,#3513,#3514,#3515,#3516,
    #3517,#3518,#3519,#3520,#3521,#3522),.UNSPECIFIED.,.F.,.F.,(6,4,4,4,
    4,6),(0.,0.25848912894,0.384938005783,0.640531864683,0.880993714186,
    1.),.UNSPECIFIED.);
#3501 = CARTESIAN_POINT('',(6.28318530718,-1.064611316829));
#3502 = CARTESIAN_POINT('',(6.263762889799,-1.056758656509));
#3503 = CARTESIAN_POINT('',(6.243653878778,-1.04949806653));
#3504 = CARTESIAN_POINT('',(6.222928954927,-1.042883872338));
#3505 = CARTESIAN_POINT('',(6.201651377383,-1.036978017487));
#3506 = CARTESIAN_POINT('',(6.169260081443,-1.02932608677));
#3507 = CARTESIAN_POINT('',(6.158506656622,-1.026996148921));
#3508 = CARTESIAN_POINT('',(6.147649480282,-1.024856914911));
#3509 = CARTESIAN_POINT('',(6.136699024561,-1.022914868123));
#3510 = CARTESIAN_POINT('',(6.103367206625,-1.017660970909));
#3511 = CARTESIAN_POINT('',(6.080729677607,-1.01497517559));
#3512 = CARTESIAN_POINT('',(6.057860599284,-1.01316825158));
#3513 = CARTESIAN_POINT('',(6.034864929397,-1.012270686405));
#3514 = CARTESIAN_POINT('',(5.990243466149,-1.012293083457));
#3515 = CARTESIAN_POINT('',(5.968611889706,-1.013108577454));
#3516 = CARTESIAN_POINT('',(5.947087103354,-1.014728602118));
#3517 = CARTESIAN_POINT('',(5.92575778706,-1.01712906279));
#3518 = CARTESIAN_POINT('',(5.89429835553,-1.021824668779));
#3519 = CARTESIAN_POINT('',(5.883952391421,-1.023560725005));
#3520 = CARTESIAN_POINT('',(5.873685335908,-1.025473537843));
#3521 = CARTESIAN_POINT('',(5.863506173744,-1.027557835236));
#3522 = CARTESIAN_POINT('',(5.853423028083,-1.029807835375));
#3523 = ( GEOMETRIC_REPRESENTATION_CONTEXT(2) 
PARAMETRIC_REPRESENTATION_CONTEXT() REPRESENTATION_CONTEXT('2D SPACE',''
  ) );
#3524 = PCURVE('',#2611,#3525);
#3525 = DEFINITIONAL_REPRESENTATION('',(#3526),#3549);
#3526 = B_SPLINE_CURVE_WITH_KNOTS('',5,(#3527,#3528,#3529,#3530,#3531,
    #3532,#3533,#3534,#3535,#3536,#3537,#3538,#3539,#3540,#3541,#3542,
    #3543,#3544,#3545,#3546,#3547,#3548),.UNSPECIFIED.,.F.,.F.,(6,4,4,4,
    4,6),(0.,0.25848912894,0.384938005783,0.640531864683,0.880993714186,
    1.),.UNSPECIFIED.);
#3527 = CARTESIAN_POINT('',(-0.155260917333,3.129146060055));
#3528 = CARTESIAN_POINT('',(-0.225678248143,3.156749106413));
#3529 = CARTESIAN_POINT('',(-0.296558166557,3.182759627155));
#3530 = CARTESIAN_POINT('',(-0.367970030341,3.206836247483));
#3531 = CARTESIAN_POINT('',(-0.439948501146,3.228606628169));
#3532 = CARTESIAN_POINT('',(-0.547941271031,3.257079431218));
#3533 = CARTESIAN_POINT('',(-0.583544649863,3.265798308032));
#3534 = CARTESIAN_POINT('',(-0.619272847889,3.273842094155));
#3535 = CARTESIAN_POINT('',(-0.655118231367,3.281173565771));
#3536 = CARTESIAN_POINT('',(-0.763738221674,3.301070788502));
#3537 = CARTESIAN_POINT('',(-0.836852160163,3.311337856897));
#3538 = CARTESIAN_POINT('',(-0.910281361545,3.318280935743));
#3539 = CARTESIAN_POINT('',(-0.983903163097,3.321729216798));
#3540 = CARTESIAN_POINT('',(-1.126765085642,3.32164316803));
#3541 = CARTESIAN_POINT('',(-1.196023412912,3.318510162573));
#3542 = CARTESIAN_POINT('',(-1.265120415344,3.312285915387));
#3543 = CARTESIAN_POINT('',(-1.333949985636,3.303105317171));
#3544 = CARTESIAN_POINT('',(-1.436278356412,3.28529613177));
#3545 = CARTESIAN_POINT('',(-1.470065131526,3.278730363252));
#3546 = CARTESIAN_POINT('',(-1.503751394562,3.271521714463));
#3547 = CARTESIAN_POINT('',(-1.537329886196,3.263700355559));
#3548 = CARTESIAN_POINT('',(-1.570796326795,3.255299685423));
#3549 = ( GEOMETRIC_REPRESENTATION_CONTEXT(2) 
PARAMETRIC_REPRESENTATION_CONTEXT() REPRESENTATION_CONTEXT('2D SPACE',''
  ) );
#3550 = ADVANCED_FACE('',(#3551),#3009,.F.);
#3551 = FACE_BOUND('',#3552,.F.);
#3552 = EDGE_LOOP('',(#3553,#3577,#3601,#3602,#3626,#3677,#3699));
#3553 = ORIENTED_EDGE('',*,*,#3554,.F.);
#3554 = EDGE_CURVE('',#3555,#2956,#3557,.T.);
#3555 = VERTEX_POINT('',#3556);
#3556 = CARTESIAN_POINT('',(47.5,-9.797174393179E-16,12.));
#3557 = SURFACE_CURVE('',#3558,(#3563,#3570),.PCURVE_S1.);
#3558 = CIRCLE('',#3559,4.);
#3559 = AXIS2_PLACEMENT_3D('',#3560,#3561,#3562);
#3560 = CARTESIAN_POINT('',(43.5,0.,12.));
#3561 = DIRECTION('',(0.,0.,1.));
#3562 = DIRECTION('',(1.,0.,-0.));
#3563 = PCURVE('',#3009,#3564);
#3564 = DEFINITIONAL_REPRESENTATION('',(#3565),#3569);
#3565 = LINE('',#3566,#3567);
#3566 = CARTESIAN_POINT('',(0.,-0.221314442348));
#3567 = VECTOR('',#3568,1.);
#3568 = DIRECTION('',(1.,0.));
#3569 = ( GEOMETRIC_REPRESENTATION_CONTEXT(2) 
PARAMETRIC_REPRESENTATION_CONTEXT() REPRESENTATION_CONTEXT('2D SPACE',''
  ) );
#3570 = PCURVE('',#100,#3571);
#3571 = DEFINITIONAL_REPRESENTATION('',(#3572),#3576);
#3572 = CIRCLE('',#3573,4.);
#3573 = AXIS2_PLACEMENT_2D('',#3574,#3575);
#3574 = CARTESIAN_POINT('',(14.5,0.));
#3575 = DIRECTION('',(1.,0.));
#3576 = ( GEOMETRIC_REPRESENTATION_CONTEXT(2) 
PARAMETRIC_REPRESENTATION_CONTEXT() REPRESENTATION_CONTEXT('2D SPACE',''
  ) );
#3577 = ORIENTED_EDGE('',*,*,#3578,.F.);
#3578 = EDGE_CURVE('',#3579,#3555,#3581,.T.);
#3579 = VERTEX_POINT('',#3580);
#3580 = CARTESIAN_POINT('',(43.5,-6.149015108914E-32,8.8));
#3581 = SEAM_CURVE('',#3582,(#3587,#3594),.PCURVE_S1.);
#3582 = CIRCLE('',#3583,4.1);
#3583 = AXIS2_PLACEMENT_3D('',#3584,#3585,#3586);
#3584 = CARTESIAN_POINT('',(43.5,0.,12.9));
#3585 = DIRECTION('',(-2.449293598295E-16,-1.,0.));
#3586 = DIRECTION('',(1.,-2.449293598295E-16,0.));
#3587 = PCURVE('',#3009,#3588);
#3588 = DEFINITIONAL_REPRESENTATION('',(#3589),#3593);
#3589 = LINE('',#3590,#3591);
#3590 = CARTESIAN_POINT('',(6.28318530718,-6.28318530718));
#3591 = VECTOR('',#3592,1.);
#3592 = DIRECTION('',(0.,1.));
#3593 = ( GEOMETRIC_REPRESENTATION_CONTEXT(2) 
PARAMETRIC_REPRESENTATION_CONTEXT() REPRESENTATION_CONTEXT('2D SPACE',''
  ) );
#3594 = PCURVE('',#3009,#3595);
#3595 = DEFINITIONAL_REPRESENTATION('',(#3596),#3600);
#3596 = LINE('',#3597,#3598);
#3597 = CARTESIAN_POINT('',(0.,-6.28318530718));
#3598 = VECTOR('',#3599,1.);
#3599 = DIRECTION('',(0.,1.));
#3600 = ( GEOMETRIC_REPRESENTATION_CONTEXT(2) 
PARAMETRIC_REPRESENTATION_CONTEXT() REPRESENTATION_CONTEXT('2D SPACE',''
  ) );
#3601 = ORIENTED_EDGE('',*,*,#3578,.T.);
#3602 = ORIENTED_EDGE('',*,*,#3603,.F.);
#3603 = EDGE_CURVE('',#3604,#3555,#3606,.T.);
#3604 = VERTEX_POINT('',#3605);
#3605 = CARTESIAN_POINT('',(41.928268721647,-3.678268721647,12.));
#3606 = SURFACE_CURVE('',#3607,(#3612,#3619),.PCURVE_S1.);
#3607 = CIRCLE('',#3608,4.);
#3608 = AXIS2_PLACEMENT_3D('',#3609,#3610,#3611);
#3609 = CARTESIAN_POINT('',(43.5,0.,12.));
#3610 = DIRECTION('',(0.,0.,1.));
#3611 = DIRECTION('',(1.,0.,-0.));
#3612 = PCURVE('',#3009,#3613);
#3613 = DEFINITIONAL_REPRESENTATION('',(#3614),#3618);
#3614 = LINE('',#3615,#3616);
#3615 = CARTESIAN_POINT('',(0.,-0.221314442348));
#3616 = VECTOR('',#3617,1.);
#3617 = DIRECTION('',(1.,0.));
#3618 = ( GEOMETRIC_REPRESENTATION_CONTEXT(2) 
PARAMETRIC_REPRESENTATION_CONTEXT() REPRESENTATION_CONTEXT('2D SPACE',''
  ) );
#3619 = PCURVE('',#100,#3620);
#3620 = DEFINITIONAL_REPRESENTATION('',(#3621),#3625);
#3621 = CIRCLE('',#3622,4.);
#3622 = AXIS2_PLACEMENT_2D('',#3623,#3624);
#3623 = CARTESIAN_POINT('',(14.5,0.));
#3624 = DIRECTION('',(1.,0.));
#3625 = ( GEOMETRIC_REPRESENTATION_CONTEXT(2) 
PARAMETRIC_REPRESENTATION_CONTEXT() REPRESENTATION_CONTEXT('2D SPACE',''
  ) );
#3626 = ORIENTED_EDGE('',*,*,#3627,.T.);
#3627 = EDGE_CURVE('',#3604,#3628,#3630,.T.);
#3628 = VERTEX_POINT('',#3629);
#3629 = CARTESIAN_POINT('',(39.821731278353,-1.571731278353,12.));
#3630 = SURFACE_CURVE('',#3631,(#3636,#3652),.PCURVE_S1.);
#3631 = CIRCLE('',#3632,2.905336461661);
#3632 = AXIS2_PLACEMENT_3D('',#3633,#3634,#3635);
#3633 = CARTESIAN_POINT('',(41.679658500371,-1.820341499629,
    14.219747587231));
#3634 = DIRECTION('',(0.629238904244,0.629238904244,-0.456198205577));
#3635 = DIRECTION('',(-0.707106781187,0.707106781187,0.));
#3636 = PCURVE('',#3009,#3637);
#3637 = DEFINITIONAL_REPRESENTATION('',(#3638),#3651);
#3638 = B_SPLINE_CURVE_WITH_KNOTS('',6,(#3639,#3640,#3641,#3642,#3643,
    #3644,#3645,#3646,#3647,#3648,#3649,#3650),.UNSPECIFIED.,.F.,.F.,(7,
    5,7),(4.174070014509,4.712388980385,5.250707946261),.UNSPECIFIED.);
#3639 = CARTESIAN_POINT('',(4.308570204754,-0.221314442348));
#3640 = CARTESIAN_POINT('',(4.250968252345,-0.251045693694));
#3641 = CARTESIAN_POINT('',(4.190126584531,-0.275654751901));
#3642 = CARTESIAN_POINT('',(4.126461430571,-0.294606894612));
#3643 = CARTESIAN_POINT('',(4.06067367288,-0.307416777142));
#3644 = CARTESIAN_POINT('',(3.993832423978,-0.313820327092));
#3645 = CARTESIAN_POINT('',(3.860149209997,-0.313820327092));
#3646 = CARTESIAN_POINT('',(3.793307961094,-0.307416777142));
#3647 = CARTESIAN_POINT('',(3.727520203403,-0.294606894612));
#3648 = CARTESIAN_POINT('',(3.663855049444,-0.275654751901));
#3649 = CARTESIAN_POINT('',(3.60301338163,-0.251045693694));
#3650 = CARTESIAN_POINT('',(3.54541142922,-0.221314442348));
#3651 = ( GEOMETRIC_REPRESENTATION_CONTEXT(2) 
PARAMETRIC_REPRESENTATION_CONTEXT() REPRESENTATION_CONTEXT('2D SPACE',''
  ) );
#3652 = PCURVE('',#3653,#3658);
#3653 = SPHERICAL_SURFACE('',#3654,7.25);
#3654 = AXIS2_PLACEMENT_3D('',#3655,#3656,#3657);
#3655 = CARTESIAN_POINT('',(37.5,-6.,17.25));
#3656 = DIRECTION('',(0.,0.,1.));
#3657 = DIRECTION('',(1.,0.,0.));
#3658 = DEFINITIONAL_REPRESENTATION('',(#3659),#3676);
#3659 = B_SPLINE_CURVE_WITH_KNOTS('',8,(#3660,#3661,#3662,#3663,#3664,
    #3665,#3666,#3667,#3668,#3669,#3670,#3671,#3672,#3673,#3674,#3675),
  .UNSPECIFIED.,.F.,.F.,(9,7,9),(4.174070014509,4.712388980385,
    5.250707946261),.UNSPECIFIED.);
#3660 = CARTESIAN_POINT('',(0.482896319369,-0.80978357257));
#3661 = CARTESIAN_POINT('',(0.512217742005,-0.827622323378));
#3662 = CARTESIAN_POINT('',(0.544616939649,-0.843545611584));
#3663 = CARTESIAN_POINT('',(0.57996772414,-0.857295402885));
#3664 = CARTESIAN_POINT('',(0.618003538103,-0.868618899141));
#3665 = CARTESIAN_POINT('',(0.658281027626,-0.877285528436));
#3666 = CARTESIAN_POINT('',(0.70012991156,-0.88312069218));
#3667 = CARTESIAN_POINT('',(0.742764024747,-0.886038331081));
#3668 = CARTESIAN_POINT('',(0.828032302048,-0.886038331081));
#3669 = CARTESIAN_POINT('',(0.870666415234,-0.883120692182));
#3670 = CARTESIAN_POINT('',(0.912515299166,-0.877285528433));
#3671 = CARTESIAN_POINT('',(0.952792788691,-0.86861889915));
#3672 = CARTESIAN_POINT('',(0.990828602653,-0.857295402886));
#3673 = CARTESIAN_POINT('',(1.026179387145,-0.843545611584));
#3674 = CARTESIAN_POINT('',(1.05857858479,-0.827622323378));
#3675 = CARTESIAN_POINT('',(1.087900007426,-0.80978357257));
#3676 = ( GEOMETRIC_REPRESENTATION_CONTEXT(2) 
PARAMETRIC_REPRESENTATION_CONTEXT() REPRESENTATION_CONTEXT('2D SPACE',''
  ) );
#3677 = ORIENTED_EDGE('',*,*,#3678,.F.);
#3678 = EDGE_CURVE('',#2980,#3628,#3679,.T.);
#3679 = SURFACE_CURVE('',#3680,(#3685,#3692),.PCURVE_S1.);
#3680 = CIRCLE('',#3681,4.);
#3681 = AXIS2_PLACEMENT_3D('',#3682,#3683,#3684);
#3682 = CARTESIAN_POINT('',(43.5,0.,12.));
#3683 = DIRECTION('',(0.,0.,1.));
#3684 = DIRECTION('',(1.,0.,-0.));
#3685 = PCURVE('',#3009,#3686);
#3686 = DEFINITIONAL_REPRESENTATION('',(#3687),#3691);
#3687 = LINE('',#3688,#3689);
#3688 = CARTESIAN_POINT('',(0.,-0.221314442348));
#3689 = VECTOR('',#3690,1.);
#3690 = DIRECTION('',(1.,0.));
#3691 = ( GEOMETRIC_REPRESENTATION_CONTEXT(2) 
PARAMETRIC_REPRESENTATION_CONTEXT() REPRESENTATION_CONTEXT('2D SPACE',''
  ) );
#3692 = PCURVE('',#100,#3693);
#3693 = DEFINITIONAL_REPRESENTATION('',(#3694),#3698);
#3694 = CIRCLE('',#3695,4.);
#3695 = AXIS2_PLACEMENT_2D('',#3696,#3697);
#3696 = CARTESIAN_POINT('',(14.5,0.));
#3697 = DIRECTION('',(1.,0.));
#3698 = ( GEOMETRIC_REPRESENTATION_CONTEXT(2) 
PARAMETRIC_REPRESENTATION_CONTEXT() REPRESENTATION_CONTEXT('2D SPACE',''
  ) );
#3699 = ORIENTED_EDGE('',*,*,#2979,.T.);
#3700 = ADVANCED_FACE('',(#3701),#3653,.F.);
#3701 = FACE_BOUND('',#3702,.F.);
#3702 = EDGE_LOOP('',(#3703,#3729,#3751,#3752,#3774,#3775,#3855,#3890,
    #4000,#4051,#4161,#4196,#4306,#4357));
#3703 = ORIENTED_EDGE('',*,*,#3704,.T.);
#3704 = EDGE_CURVE('',#3705,#3707,#3709,.T.);
#3705 = VERTEX_POINT('',#3706);
#3706 = CARTESIAN_POINT('',(41.015120383755,-6.,10.909146060055));
#3707 = VERTEX_POINT('',#3708);
#3708 = CARTESIAN_POINT('',(42.5,-6.,12.));
#3709 = SEAM_CURVE('',#3710,(#3715,#3722),.PCURVE_S1.);
#3710 = CIRCLE('',#3711,7.25);
#3711 = AXIS2_PLACEMENT_3D('',#3712,#3713,#3714);
#3712 = CARTESIAN_POINT('',(37.5,-6.,17.25));
#3713 = DIRECTION('',(-2.449293598295E-16,-1.,0.));
#3714 = DIRECTION('',(1.,-2.449293598295E-16,0.));
#3715 = PCURVE('',#3653,#3716);
#3716 = DEFINITIONAL_REPRESENTATION('',(#3717),#3721);
#3717 = LINE('',#3718,#3719);
#3718 = CARTESIAN_POINT('',(6.28318530718,-6.28318530718));
#3719 = VECTOR('',#3720,1.);
#3720 = DIRECTION('',(0.,1.));
#3721 = ( GEOMETRIC_REPRESENTATION_CONTEXT(2) 
PARAMETRIC_REPRESENTATION_CONTEXT() REPRESENTATION_CONTEXT('2D SPACE',''
  ) );
#3722 = PCURVE('',#3653,#3723);
#3723 = DEFINITIONAL_REPRESENTATION('',(#3724),#3728);
#3724 = LINE('',#3725,#3726);
#3725 = CARTESIAN_POINT('',(0.,-6.28318530718));
#3726 = VECTOR('',#3727,1.);
#3727 = DIRECTION('',(0.,1.));
#3728 = ( GEOMETRIC_REPRESENTATION_CONTEXT(2) 
PARAMETRIC_REPRESENTATION_CONTEXT() REPRESENTATION_CONTEXT('2D SPACE',''
  ) );
#3729 = ORIENTED_EDGE('',*,*,#3730,.F.);
#3730 = EDGE_CURVE('',#3628,#3707,#3731,.T.);
#3731 = SURFACE_CURVE('',#3732,(#3737,#3744),.PCURVE_S1.);
#3732 = CIRCLE('',#3733,5.);
#3733 = AXIS2_PLACEMENT_3D('',#3734,#3735,#3736);
#3734 = CARTESIAN_POINT('',(37.5,-6.,12.));
#3735 = DIRECTION('',(0.,0.,1.));
#3736 = DIRECTION('',(1.,0.,-0.));
#3737 = PCURVE('',#3653,#3738);
#3738 = DEFINITIONAL_REPRESENTATION('',(#3739),#3743);
#3739 = LINE('',#3740,#3741);
#3740 = CARTESIAN_POINT('',(0.,-0.80978357257));
#3741 = VECTOR('',#3742,1.);
#3742 = DIRECTION('',(1.,0.));
#3743 = ( GEOMETRIC_REPRESENTATION_CONTEXT(2) 
PARAMETRIC_REPRESENTATION_CONTEXT() REPRESENTATION_CONTEXT('2D SPACE',''
  ) );
#3744 = PCURVE('',#100,#3745);
#3745 = DEFINITIONAL_REPRESENTATION('',(#3746),#3750);
#3746 = CIRCLE('',#3747,5.);
#3747 = AXIS2_PLACEMENT_2D('',#3748,#3749);
#3748 = CARTESIAN_POINT('',(8.5,-6.));
#3749 = DIRECTION('',(1.,0.));
#3750 = ( GEOMETRIC_REPRESENTATION_CONTEXT(2) 
PARAMETRIC_REPRESENTATION_CONTEXT() REPRESENTATION_CONTEXT('2D SPACE',''
  ) );
#3751 = ORIENTED_EDGE('',*,*,#3627,.F.);
#3752 = ORIENTED_EDGE('',*,*,#3753,.F.);
#3753 = EDGE_CURVE('',#3707,#3604,#3754,.T.);
#3754 = SURFACE_CURVE('',#3755,(#3760,#3767),.PCURVE_S1.);
#3755 = CIRCLE('',#3756,5.);
#3756 = AXIS2_PLACEMENT_3D('',#3757,#3758,#3759);
#3757 = CARTESIAN_POINT('',(37.5,-6.,12.));
#3758 = DIRECTION('',(0.,0.,1.));
#3759 = DIRECTION('',(1.,0.,-0.));
#3760 = PCURVE('',#3653,#3761);
#3761 = DEFINITIONAL_REPRESENTATION('',(#3762),#3766);
#3762 = LINE('',#3763,#3764);
#3763 = CARTESIAN_POINT('',(0.,-0.80978357257));
#3764 = VECTOR('',#3765,1.);
#3765 = DIRECTION('',(1.,0.));
#3766 = ( GEOMETRIC_REPRESENTATION_CONTEXT(2) 
PARAMETRIC_REPRESENTATION_CONTEXT() REPRESENTATION_CONTEXT('2D SPACE',''
  ) );
#3767 = PCURVE('',#100,#3768);
#3768 = DEFINITIONAL_REPRESENTATION('',(#3769),#3773);
#3769 = CIRCLE('',#3770,5.);
#3770 = AXIS2_PLACEMENT_2D('',#3771,#3772);
#3771 = CARTESIAN_POINT('',(8.5,-6.));
#3772 = DIRECTION('',(1.,0.));
#3773 = ( GEOMETRIC_REPRESENTATION_CONTEXT(2) 
PARAMETRIC_REPRESENTATION_CONTEXT() REPRESENTATION_CONTEXT('2D SPACE',''
  ) );
#3774 = ORIENTED_EDGE('',*,*,#3704,.F.);
#3775 = ORIENTED_EDGE('',*,*,#3776,.T.);
#3776 = EDGE_CURVE('',#3705,#3777,#3779,.T.);
#3777 = VERTEX_POINT('',#3778);
#3778 = CARTESIAN_POINT('',(40.894112549695,-4.44436508139,
    11.035299685423));
#3779 = SURFACE_CURVE('',#3780,(#3803,#3829),.PCURVE_S1.);
#3780 = B_SPLINE_CURVE_WITH_KNOTS('',5,(#3781,#3782,#3783,#3784,#3785,
    #3786,#3787,#3788,#3789,#3790,#3791,#3792,#3793,#3794,#3795,#3796,
    #3797,#3798,#3799,#3800,#3801,#3802),.UNSPECIFIED.,.F.,.F.,(6,4,4,4,
    4,6),(0.,0.262877610216,0.389268446619,0.640531569775,0.880993616553
    ,1.),.UNSPECIFIED.);
#3781 = CARTESIAN_POINT('',(41.015120383755,-6.,10.909146060055));
#3782 = CARTESIAN_POINT('',(41.06575928708,-5.930567433892,
    10.937218279188));
#3783 = CARTESIAN_POINT('',(41.110519151196,-5.856140104415,
    10.963642603867));
#3784 = CARTESIAN_POINT('',(41.148750298234,-5.777264067879,
    10.988061211636));
#3785 = CARTESIAN_POINT('',(41.179794542036,-5.694648554394,
    11.010081445841));
#3786 = CARTESIAN_POINT('',(41.21435908889,-5.568171422557,
    11.038602514038));
#3787 = CARTESIAN_POINT('',(41.223801559563,-5.52645968301,
    11.047225174687));
#3788 = CARTESIAN_POINT('',(41.231405561018,-5.48420743876,
    11.055169350055));
#3789 = CARTESIAN_POINT('',(41.237124424927,-5.441531577873,
    11.062398121167));
#3790 = CARTESIAN_POINT('',(41.248474682018,-5.313133920061,
    11.081760932437));
#3791 = CARTESIAN_POINT('',(41.248439424728,-5.226525546504,
    11.091687846288));
#3792 = CARTESIAN_POINT('',(41.240544907918,-5.139774632236,
    11.098396801769));
#3793 = CARTESIAN_POINT('',(41.224768573788,-5.054010275128,
    11.101728465527));
#3794 = CARTESIAN_POINT('',(41.179094600642,-4.890325636151,
    11.10164316803));
#3795 = CARTESIAN_POINT('',(41.149827737722,-4.812207004739,
    11.098510162573));
#3796 = CARTESIAN_POINT('',(41.113906637373,-4.737009734754,
    11.092285915387));
#3797 = CARTESIAN_POINT('',(41.071850291947,-4.665577042912,
    11.083105317171));
#3798 = CARTESIAN_POINT('',(41.000802458271,-4.565424245644,
    11.06529613177));
#3799 = CARTESIAN_POINT('',(40.975939582736,-4.533351868922,
    11.058730363252));
#3800 = CARTESIAN_POINT('',(40.94981435226,-4.502442491293,
    11.051521714463));
#3801 = CARTESIAN_POINT('',(40.922509766203,-4.472762297897,
    11.043700355559));
#3802 = CARTESIAN_POINT('',(40.894112549695,-4.44436508139,
    11.035299685423));
#3803 = PCURVE('',#3653,#3804);
#3804 = DEFINITIONAL_REPRESENTATION('',(#3805),#3828);
#3805 = B_SPLINE_CURVE_WITH_KNOTS('',5,(#3806,#3807,#3808,#3809,#3810,
    #3811,#3812,#3813,#3814,#3815,#3816,#3817,#3818,#3819,#3820,#3821,
    #3822,#3823,#3824,#3825,#3826,#3827),.UNSPECIFIED.,.F.,.F.,(6,4,4,4,
    4,6),(0.,0.262877610216,0.389268446619,0.640531569775,0.880993616553
    ,1.),.UNSPECIFIED.);
#3806 = CARTESIAN_POINT('',(-3.10862446895E-14,-1.064611316829));
#3807 = CARTESIAN_POINT('',(1.975254287997E-02,-1.056625183761));
#3808 = CARTESIAN_POINT('',(4.02146865858E-02,-1.049251635957));
#3809 = CARTESIAN_POINT('',(6.131271460885E-02,-1.042547458305));
#3810 = CARTESIAN_POINT('',(8.298026055283E-02,-1.036578070914));
#3811 = CARTESIAN_POINT('',(0.115784120299,-1.028918727833));
#3812 = CARTESIAN_POINT('',(0.126547217278,-1.026616036382));
#3813 = CARTESIAN_POINT('',(0.137412924331,-1.024504571392));
#3814 = CARTESIAN_POINT('',(0.14837070666,-1.022590768527));
#3815 = CARTESIAN_POINT('',(0.181352840235,-1.017480448103));
#3816 = CARTESIAN_POINT('',(0.203618368113,-1.014884094681));
#3817 = CARTESIAN_POINT('',(0.226104134416,-1.013138090446));
#3818 = CARTESIAN_POINT('',(0.248709956938,-1.012270881948));
#3819 = CARTESIAN_POINT('',(0.29294184103,-1.012293083457));
#3820 = CARTESIAN_POINT('',(0.314573417474,-1.013108577454));
#3821 = CARTESIAN_POINT('',(0.336098203825,-1.014728602118));
#3822 = CARTESIAN_POINT('',(0.357427520119,-1.01712906279));
#3823 = CARTESIAN_POINT('',(0.38888695165,-1.021824668779));
#3824 = CARTESIAN_POINT('',(0.399232915758,-1.023560725005));
#3825 = CARTESIAN_POINT('',(0.409499971272,-1.025473537843));
#3826 = CARTESIAN_POINT('',(0.419679133436,-1.027557835236));
#3827 = CARTESIAN_POINT('',(0.429762279097,-1.029807835375));
#3828 = ( GEOMETRIC_REPRESENTATION_CONTEXT(2) 
PARAMETRIC_REPRESENTATION_CONTEXT() REPRESENTATION_CONTEXT('2D SPACE',''
  ) );
#3829 = PCURVE('',#2094,#3830);
#3830 = DEFINITIONAL_REPRESENTATION('',(#3831),#3854);
#3831 = B_SPLINE_CURVE_WITH_KNOTS('',5,(#3832,#3833,#3834,#3835,#3836,
    #3837,#3838,#3839,#3840,#3841,#3842,#3843,#3844,#3845,#3846,#3847,
    #3848,#3849,#3850,#3851,#3852,#3853),.UNSPECIFIED.,.F.,.F.,(6,4,4,4,
    4,6),(0.,0.262877610216,0.389268446619,0.640531569775,0.880993616553
    ,1.),.UNSPECIFIED.);
#3832 = CARTESIAN_POINT('',(0.155260917333,3.129146060055));
#3833 = CARTESIAN_POINT('',(0.226875141199,3.157218279188));
#3834 = CARTESIAN_POINT('',(0.298965903536,3.183642603867));
#3835 = CARTESIAN_POINT('',(0.371608561219,3.208061211636));
#3836 = CARTESIAN_POINT('',(0.44483894939,3.230081445841));
#3837 = CARTESIAN_POINT('',(0.554101543301,3.258602514038));
#3838 = CARTESIAN_POINT('',(0.589705964288,3.267225174687));
#3839 = CARTESIAN_POINT('',(0.625434424158,3.275169350055));
#3840 = CARTESIAN_POINT('',(0.661279027323,3.282398121167));
#3841 = CARTESIAN_POINT('',(0.768694326214,3.301760932437));
#3842 = CARTESIAN_POINT('',(0.840585365033,3.311687846288));
#3843 = CARTESIAN_POINT('',(0.912776732393,3.318396801769));
#3844 = CARTESIAN_POINT('',(0.985150455836,3.321728465527));
#3845 = CARTESIAN_POINT('',(1.126765085642,3.32164316803));
#3846 = CARTESIAN_POINT('',(1.196023412913,3.318510162573));
#3847 = CARTESIAN_POINT('',(1.265120415344,3.312285915387));
#3848 = CARTESIAN_POINT('',(1.333949985636,3.303105317171));
#3849 = CARTESIAN_POINT('',(1.436278356412,3.28529613177));
#3850 = CARTESIAN_POINT('',(1.470065131526,3.278730363252));
#3851 = CARTESIAN_POINT('',(1.503751394562,3.271521714463));
#3852 = CARTESIAN_POINT('',(1.537329886196,3.263700355559));
#3853 = CARTESIAN_POINT('',(1.570796326795,3.255299685423));
#3854 = ( GEOMETRIC_REPRESENTATION_CONTEXT(2) 
PARAMETRIC_REPRESENTATION_CONTEXT() REPRESENTATION_CONTEXT('2D SPACE',''
  ) );
#3855 = ORIENTED_EDGE('',*,*,#3856,.F.);
#3856 = EDGE_CURVE('',#3857,#3777,#3859,.T.);
#3857 = VERTEX_POINT('',#3858);
#3858 = CARTESIAN_POINT('',(39.05563491861,-2.605887450305,
    11.035299685423));
#3859 = SURFACE_CURVE('',#3860,(#3865,#3883),.PCURVE_S1.);
#3860 = CIRCLE('',#3861,6.3492125496);
#3861 = AXIS2_PLACEMENT_3D('',#3862,#3863,#3864);
#3862 = CARTESIAN_POINT('',(39.974873734153,-3.525126265847,17.25));
#3863 = DIRECTION('',(-0.707106781187,-0.707106781187,0.));
#3864 = DIRECTION('',(0.707106781187,-0.707106781187,0.));
#3865 = PCURVE('',#3653,#3866);
#3866 = DEFINITIONAL_REPRESENTATION('',(#3867),#3882);
#3867 = B_SPLINE_CURVE_WITH_KNOTS('',7,(#3868,#3869,#3870,#3871,#3872,
    #3873,#3874,#3875,#3876,#3877,#3878,#3879,#3880,#3881),
  .UNSPECIFIED.,.F.,.F.,(8,6,8),(4.50618089529,4.712388980385,
    4.918597065479),.UNSPECIFIED.);
#3868 = CARTESIAN_POINT('',(1.141034047698,-1.029807835375));
#3869 = CARTESIAN_POINT('',(1.095068428928,-1.040064817878));
#3870 = CARTESIAN_POINT('',(1.046941148665,-1.048840904859));
#3871 = CARTESIAN_POINT('',(0.996856569689,-1.056017133259));
#3872 = CARTESIAN_POINT('',(0.945141751411,-1.061484573624));
#3873 = CARTESIAN_POINT('',(0.892276362153,-1.065157741652));
#3874 = CARTESIAN_POINT('',(0.838837304692,-1.06699434242));
#3875 = CARTESIAN_POINT('',(0.731959022103,-1.06699434242));
#3876 = CARTESIAN_POINT('',(0.678519964642,-1.065157741652));
#3877 = CARTESIAN_POINT('',(0.625654575384,-1.061484573624));
#3878 = CARTESIAN_POINT('',(0.573939757107,-1.056017133259));
#3879 = CARTESIAN_POINT('',(0.52385517813,-1.048840904859));
#3880 = CARTESIAN_POINT('',(0.475727897867,-1.040064817878));
#3881 = CARTESIAN_POINT('',(0.429762279097,-1.029807835375));
#3882 = ( GEOMETRIC_REPRESENTATION_CONTEXT(2) 
PARAMETRIC_REPRESENTATION_CONTEXT() REPRESENTATION_CONTEXT('2D SPACE',''
  ) );
#3883 = PCURVE('',#2291,#3884);
#3884 = DEFINITIONAL_REPRESENTATION('',(#3885),#3889);
#3885 = CIRCLE('',#3886,6.3492125496);
#3886 = AXIS2_PLACEMENT_2D('',#3887,#3888);
#3887 = CARTESIAN_POINT('',(2.5,-9.47));
#3888 = DIRECTION('',(-1.,0.));
#3889 = ( GEOMETRIC_REPRESENTATION_CONTEXT(2) 
PARAMETRIC_REPRESENTATION_CONTEXT() REPRESENTATION_CONTEXT('2D SPACE',''
  ) );
#3890 = ORIENTED_EDGE('',*,*,#3891,.T.);
#3891 = EDGE_CURVE('',#3857,#3892,#3894,.T.);
#3892 = VERTEX_POINT('',#3893);
#3893 = CARTESIAN_POINT('',(37.358578643763,-2.605887450305,
    10.845119048725));
#3894 = SURFACE_CURVE('',#3895,(#3928,#3964),.PCURVE_S1.);
#3895 = B_SPLINE_CURVE_WITH_KNOTS('',6,(#3896,#3897,#3898,#3899,#3900,
    #3901,#3902,#3903,#3904,#3905,#3906,#3907,#3908,#3909,#3910,#3911,
    #3912,#3913,#3914,#3915,#3916,#3917,#3918,#3919,#3920,#3921,#3922,
    #3923,#3924,#3925,#3926,#3927),.UNSPECIFIED.,.F.,.F.,(7,5,5,5,5,5,7)
  ,(0.,0.114062235943,0.323359039597,0.494939977338,0.572518089669,
    0.701312715455,1.),.UNSPECIFIED.);
#3896 = CARTESIAN_POINT('',(39.05563491861,-2.605887450305,
    11.035299685423));
#3897 = CARTESIAN_POINT('',(39.030353048649,-2.580605580343,
    11.042778751194));
#3898 = CARTESIAN_POINT('',(39.004096004347,-2.556156396649,
    11.049816588423));
#3899 = CARTESIAN_POINT('',(38.976896021671,-2.532591210333,
    11.056393459093));
#3900 = CARTESIAN_POINT('',(38.948790553346,-2.509961247276,
    11.062490295154));
#3901 = CARTESIAN_POINT('',(38.919822956861,-2.488316562657,
    11.0680893131));
#3902 = CARTESIAN_POINT('',(38.835399228325,-2.429883993405,
    11.082505852529));
#3903 = CARTESIAN_POINT('',(38.77801363925,-2.395536686154,
    11.090108608184));
#3904 = CARTESIAN_POINT('',(38.718199370081,-2.364962833063,
    11.095883284649));
#3905 = CARTESIAN_POINT('',(38.656319396854,-2.338417570897,
    11.099757205069));
#3906 = CARTESIAN_POINT('',(38.592783720471,-2.316097929275,
    11.101691040078));
#3907 = CARTESIAN_POINT('',(38.474974870726,-2.283398824343,
    11.101680451042));
#3908 = CARTESIAN_POINT('',(38.42108997561,-2.271590813856,
    11.100372121406));
#3909 = CARTESIAN_POINT('',(38.366639570882,-2.262774325229,
    11.097760138612));
#3910 = CARTESIAN_POINT('',(38.311872777764,-2.256981201258,
    11.093862151337));
#3911 = CARTESIAN_POINT('',(38.257036292191,-2.254209182643,
    11.088711500119));
#3912 = CARTESIAN_POINT('',(38.177654391247,-2.254522482758,
    11.079481232507));
#3913 = CARTESIAN_POINT('',(38.152972456735,-2.255230834494,
    11.076360748517));
#3914 = CARTESIAN_POINT('',(38.12834676719,-2.256546855161,
    11.072998037547));
#3915 = CARTESIAN_POINT('',(38.10379849442,-2.258466294064,
    11.069397851241));
#3916 = CARTESIAN_POINT('',(38.079348135475,-2.260983783558,
    11.065565370166));
#3917 = CARTESIAN_POINT('',(38.014618666709,-2.26925447067,
    11.054767204942));
#3918 = CARTESIAN_POINT('',(37.974546105627,-2.27604670954,
    11.04740332862));
#3919 = CARTESIAN_POINT('',(37.934888517502,-2.284440209525,
    11.039440072419));
#3920 = CARTESIAN_POINT('',(37.895729841954,-2.294398427115,
    11.030905369108));
#3921 = CARTESIAN_POINT('',(37.85714748068,-2.305879363473,
    11.021828735007));
#3922 = CARTESIAN_POINT('',(37.731237610743,-2.348888038692,
    10.990004177891));
#3923 = CARTESIAN_POINT('',(37.646751948322,-2.386879944729,
    10.965017858183));
#3924 = CARTESIAN_POINT('',(37.566625244078,-2.432244406579,
    10.937656220497));
#3925 = CARTESIAN_POINT('',(37.491543105394,-2.484316811988,
    10.908310722312));
#3926 = CARTESIAN_POINT('',(37.422048064189,-2.542418029878,
    10.877351720409));
#3927 = CARTESIAN_POINT('',(37.358578643763,-2.605887450305,
    10.845119048725));
#3928 = PCURVE('',#3653,#3929);
#3929 = DEFINITIONAL_REPRESENTATION('',(#3930),#3963);
#3930 = B_SPLINE_CURVE_WITH_KNOTS('',6,(#3931,#3932,#3933,#3934,#3935,
    #3936,#3937,#3938,#3939,#3940,#3941,#3942,#3943,#3944,#3945,#3946,
    #3947,#3948,#3949,#3950,#3951,#3952,#3953,#3954,#3955,#3956,#3957,
    #3958,#3959,#3960,#3961,#3962),.UNSPECIFIED.,.F.,.F.,(7,5,5,5,5,5,7)
  ,(0.,0.114062235943,0.323359039597,0.494939977338,0.572518089669,
    0.701312715455,1.),.UNSPECIFIED.);
#3931 = CARTESIAN_POINT('',(1.141034047698,-1.029807835375));
#3932 = CARTESIAN_POINT('',(1.150011011245,-1.027804673871));
#3933 = CARTESIAN_POINT('',(1.159060651866,-1.025927704018));
#3934 = CARTESIAN_POINT('',(1.168178277909,-1.024180305052));
#3935 = CARTESIAN_POINT('',(1.177358784037,-1.022565792575));
#3936 = CARTESIAN_POINT('',(1.186596504988,-1.021087295114));
#3937 = CARTESIAN_POINT('',(1.212928982378,-1.017289433329));
#3938 = CARTESIAN_POINT('',(1.230146290553,-1.01529839225));
#3939 = CARTESIAN_POINT('',(1.247495857338,-1.013792252203));
#3940 = CARTESIAN_POINT('',(1.264936757452,-1.012783982061));
#3941 = CARTESIAN_POINT('',(1.282425363022,-1.012280623165));
#3942 = CARTESIAN_POINT('',(1.314248278422,-1.012283379314));
#3943 = CARTESIAN_POINT('',(1.328584631837,-1.012623920155));
#3944 = CARTESIAN_POINT('',(1.342894891833,-1.013303765284));
#3945 = CARTESIAN_POINT('',(1.357154616898,-1.01431975105));
#3946 = CARTESIAN_POINT('',(1.37134043065,-1.015665915296));
#3947 = CARTESIAN_POINT('',(1.391798864099,-1.018088010722));
#3948 = CARTESIAN_POINT('',(1.398149040283,-1.018907953881));
#3949 = CARTESIAN_POINT('',(1.404477418218,-1.01979292828));
#3950 = CARTESIAN_POINT('',(1.410782039769,-1.020742092825));
#3951 = CARTESIAN_POINT('',(1.417061029329,-1.021754534098));
#3952 = CARTESIAN_POINT('',(1.433691396355,-1.024613529141));
#3953 = CARTESIAN_POINT('',(1.443994648745,-1.026569498135));
#3954 = CARTESIAN_POINT('',(1.454214090112,-1.028692692364));
#3955 = CARTESIAN_POINT('',(1.464342267225,-1.030978251387));
#3956 = CARTESIAN_POINT('',(1.474372287421,-1.033421089359));
#3957 = CARTESIAN_POINT('',(1.507315272287,-1.042034013521));
#3958 = CARTESIAN_POINT('',(1.529767725649,-1.048869619793));
#3959 = CARTESIAN_POINT('',(1.551577438407,-1.056459212952));
#3960 = CARTESIAN_POINT('',(1.572676840134,-1.064738452869));
#3961 = CARTESIAN_POINT('',(1.592993646976,-1.073648235321));
#3962 = CARTESIAN_POINT('',(1.612438905893,-1.083136644395));
#3963 = ( GEOMETRIC_REPRESENTATION_CONTEXT(2) 
PARAMETRIC_REPRESENTATION_CONTEXT() REPRESENTATION_CONTEXT('2D SPACE',''
  ) );
#3964 = PCURVE('',#2265,#3965);
#3965 = DEFINITIONAL_REPRESENTATION('',(#3966),#3999);
#3966 = B_SPLINE_CURVE_WITH_KNOTS('',6,(#3967,#3968,#3969,#3970,#3971,
    #3972,#3973,#3974,#3975,#3976,#3977,#3978,#3979,#3980,#3981,#3982,
    #3983,#3984,#3985,#3986,#3987,#3988,#3989,#3990,#3991,#3992,#3993,
    #3994,#3995,#3996,#3997,#3998),.UNSPECIFIED.,.F.,.F.,(7,5,5,5,5,5,7)
  ,(0.,0.114062235943,0.323359039597,0.494939977338,0.572518089669,
    0.701312715455,1.),.UNSPECIFIED.);
#3967 = CARTESIAN_POINT('',(0.,3.255299685423));
#3968 = CARTESIAN_POINT('',(2.979496948519E-02,3.262778751194));
#3969 = CARTESIAN_POINT('',(5.967390941957E-02,3.269816588423));
#3970 = CARTESIAN_POINT('',(8.963515968434E-02,3.276393459093));
#3971 = CARTESIAN_POINT('',(0.11967549253,3.282490295154));
#3972 = CARTESIAN_POINT('',(0.149789775512,3.2880893131));
#3973 = CARTESIAN_POINT('',(0.235350552681,3.302505852529));
#3974 = CARTESIAN_POINT('',(0.290961799556,3.310108608184));
#3975 = CARTESIAN_POINT('',(0.346752844908,3.315883284649));
#3976 = CARTESIAN_POINT('',(0.402673538741,3.319757205069));
#3977 = CARTESIAN_POINT('',(0.458665560251,3.321691040078));
#3978 = CARTESIAN_POINT('',(0.560551105177,3.321680451042));
#3979 = CARTESIAN_POINT('',(0.606451086653,3.320372121406));
#3980 = CARTESIAN_POINT('',(0.652312597066,3.317760138612));
#3981 = CARTESIAN_POINT('',(0.698102258395,3.313862151337));
#3982 = CARTESIAN_POINT('',(0.74378989301,3.308711500119));
#3983 = CARTESIAN_POINT('',(0.809941992343,3.299481232507));
#3984 = CARTESIAN_POINT('',(0.830512423721,3.296360748517));
#3985 = CARTESIAN_POINT('',(0.851053746716,3.292998037547));
#3986 = CARTESIAN_POINT('',(0.871563791238,3.289397851241));
#3987 = CARTESIAN_POINT('',(0.892040652365,3.285565370166));
#3988 = CARTESIAN_POINT('',(0.946420415196,3.274767204942));
#3989 = CARTESIAN_POINT('',(0.980262293512,3.26740332862));
#3990 = CARTESIAN_POINT('',(1.014000676988,3.259440072419));
#3991 = CARTESIAN_POINT('',(1.047630577809,3.250905369108));
#3992 = CARTESIAN_POINT('',(1.081149118474,3.241828735007));
#3993 = CARTESIAN_POINT('',(1.192026432716,3.210004177891));
#3994 = CARTESIAN_POINT('',(1.268885363042,3.185017858183));
#3995 = CARTESIAN_POINT('',(1.34513003351,3.157656220497));
#3996 = CARTESIAN_POINT('',(1.420810142201,3.128310722312));
#3997 = CARTESIAN_POINT('',(1.495996897493,3.097351720409));
#3998 = CARTESIAN_POINT('',(1.570796326795,3.065119048725));
#3999 = ( GEOMETRIC_REPRESENTATION_CONTEXT(2) 
PARAMETRIC_REPRESENTATION_CONTEXT() REPRESENTATION_CONTEXT('2D SPACE',''
  ) );
#4000 = ORIENTED_EDGE('',*,*,#4001,.F.);
#4001 = EDGE_CURVE('',#4002,#3892,#4004,.T.);
#4002 = VERTEX_POINT('',#4003);
#4003 = CARTESIAN_POINT('',(34.105887450305,-5.858578643763,
    10.845119048725));
#4004 = SURFACE_CURVE('',#4005,(#4010,#4044),.PCURVE_S1.);
#4005 = CIRCLE('',#4006,6.805328794408);
#4006 = AXIS2_PLACEMENT_3D('',#4007,#4008,#4009);
#4007 = CARTESIAN_POINT('',(35.732233047034,-4.232233047034,17.25));
#4008 = DIRECTION('',(0.707106781187,-0.707106781187,0.));
#4009 = DIRECTION('',(0.707106781187,0.707106781187,0.));
#4010 = PCURVE('',#3653,#4011);
#4011 = DEFINITIONAL_REPRESENTATION('',(#4012),#4043);
#4012 = B_SPLINE_CURVE_WITH_KNOTS('',8,(#4013,#4014,#4015,#4016,#4017,
    #4018,#4019,#4020,#4021,#4022,#4023,#4024,#4025,#4026,#4027,#4028,
    #4029,#4030,#4031,#4032,#4033,#4034,#4035,#4036,#4037,#4038,#4039,
    #4040,#4041,#4042),.UNSPECIFIED.,.F.,.F.,(9,7,7,7,9),(4.367629367728
    ,4.540009174056,4.669294028803,4.863221310922,5.057148593041),
  .UNSPECIFIED.);
#4013 = CARTESIAN_POINT('',(3.099950074491,-1.083136644395));
#4014 = CARTESIAN_POINT('',(3.070052107151,-1.097725503602));
#4015 = CARTESIAN_POINT('',(3.038010094591,-1.111772528259));
#4016 = CARTESIAN_POINT('',(3.003661213247,-1.125212511158));
#4017 = CARTESIAN_POINT('',(2.96684854284,-1.137971172482));
#4018 = CARTESIAN_POINT('',(2.927430364746,-1.149964505639));
#4019 = CARTESIAN_POINT('',(2.885309399082,-1.16109879433));
#4020 = CARTESIAN_POINT('',(2.840472297078,-1.171273565394));
#4021 = CARTESIAN_POINT('',(2.757447761385,-1.187226874458));
#4022 = CARTESIAN_POINT('',(2.720400066772,-1.193468519322));
#4023 = CARTESIAN_POINT('',(2.68193368056,-1.199072998389));
#4024 = CARTESIAN_POINT('',(2.642132408461,-1.20399871134));
#4025 = CARTESIAN_POINT('',(2.601128537945,-1.208206607952));
#4026 = CARTESIAN_POINT('',(2.55910518764,-1.211662640592));
#4027 = CARTESIAN_POINT('',(2.516289270946,-1.214340197007));
#4028 = CARTESIAN_POINT('',(2.407903778245,-1.219045987971));
#4029 = CARTESIAN_POINT('',(2.341661117025,-1.220080092755));
#4030 = CARTESIAN_POINT('',(2.275064717095,-1.21926785466));
#4031 = CARTESIAN_POINT('',(2.209103796627,-1.216599490921));
#4032 = CARTESIAN_POINT('',(2.144784386382,-1.2121263851));
#4033 = CARTESIAN_POINT('',(2.082858028893,-1.20595342106));
#4034 = CARTESIAN_POINT('',(2.023815078926,-1.198209221701));
#4035 = CARTESIAN_POINT('',(1.912040168763,-1.179854738758));
#4036 = CARTESIAN_POINT('',(1.85930797037,-1.169244453453));
#4037 = CARTESIAN_POINT('',(1.810004540476,-1.15733911594));
#4038 = CARTESIAN_POINT('',(1.7641787661,-1.144286055049));
#4039 = CARTESIAN_POINT('',(1.721717368793,-1.130223909288));
#4040 = CARTESIAN_POINT('',(1.682422781975,-1.11527582272));
#4041 = CARTESIAN_POINT('',(1.646074119151,-1.099549111003));
#4042 = CARTESIAN_POINT('',(1.612438905893,-1.083136644395));
#4043 = ( GEOMETRIC_REPRESENTATION_CONTEXT(2) 
PARAMETRIC_REPRESENTATION_CONTEXT() REPRESENTATION_CONTEXT('2D SPACE',''
  ) );
#4044 = PCURVE('',#2236,#4045);
#4045 = DEFINITIONAL_REPRESENTATION('',(#4046),#4050);
#4046 = CIRCLE('',#4047,6.805328794408);
#4047 = AXIS2_PLACEMENT_2D('',#4048,#4049);
#4048 = CARTESIAN_POINT('',(3.5,-9.47));
#4049 = DIRECTION('',(-1.,0.));
#4050 = ( GEOMETRIC_REPRESENTATION_CONTEXT(2) 
PARAMETRIC_REPRESENTATION_CONTEXT() REPRESENTATION_CONTEXT('2D SPACE',''
  ) );
#4051 = ORIENTED_EDGE('',*,*,#4052,.T.);
#4052 = EDGE_CURVE('',#4002,#4053,#4055,.T.);
#4053 = VERTEX_POINT('',#4054);
#4054 = CARTESIAN_POINT('',(34.105887450305,-7.55563491861,
    11.035299685423));
#4055 = SURFACE_CURVE('',#4056,(#4089,#4125),.PCURVE_S1.);
#4056 = B_SPLINE_CURVE_WITH_KNOTS('',6,(#4057,#4058,#4059,#4060,#4061,
    #4062,#4063,#4064,#4065,#4066,#4067,#4068,#4069,#4070,#4071,#4072,
    #4073,#4074,#4075,#4076,#4077,#4078,#4079,#4080,#4081,#4082,#4083,
    #4084,#4085,#4086,#4087,#4088),.UNSPECIFIED.,.F.,.F.,(7,5,5,5,5,5,7)
  ,(0.,0.301729534253,0.430476490099,0.508032119626,0.677624007862,
    0.892899637078,1.),.UNSPECIFIED.);
#4057 = CARTESIAN_POINT('',(34.105887450305,-5.858578643763,
    10.845119048725));
#4058 = CARTESIAN_POINT('',(34.041770645132,-5.922695448935,
    10.877680491963));
#4059 = CARTESIAN_POINT('',(33.98313327371,-5.992960257638,
    10.908941559724));
#4060 = CARTESIAN_POINT('',(33.930654754052,-6.068921830323,
    10.938552632632));
#4061 = CARTESIAN_POINT('',(33.885035378884,-6.150020457316,
    10.96613168997));
#4062 = CARTESIAN_POINT('',(33.846960450966,-6.235545830829,
    10.991274487566));
#4063 = CARTESIAN_POINT('',(33.804234461146,-6.36259199697,
    11.023119408877));
#4064 = CARTESIAN_POINT('',(33.792936177013,-6.401229190789,
    11.032129440843));
#4065 = CARTESIAN_POINT('',(33.783163506531,-6.440435121324,
    11.040595154256));
#4066 = CARTESIAN_POINT('',(33.774958061953,-6.480131996089,
    11.0484871533));
#4067 = CARTESIAN_POINT('',(33.768355919741,-6.520235509816,
    11.055777668974));
#4068 = CARTESIAN_POINT('',(33.760391981933,-6.585002654986,
    11.066455574092));
#4069 = CARTESIAN_POINT('',(33.757990289968,-6.60946527664,
    11.070242325778));
#4070 = CARTESIAN_POINT('',(33.756187166138,-6.634022615789,
    11.073796104261));
#4071 = CARTESIAN_POINT('',(33.754987849461,-6.658654110374,
    11.077111779924));
#4072 = CARTESIAN_POINT('',(33.754396452541,-6.683338533803,
    11.0801846581));
#4073 = CARTESIAN_POINT('',(33.754458622207,-6.762099610349,
    11.089189737969));
#4074 = CARTESIAN_POINT('',(33.757422380038,-6.816296154658,
    11.094187983047));
#4075 = CARTESIAN_POINT('',(33.763337888443,-6.87041072902,
    11.097960488487));
#4076 = CARTESIAN_POINT('',(33.772205981292,-6.924204897973,
    11.100475665219));
#4077 = CARTESIAN_POINT('',(33.783994895039,-6.9774381548,
    11.101716958051));
#4078 = CARTESIAN_POINT('',(33.817224429437,-7.096428797985,
    11.101643849553));
#4079 = CARTESIAN_POINT('',(33.84041230997,-7.161706517881,
    11.099550892951));
#4080 = CARTESIAN_POINT('',(33.868063244384,-7.225210135723,
    11.095405979161));
#4081 = CARTESIAN_POINT('',(33.899959471944,-7.286495520981,
    11.089253767522));
#4082 = CARTESIAN_POINT('',(33.935819136405,-7.345171949656,
    11.081175885986));
#4083 = CARTESIAN_POINT('',(33.994959929572,-7.428632728632,
    11.066361774323));
#4084 = CARTESIAN_POINT('',(34.015508255292,-7.455633283423,
    11.060990717447));
#4085 = CARTESIAN_POINT('',(34.036917050458,-7.481867200621,
    11.055183759767));
#4086 = CARTESIAN_POINT('',(34.059145064945,-7.507298968271,
    11.048955576126));
#4087 = CARTESIAN_POINT('',(34.082149788413,-7.531897256718,
    11.042321932385));
#4088 = CARTESIAN_POINT('',(34.105887450305,-7.55563491861,
    11.035299685423));
#4089 = PCURVE('',#3653,#4090);
#4090 = DEFINITIONAL_REPRESENTATION('',(#4091),#4124);
#4091 = B_SPLINE_CURVE_WITH_KNOTS('',6,(#4092,#4093,#4094,#4095,#4096,
    #4097,#4098,#4099,#4100,#4101,#4102,#4103,#4104,#4105,#4106,#4107,
    #4108,#4109,#4110,#4111,#4112,#4113,#4114,#4115,#4116,#4117,#4118,
    #4119,#4120,#4121,#4122,#4123),.UNSPECIFIED.,.F.,.F.,(7,5,5,5,5,5,7)
  ,(0.,0.301729534253,0.430476490099,0.508032119626,0.677624007862,
    0.892899637078,1.),.UNSPECIFIED.);
#4092 = CARTESIAN_POINT('',(3.099950074491,-1.083136644395));
#4093 = CARTESIAN_POINT('',(3.119593674026,-1.073551454048));
#4094 = CARTESIAN_POINT('',(3.140126333013,-1.064556928153));
#4095 = CARTESIAN_POINT('',(3.161456681486,-1.056206362181));
#4096 = CARTESIAN_POINT('',(3.183510495367,-1.048560751134));
#4097 = CARTESIAN_POINT('',(3.206218102481,-1.04168659793));
#4098 = CARTESIAN_POINT('',(3.239433088713,-1.033073491639));
#4099 = CARTESIAN_POINT('',(3.249471076997,-1.030649976788));
#4100 = CARTESIAN_POINT('',(3.259606506406,-1.028384104021));
#4101 = CARTESIAN_POINT('',(3.26983245398,-1.026280942296));
#4102 = CARTESIAN_POINT('',(3.280141431934,-1.024345326748));
#4103 = CARTESIAN_POINT('',(3.296780162359,-1.021519318816));
#4104 = CARTESIAN_POINT('',(3.30306231697,-1.020519338534));
#4105 = CARTESIAN_POINT('',(3.309369802514,-1.01958274162));
#4106 = CARTESIAN_POINT('',(3.315700735165,-1.018710432958));
#4107 = CARTESIAN_POINT('',(3.322053148943,-1.017903243917));
#4108 = CARTESIAN_POINT('',(3.342358394621,-1.015540896869));
#4109 = CARTESIAN_POINT('',(3.35638534717,-1.014234788144));
#4110 = CARTESIAN_POINT('',(3.370483185102,-1.013251595647));
#4111 = CARTESIAN_POINT('',(3.384629272854,-1.012596969353));
#4112 = CARTESIAN_POINT('',(3.398799977436,-1.01227387715));
#4113 = CARTESIAN_POINT('',(3.430956245453,-1.012292906069));
#4114 = CARTESIAN_POINT('',(3.448943669272,-1.01283768427));
#4115 = CARTESIAN_POINT('',(3.466878162543,-1.01391652975));
#4116 = CARTESIAN_POINT('',(3.484712426999,-1.015521449106));
#4117 = CARTESIAN_POINT('',(3.502402265861,-1.017637883251));
#4118 = CARTESIAN_POINT('',(3.52861002911,-1.021543648904));
#4119 = CARTESIAN_POINT('',(3.537270556213,-1.022963022609));
#4120 = CARTESIAN_POINT('',(3.545879845832,-1.024501787859));
#4121 = CARTESIAN_POINT('',(3.554433216888,-1.026157371057));
#4122 = CARTESIAN_POINT('',(3.562926279038,-1.027927026298));
#4123 = CARTESIAN_POINT('',(3.571354932686,-1.029807835375));
#4124 = ( GEOMETRIC_REPRESENTATION_CONTEXT(2) 
PARAMETRIC_REPRESENTATION_CONTEXT() REPRESENTATION_CONTEXT('2D SPACE',''
  ) );
#4125 = PCURVE('',#2208,#4126);
#4126 = DEFINITIONAL_REPRESENTATION('',(#4127),#4160);
#4127 = B_SPLINE_CURVE_WITH_KNOTS('',6,(#4128,#4129,#4130,#4131,#4132,
    #4133,#4134,#4135,#4136,#4137,#4138,#4139,#4140,#4141,#4142,#4143,
    #4144,#4145,#4146,#4147,#4148,#4149,#4150,#4151,#4152,#4153,#4154,
    #4155,#4156,#4157,#4158,#4159),.UNSPECIFIED.,.F.,.F.,(7,5,5,5,5,5,7)
  ,(0.,0.301729534253,0.430476490099,0.508032119626,0.677624007862,
    0.892899637078,1.),.UNSPECIFIED.);
#4128 = CARTESIAN_POINT('',(-2.6645352591E-15,3.065119048725));
#4129 = CARTESIAN_POINT('',(7.556237954226E-02,3.097680491963));
#4130 = CARTESIAN_POINT('',(0.151518652663,3.128941559725));
#4131 = CARTESIAN_POINT('',(0.227979579231,3.158552632632));
#4132 = CARTESIAN_POINT('',(0.305018477052,3.18613168997));
#4133 = CARTESIAN_POINT('',(0.382685715258,3.211274487566));
#4134 = CARTESIAN_POINT('',(0.494384213635,3.243119408877));
#4135 = CARTESIAN_POINT('',(0.527903512381,3.252129440843));
#4136 = CARTESIAN_POINT('',(0.561533844516,3.260595154256));
#4137 = CARTESIAN_POINT('',(0.595272187745,3.2684871533));
#4138 = CARTESIAN_POINT('',(0.629113408339,3.275777668974));
#4139 = CARTESIAN_POINT('',(0.683492526312,3.286455574092));
#4140 = CARTESIAN_POINT('',(0.703969898035,3.290242325778));
#4141 = CARTESIAN_POINT('',(0.724480148972,3.293796104261));
#4142 = CARTESIAN_POINT('',(0.745021343879,3.297111779924));
#4143 = CARTESIAN_POINT('',(0.765591284243,3.3001846581));
#4144 = CARTESIAN_POINT('',(0.831225535146,3.309189737969));
#4145 = CARTESIAN_POINT('',(0.876391290622,3.314187983047));
#4146 = CARTESIAN_POINT('',(0.921655002189,3.317960488487));
#4147 = CARTESIAN_POINT('',(0.966987338805,3.320475665219));
#4148 = CARTESIAN_POINT('',(1.012355974123,3.321716958051));
#4149 = CARTESIAN_POINT('',(1.115308819053,3.321643849553));
#4150 = CARTESIAN_POINT('',(1.172899497885,3.319550892951));
#4151 = CARTESIAN_POINT('',(1.230410934901,3.315405979161));
#4152 = CARTESIAN_POINT('',(1.287780200142,3.309253767522));
#4153 = CARTESIAN_POINT('',(1.344953754764,3.301175885986));
#4154 = CARTESIAN_POINT('',(1.430195791878,3.286361774323));
#4155 = CARTESIAN_POINT('',(1.458454571403,3.280990717447));
#4156 = CARTESIAN_POINT('',(1.486647683086,3.275183759767));
#4157 = CARTESIAN_POINT('',(1.514770955879,3.268955576126));
#4158 = CARTESIAN_POINT('',(1.542821223973,3.262321932385));
#4159 = CARTESIAN_POINT('',(1.570796326795,3.255299685423));
#4160 = ( GEOMETRIC_REPRESENTATION_CONTEXT(2) 
PARAMETRIC_REPRESENTATION_CONTEXT() REPRESENTATION_CONTEXT('2D SPACE',''
  ) );
#4161 = ORIENTED_EDGE('',*,*,#4162,.F.);
#4162 = EDGE_CURVE('',#4163,#4053,#4165,.T.);
#4163 = VERTEX_POINT('',#4164);
#4164 = CARTESIAN_POINT('',(35.94436508139,-9.394112549695,
    11.035299685423));
#4165 = SURFACE_CURVE('',#4166,(#4171,#4189),.PCURVE_S1.);
#4166 = CIRCLE('',#4167,6.3492125496);
#4167 = AXIS2_PLACEMENT_3D('',#4168,#4169,#4170);
#4168 = CARTESIAN_POINT('',(35.025126265847,-8.474873734153,17.25));
#4169 = DIRECTION('',(0.707106781187,0.707106781187,0.));
#4170 = DIRECTION('',(-0.707106781187,0.707106781187,0.));
#4171 = PCURVE('',#3653,#4172);
#4172 = DEFINITIONAL_REPRESENTATION('',(#4173),#4188);
#4173 = B_SPLINE_CURVE_WITH_KNOTS('',7,(#4174,#4175,#4176,#4177,#4178,
    #4179,#4180,#4181,#4182,#4183,#4184,#4185,#4186,#4187),
  .UNSPECIFIED.,.F.,.F.,(8,6,8),(4.50618089529,4.712388980385,
    4.918597065479),.UNSPECIFIED.);
#4174 = CARTESIAN_POINT('',(4.282626701288,-1.029807835375));
#4175 = CARTESIAN_POINT('',(4.236661082518,-1.040064817878));
#4176 = CARTESIAN_POINT('',(4.188533802254,-1.048840904859));
#4177 = CARTESIAN_POINT('',(4.138449223279,-1.056017133259));
#4178 = CARTESIAN_POINT('',(4.086734405001,-1.061484573624));
#4179 = CARTESIAN_POINT('',(4.033869015743,-1.065157741652));
#4180 = CARTESIAN_POINT('',(3.980429958282,-1.06699434242));
#4181 = CARTESIAN_POINT('',(3.873551675693,-1.06699434242));
#4182 = CARTESIAN_POINT('',(3.820112618231,-1.065157741652));
#4183 = CARTESIAN_POINT('',(3.767247228976,-1.061484573624));
#4184 = CARTESIAN_POINT('',(3.715532410694,-1.056017133259));
#4185 = CARTESIAN_POINT('',(3.665447831721,-1.048840904859));
#4186 = CARTESIAN_POINT('',(3.617320551456,-1.040064817878));
#4187 = CARTESIAN_POINT('',(3.571354932686,-1.029807835375));
#4188 = ( GEOMETRIC_REPRESENTATION_CONTEXT(2) 
PARAMETRIC_REPRESENTATION_CONTEXT() REPRESENTATION_CONTEXT('2D SPACE',''
  ) );
#4189 = PCURVE('',#2179,#4190);
#4190 = DEFINITIONAL_REPRESENTATION('',(#4191),#4195);
#4191 = CIRCLE('',#4192,6.3492125496);
#4192 = AXIS2_PLACEMENT_2D('',#4193,#4194);
#4193 = CARTESIAN_POINT('',(2.5,-9.47));
#4194 = DIRECTION('',(-1.,0.));
#4195 = ( GEOMETRIC_REPRESENTATION_CONTEXT(2) 
PARAMETRIC_REPRESENTATION_CONTEXT() REPRESENTATION_CONTEXT('2D SPACE',''
  ) );
#4196 = ORIENTED_EDGE('',*,*,#4197,.F.);
#4197 = EDGE_CURVE('',#4198,#4163,#4200,.T.);
#4198 = VERTEX_POINT('',#4199);
#4199 = CARTESIAN_POINT('',(37.641421356237,-9.394112549695,
    10.845119048725));
#4200 = SURFACE_CURVE('',#4201,(#4234,#4270),.PCURVE_S1.);
#4201 = B_SPLINE_CURVE_WITH_KNOTS('',6,(#4202,#4203,#4204,#4205,#4206,
    #4207,#4208,#4209,#4210,#4211,#4212,#4213,#4214,#4215,#4216,#4217,
    #4218,#4219,#4220,#4221,#4222,#4223,#4224,#4225,#4226,#4227,#4228,
    #4229,#4230,#4231,#4232,#4233),.UNSPECIFIED.,.F.,.F.,(7,5,5,5,5,5,7)
  ,(0.,0.301729534253,0.430476490099,0.508032119626,0.677624007862,
    0.892899637078,1.),.UNSPECIFIED.);
#4202 = CARTESIAN_POINT('',(37.641421356237,-9.394112549695,
    10.845119048725));
#4203 = CARTESIAN_POINT('',(37.577304551065,-9.458229354868,
    10.877680491963));
#4204 = CARTESIAN_POINT('',(37.507039742362,-9.51686672629,
    10.908941559724));
#4205 = CARTESIAN_POINT('',(37.431078169677,-9.569345245948,
    10.938552632632));
#4206 = CARTESIAN_POINT('',(37.349979542684,-9.614964621116,
    10.96613168997));
#4207 = CARTESIAN_POINT('',(37.264454169171,-9.653039549034,
    10.991274487566));
#4208 = CARTESIAN_POINT('',(37.13740800303,-9.695765538854,
    11.023119408877));
#4209 = CARTESIAN_POINT('',(37.098770809211,-9.707063822987,
    11.032129440843));
#4210 = CARTESIAN_POINT('',(37.059564878676,-9.716836493469,
    11.040595154256));
#4211 = CARTESIAN_POINT('',(37.019868003911,-9.725041938047,
    11.0484871533));
#4212 = CARTESIAN_POINT('',(36.979764490184,-9.731644080259,
    11.055777668974));
#4213 = CARTESIAN_POINT('',(36.914997345014,-9.739608018067,
    11.066455574092));
#4214 = CARTESIAN_POINT('',(36.89053472336,-9.742009710032,
    11.070242325778));
#4215 = CARTESIAN_POINT('',(36.865977384211,-9.743812833862,
    11.073796104261));
#4216 = CARTESIAN_POINT('',(36.841345889626,-9.745012150539,
    11.077111779924));
#4217 = CARTESIAN_POINT('',(36.816661466197,-9.745603547459,
    11.0801846581));
#4218 = CARTESIAN_POINT('',(36.737900389651,-9.745541377793,
    11.089189737969));
#4219 = CARTESIAN_POINT('',(36.683703845342,-9.742577619962,
    11.094187983047));
#4220 = CARTESIAN_POINT('',(36.62958927098,-9.736662111557,
    11.097960488487));
#4221 = CARTESIAN_POINT('',(36.575795102027,-9.727794018708,
    11.100475665219));
#4222 = CARTESIAN_POINT('',(36.5225618452,-9.716005104961,
    11.101716958051));
#4223 = CARTESIAN_POINT('',(36.403571202015,-9.682775570563,
    11.101643849553));
#4224 = CARTESIAN_POINT('',(36.338293482119,-9.65958769003,
    11.099550892951));
#4225 = CARTESIAN_POINT('',(36.274789864277,-9.631936755616,
    11.095405979161));
#4226 = CARTESIAN_POINT('',(36.213504479019,-9.600040528056,
    11.089253767522));
#4227 = CARTESIAN_POINT('',(36.154828050344,-9.564180863595,
    11.081175885986));
#4228 = CARTESIAN_POINT('',(36.071367271368,-9.505040070428,
    11.066361774323));
#4229 = CARTESIAN_POINT('',(36.044366716577,-9.484491744708,
    11.060990717447));
#4230 = CARTESIAN_POINT('',(36.018132799379,-9.463082949542,
    11.055183759767));
#4231 = CARTESIAN_POINT('',(35.992701031729,-9.440854935055,
    11.048955576126));
#4232 = CARTESIAN_POINT('',(35.968102743282,-9.417850211587,
    11.042321932385));
#4233 = CARTESIAN_POINT('',(35.94436508139,-9.394112549695,
    11.035299685423));
#4234 = PCURVE('',#3653,#4235);
#4235 = DEFINITIONAL_REPRESENTATION('',(#4236),#4269);
#4236 = B_SPLINE_CURVE_WITH_KNOTS('',6,(#4237,#4238,#4239,#4240,#4241,
    #4242,#4243,#4244,#4245,#4246,#4247,#4248,#4249,#4250,#4251,#4252,
    #4253,#4254,#4255,#4256,#4257,#4258,#4259,#4260,#4261,#4262,#4263,
    #4264,#4265,#4266,#4267,#4268),.UNSPECIFIED.,.F.,.F.,(7,5,5,5,5,5,7)
  ,(0.,0.301729534253,0.430476490099,0.508032119626,0.677624007862,
    0.892899637078,1.),.UNSPECIFIED.);
#4237 = CARTESIAN_POINT('',(4.754031559483,-1.083136644395));
#4238 = CARTESIAN_POINT('',(4.734387959949,-1.073551454048));
#4239 = CARTESIAN_POINT('',(4.713855300961,-1.064556928153));
#4240 = CARTESIAN_POINT('',(4.692524952488,-1.056206362181));
#4241 = CARTESIAN_POINT('',(4.670471138608,-1.048560751134));
#4242 = CARTESIAN_POINT('',(4.647763531494,-1.04168659793));
#4243 = CARTESIAN_POINT('',(4.614548545261,-1.033073491639));
#4244 = CARTESIAN_POINT('',(4.604510556977,-1.030649976788));
#4245 = CARTESIAN_POINT('',(4.594375127569,-1.028384104021));
#4246 = CARTESIAN_POINT('',(4.584149179994,-1.026280942296));
#4247 = CARTESIAN_POINT('',(4.57384020204,-1.024345326748));
#4248 = CARTESIAN_POINT('',(4.557201471615,-1.021519318816));
#4249 = CARTESIAN_POINT('',(4.550919317004,-1.020519338534));
#4250 = CARTESIAN_POINT('',(4.544611831461,-1.01958274162));
#4251 = CARTESIAN_POINT('',(4.538280898809,-1.018710432958));
#4252 = CARTESIAN_POINT('',(4.531928485032,-1.017903243917));
#4253 = CARTESIAN_POINT('',(4.511623239353,-1.015540896869));
#4254 = CARTESIAN_POINT('',(4.497596286805,-1.014234788144));
#4255 = CARTESIAN_POINT('',(4.483498448872,-1.013251595647));
#4256 = CARTESIAN_POINT('',(4.469352361121,-1.012596969353));
#4257 = CARTESIAN_POINT('',(4.455181656539,-1.01227387715));
#4258 = CARTESIAN_POINT('',(4.423025388521,-1.012292906069));
#4259 = CARTESIAN_POINT('',(4.405037964702,-1.01283768427));
#4260 = CARTESIAN_POINT('',(4.387103471431,-1.01391652975));
#4261 = CARTESIAN_POINT('',(4.369269206975,-1.015521449106));
#4262 = CARTESIAN_POINT('',(4.351579368114,-1.017637883251));
#4263 = CARTESIAN_POINT('',(4.325371604864,-1.021543648904));
#4264 = CARTESIAN_POINT('',(4.316711077762,-1.022963022609));
#4265 = CARTESIAN_POINT('',(4.308101788142,-1.024501787859));
#4266 = CARTESIAN_POINT('',(4.299548417087,-1.026157371057));
#4267 = CARTESIAN_POINT('',(4.291055354936,-1.027927026298));
#4268 = CARTESIAN_POINT('',(4.282626701288,-1.029807835375));
#4269 = ( GEOMETRIC_REPRESENTATION_CONTEXT(2) 
PARAMETRIC_REPRESENTATION_CONTEXT() REPRESENTATION_CONTEXT('2D SPACE',''
  ) );
#4270 = PCURVE('',#2151,#4271);
#4271 = DEFINITIONAL_REPRESENTATION('',(#4272),#4305);
#4272 = B_SPLINE_CURVE_WITH_KNOTS('',6,(#4273,#4274,#4275,#4276,#4277,
    #4278,#4279,#4280,#4281,#4282,#4283,#4284,#4285,#4286,#4287,#4288,
    #4289,#4290,#4291,#4292,#4293,#4294,#4295,#4296,#4297,#4298,#4299,
    #4300,#4301,#4302,#4303,#4304),.UNSPECIFIED.,.F.,.F.,(7,5,5,5,5,5,7)
  ,(0.,0.301729534253,0.430476490099,0.508032119626,0.677624007862,
    0.892899637078,1.),.UNSPECIFIED.);
#4273 = CARTESIAN_POINT('',(-2.960594732334E-15,3.065119048725));
#4274 = CARTESIAN_POINT('',(-7.556237954226E-02,3.097680491963));
#4275 = CARTESIAN_POINT('',(-0.151518652663,3.128941559725));
#4276 = CARTESIAN_POINT('',(-0.227979579231,3.158552632632));
#4277 = CARTESIAN_POINT('',(-0.305018477052,3.18613168997));
#4278 = CARTESIAN_POINT('',(-0.382685715258,3.211274487566));
#4279 = CARTESIAN_POINT('',(-0.494384213635,3.243119408877));
#4280 = CARTESIAN_POINT('',(-0.527903512381,3.252129440843));
#4281 = CARTESIAN_POINT('',(-0.561533844516,3.260595154256));
#4282 = CARTESIAN_POINT('',(-0.595272187745,3.2684871533));
#4283 = CARTESIAN_POINT('',(-0.629113408339,3.275777668974));
#4284 = CARTESIAN_POINT('',(-0.683492526312,3.286455574092));
#4285 = CARTESIAN_POINT('',(-0.703969898035,3.290242325778));
#4286 = CARTESIAN_POINT('',(-0.724480148972,3.293796104261));
#4287 = CARTESIAN_POINT('',(-0.745021343879,3.297111779924));
#4288 = CARTESIAN_POINT('',(-0.765591284243,3.3001846581));
#4289 = CARTESIAN_POINT('',(-0.831225535146,3.309189737969));
#4290 = CARTESIAN_POINT('',(-0.876391290622,3.314187983047));
#4291 = CARTESIAN_POINT('',(-0.921655002189,3.317960488487));
#4292 = CARTESIAN_POINT('',(-0.966987338805,3.320475665219));
#4293 = CARTESIAN_POINT('',(-1.012355974123,3.321716958051));
#4294 = CARTESIAN_POINT('',(-1.115308819053,3.321643849553));
#4295 = CARTESIAN_POINT('',(-1.172899497885,3.319550892951));
#4296 = CARTESIAN_POINT('',(-1.230410934901,3.315405979161));
#4297 = CARTESIAN_POINT('',(-1.287780200142,3.309253767522));
#4298 = CARTESIAN_POINT('',(-1.344953754764,3.301175885986));
#4299 = CARTESIAN_POINT('',(-1.430195791878,3.286361774323));
#4300 = CARTESIAN_POINT('',(-1.458454571403,3.280990717447));
#4301 = CARTESIAN_POINT('',(-1.486647683086,3.275183759767));
#4302 = CARTESIAN_POINT('',(-1.514770955879,3.268955576126));
#4303 = CARTESIAN_POINT('',(-1.542821223973,3.262321932385));
#4304 = CARTESIAN_POINT('',(-1.570796326795,3.255299685423));
#4305 = ( GEOMETRIC_REPRESENTATION_CONTEXT(2) 
PARAMETRIC_REPRESENTATION_CONTEXT() REPRESENTATION_CONTEXT('2D SPACE',''
  ) );
#4306 = ORIENTED_EDGE('',*,*,#4307,.F.);
#4307 = EDGE_CURVE('',#4308,#4198,#4310,.T.);
#4308 = VERTEX_POINT('',#4309);
#4309 = CARTESIAN_POINT('',(40.894112549695,-6.141421356237,
    10.845119048725));
#4310 = SURFACE_CURVE('',#4311,(#4316,#4350),.PCURVE_S1.);
#4311 = CIRCLE('',#4312,6.805328794408);
#4312 = AXIS2_PLACEMENT_3D('',#4313,#4314,#4315);
#4313 = CARTESIAN_POINT('',(39.267766952966,-7.767766952966,17.25));
#4314 = DIRECTION('',(-0.707106781187,0.707106781187,0.));
#4315 = DIRECTION('',(-0.707106781187,-0.707106781187,0.));
#4316 = PCURVE('',#3653,#4317);
#4317 = DEFINITIONAL_REPRESENTATION('',(#4318),#4349);
#4318 = B_SPLINE_CURVE_WITH_KNOTS('',8,(#4319,#4320,#4321,#4322,#4323,
    #4324,#4325,#4326,#4327,#4328,#4329,#4330,#4331,#4332,#4333,#4334,
    #4335,#4336,#4337,#4338,#4339,#4340,#4341,#4342,#4343,#4344,#4345,
    #4346,#4347,#4348),.UNSPECIFIED.,.F.,.F.,(9,7,7,7,9),(4.367629367728
    ,4.540009174056,4.669294028803,4.863221310922,5.057148593041),
  .UNSPECIFIED.);
#4319 = CARTESIAN_POINT('',(6.241542728081,-1.083136644395));
#4320 = CARTESIAN_POINT('',(6.211644760741,-1.097725503602));
#4321 = CARTESIAN_POINT('',(6.179602748181,-1.111772528259));
#4322 = CARTESIAN_POINT('',(6.145253866836,-1.125212511158));
#4323 = CARTESIAN_POINT('',(6.10844119643,-1.137971172481));
#4324 = CARTESIAN_POINT('',(6.069023018337,-1.149964505639));
#4325 = CARTESIAN_POINT('',(6.026902052672,-1.16109879433));
#4326 = CARTESIAN_POINT('',(5.982064950668,-1.171273565394));
#4327 = CARTESIAN_POINT('',(5.899040414975,-1.187226874458));
#4328 = CARTESIAN_POINT('',(5.861992720361,-1.193468519322));
#4329 = CARTESIAN_POINT('',(5.823526334149,-1.199072998389));
#4330 = CARTESIAN_POINT('',(5.783725062051,-1.20399871134));
#4331 = CARTESIAN_POINT('',(5.742721191535,-1.208206607952));
#4332 = CARTESIAN_POINT('',(5.700697841229,-1.211662640592));
#4333 = CARTESIAN_POINT('',(5.657881924536,-1.214340197007));
#4334 = CARTESIAN_POINT('',(5.549496431835,-1.219045987971));
#4335 = CARTESIAN_POINT('',(5.483253770614,-1.220080092756));
#4336 = CARTESIAN_POINT('',(5.416657370697,-1.219267854663));
#4337 = CARTESIAN_POINT('',(5.350696450179,-1.216599490922));
#4338 = CARTESIAN_POINT('',(5.286377039978,-1.212126385102));
#4339 = CARTESIAN_POINT('',(5.224450682478,-1.20595342106));
#4340 = CARTESIAN_POINT('',(5.165407732516,-1.198209221701));
#4341 = CARTESIAN_POINT('',(5.053632822353,-1.179854738758));
#4342 = CARTESIAN_POINT('',(5.000900623961,-1.169244453453));
#4343 = CARTESIAN_POINT('',(4.951597194065,-1.15733911594));
#4344 = CARTESIAN_POINT('',(4.90577141969,-1.144286055048));
#4345 = CARTESIAN_POINT('',(4.863310022384,-1.130223909288));
#4346 = CARTESIAN_POINT('',(4.824015435564,-1.11527582272));
#4347 = CARTESIAN_POINT('',(4.787666772741,-1.099549111003));
#4348 = CARTESIAN_POINT('',(4.754031559483,-1.083136644395));
#4349 = ( GEOMETRIC_REPRESENTATION_CONTEXT(2) 
PARAMETRIC_REPRESENTATION_CONTEXT() REPRESENTATION_CONTEXT('2D SPACE',''
  ) );
#4350 = PCURVE('',#2122,#4351);
#4351 = DEFINITIONAL_REPRESENTATION('',(#4352),#4356);
#4352 = CIRCLE('',#4353,6.805328794408);
#4353 = AXIS2_PLACEMENT_2D('',#4354,#4355);
#4354 = CARTESIAN_POINT('',(3.5,-9.47));
#4355 = DIRECTION('',(-1.,-0.));
#4356 = ( GEOMETRIC_REPRESENTATION_CONTEXT(2) 
PARAMETRIC_REPRESENTATION_CONTEXT() REPRESENTATION_CONTEXT('2D SPACE',''
  ) );
#4357 = ORIENTED_EDGE('',*,*,#4358,.T.);
#4358 = EDGE_CURVE('',#4308,#3705,#4359,.T.);
#4359 = SURFACE_CURVE('',#4360,(#4366,#4375),.PCURVE_S1.);
#4360 = B_SPLINE_CURVE_WITH_KNOTS('',4,(#4361,#4362,#4363,#4364,#4365),
  .UNSPECIFIED.,.F.,.F.,(5,5),(0.,1.),.PIECEWISE_BEZIER_KNOTS.);
#4361 = CARTESIAN_POINT('',(40.894112549695,-6.141421356237,
    10.845119048725));
#4362 = CARTESIAN_POINT('',(40.926886877807,-6.108647028126,
    10.861763350037));
#4363 = CARTESIAN_POINT('',(40.958068688418,-6.074089782663,
    10.878029224967));
#4364 = CARTESIAN_POINT('',(40.987525738478,-6.037835871368,
    10.893848672509));
#4365 = CARTESIAN_POINT('',(41.015120383755,-6.,10.909146060055));
#4366 = PCURVE('',#3653,#4367);
#4367 = DEFINITIONAL_REPRESENTATION('',(#4368),#4374);
#4368 = B_SPLINE_CURVE_WITH_KNOTS('',4,(#4369,#4370,#4371,#4372,#4373),
  .UNSPECIFIED.,.F.,.F.,(5,5),(0.,1.),.PIECEWISE_BEZIER_KNOTS.);
#4369 = CARTESIAN_POINT('',(6.241542728081,-1.083136644395));
#4370 = CARTESIAN_POINT('',(6.251583867447,-1.078237021393));
#4371 = CARTESIAN_POINT('',(6.261882523271,-1.073509147639));
#4372 = CARTESIAN_POINT('',(6.272421558791,-1.068963198379));
#4373 = CARTESIAN_POINT('',(6.28318530718,-1.064611316829));
#4374 = ( GEOMETRIC_REPRESENTATION_CONTEXT(2) 
PARAMETRIC_REPRESENTATION_CONTEXT() REPRESENTATION_CONTEXT('2D SPACE',''
  ) );
#4375 = PCURVE('',#2094,#4376);
#4376 = DEFINITIONAL_REPRESENTATION('',(#4377),#4383);
#4377 = B_SPLINE_CURVE_WITH_KNOTS('',4,(#4378,#4379,#4380,#4381,#4382),
  .UNSPECIFIED.,.F.,.F.,(5,5),(0.,1.),.PIECEWISE_BEZIER_KNOTS.);
#4378 = CARTESIAN_POINT('',(0.,3.065119048725));
#4379 = CARTESIAN_POINT('',(3.862491609366E-02,3.081763350037));
#4380 = CARTESIAN_POINT('',(7.736203636896E-02,3.098029224967));
#4381 = CARTESIAN_POINT('',(0.116236195733,3.113848672509));
#4382 = CARTESIAN_POINT('',(0.155260917333,3.129146060055));
#4383 = ( GEOMETRIC_REPRESENTATION_CONTEXT(2) 
PARAMETRIC_REPRESENTATION_CONTEXT() REPRESENTATION_CONTEXT('2D SPACE',''
  ) );
#4384 = ADVANCED_FACE('',(#4385),#2696,.T.);
#4385 = FACE_BOUND('',#4386,.T.);
#4386 = EDGE_LOOP('',(#4387,#4388,#4389,#4410));
#4387 = ORIENTED_EDGE('',*,*,#2766,.F.);
#4388 = ORIENTED_EDGE('',*,*,#2680,.T.);
#4389 = ORIENTED_EDGE('',*,*,#4390,.T.);
#4390 = EDGE_CURVE('',#2681,#3279,#4391,.T.);
#4391 = SURFACE_CURVE('',#4392,(#4396,#4403),.PCURVE_S1.);
#4392 = LINE('',#4393,#4394);
#4393 = CARTESIAN_POINT('',(34.105887450305,5.858578643763,7.78));
#4394 = VECTOR('',#4395,1.);
#4395 = DIRECTION('',(0.,0.,1.));
#4396 = PCURVE('',#2696,#4397);
#4397 = DEFINITIONAL_REPRESENTATION('',(#4398),#4402);
#4398 = LINE('',#4399,#4400);
#4399 = CARTESIAN_POINT('',(1.2,0.));
#4400 = VECTOR('',#4401,1.);
#4401 = DIRECTION('',(0.,-1.));
#4402 = ( GEOMETRIC_REPRESENTATION_CONTEXT(2) 
PARAMETRIC_REPRESENTATION_CONTEXT() REPRESENTATION_CONTEXT('2D SPACE',''
  ) );
#4403 = PCURVE('',#2725,#4404);
#4404 = DEFINITIONAL_REPRESENTATION('',(#4405),#4409);
#4405 = LINE('',#4406,#4407);
#4406 = CARTESIAN_POINT('',(1.570796326795,0.));
#4407 = VECTOR('',#4408,1.);
#4408 = DIRECTION('',(0.,1.));
#4409 = ( GEOMETRIC_REPRESENTATION_CONTEXT(2) 
PARAMETRIC_REPRESENTATION_CONTEXT() REPRESENTATION_CONTEXT('2D SPACE',''
  ) );
#4410 = ORIENTED_EDGE('',*,*,#3388,.F.);
#4411 = ADVANCED_FACE('',(#4412),#2639,.T.);
#4412 = FACE_BOUND('',#4413,.T.);
#4413 = EDGE_LOOP('',(#4414,#4435,#4436,#4437));
#4414 = ORIENTED_EDGE('',*,*,#4415,.F.);
#4415 = EDGE_CURVE('',#2595,#3439,#4416,.T.);
#4416 = SURFACE_CURVE('',#4417,(#4421,#4428),.PCURVE_S1.);
#4417 = LINE('',#4418,#4419);
#4418 = CARTESIAN_POINT('',(40.894112549695,4.44436508139,7.78));
#4419 = VECTOR('',#4420,1.);
#4420 = DIRECTION('',(0.,0.,1.));
#4421 = PCURVE('',#2639,#4422);
#4422 = DEFINITIONAL_REPRESENTATION('',(#4423),#4427);
#4423 = LINE('',#4424,#4425);
#4424 = CARTESIAN_POINT('',(3.8,0.));
#4425 = VECTOR('',#4426,1.);
#4426 = DIRECTION('',(0.,-1.));
#4427 = ( GEOMETRIC_REPRESENTATION_CONTEXT(2) 
PARAMETRIC_REPRESENTATION_CONTEXT() REPRESENTATION_CONTEXT('2D SPACE',''
  ) );
#4428 = PCURVE('',#2611,#4429);
#4429 = DEFINITIONAL_REPRESENTATION('',(#4430),#4434);
#4430 = LINE('',#4431,#4432);
#4431 = CARTESIAN_POINT('',(-1.570796326795,0.));
#4432 = VECTOR('',#4433,1.);
#4433 = DIRECTION('',(-0.,1.));
#4434 = ( GEOMETRIC_REPRESENTATION_CONTEXT(2) 
PARAMETRIC_REPRESENTATION_CONTEXT() REPRESENTATION_CONTEXT('2D SPACE',''
  ) );
#4435 = ORIENTED_EDGE('',*,*,#2623,.T.);
#4436 = ORIENTED_EDGE('',*,*,#2790,.T.);
#4437 = ORIENTED_EDGE('',*,*,#3438,.F.);
#4438 = ADVANCED_FACE('',(#4439),#2725,.F.);
#4439 = FACE_BOUND('',#4440,.F.);
#4440 = EDGE_LOOP('',(#4441,#4462,#4463,#4464));
#4441 = ORIENTED_EDGE('',*,*,#4442,.F.);
#4442 = EDGE_CURVE('',#2709,#3244,#4443,.T.);
#4443 = SURFACE_CURVE('',#4444,(#4448,#4455),.PCURVE_S1.);
#4444 = LINE('',#4445,#4446);
#4445 = CARTESIAN_POINT('',(34.105887450305,7.55563491861,7.78));
#4446 = VECTOR('',#4447,1.);
#4447 = DIRECTION('',(0.,0.,1.));
#4448 = PCURVE('',#2725,#4449);
#4449 = DEFINITIONAL_REPRESENTATION('',(#4450),#4454);
#4450 = LINE('',#4451,#4452);
#4451 = CARTESIAN_POINT('',(0.,0.));
#4452 = VECTOR('',#4453,1.);
#4453 = DIRECTION('',(0.,1.));
#4454 = ( GEOMETRIC_REPRESENTATION_CONTEXT(2) 
PARAMETRIC_REPRESENTATION_CONTEXT() REPRESENTATION_CONTEXT('2D SPACE',''
  ) );
#4455 = PCURVE('',#2751,#4456);
#4456 = DEFINITIONAL_REPRESENTATION('',(#4457),#4461);
#4457 = LINE('',#4458,#4459);
#4458 = CARTESIAN_POINT('',(3.8,0.));
#4459 = VECTOR('',#4460,1.);
#4460 = DIRECTION('',(0.,-1.));
#4461 = ( GEOMETRIC_REPRESENTATION_CONTEXT(2) 
PARAMETRIC_REPRESENTATION_CONTEXT() REPRESENTATION_CONTEXT('2D SPACE',''
  ) );
#4462 = ORIENTED_EDGE('',*,*,#2708,.T.);
#4463 = ORIENTED_EDGE('',*,*,#4390,.T.);
#4464 = ORIENTED_EDGE('',*,*,#3278,.F.);
#4465 = ADVANCED_FACE('',(#4466),#2611,.F.);
#4466 = FACE_BOUND('',#4467,.T.);
#4467 = EDGE_LOOP('',(#4468,#4489,#4490,#4491,#4492));
#4468 = ORIENTED_EDGE('',*,*,#4469,.F.);
#4469 = EDGE_CURVE('',#2567,#3054,#4470,.T.);
#4470 = SURFACE_CURVE('',#4471,(#4475,#4482),.PCURVE_S1.);
#4471 = LINE('',#4472,#4473);
#4472 = CARTESIAN_POINT('',(40.894112549695,6.141421356237,7.78));
#4473 = VECTOR('',#4474,1.);
#4474 = DIRECTION('',(0.,0.,1.));
#4475 = PCURVE('',#2611,#4476);
#4476 = DEFINITIONAL_REPRESENTATION('',(#4477),#4481);
#4477 = LINE('',#4478,#4479);
#4478 = CARTESIAN_POINT('',(-0.,0.));
#4479 = VECTOR('',#4480,1.);
#4480 = DIRECTION('',(-0.,1.));
#4481 = ( GEOMETRIC_REPRESENTATION_CONTEXT(2) 
PARAMETRIC_REPRESENTATION_CONTEXT() REPRESENTATION_CONTEXT('2D SPACE',''
  ) );
#4482 = PCURVE('',#2582,#4483);
#4483 = DEFINITIONAL_REPRESENTATION('',(#4484),#4488);
#4484 = LINE('',#4485,#4486);
#4485 = CARTESIAN_POINT('',(1.2,0.));
#4486 = VECTOR('',#4487,1.);
#4487 = DIRECTION('',(0.,-1.));
#4488 = ( GEOMETRIC_REPRESENTATION_CONTEXT(2) 
PARAMETRIC_REPRESENTATION_CONTEXT() REPRESENTATION_CONTEXT('2D SPACE',''
  ) );
#4489 = ORIENTED_EDGE('',*,*,#2594,.F.);
#4490 = ORIENTED_EDGE('',*,*,#4415,.T.);
#4491 = ORIENTED_EDGE('',*,*,#3473,.F.);
#4492 = ORIENTED_EDGE('',*,*,#3053,.F.);
#4493 = ADVANCED_FACE('',(#4494),#2751,.T.);
#4494 = FACE_BOUND('',#4495,.T.);
#4495 = EDGE_LOOP('',(#4496,#4497,#4498,#4519));
#4496 = ORIENTED_EDGE('',*,*,#4442,.F.);
#4497 = ORIENTED_EDGE('',*,*,#2737,.T.);
#4498 = ORIENTED_EDGE('',*,*,#4499,.T.);
#4499 = EDGE_CURVE('',#2538,#3134,#4500,.T.);
#4500 = SURFACE_CURVE('',#4501,(#4505,#4512),.PCURVE_S1.);
#4501 = LINE('',#4502,#4503);
#4502 = CARTESIAN_POINT('',(35.94436508139,9.394112549695,7.78));
#4503 = VECTOR('',#4504,1.);
#4504 = DIRECTION('',(0.,0.,1.));
#4505 = PCURVE('',#2751,#4506);
#4506 = DEFINITIONAL_REPRESENTATION('',(#4507),#4511);
#4507 = LINE('',#4508,#4509);
#4508 = CARTESIAN_POINT('',(1.2,0.));
#4509 = VECTOR('',#4510,1.);
#4510 = DIRECTION('',(0.,-1.));
#4511 = ( GEOMETRIC_REPRESENTATION_CONTEXT(2) 
PARAMETRIC_REPRESENTATION_CONTEXT() REPRESENTATION_CONTEXT('2D SPACE',''
  ) );
#4512 = PCURVE('',#2554,#4513);
#4513 = DEFINITIONAL_REPRESENTATION('',(#4514),#4518);
#4514 = LINE('',#4515,#4516);
#4515 = CARTESIAN_POINT('',(1.570796326795,0.));
#4516 = VECTOR('',#4517,1.);
#4517 = DIRECTION('',(0.,1.));
#4518 = ( GEOMETRIC_REPRESENTATION_CONTEXT(2) 
PARAMETRIC_REPRESENTATION_CONTEXT() REPRESENTATION_CONTEXT('2D SPACE',''
  ) );
#4519 = ORIENTED_EDGE('',*,*,#3243,.F.);
#4520 = ADVANCED_FACE('',(#4521),#2582,.T.);
#4521 = FACE_BOUND('',#4522,.T.);
#4522 = EDGE_LOOP('',(#4523,#4544,#4545,#4546));
#4523 = ORIENTED_EDGE('',*,*,#4524,.F.);
#4524 = EDGE_CURVE('',#2536,#3083,#4525,.T.);
#4525 = SURFACE_CURVE('',#4526,(#4530,#4537),.PCURVE_S1.);
#4526 = LINE('',#4527,#4528);
#4527 = CARTESIAN_POINT('',(37.641421356237,9.394112549695,7.78));
#4528 = VECTOR('',#4529,1.);
#4529 = DIRECTION('',(0.,0.,1.));
#4530 = PCURVE('',#2582,#4531);
#4531 = DEFINITIONAL_REPRESENTATION('',(#4532),#4536);
#4532 = LINE('',#4533,#4534);
#4533 = CARTESIAN_POINT('',(5.8,0.));
#4534 = VECTOR('',#4535,1.);
#4535 = DIRECTION('',(0.,-1.));
#4536 = ( GEOMETRIC_REPRESENTATION_CONTEXT(2) 
PARAMETRIC_REPRESENTATION_CONTEXT() REPRESENTATION_CONTEXT('2D SPACE',''
  ) );
#4537 = PCURVE('',#2554,#4538);
#4538 = DEFINITIONAL_REPRESENTATION('',(#4539),#4543);
#4539 = LINE('',#4540,#4541);
#4540 = CARTESIAN_POINT('',(0.,0.));
#4541 = VECTOR('',#4542,1.);
#4542 = DIRECTION('',(0.,1.));
#4543 = ( GEOMETRIC_REPRESENTATION_CONTEXT(2) 
PARAMETRIC_REPRESENTATION_CONTEXT() REPRESENTATION_CONTEXT('2D SPACE',''
  ) );
#4544 = ORIENTED_EDGE('',*,*,#2566,.T.);
#4545 = ORIENTED_EDGE('',*,*,#4469,.T.);
#4546 = ORIENTED_EDGE('',*,*,#3082,.F.);
#4547 = ADVANCED_FACE('',(#4548),#2554,.F.);
#4548 = FACE_BOUND('',#4549,.F.);
#4549 = EDGE_LOOP('',(#4550,#4551,#4552,#4553));
#4550 = ORIENTED_EDGE('',*,*,#4524,.F.);
#4551 = ORIENTED_EDGE('',*,*,#2535,.T.);
#4552 = ORIENTED_EDGE('',*,*,#4499,.T.);
#4553 = ORIENTED_EDGE('',*,*,#3133,.F.);
#4554 = ADVANCED_FACE('',(#4555),#2438,.F.);
#4555 = FACE_BOUND('',#4556,.F.);
#4556 = EDGE_LOOP('',(#4557,#4580,#4581,#4604));
#4557 = ORIENTED_EDGE('',*,*,#4558,.F.);
#4558 = EDGE_CURVE('',#2422,#4559,#4561,.T.);
#4559 = VERTEX_POINT('',#4560);
#4560 = CARTESIAN_POINT('',(28.037980860467,2.358019741256,
    10.845119048725));
#4561 = SURFACE_CURVE('',#4562,(#4566,#4573),.PCURVE_S1.);
#4562 = LINE('',#4563,#4564);
#4563 = CARTESIAN_POINT('',(28.037980860467,2.358019741256,7.78));
#4564 = VECTOR('',#4565,1.);
#4565 = DIRECTION('',(0.,0.,1.));
#4566 = PCURVE('',#2438,#4567);
#4567 = DEFINITIONAL_REPRESENTATION('',(#4568),#4572);
#4568 = LINE('',#4569,#4570);
#4569 = CARTESIAN_POINT('',(0.,0.));
#4570 = VECTOR('',#4571,1.);
#4571 = DIRECTION('',(0.,1.));
#4572 = ( GEOMETRIC_REPRESENTATION_CONTEXT(2) 
PARAMETRIC_REPRESENTATION_CONTEXT() REPRESENTATION_CONTEXT('2D SPACE',''
  ) );
#4573 = PCURVE('',#2466,#4574);
#4574 = DEFINITIONAL_REPRESENTATION('',(#4575),#4579);
#4575 = LINE('',#4576,#4577);
#4576 = CARTESIAN_POINT('',(5.8,0.));
#4577 = VECTOR('',#4578,1.);
#4578 = DIRECTION('',(0.,-1.));
#4579 = ( GEOMETRIC_REPRESENTATION_CONTEXT(2) 
PARAMETRIC_REPRESENTATION_CONTEXT() REPRESENTATION_CONTEXT('2D SPACE',''
  ) );
#4580 = ORIENTED_EDGE('',*,*,#2421,.T.);
#4581 = ORIENTED_EDGE('',*,*,#4582,.T.);
#4582 = EDGE_CURVE('',#2394,#4583,#4585,.T.);
#4583 = VERTEX_POINT('',#4584);
#4584 = CARTESIAN_POINT('',(26.85814471522,3.577850332104,
    11.035299685423));
#4585 = SURFACE_CURVE('',#4586,(#4590,#4597),.PCURVE_S1.);
#4586 = LINE('',#4587,#4588);
#4587 = CARTESIAN_POINT('',(26.85814471522,3.577850332104,7.78));
#4588 = VECTOR('',#4589,1.);
#4589 = DIRECTION('',(0.,0.,1.));
#4590 = PCURVE('',#2438,#4591);
#4591 = DEFINITIONAL_REPRESENTATION('',(#4592),#4596);
#4592 = LINE('',#4593,#4594);
#4593 = CARTESIAN_POINT('',(1.570796326795,0.));
#4594 = VECTOR('',#4595,1.);
#4595 = DIRECTION('',(0.,1.));
#4596 = ( GEOMETRIC_REPRESENTATION_CONTEXT(2) 
PARAMETRIC_REPRESENTATION_CONTEXT() REPRESENTATION_CONTEXT('2D SPACE',''
  ) );
#4597 = PCURVE('',#2409,#4598);
#4598 = DEFINITIONAL_REPRESENTATION('',(#4599),#4603);
#4599 = LINE('',#4600,#4601);
#4600 = CARTESIAN_POINT('',(1.2,0.));
#4601 = VECTOR('',#4602,1.);
#4602 = DIRECTION('',(0.,-1.));
#4603 = ( GEOMETRIC_REPRESENTATION_CONTEXT(2) 
PARAMETRIC_REPRESENTATION_CONTEXT() REPRESENTATION_CONTEXT('2D SPACE',''
  ) );
#4604 = ORIENTED_EDGE('',*,*,#4605,.F.);
#4605 = EDGE_CURVE('',#4559,#4583,#4606,.T.);
#4606 = SURFACE_CURVE('',#4607,(#4640,#4676),.PCURVE_S1.);
#4607 = B_SPLINE_CURVE_WITH_KNOTS('',6,(#4608,#4609,#4610,#4611,#4612,
    #4613,#4614,#4615,#4616,#4617,#4618,#4619,#4620,#4621,#4622,#4623,
    #4624,#4625,#4626,#4627,#4628,#4629,#4630,#4631,#4632,#4633,#4634,
    #4635,#4636,#4637,#4638,#4639),.UNSPECIFIED.,.F.,.F.,(7,5,5,5,5,5,7)
  ,(0.,0.301729534253,0.430476490099,0.508032119626,0.677624007862,
    0.892899637078,1.),.UNSPECIFIED.);
#4608 = CARTESIAN_POINT('',(28.037980860467,2.358019741256,
    10.845119048725));
#4609 = CARTESIAN_POINT('',(28.039491898206,2.4486820056,10.877680491963
    ));
#4610 = CARTESIAN_POINT('',(28.032790115957,2.539953966157,
    10.908941559725));
#4611 = CARTESIAN_POINT('',(28.017700866507,2.631038927053,
    10.938552632632));
#4612 = CARTESIAN_POINT('',(27.994109909222,2.72104771232,10.96613168997
    ));
#4613 = CARTESIAN_POINT('',(27.962018477726,2.808993318664,
    10.991274487566));
#4614 = CARTESIAN_POINT('',(27.904403894774,2.930017276491,
    11.023119408877));
#4615 = CARTESIAN_POINT('',(27.885663464253,2.965644235869,
    11.032129440843));
#4616 = CARTESIAN_POINT('',(27.86543103469,3.000619353759,
    11.040595154256));
#4617 = CARTESIAN_POINT('',(27.843730778819,3.034857783658,11.0484871533
    ));
#4618 = CARTESIAN_POINT('',(27.820595376302,3.068273846344,
    11.055777668974));
#4619 = CARTESIAN_POINT('',(27.781292045633,3.120364686203,
    11.066455574092));
#4620 = CARTESIAN_POINT('',(27.766011333797,3.139617941207,
    11.070242325778));
#4621 = CARTESIAN_POINT('',(27.750234525951,3.158523138794,
    11.073796104261));
#4622 = CARTESIAN_POINT('',(27.733972151591,3.177061856823,
    11.077111779924));
#4623 = CARTESIAN_POINT('',(27.717236011869,3.195215978602,11.0801846581
    ));
#4624 = CARTESIAN_POINT('',(27.662434646242,3.251785593848,
    11.089189737969));
#4625 = CARTESIAN_POINT('',(27.622625521823,3.288681161178,
    11.094187983047));
#4626 = CARTESIAN_POINT('',(27.580751690069,3.323465678026,
    11.097960488487));
#4627 = CARTESIAN_POINT('',(27.536978317922,3.355967179144,
    11.100475665219));
#4628 = CARTESIAN_POINT('',(27.491495443077,3.386034873029,
    11.101716958051));
#4629 = CARTESIAN_POINT('',(27.384885033607,3.448462396724,
    11.101643849553));
#4630 = CARTESIAN_POINT('',(27.322835058609,3.479262707132,
    11.099550892951));
#4631 = CARTESIAN_POINT('',(27.258810476185,3.505684979903,
    11.095405979161));
#4632 = CARTESIAN_POINT('',(27.193276581723,3.527561370266,
    11.089253767523));
#4633 = CARTESIAN_POINT('',(27.126707612393,3.544806982451,
    11.081175885986));
#4634 = CARTESIAN_POINT('',(27.026173649584,3.563681763664,
    11.066361774323));
#4635 = CARTESIAN_POINT('',(26.992632212196,3.568803836175,
    11.060990717447));
#4636 = CARTESIAN_POINT('',(26.959005261903,3.572776635694,
    11.055183759767));
#4637 = CARTESIAN_POINT('',(26.925347137772,3.575603314633,
    11.048955576126));
#4638 = CARTESIAN_POINT('',(26.891710177061,3.57729090774,
    11.042321932385));
#4639 = CARTESIAN_POINT('',(26.85814471522,3.577850332104,
    11.035299685423));
#4640 = PCURVE('',#2438,#4641);
#4641 = DEFINITIONAL_REPRESENTATION('',(#4642),#4675);
#4642 = B_SPLINE_CURVE_WITH_KNOTS('',6,(#4643,#4644,#4645,#4646,#4647,
    #4648,#4649,#4650,#4651,#4652,#4653,#4654,#4655,#4656,#4657,#4658,
    #4659,#4660,#4661,#4662,#4663,#4664,#4665,#4666,#4667,#4668,#4669,
    #4670,#4671,#4672,#4673,#4674),.UNSPECIFIED.,.F.,.F.,(7,5,5,5,5,5,7)
  ,(0.,0.301729534253,0.430476490099,0.508032119626,0.677624007862,
    0.892899637078,1.),.UNSPECIFIED.);
#4643 = CARTESIAN_POINT('',(0.,3.065119048725));
#4644 = CARTESIAN_POINT('',(7.556237954227E-02,3.097680491963));
#4645 = CARTESIAN_POINT('',(0.151518652663,3.128941559725));
#4646 = CARTESIAN_POINT('',(0.227979579231,3.158552632632));
#4647 = CARTESIAN_POINT('',(0.305018477052,3.18613168997));
#4648 = CARTESIAN_POINT('',(0.382685715258,3.211274487566));
#4649 = CARTESIAN_POINT('',(0.494384213635,3.243119408877));
#4650 = CARTESIAN_POINT('',(0.527903512381,3.252129440843));
#4651 = CARTESIAN_POINT('',(0.561533844516,3.260595154256));
#4652 = CARTESIAN_POINT('',(0.595272187745,3.2684871533));
#4653 = CARTESIAN_POINT('',(0.629113408339,3.275777668974));
#4654 = CARTESIAN_POINT('',(0.683492526312,3.286455574092));
#4655 = CARTESIAN_POINT('',(0.703969898035,3.290242325778));
#4656 = CARTESIAN_POINT('',(0.724480148972,3.293796104261));
#4657 = CARTESIAN_POINT('',(0.745021343879,3.297111779924));
#4658 = CARTESIAN_POINT('',(0.765591284243,3.3001846581));
#4659 = CARTESIAN_POINT('',(0.831225535146,3.309189737969));
#4660 = CARTESIAN_POINT('',(0.876391290622,3.314187983047));
#4661 = CARTESIAN_POINT('',(0.921655002189,3.317960488487));
#4662 = CARTESIAN_POINT('',(0.966987338805,3.320475665219));
#4663 = CARTESIAN_POINT('',(1.012355974123,3.321716958051));
#4664 = CARTESIAN_POINT('',(1.115308819053,3.321643849553));
#4665 = CARTESIAN_POINT('',(1.172899497885,3.319550892951));
#4666 = CARTESIAN_POINT('',(1.230410934901,3.315405979161));
#4667 = CARTESIAN_POINT('',(1.287780200142,3.309253767523));
#4668 = CARTESIAN_POINT('',(1.344953754764,3.301175885986));
#4669 = CARTESIAN_POINT('',(1.430195791878,3.286361774323));
#4670 = CARTESIAN_POINT('',(1.458454571403,3.280990717447));
#4671 = CARTESIAN_POINT('',(1.486647683086,3.275183759767));
#4672 = CARTESIAN_POINT('',(1.514770955879,3.268955576126));
#4673 = CARTESIAN_POINT('',(1.542821223973,3.262321932385));
#4674 = CARTESIAN_POINT('',(1.570796326795,3.255299685423));
#4675 = ( GEOMETRIC_REPRESENTATION_CONTEXT(2) 
PARAMETRIC_REPRESENTATION_CONTEXT() REPRESENTATION_CONTEXT('2D SPACE',''
  ) );
#4676 = PCURVE('',#4677,#4682);
#4677 = SPHERICAL_SURFACE('',#4678,7.25);
#4678 = AXIS2_PLACEMENT_3D('',#4679,#4680,#4681);
#4679 = CARTESIAN_POINT('',(25.5,0.1,17.25));
#4680 = DIRECTION('',(0.,0.,1.));
#4681 = DIRECTION('',(1.,0.,0.));
#4682 = DEFINITIONAL_REPRESENTATION('',(#4683),#4716);
#4683 = B_SPLINE_CURVE_WITH_KNOTS('',6,(#4684,#4685,#4686,#4687,#4688,
    #4689,#4690,#4691,#4692,#4693,#4694,#4695,#4696,#4697,#4698,#4699,
    #4700,#4701,#4702,#4703,#4704,#4705,#4706,#4707,#4708,#4709,#4710,
    #4711,#4712,#4713,#4714,#4715),.UNSPECIFIED.,.F.,.F.,(7,5,5,5,5,5,7)
  ,(0.,0.301729534253,0.430476490099,0.508032119626,0.677624007862,
    0.892899637078,1.),.UNSPECIFIED.);
#4684 = CARTESIAN_POINT('',(0.727090460585,-1.083136644395));
#4685 = CARTESIAN_POINT('',(0.746734060119,-1.073551454048));
#4686 = CARTESIAN_POINT('',(0.767266719107,-1.064556928153));
#4687 = CARTESIAN_POINT('',(0.78859706758,-1.056206362181));
#4688 = CARTESIAN_POINT('',(0.81065088146,-1.048560751134));
#4689 = CARTESIAN_POINT('',(0.833358488575,-1.04168659793));
#4690 = CARTESIAN_POINT('',(0.866573474807,-1.033073491639));
#4691 = CARTESIAN_POINT('',(0.876611463091,-1.030649976788));
#4692 = CARTESIAN_POINT('',(0.886746892499,-1.028384104021));
#4693 = CARTESIAN_POINT('',(0.896972840074,-1.026280942296));
#4694 = CARTESIAN_POINT('',(0.907281818028,-1.024345326748));
#4695 = CARTESIAN_POINT('',(0.923920548453,-1.021519318816));
#4696 = CARTESIAN_POINT('',(0.930202703064,-1.020519338534));
#4697 = CARTESIAN_POINT('',(0.936510188608,-1.01958274162));
#4698 = CARTESIAN_POINT('',(0.942841121259,-1.018710432958));
#4699 = CARTESIAN_POINT('',(0.949193535037,-1.017903243917));
#4700 = CARTESIAN_POINT('',(0.969498780715,-1.015540896869));
#4701 = CARTESIAN_POINT('',(0.983525733263,-1.014234788144));
#4702 = CARTESIAN_POINT('',(0.997623571196,-1.013251595647));
#4703 = CARTESIAN_POINT('',(1.011769658948,-1.012596969353));
#4704 = CARTESIAN_POINT('',(1.02594036353,-1.01227387715));
#4705 = CARTESIAN_POINT('',(1.058096631547,-1.012292906069));
#4706 = CARTESIAN_POINT('',(1.076084055366,-1.01283768427));
#4707 = CARTESIAN_POINT('',(1.094018548637,-1.01391652975));
#4708 = CARTESIAN_POINT('',(1.111852813093,-1.015521449106));
#4709 = CARTESIAN_POINT('',(1.129542651954,-1.017637883251));
#4710 = CARTESIAN_POINT('',(1.155750415204,-1.021543648904));
#4711 = CARTESIAN_POINT('',(1.164410942307,-1.022963022609));
#4712 = CARTESIAN_POINT('',(1.173020231926,-1.024501787859));
#4713 = CARTESIAN_POINT('',(1.181573602981,-1.026157371057));
#4714 = CARTESIAN_POINT('',(1.190066665132,-1.027927026298));
#4715 = CARTESIAN_POINT('',(1.19849531878,-1.029807835375));
#4716 = ( GEOMETRIC_REPRESENTATION_CONTEXT(2) 
PARAMETRIC_REPRESENTATION_CONTEXT() REPRESENTATION_CONTEXT('2D SPACE',''
  ) );
#4717 = ADVANCED_FACE('',(#4718),#4677,.F.);
#4718 = FACE_BOUND('',#4719,.F.);
#4719 = EDGE_LOOP('',(#4720,#4744,#4768,#4803,#4804,#4839,#4949,#5000,
    #5110,#5145,#5255,#5290));
#4720 = ORIENTED_EDGE('',*,*,#4721,.F.);
#4721 = EDGE_CURVE('',#4722,#4722,#4724,.T.);
#4722 = VERTEX_POINT('',#4723);
#4723 = CARTESIAN_POINT('',(30.5,1.E-01,12.));
#4724 = SURFACE_CURVE('',#4725,(#4730,#4737),.PCURVE_S1.);
#4725 = CIRCLE('',#4726,5.);
#4726 = AXIS2_PLACEMENT_3D('',#4727,#4728,#4729);
#4727 = CARTESIAN_POINT('',(25.5,0.1,12.));
#4728 = DIRECTION('',(0.,0.,1.));
#4729 = DIRECTION('',(1.,0.,-0.));
#4730 = PCURVE('',#4677,#4731);
#4731 = DEFINITIONAL_REPRESENTATION('',(#4732),#4736);
#4732 = LINE('',#4733,#4734);
#4733 = CARTESIAN_POINT('',(0.,-0.80978357257));
#4734 = VECTOR('',#4735,1.);
#4735 = DIRECTION('',(1.,0.));
#4736 = ( GEOMETRIC_REPRESENTATION_CONTEXT(2) 
PARAMETRIC_REPRESENTATION_CONTEXT() REPRESENTATION_CONTEXT('2D SPACE',''
  ) );
#4737 = PCURVE('',#100,#4738);
#4738 = DEFINITIONAL_REPRESENTATION('',(#4739),#4743);
#4739 = CIRCLE('',#4740,5.);
#4740 = AXIS2_PLACEMENT_2D('',#4741,#4742);
#4741 = CARTESIAN_POINT('',(-3.5,0.1));
#4742 = DIRECTION('',(1.,0.));
#4743 = ( GEOMETRIC_REPRESENTATION_CONTEXT(2) 
PARAMETRIC_REPRESENTATION_CONTEXT() REPRESENTATION_CONTEXT('2D SPACE',''
  ) );
#4744 = ORIENTED_EDGE('',*,*,#4745,.F.);
#4745 = EDGE_CURVE('',#4746,#4722,#4748,.T.);
#4746 = VERTEX_POINT('',#4747);
#4747 = CARTESIAN_POINT('',(28.000347198113,1.E-01,10.444798762058));
#4748 = SEAM_CURVE('',#4749,(#4754,#4761),.PCURVE_S1.);
#4749 = CIRCLE('',#4750,7.25);
#4750 = AXIS2_PLACEMENT_3D('',#4751,#4752,#4753);
#4751 = CARTESIAN_POINT('',(25.5,0.1,17.25));
#4752 = DIRECTION('',(-2.449293598295E-16,-1.,0.));
#4753 = DIRECTION('',(1.,-2.449293598295E-16,0.));
#4754 = PCURVE('',#4677,#4755);
#4755 = DEFINITIONAL_REPRESENTATION('',(#4756),#4760);
#4756 = LINE('',#4757,#4758);
#4757 = CARTESIAN_POINT('',(6.28318530718,-6.28318530718));
#4758 = VECTOR('',#4759,1.);
#4759 = DIRECTION('',(0.,1.));
#4760 = ( GEOMETRIC_REPRESENTATION_CONTEXT(2) 
PARAMETRIC_REPRESENTATION_CONTEXT() REPRESENTATION_CONTEXT('2D SPACE',''
  ) );
#4761 = PCURVE('',#4677,#4762);
#4762 = DEFINITIONAL_REPRESENTATION('',(#4763),#4767);
#4763 = LINE('',#4764,#4765);
#4764 = CARTESIAN_POINT('',(0.,-6.28318530718));
#4765 = VECTOR('',#4766,1.);
#4766 = DIRECTION('',(0.,1.));
#4767 = ( GEOMETRIC_REPRESENTATION_CONTEXT(2) 
PARAMETRIC_REPRESENTATION_CONTEXT() REPRESENTATION_CONTEXT('2D SPACE',''
  ) );
#4768 = ORIENTED_EDGE('',*,*,#4769,.F.);
#4769 = EDGE_CURVE('',#4559,#4746,#4770,.T.);
#4770 = SURFACE_CURVE('',#4771,(#4776,#4796),.PCURVE_S1.);
#4771 = CIRCLE('',#4772,6.805328794408);
#4772 = AXIS2_PLACEMENT_3D('',#4773,#4774,#4775);
#4773 = CARTESIAN_POINT('',(27.999652850099,5.833911916502E-02,17.25));
#4774 = DIRECTION('',(-0.99986114004,1.666435233399E-02,0.));
#4775 = DIRECTION('',(-1.666435233399E-02,-0.99986114004,0.));
#4776 = PCURVE('',#4677,#4777);
#4777 = DEFINITIONAL_REPRESENTATION('',(#4778),#4795);
#4778 = B_SPLINE_CURVE_WITH_KNOTS('',8,(#4779,#4780,#4781,#4782,#4783,
    #4784,#4785,#4786,#4787,#4788,#4789,#4790,#4791,#4792,#4793,#4794),
  .UNSPECIFIED.,.F.,.F.,(9,7,9),(4.367629367728,4.536947828436,
    4.706266289144),.UNSPECIFIED.);
#4779 = CARTESIAN_POINT('',(0.727090460585,-1.083136644395));
#4780 = CARTESIAN_POINT('',(0.697723460377,-1.097466415596));
#4781 = CARTESIAN_POINT('',(0.66628788464,-1.111273426353));
#4782 = CARTESIAN_POINT('',(0.632629474184,-1.124495883427));
#4783 = CARTESIAN_POINT('',(0.596599331669,-1.137063544763));
#4784 = CARTESIAN_POINT('',(0.558062717671,-1.148897129636));
#4785 = CARTESIAN_POINT('',(0.516925268287,-1.159908318042));
#4786 = CARTESIAN_POINT('',(0.473168620019,-1.170002351684));
#4787 = CARTESIAN_POINT('',(0.380606235359,-1.188168146135));
#4788 = CARTESIAN_POINT('',(0.331800454181,-1.196239908077));
#4789 = CARTESIAN_POINT('',(0.280564078378,-1.203206513873));
#4790 = CARTESIAN_POINT('',(0.22710333451,-1.208974779502));
#4791 = CARTESIAN_POINT('',(0.171763240313,-1.213458826718));
#4792 = CARTESIAN_POINT('',(0.115057701817,-1.216591843007));
#4793 = CARTESIAN_POINT('',(5.759631094563E-02,-1.218337510632));
#4794 = CARTESIAN_POINT('',(0.,-1.218690208442));
#4795 = ( GEOMETRIC_REPRESENTATION_CONTEXT(2) 
PARAMETRIC_REPRESENTATION_CONTEXT() REPRESENTATION_CONTEXT('2D SPACE',''
  ) );
#4796 = PCURVE('',#2466,#4797);
#4797 = DEFINITIONAL_REPRESENTATION('',(#4798),#4802);
#4798 = CIRCLE('',#4799,6.805328794408);
#4799 = AXIS2_PLACEMENT_2D('',#4800,#4801);
#4800 = CARTESIAN_POINT('',(3.5,-9.47));
#4801 = DIRECTION('',(-1.,-0.));
#4802 = ( GEOMETRIC_REPRESENTATION_CONTEXT(2) 
PARAMETRIC_REPRESENTATION_CONTEXT() REPRESENTATION_CONTEXT('2D SPACE',''
  ) );
#4803 = ORIENTED_EDGE('',*,*,#4605,.T.);
#4804 = ORIENTED_EDGE('',*,*,#4805,.F.);
#4805 = EDGE_CURVE('',#4806,#4583,#4808,.T.);
#4806 = VERTEX_POINT('',#4807);
#4807 = CARTESIAN_POINT('',(24.258505751117,3.621177648173,
    11.035299685423));
#4808 = SURFACE_CURVE('',#4809,(#4814,#4832),.PCURVE_S1.);
#4809 = CIRCLE('',#4810,6.3492125496);
#4810 = AXIS2_PLACEMENT_3D('',#4811,#4812,#4813);
#4811 = CARTESIAN_POINT('',(25.558325233169,3.599513990139,17.25));
#4812 = DIRECTION('',(-1.666435233399E-02,-0.99986114004,0.));
#4813 = DIRECTION('',(0.99986114004,-1.666435233399E-02,0.));
#4814 = PCURVE('',#4677,#4815);
#4815 = DEFINITIONAL_REPRESENTATION('',(#4816),#4831);
#4816 = B_SPLINE_CURVE_WITH_KNOTS('',7,(#4817,#4818,#4819,#4820,#4821,
    #4822,#4823,#4824,#4825,#4826,#4827,#4828,#4829,#4830),
  .UNSPECIFIED.,.F.,.F.,(8,6,8),(4.50618089529,4.712388980385,
    4.918597065479),.UNSPECIFIED.);
#4817 = CARTESIAN_POINT('',(1.909767087382,-1.029807835375));
#4818 = CARTESIAN_POINT('',(1.863801468612,-1.040064817878));
#4819 = CARTESIAN_POINT('',(1.815674188348,-1.048840904859));
#4820 = CARTESIAN_POINT('',(1.765589609373,-1.056017133259));
#4821 = CARTESIAN_POINT('',(1.713874791094,-1.061484573624));
#4822 = CARTESIAN_POINT('',(1.661009401837,-1.065157741652));
#4823 = CARTESIAN_POINT('',(1.607570344375,-1.06699434242));
#4824 = CARTESIAN_POINT('',(1.500692061787,-1.06699434242));
#4825 = CARTESIAN_POINT('',(1.447253004326,-1.065157741652));
#4826 = CARTESIAN_POINT('',(1.394387615067,-1.061484573624));
#4827 = CARTESIAN_POINT('',(1.34267279679,-1.056017133259));
#4828 = CARTESIAN_POINT('',(1.292588217813,-1.048840904859));
#4829 = CARTESIAN_POINT('',(1.24446093755,-1.040064817878));
#4830 = CARTESIAN_POINT('',(1.19849531878,-1.029807835375));
#4831 = ( GEOMETRIC_REPRESENTATION_CONTEXT(2) 
PARAMETRIC_REPRESENTATION_CONTEXT() REPRESENTATION_CONTEXT('2D SPACE',''
  ) );
#4832 = PCURVE('',#2409,#4833);
#4833 = DEFINITIONAL_REPRESENTATION('',(#4834),#4838);
#4834 = CIRCLE('',#4835,6.3492125496);
#4835 = AXIS2_PLACEMENT_2D('',#4836,#4837);
#4836 = CARTESIAN_POINT('',(2.5,-9.47));
#4837 = DIRECTION('',(-1.,-0.));
#4838 = ( GEOMETRIC_REPRESENTATION_CONTEXT(2) 
PARAMETRIC_REPRESENTATION_CONTEXT() REPRESENTATION_CONTEXT('2D SPACE',''
  ) );
#4839 = ORIENTED_EDGE('',*,*,#4840,.F.);
#4840 = EDGE_CURVE('',#4841,#4806,#4843,.T.);
#4841 = VERTEX_POINT('',#4842);
#4842 = CARTESIAN_POINT('',(23.038675160269,2.441341502926,
    10.845119048725));
#4843 = SURFACE_CURVE('',#4844,(#4877,#4913),.PCURVE_S1.);
#4844 = B_SPLINE_CURVE_WITH_KNOTS('',6,(#4845,#4846,#4847,#4848,#4849,
    #4850,#4851,#4852,#4853,#4854,#4855,#4856,#4857,#4858,#4859,#4860,
    #4861,#4862,#4863,#4864,#4865,#4866,#4867,#4868,#4869,#4870,#4871,
    #4872,#4873,#4874,#4875,#4876),.UNSPECIFIED.,.F.,.F.,(7,5,5,5,5,5,7)
  ,(0.,0.301729534253,0.430476490099,0.508032119626,0.677624007862,
    0.892899637078,1.),.UNSPECIFIED.);
#4845 = CARTESIAN_POINT('',(23.038675160269,2.441341502926,
    10.845119048725));
#4846 = CARTESIAN_POINT('',(23.040186198008,2.53200376727,
    10.877680491963));
#4847 = CARTESIAN_POINT('',(23.049925811888,2.623001704559,
    10.908941559725));
#4848 = CARTESIAN_POINT('',(23.068042002968,2.713533241445,
    10.938552632632));
#4849 = CARTESIAN_POINT('',(23.094619317464,2.802705888849,
    10.96613168997));
#4850 = CARTESIAN_POINT('',(23.129623631464,2.889533232768,
    10.991274487566));
#4851 = CARTESIAN_POINT('',(23.19123922685,3.008570020957,
    11.023119408877));
#4852 = CARTESIAN_POINT('',(23.211156484437,3.043552685532,
    11.032129440843));
#4853 = CARTESIAN_POINT('',(23.232543190392,3.077834151164,
    11.040595154256));
#4854 = CARTESIAN_POINT('',(23.255372357976,3.111330424005,11.0484871533
    ));
#4855 = CARTESIAN_POINT('',(23.279608470494,3.14395696144,
    11.055777668974));
#4856 = CARTESIAN_POINT('',(23.320625851183,3.194709122777,
    11.066455574092));
#4857 = CARTESIAN_POINT('',(23.336539673038,3.213442468886,
    11.070242325778));
#4858 = CARTESIAN_POINT('',(23.352937716678,3.231811418949,
    11.073796104261));
#4859 = CARTESIAN_POINT('',(23.369808844555,3.24979791194,
    11.077111779924));
#4860 = CARTESIAN_POINT('',(23.387140658349,3.267384234494,11.0801846581
    ));
#4861 = CARTESIAN_POINT('',(23.443796717423,3.322096225995,
    11.089189737969));
#4862 = CARTESIAN_POINT('',(23.484813242516,3.357644699167,
    11.094187983047));
#4863 = CARTESIAN_POINT('',(23.527822979396,3.39101448987,
    11.097960488487));
#4864 = CARTESIAN_POINT('',(23.57265512227,3.422039232405,
    11.100475665219));
#4865 = CARTESIAN_POINT('',(23.619114714005,3.450574551847,
    11.101716958051));
#4866 = CARTESIAN_POINT('',(23.727746251501,3.509414709759,
    11.101643849553));
#4867 = CARTESIAN_POINT('',(23.790788155768,3.538130155512,
    11.099550892951));
#4868 = CARTESIAN_POINT('',(23.8556576767,3.562404193227,11.095405979161
    ));
#4869 = CARTESIAN_POINT('',(23.921884184063,3.582084576893,
    11.089253767522));
#4870 = CARTESIAN_POINT('',(23.988990875005,3.597102261407,
    11.081175885986));
#4871 = CARTESIAN_POINT('',(24.090097985778,3.612616358061,
    11.066361774323));
#4872 = CARTESIAN_POINT('',(24.123791482546,3.616617848336,
    11.060990717447));
#4873 = CARTESIAN_POINT('',(24.157532146264,3.619467854288,
    11.055183759767));
#4874 = CARTESIAN_POINT('',(24.191265773095,3.621171337377,
    11.048955576126));
#4875 = CARTESIAN_POINT('',(24.224940289277,3.621737072537,
    11.042321932385));
#4876 = CARTESIAN_POINT('',(24.258505751118,3.621177648173,
    11.035299685423));
#4877 = PCURVE('',#4677,#4878);
#4878 = DEFINITIONAL_REPRESENTATION('',(#4879),#4912);
#4879 = B_SPLINE_CURVE_WITH_KNOTS('',6,(#4880,#4881,#4882,#4883,#4884,
    #4885,#4886,#4887,#4888,#4889,#4890,#4891,#4892,#4893,#4894,#4895,
    #4896,#4897,#4898,#4899,#4900,#4901,#4902,#4903,#4904,#4905,#4906,
    #4907,#4908,#4909,#4910,#4911),.UNSPECIFIED.,.F.,.F.,(7,5,5,5,5,5,7)
  ,(0.,0.301729534253,0.430476490099,0.508032119626,0.677624007862,
    0.892899637078,1.),.UNSPECIFIED.);
#4880 = CARTESIAN_POINT('',(2.381171945577,-1.083136644395));
#4881 = CARTESIAN_POINT('',(2.361528346043,-1.073551454048));
#4882 = CARTESIAN_POINT('',(2.340995687055,-1.064556928153));
#4883 = CARTESIAN_POINT('',(2.319665338582,-1.056206362181));
#4884 = CARTESIAN_POINT('',(2.297611524702,-1.048560751134));
#4885 = CARTESIAN_POINT('',(2.274903917587,-1.04168659793));
#4886 = CARTESIAN_POINT('',(2.241688931355,-1.033073491639));
#4887 = CARTESIAN_POINT('',(2.231650943071,-1.030649976788));
#4888 = CARTESIAN_POINT('',(2.221515513663,-1.028384104021));
#4889 = CARTESIAN_POINT('',(2.211289566088,-1.026280942296));
#4890 = CARTESIAN_POINT('',(2.200980588134,-1.024345326748));
#4891 = CARTESIAN_POINT('',(2.184341857709,-1.021519318816));
#4892 = CARTESIAN_POINT('',(2.178059703098,-1.020519338534));
#4893 = CARTESIAN_POINT('',(2.171752217554,-1.01958274162));
#4894 = CARTESIAN_POINT('',(2.165421284903,-1.018710432958));
#4895 = CARTESIAN_POINT('',(2.159068871125,-1.017903243917));
#4896 = CARTESIAN_POINT('',(2.138763625447,-1.015540896869));
#4897 = CARTESIAN_POINT('',(2.124736672899,-1.014234788144));
#4898 = CARTESIAN_POINT('',(2.110638834966,-1.013251595647));
#4899 = CARTESIAN_POINT('',(2.096492747214,-1.012596969353));
#4900 = CARTESIAN_POINT('',(2.082322042632,-1.01227387715));
#4901 = CARTESIAN_POINT('',(2.050165774615,-1.012292906069));
#4902 = CARTESIAN_POINT('',(2.032178350796,-1.01283768427));
#4903 = CARTESIAN_POINT('',(2.014243857525,-1.01391652975));
#4904 = CARTESIAN_POINT('',(1.996409593069,-1.015521449106));
#4905 = CARTESIAN_POINT('',(1.978719754207,-1.017637883251));
#4906 = CARTESIAN_POINT('',(1.952511990958,-1.021543648904));
#4907 = CARTESIAN_POINT('',(1.943851463855,-1.022963022609));
#4908 = CARTESIAN_POINT('',(1.935242174236,-1.024501787859));
#4909 = CARTESIAN_POINT('',(1.926688803181,-1.026157371057));
#4910 = CARTESIAN_POINT('',(1.91819574103,-1.027927026298));
#4911 = CARTESIAN_POINT('',(1.909767087382,-1.029807835375));
#4912 = ( GEOMETRIC_REPRESENTATION_CONTEXT(2) 
PARAMETRIC_REPRESENTATION_CONTEXT() REPRESENTATION_CONTEXT('2D SPACE',''
  ) );
#4913 = PCURVE('',#2381,#4914);
#4914 = DEFINITIONAL_REPRESENTATION('',(#4915),#4948);
#4915 = B_SPLINE_CURVE_WITH_KNOTS('',6,(#4916,#4917,#4918,#4919,#4920,
    #4921,#4922,#4923,#4924,#4925,#4926,#4927,#4928,#4929,#4930,#4931,
    #4932,#4933,#4934,#4935,#4936,#4937,#4938,#4939,#4940,#4941,#4942,
    #4943,#4944,#4945,#4946,#4947),.UNSPECIFIED.,.F.,.F.,(7,5,5,5,5,5,7)
  ,(0.,0.301729534253,0.430476490099,0.508032119626,0.677624007862,
    0.892899637078,1.),.UNSPECIFIED.);
#4916 = CARTESIAN_POINT('',(0.,3.065119048725));
#4917 = CARTESIAN_POINT('',(-7.556237954228E-02,3.097680491963));
#4918 = CARTESIAN_POINT('',(-0.151518652663,3.128941559725));
#4919 = CARTESIAN_POINT('',(-0.227979579231,3.158552632632));
#4920 = CARTESIAN_POINT('',(-0.305018477052,3.18613168997));
#4921 = CARTESIAN_POINT('',(-0.382685715258,3.211274487566));
#4922 = CARTESIAN_POINT('',(-0.494384213635,3.243119408877));
#4923 = CARTESIAN_POINT('',(-0.527903512381,3.252129440843));
#4924 = CARTESIAN_POINT('',(-0.561533844516,3.260595154256));
#4925 = CARTESIAN_POINT('',(-0.595272187745,3.2684871533));
#4926 = CARTESIAN_POINT('',(-0.629113408339,3.275777668974));
#4927 = CARTESIAN_POINT('',(-0.683492526312,3.286455574092));
#4928 = CARTESIAN_POINT('',(-0.703969898035,3.290242325778));
#4929 = CARTESIAN_POINT('',(-0.724480148972,3.293796104261));
#4930 = CARTESIAN_POINT('',(-0.745021343879,3.297111779924));
#4931 = CARTESIAN_POINT('',(-0.765591284243,3.3001846581));
#4932 = CARTESIAN_POINT('',(-0.831225535146,3.309189737969));
#4933 = CARTESIAN_POINT('',(-0.876391290622,3.314187983047));
#4934 = CARTESIAN_POINT('',(-0.921655002189,3.317960488487));
#4935 = CARTESIAN_POINT('',(-0.966987338805,3.320475665219));
#4936 = CARTESIAN_POINT('',(-1.012355974123,3.321716958051));
#4937 = CARTESIAN_POINT('',(-1.115308819053,3.321643849553));
#4938 = CARTESIAN_POINT('',(-1.172899497885,3.319550892951));
#4939 = CARTESIAN_POINT('',(-1.230410934901,3.315405979161));
#4940 = CARTESIAN_POINT('',(-1.287780200142,3.309253767522));
#4941 = CARTESIAN_POINT('',(-1.344953754764,3.301175885986));
#4942 = CARTESIAN_POINT('',(-1.430195791878,3.286361774323));
#4943 = CARTESIAN_POINT('',(-1.458454571403,3.280990717447));
#4944 = CARTESIAN_POINT('',(-1.486647683086,3.275183759767));
#4945 = CARTESIAN_POINT('',(-1.514770955879,3.268955576126));
#4946 = CARTESIAN_POINT('',(-1.542821223973,3.262321932385));
#4947 = CARTESIAN_POINT('',(-1.570796326795,3.255299685423));
#4948 = ( GEOMETRIC_REPRESENTATION_CONTEXT(2) 
PARAMETRIC_REPRESENTATION_CONTEXT() REPRESENTATION_CONTEXT('2D SPACE',''
  ) );
#4949 = ORIENTED_EDGE('',*,*,#4950,.F.);
#4950 = EDGE_CURVE('',#4951,#4841,#4953,.T.);
#4951 = VERTEX_POINT('',#4952);
#4952 = CARTESIAN_POINT('',(22.962019139533,-2.158019741256,
    10.845119048725));
#4953 = SURFACE_CURVE('',#4954,(#4959,#4993),.PCURVE_S1.);
#4954 = CIRCLE('',#4955,6.805328794408);
#4955 = AXIS2_PLACEMENT_3D('',#4956,#4957,#4958);
#4956 = CARTESIAN_POINT('',(23.000347149901,0.141660880835,17.25));
#4957 = DIRECTION('',(0.99986114004,-1.666435233399E-02,0.));
#4958 = DIRECTION('',(1.666435233399E-02,0.99986114004,0.));
#4959 = PCURVE('',#4677,#4960);
#4960 = DEFINITIONAL_REPRESENTATION('',(#4961),#4992);
#4961 = B_SPLINE_CURVE_WITH_KNOTS('',8,(#4962,#4963,#4964,#4965,#4966,
    #4967,#4968,#4969,#4970,#4971,#4972,#4973,#4974,#4975,#4976,#4977,
    #4978,#4979,#4980,#4981,#4982,#4983,#4984,#4985,#4986,#4987,#4988,
    #4989,#4990,#4991),.UNSPECIFIED.,.F.,.F.,(9,7,7,7,9),(4.367629367728
    ,4.540009174056,4.669294028803,4.863221310922,5.057148593041),
  .UNSPECIFIED.);
#4962 = CARTESIAN_POINT('',(3.868683114175,-1.083136644395));
#4963 = CARTESIAN_POINT('',(3.838785146835,-1.097725503602));
#4964 = CARTESIAN_POINT('',(3.806743134275,-1.111772528259));
#4965 = CARTESIAN_POINT('',(3.77239425293,-1.125212511158));
#4966 = CARTESIAN_POINT('',(3.735581582525,-1.137971172481));
#4967 = CARTESIAN_POINT('',(3.696163404431,-1.149964505639));
#4968 = CARTESIAN_POINT('',(3.654042438766,-1.16109879433));
#4969 = CARTESIAN_POINT('',(3.609205336762,-1.171273565394));
#4970 = CARTESIAN_POINT('',(3.526180801069,-1.187226874458));
#4971 = CARTESIAN_POINT('',(3.489133106455,-1.193468519322));
#4972 = CARTESIAN_POINT('',(3.450666720243,-1.199072998389));
#4973 = CARTESIAN_POINT('',(3.410865448145,-1.20399871134));
#4974 = CARTESIAN_POINT('',(3.369861577629,-1.208206607952));
#4975 = CARTESIAN_POINT('',(3.327838227323,-1.211662640592));
#4976 = CARTESIAN_POINT('',(3.28502231063,-1.214340197007));
#4977 = CARTESIAN_POINT('',(3.176636817929,-1.219045987971));
#4978 = CARTESIAN_POINT('',(3.11039415671,-1.220080092755));
#4979 = CARTESIAN_POINT('',(3.043797756774,-1.219267854662));
#4980 = CARTESIAN_POINT('',(2.977836836331,-1.216599490917));
#4981 = CARTESIAN_POINT('',(2.913517426061,-1.212126385103));
#4982 = CARTESIAN_POINT('',(2.851591068578,-1.20595342106));
#4983 = CARTESIAN_POINT('',(2.79254811861,-1.198209221701));
#4984 = CARTESIAN_POINT('',(2.680773208447,-1.179854738758));
#4985 = CARTESIAN_POINT('',(2.628041010054,-1.169244453453));
#4986 = CARTESIAN_POINT('',(2.578737580159,-1.157339115941));
#4987 = CARTESIAN_POINT('',(2.532911805783,-1.144286055049));
#4988 = CARTESIAN_POINT('',(2.490450408477,-1.130223909288));
#4989 = CARTESIAN_POINT('',(2.451155821658,-1.11527582272));
#4990 = CARTESIAN_POINT('',(2.414807158835,-1.099549111003));
#4991 = CARTESIAN_POINT('',(2.381171945577,-1.083136644395));
#4992 = ( GEOMETRIC_REPRESENTATION_CONTEXT(2) 
PARAMETRIC_REPRESENTATION_CONTEXT() REPRESENTATION_CONTEXT('2D SPACE',''
  ) );
#4993 = PCURVE('',#2352,#4994);
#4994 = DEFINITIONAL_REPRESENTATION('',(#4995),#4999);
#4995 = CIRCLE('',#4996,6.805328794408);
#4996 = AXIS2_PLACEMENT_2D('',#4997,#4998);
#4997 = CARTESIAN_POINT('',(3.5,-9.47));
#4998 = DIRECTION('',(-1.,0.));
#4999 = ( GEOMETRIC_REPRESENTATION_CONTEXT(2) 
PARAMETRIC_REPRESENTATION_CONTEXT() REPRESENTATION_CONTEXT('2D SPACE',''
  ) );
#5000 = ORIENTED_EDGE('',*,*,#5001,.T.);
#5001 = EDGE_CURVE('',#4951,#5002,#5004,.T.);
#5002 = VERTEX_POINT('',#5003);
#5003 = CARTESIAN_POINT('',(24.14185528478,-3.377850332104,
    11.035299685423));
#5004 = SURFACE_CURVE('',#5005,(#5038,#5074),.PCURVE_S1.);
#5005 = B_SPLINE_CURVE_WITH_KNOTS('',6,(#5006,#5007,#5008,#5009,#5010,
    #5011,#5012,#5013,#5014,#5015,#5016,#5017,#5018,#5019,#5020,#5021,
    #5022,#5023,#5024,#5025,#5026,#5027,#5028,#5029,#5030,#5031,#5032,
    #5033,#5034,#5035,#5036,#5037),.UNSPECIFIED.,.F.,.F.,(7,5,5,5,5,5,7)
  ,(0.,0.301729534253,0.430476490099,0.508032119626,0.677624007862,
    0.892899637078,1.),.UNSPECIFIED.);
#5006 = CARTESIAN_POINT('',(22.962019139533,-2.158019741256,
    10.845119048725));
#5007 = CARTESIAN_POINT('',(22.960508101794,-2.2486820056,
    10.877680491963));
#5008 = CARTESIAN_POINT('',(22.967209884043,-2.339953966157,
    10.908941559725));
#5009 = CARTESIAN_POINT('',(22.982299133493,-2.431038927053,
    10.938552632632));
#5010 = CARTESIAN_POINT('',(23.005890090778,-2.52104771232,
    10.96613168997));
#5011 = CARTESIAN_POINT('',(23.037981522274,-2.608993318664,
    10.991274487566));
#5012 = CARTESIAN_POINT('',(23.095596105226,-2.730017276491,
    11.023119408877));
#5013 = CARTESIAN_POINT('',(23.114336535747,-2.765644235869,
    11.032129440843));
#5014 = CARTESIAN_POINT('',(23.13456896531,-2.800619353759,
    11.040595154256));
#5015 = CARTESIAN_POINT('',(23.156269221181,-2.834857783658,
    11.0484871533));
#5016 = CARTESIAN_POINT('',(23.179404623698,-2.868273846344,
    11.055777668974));
#5017 = CARTESIAN_POINT('',(23.218707954367,-2.920364686203,
    11.066455574092));
#5018 = CARTESIAN_POINT('',(23.233988666203,-2.939617941207,
    11.070242325778));
#5019 = CARTESIAN_POINT('',(23.249765474049,-2.958523138794,
    11.073796104261));
#5020 = CARTESIAN_POINT('',(23.266027848409,-2.977061856823,
    11.077111779924));
#5021 = CARTESIAN_POINT('',(23.282763988131,-2.995215978602,
    11.0801846581));
#5022 = CARTESIAN_POINT('',(23.337565353759,-3.051785593848,
    11.089189737969));
#5023 = CARTESIAN_POINT('',(23.377374478177,-3.088681161178,
    11.094187983047));
#5024 = CARTESIAN_POINT('',(23.419248309931,-3.123465678026,
    11.097960488487));
#5025 = CARTESIAN_POINT('',(23.463021682078,-3.155967179144,
    11.100475665219));
#5026 = CARTESIAN_POINT('',(23.508504556923,-3.186034873029,
    11.101716958051));
#5027 = CARTESIAN_POINT('',(23.615114966393,-3.248462396724,
    11.101643849553));
#5028 = CARTESIAN_POINT('',(23.677164941391,-3.279262707132,
    11.099550892951));
#5029 = CARTESIAN_POINT('',(23.741189523815,-3.305684979903,
    11.095405979161));
#5030 = CARTESIAN_POINT('',(23.806723418277,-3.327561370266,
    11.089253767522));
#5031 = CARTESIAN_POINT('',(23.873292387607,-3.344806982451,
    11.081175885986));
#5032 = CARTESIAN_POINT('',(23.973826350416,-3.363681763664,
    11.066361774323));
#5033 = CARTESIAN_POINT('',(24.007367787804,-3.368803836175,
    11.060990717447));
#5034 = CARTESIAN_POINT('',(24.040994738097,-3.372776635694,
    11.055183759767));
#5035 = CARTESIAN_POINT('',(24.074652862228,-3.375603314633,
    11.048955576126));
#5036 = CARTESIAN_POINT('',(24.108289822939,-3.37729090774,
    11.042321932385));
#5037 = CARTESIAN_POINT('',(24.14185528478,-3.377850332104,
    11.035299685423));
#5038 = PCURVE('',#4677,#5039);
#5039 = DEFINITIONAL_REPRESENTATION('',(#5040),#5073);
#5040 = B_SPLINE_CURVE_WITH_KNOTS('',6,(#5041,#5042,#5043,#5044,#5045,
    #5046,#5047,#5048,#5049,#5050,#5051,#5052,#5053,#5054,#5055,#5056,
    #5057,#5058,#5059,#5060,#5061,#5062,#5063,#5064,#5065,#5066,#5067,
    #5068,#5069,#5070,#5071,#5072),.UNSPECIFIED.,.F.,.F.,(7,5,5,5,5,5,7)
  ,(0.,0.301729534253,0.430476490099,0.508032119626,0.677624007862,
    0.892899637078,1.),.UNSPECIFIED.);
#5041 = CARTESIAN_POINT('',(3.868683114175,-1.083136644395));
#5042 = CARTESIAN_POINT('',(3.888326713709,-1.073551454048));
#5043 = CARTESIAN_POINT('',(3.908859372697,-1.064556928153));
#5044 = CARTESIAN_POINT('',(3.93018972117,-1.056206362181));
#5045 = CARTESIAN_POINT('',(3.95224353505,-1.048560751134));
#5046 = CARTESIAN_POINT('',(3.974951142164,-1.04168659793));
#5047 = CARTESIAN_POINT('',(4.008166128397,-1.033073491639));
#5048 = CARTESIAN_POINT('',(4.018204116681,-1.030649976788));
#5049 = CARTESIAN_POINT('',(4.028339546089,-1.028384104021));
#5050 = CARTESIAN_POINT('',(4.038565493664,-1.026280942296));
#5051 = CARTESIAN_POINT('',(4.048874471618,-1.024345326748));
#5052 = CARTESIAN_POINT('',(4.065513202043,-1.021519318816));
#5053 = CARTESIAN_POINT('',(4.071795356654,-1.020519338534));
#5054 = CARTESIAN_POINT('',(4.078102842197,-1.01958274162));
#5055 = CARTESIAN_POINT('',(4.084433774849,-1.018710432958));
#5056 = CARTESIAN_POINT('',(4.090786188626,-1.017903243917));
#5057 = CARTESIAN_POINT('',(4.111091434305,-1.015540896869));
#5058 = CARTESIAN_POINT('',(4.125118386853,-1.014234788144));
#5059 = CARTESIAN_POINT('',(4.139216224786,-1.013251595647));
#5060 = CARTESIAN_POINT('',(4.153362312537,-1.012596969353));
#5061 = CARTESIAN_POINT('',(4.167533017119,-1.01227387715));
#5062 = CARTESIAN_POINT('',(4.199689285137,-1.012292906069));
#5063 = CARTESIAN_POINT('',(4.217676708956,-1.01283768427));
#5064 = CARTESIAN_POINT('',(4.235611202227,-1.01391652975));
#5065 = CARTESIAN_POINT('',(4.253445466683,-1.015521449106));
#5066 = CARTESIAN_POINT('',(4.271135305544,-1.017637883251));
#5067 = CARTESIAN_POINT('',(4.297343068794,-1.021543648904));
#5068 = CARTESIAN_POINT('',(4.306003595896,-1.022963022609));
#5069 = CARTESIAN_POINT('',(4.314612885516,-1.024501787859));
#5070 = CARTESIAN_POINT('',(4.323166256571,-1.026157371057));
#5071 = CARTESIAN_POINT('',(4.331659318722,-1.027927026298));
#5072 = CARTESIAN_POINT('',(4.34008797237,-1.029807835375));
#5073 = ( GEOMETRIC_REPRESENTATION_CONTEXT(2) 
PARAMETRIC_REPRESENTATION_CONTEXT() REPRESENTATION_CONTEXT('2D SPACE',''
  ) );
#5074 = PCURVE('',#2324,#5075);
#5075 = DEFINITIONAL_REPRESENTATION('',(#5076),#5109);
#5076 = B_SPLINE_CURVE_WITH_KNOTS('',6,(#5077,#5078,#5079,#5080,#5081,
    #5082,#5083,#5084,#5085,#5086,#5087,#5088,#5089,#5090,#5091,#5092,
    #5093,#5094,#5095,#5096,#5097,#5098,#5099,#5100,#5101,#5102,#5103,
    #5104,#5105,#5106,#5107,#5108),.UNSPECIFIED.,.F.,.F.,(7,5,5,5,5,5,7)
  ,(0.,0.301729534253,0.430476490099,0.508032119626,0.677624007862,
    0.892899637078,1.),.UNSPECIFIED.);
#5077 = CARTESIAN_POINT('',(0.,3.065119048725));
#5078 = CARTESIAN_POINT('',(7.556237954228E-02,3.097680491963));
#5079 = CARTESIAN_POINT('',(0.151518652663,3.128941559725));
#5080 = CARTESIAN_POINT('',(0.227979579231,3.158552632632));
#5081 = CARTESIAN_POINT('',(0.305018477051,3.18613168997));
#5082 = CARTESIAN_POINT('',(0.382685715258,3.211274487566));
#5083 = CARTESIAN_POINT('',(0.494384213635,3.243119408877));
#5084 = CARTESIAN_POINT('',(0.527903512381,3.252129440843));
#5085 = CARTESIAN_POINT('',(0.561533844516,3.260595154256));
#5086 = CARTESIAN_POINT('',(0.595272187745,3.2684871533));
#5087 = CARTESIAN_POINT('',(0.629113408339,3.275777668974));
#5088 = CARTESIAN_POINT('',(0.683492526312,3.286455574092));
#5089 = CARTESIAN_POINT('',(0.703969898035,3.290242325778));
#5090 = CARTESIAN_POINT('',(0.724480148972,3.293796104261));
#5091 = CARTESIAN_POINT('',(0.745021343879,3.297111779924));
#5092 = CARTESIAN_POINT('',(0.765591284243,3.3001846581));
#5093 = CARTESIAN_POINT('',(0.831225535146,3.309189737969));
#5094 = CARTESIAN_POINT('',(0.876391290622,3.314187983047));
#5095 = CARTESIAN_POINT('',(0.921655002189,3.317960488487));
#5096 = CARTESIAN_POINT('',(0.966987338805,3.320475665219));
#5097 = CARTESIAN_POINT('',(1.012355974123,3.321716958051));
#5098 = CARTESIAN_POINT('',(1.115308819053,3.321643849553));
#5099 = CARTESIAN_POINT('',(1.172899497885,3.319550892951));
#5100 = CARTESIAN_POINT('',(1.230410934901,3.315405979161));
#5101 = CARTESIAN_POINT('',(1.287780200142,3.309253767522));
#5102 = CARTESIAN_POINT('',(1.344953754763,3.301175885986));
#5103 = CARTESIAN_POINT('',(1.430195791878,3.286361774323));
#5104 = CARTESIAN_POINT('',(1.458454571403,3.280990717447));
#5105 = CARTESIAN_POINT('',(1.486647683086,3.275183759767));
#5106 = CARTESIAN_POINT('',(1.514770955879,3.268955576126));
#5107 = CARTESIAN_POINT('',(1.542821223973,3.262321932385));
#5108 = CARTESIAN_POINT('',(1.570796326795,3.255299685423));
#5109 = ( GEOMETRIC_REPRESENTATION_CONTEXT(2) 
PARAMETRIC_REPRESENTATION_CONTEXT() REPRESENTATION_CONTEXT('2D SPACE',''
  ) );
#5110 = ORIENTED_EDGE('',*,*,#5111,.F.);
#5111 = EDGE_CURVE('',#5112,#5002,#5114,.T.);
#5112 = VERTEX_POINT('',#5113);
#5113 = CARTESIAN_POINT('',(26.741494248883,-3.421177648173,
    11.035299685423));
#5114 = SURFACE_CURVE('',#5115,(#5120,#5138),.PCURVE_S1.);
#5115 = CIRCLE('',#5116,6.3492125496);
#5116 = AXIS2_PLACEMENT_3D('',#5117,#5118,#5119);
#5117 = CARTESIAN_POINT('',(25.441674766831,-3.399513990139,17.25));
#5118 = DIRECTION('',(1.666435233399E-02,0.99986114004,0.));
#5119 = DIRECTION('',(-0.99986114004,1.666435233399E-02,0.));
#5120 = PCURVE('',#4677,#5121);
#5121 = DEFINITIONAL_REPRESENTATION('',(#5122),#5137);
#5122 = B_SPLINE_CURVE_WITH_KNOTS('',7,(#5123,#5124,#5125,#5126,#5127,
    #5128,#5129,#5130,#5131,#5132,#5133,#5134,#5135,#5136),
  .UNSPECIFIED.,.F.,.F.,(8,6,8),(4.50618089529,4.712388980385,
    4.918597065479),.UNSPECIFIED.);
#5123 = CARTESIAN_POINT('',(5.051359740972,-1.029807835375));
#5124 = CARTESIAN_POINT('',(5.005394122202,-1.040064817878));
#5125 = CARTESIAN_POINT('',(4.957266841938,-1.048840904859));
#5126 = CARTESIAN_POINT('',(4.907182262963,-1.05601713326));
#5127 = CARTESIAN_POINT('',(4.855467444685,-1.061484573624));
#5128 = CARTESIAN_POINT('',(4.802602055427,-1.065157741652));
#5129 = CARTESIAN_POINT('',(4.749162997965,-1.06699434242));
#5130 = CARTESIAN_POINT('',(4.642284715376,-1.06699434242));
#5131 = CARTESIAN_POINT('',(4.588845657915,-1.065157741652));
#5132 = CARTESIAN_POINT('',(4.535980268659,-1.061484573624));
#5133 = CARTESIAN_POINT('',(4.484265450379,-1.056017133259));
#5134 = CARTESIAN_POINT('',(4.434180871404,-1.048840904859));
#5135 = CARTESIAN_POINT('',(4.38605359114,-1.040064817878));
#5136 = CARTESIAN_POINT('',(4.34008797237,-1.029807835375));
#5137 = ( GEOMETRIC_REPRESENTATION_CONTEXT(2) 
PARAMETRIC_REPRESENTATION_CONTEXT() REPRESENTATION_CONTEXT('2D SPACE',''
  ) );
#5138 = PCURVE('',#2521,#5139);
#5139 = DEFINITIONAL_REPRESENTATION('',(#5140),#5144);
#5140 = CIRCLE('',#5141,6.3492125496);
#5141 = AXIS2_PLACEMENT_2D('',#5142,#5143);
#5142 = CARTESIAN_POINT('',(2.5,-9.47));
#5143 = DIRECTION('',(-1.,-0.));
#5144 = ( GEOMETRIC_REPRESENTATION_CONTEXT(2) 
PARAMETRIC_REPRESENTATION_CONTEXT() REPRESENTATION_CONTEXT('2D SPACE',''
  ) );
#5145 = ORIENTED_EDGE('',*,*,#5146,.T.);
#5146 = EDGE_CURVE('',#5112,#5147,#5149,.T.);
#5147 = VERTEX_POINT('',#5148);
#5148 = CARTESIAN_POINT('',(27.961324839731,-2.241341502926,
    10.845119048725));
#5149 = SURFACE_CURVE('',#5150,(#5183,#5219),.PCURVE_S1.);
#5150 = B_SPLINE_CURVE_WITH_KNOTS('',6,(#5151,#5152,#5153,#5154,#5155,
    #5156,#5157,#5158,#5159,#5160,#5161,#5162,#5163,#5164,#5165,#5166,
    #5167,#5168,#5169,#5170,#5171,#5172,#5173,#5174,#5175,#5176,#5177,
    #5178,#5179,#5180,#5181,#5182),.UNSPECIFIED.,.F.,.F.,(7,5,5,5,5,5,7)
  ,(0.,0.114062235943,0.323359039597,0.494939977337,0.572518089668,
    0.701312715455,1.),.UNSPECIFIED.);
#5151 = CARTESIAN_POINT('',(26.741494248882,-3.421177648173,
    11.035299685423));
#5152 = CARTESIAN_POINT('',(26.777243247471,-3.421773464816,
    11.042778751194));
#5153 = CARTESIAN_POINT('',(26.813114289233,-3.421092787481,
    11.049816588423));
#5154 = CARTESIAN_POINT('',(26.84904853044,-3.4191211454,11.056393459093
    ));
#5155 = CARTESIAN_POINT('',(26.884983436853,-3.415847755893,
    11.062490295154));
#5156 = CARTESIAN_POINT('',(26.920853043834,-3.41126678291,11.0680893131
    ));
#5157 = CARTESIAN_POINT('',(27.022159940059,-3.394574153804,
    11.082505852529));
#5158 = CARTESIAN_POINT('',(27.087287357017,-3.379366823034,
    11.090108608184));
#5159 = CARTESIAN_POINT('',(27.15153708986,-3.35975868394,
    11.095883284649));
#5160 = CARTESIAN_POINT('',(27.214470856804,-3.335818696297,
    11.099757205069));
#5161 = CARTESIAN_POINT('',(27.275656972513,-3.307690279704,
    11.101691040078));
#5162 = CARTESIAN_POINT('',(27.38307027837,-3.249290465779,
    11.101680451042));
#5163 = CARTESIAN_POINT('',(27.430011539071,-3.220315837619,
    11.100372121406));
#5164 = CARTESIAN_POINT('',(27.475279502466,-3.188797770785,
    11.097760138612));
#5165 = CARTESIAN_POINT('',(27.518672964281,-3.154886572261,
    11.093862151337));
#5166 = CARTESIAN_POINT('',(27.560016172161,-3.118755375223,
    11.088711500119));
#5167 = CARTESIAN_POINT('',(27.616857438865,-3.063341886306,
    11.079481232507));
#5168 = CARTESIAN_POINT('',(27.63410615372,-3.045673227917,
    11.076360748517));
#5169 = CARTESIAN_POINT('',(27.650891973436,-3.027606884832,
    11.072998037547));
#5170 = CARTESIAN_POINT('',(27.667202635075,-3.009160631592,
    11.069397851241));
#5171 = CARTESIAN_POINT('',(27.683027137241,-2.990352576481,
    11.065565370166));
#5172 = CARTESIAN_POINT('',(27.72380417661,-2.93940611976,
    11.054767204942));
#5173 = CARTESIAN_POINT('',(27.747885880641,-2.90666446141,
    11.04740332862));
#5174 = CARTESIAN_POINT('',(27.770556068458,-2.873060328893,
    11.039440072419));
#5175 = CARTESIAN_POINT('',(27.791779810894,-2.838678346325,
    11.030905369108));
#5176 = CARTESIAN_POINT('',(27.811530670868,-2.803602513742,
    11.021828735007));
#5177 = CARTESIAN_POINT('',(27.872132975564,-2.68515251519,
    10.990004177891));
#5178 = CARTESIAN_POINT('',(27.906447672373,-2.599107680005,
    10.965017858183));
#5179 = CARTESIAN_POINT('',(27.932503598648,-2.510793967378,
    10.937656220497));
#5180 = CARTESIAN_POINT('',(27.950270000369,-2.421165746799,
    10.908310722312));
#5181 = CARTESIAN_POINT('',(27.959829058878,-2.331088354114,
    10.877351720409));
#5182 = CARTESIAN_POINT('',(27.961324839731,-2.241341502926,
    10.845119048725));
#5183 = PCURVE('',#4677,#5184);
#5184 = DEFINITIONAL_REPRESENTATION('',(#5185),#5218);
#5185 = B_SPLINE_CURVE_WITH_KNOTS('',6,(#5186,#5187,#5188,#5189,#5190,
    #5191,#5192,#5193,#5194,#5195,#5196,#5197,#5198,#5199,#5200,#5201,
    #5202,#5203,#5204,#5205,#5206,#5207,#5208,#5209,#5210,#5211,#5212,
    #5213,#5214,#5215,#5216,#5217),.UNSPECIFIED.,.F.,.F.,(7,5,5,5,5,5,7)
  ,(0.,0.114062235943,0.323359039597,0.494939977337,0.572518089668,
    0.701312715455,1.),.UNSPECIFIED.);
#5186 = CARTESIAN_POINT('',(5.051359740972,-1.029807835375));
#5187 = CARTESIAN_POINT('',(5.060336704518,-1.027804673871));
#5188 = CARTESIAN_POINT('',(5.069386345139,-1.025927704018));
#5189 = CARTESIAN_POINT('',(5.078503971183,-1.024180305052));
#5190 = CARTESIAN_POINT('',(5.087684477311,-1.022565792575));
#5191 = CARTESIAN_POINT('',(5.096922198262,-1.021087295114));
#5192 = CARTESIAN_POINT('',(5.123254675651,-1.017289433329));
#5193 = CARTESIAN_POINT('',(5.140471983827,-1.01529839225));
#5194 = CARTESIAN_POINT('',(5.157821550612,-1.013792252203));
#5195 = CARTESIAN_POINT('',(5.175262450725,-1.012783982061));
#5196 = CARTESIAN_POINT('',(5.192751056295,-1.012280623165));
#5197 = CARTESIAN_POINT('',(5.224573971696,-1.012283379314));
#5198 = CARTESIAN_POINT('',(5.238910325111,-1.012623920155));
#5199 = CARTESIAN_POINT('',(5.253220585107,-1.013303765284));
#5200 = CARTESIAN_POINT('',(5.267480310172,-1.01431975105));
#5201 = CARTESIAN_POINT('',(5.281666123924,-1.015665915296));
#5202 = CARTESIAN_POINT('',(5.302124557373,-1.018088010722));
#5203 = CARTESIAN_POINT('',(5.308474733557,-1.018907953881));
#5204 = CARTESIAN_POINT('',(5.314803111491,-1.01979292828));
#5205 = CARTESIAN_POINT('',(5.321107733042,-1.020742092825));
#5206 = CARTESIAN_POINT('',(5.327386722602,-1.021754534098));
#5207 = CARTESIAN_POINT('',(5.344017089628,-1.024613529141));
#5208 = CARTESIAN_POINT('',(5.354320342018,-1.026569498135));
#5209 = CARTESIAN_POINT('',(5.364539783385,-1.028692692364));
#5210 = CARTESIAN_POINT('',(5.374667960498,-1.030978251387));
#5211 = CARTESIAN_POINT('',(5.384697980694,-1.033421089359));
#5212 = CARTESIAN_POINT('',(5.417640965561,-1.042034013521));
#5213 = CARTESIAN_POINT('',(5.440093418922,-1.048869619793));
#5214 = CARTESIAN_POINT('',(5.46190313168,-1.056459212952));
#5215 = CARTESIAN_POINT('',(5.483002533407,-1.064738452869));
#5216 = CARTESIAN_POINT('',(5.503319340249,-1.073648235321));
#5217 = CARTESIAN_POINT('',(5.522764599167,-1.083136644395));
#5218 = ( GEOMETRIC_REPRESENTATION_CONTEXT(2) 
PARAMETRIC_REPRESENTATION_CONTEXT() REPRESENTATION_CONTEXT('2D SPACE',''
  ) );
#5219 = PCURVE('',#2495,#5220);
#5220 = DEFINITIONAL_REPRESENTATION('',(#5221),#5254);
#5221 = B_SPLINE_CURVE_WITH_KNOTS('',6,(#5222,#5223,#5224,#5225,#5226,
    #5227,#5228,#5229,#5230,#5231,#5232,#5233,#5234,#5235,#5236,#5237,
    #5238,#5239,#5240,#5241,#5242,#5243,#5244,#5245,#5246,#5247,#5248,
    #5249,#5250,#5251,#5252,#5253),.UNSPECIFIED.,.F.,.F.,(7,5,5,5,5,5,7)
  ,(0.,0.114062235943,0.323359039597,0.494939977337,0.572518089668,
    0.701312715455,1.),.UNSPECIFIED.);
#5222 = CARTESIAN_POINT('',(0.,3.255299685423));
#5223 = CARTESIAN_POINT('',(2.979496948519E-02,3.262778751194));
#5224 = CARTESIAN_POINT('',(5.967390941956E-02,3.269816588423));
#5225 = CARTESIAN_POINT('',(8.963515968433E-02,3.276393459093));
#5226 = CARTESIAN_POINT('',(0.11967549253,3.282490295154));
#5227 = CARTESIAN_POINT('',(0.149789775512,3.2880893131));
#5228 = CARTESIAN_POINT('',(0.235350552681,3.302505852529));
#5229 = CARTESIAN_POINT('',(0.290961799556,3.310108608184));
#5230 = CARTESIAN_POINT('',(0.346752844908,3.315883284649));
#5231 = CARTESIAN_POINT('',(0.402673538741,3.319757205069));
#5232 = CARTESIAN_POINT('',(0.458665560251,3.321691040078));
#5233 = CARTESIAN_POINT('',(0.560551105177,3.321680451042));
#5234 = CARTESIAN_POINT('',(0.606451086654,3.320372121406));
#5235 = CARTESIAN_POINT('',(0.652312597066,3.317760138612));
#5236 = CARTESIAN_POINT('',(0.698102258395,3.313862151337));
#5237 = CARTESIAN_POINT('',(0.74378989301,3.308711500119));
#5238 = CARTESIAN_POINT('',(0.809941992343,3.299481232507));
#5239 = CARTESIAN_POINT('',(0.830512423721,3.296360748517));
#5240 = CARTESIAN_POINT('',(0.851053746716,3.292998037547));
#5241 = CARTESIAN_POINT('',(0.871563791238,3.289397851241));
#5242 = CARTESIAN_POINT('',(0.892040652365,3.285565370166));
#5243 = CARTESIAN_POINT('',(0.946420415196,3.274767204942));
#5244 = CARTESIAN_POINT('',(0.980262293512,3.26740332862));
#5245 = CARTESIAN_POINT('',(1.014000676988,3.259440072419));
#5246 = CARTESIAN_POINT('',(1.047630577809,3.250905369108));
#5247 = CARTESIAN_POINT('',(1.081149118474,3.241828735007));
#5248 = CARTESIAN_POINT('',(1.192026432716,3.210004177891));
#5249 = CARTESIAN_POINT('',(1.268885363042,3.185017858183));
#5250 = CARTESIAN_POINT('',(1.34513003351,3.157656220497));
#5251 = CARTESIAN_POINT('',(1.420810142201,3.128310722312));
#5252 = CARTESIAN_POINT('',(1.495996897493,3.097351720409));
#5253 = CARTESIAN_POINT('',(1.570796326795,3.065119048725));
#5254 = ( GEOMETRIC_REPRESENTATION_CONTEXT(2) 
PARAMETRIC_REPRESENTATION_CONTEXT() REPRESENTATION_CONTEXT('2D SPACE',''
  ) );
#5255 = ORIENTED_EDGE('',*,*,#5256,.F.);
#5256 = EDGE_CURVE('',#4746,#5147,#5257,.T.);
#5257 = SURFACE_CURVE('',#5258,(#5263,#5283),.PCURVE_S1.);
#5258 = CIRCLE('',#5259,6.805328794408);
#5259 = AXIS2_PLACEMENT_3D('',#5260,#5261,#5262);
#5260 = CARTESIAN_POINT('',(27.999652850099,5.833911916502E-02,17.25));
#5261 = DIRECTION('',(-0.99986114004,1.666435233399E-02,0.));
#5262 = DIRECTION('',(-1.666435233399E-02,-0.99986114004,0.));
#5263 = PCURVE('',#4677,#5264);
#5264 = DEFINITIONAL_REPRESENTATION('',(#5265),#5282);
#5265 = B_SPLINE_CURVE_WITH_KNOTS('',8,(#5266,#5267,#5268,#5269,#5270,
    #5271,#5272,#5273,#5274,#5275,#5276,#5277,#5278,#5279,#5280,#5281),
  .UNSPECIFIED.,.F.,.F.,(9,7,9),(4.706266289144,4.881707441093,
    5.057148593041),.UNSPECIFIED.);
#5266 = CARTESIAN_POINT('',(6.28318530718,-1.218690208442));
#5267 = CARTESIAN_POINT('',(6.223506267469,-1.219055660088));
#5268 = CARTESIAN_POINT('',(6.16368240184,-1.217925577191));
#5269 = CARTESIAN_POINT('',(6.104404523641,-1.215293789149));
#5270 = CARTESIAN_POINT('',(6.04637754881,-1.211189454468));
#5271 = CARTESIAN_POINT('',(5.990221540607,-1.205679217085));
#5272 = CARTESIAN_POINT('',(5.936362555325,-1.198855020376));
#5273 = CARTESIAN_POINT('',(5.885062359218,-1.19081900733));
#5274 = CARTESIAN_POINT('',(5.787834285974,-1.172532069016));
#5275 = CARTESIAN_POINT('',(5.741906340359,-1.162281142124));
#5276 = CARTESIAN_POINT('',(5.69879270648,-1.151027054249));
#5277 = CARTESIAN_POINT('',(5.658485854588,-1.138876221729));
#5278 = CARTESIAN_POINT('',(5.620885705439,-1.125927989943));
#5279 = CARTESIAN_POINT('',(5.585843333978,-1.112271288452));
#5280 = CARTESIAN_POINT('',(5.553193533639,-1.097984591608));
#5281 = CARTESIAN_POINT('',(5.522764599167,-1.083136644395));
#5282 = ( GEOMETRIC_REPRESENTATION_CONTEXT(2) 
PARAMETRIC_REPRESENTATION_CONTEXT() REPRESENTATION_CONTEXT('2D SPACE',''
  ) );
#5283 = PCURVE('',#2466,#5284);
#5284 = DEFINITIONAL_REPRESENTATION('',(#5285),#5289);
#5285 = CIRCLE('',#5286,6.805328794408);
#5286 = AXIS2_PLACEMENT_2D('',#5287,#5288);
#5287 = CARTESIAN_POINT('',(3.5,-9.47));
#5288 = DIRECTION('',(-1.,-0.));
#5289 = ( GEOMETRIC_REPRESENTATION_CONTEXT(2) 
PARAMETRIC_REPRESENTATION_CONTEXT() REPRESENTATION_CONTEXT('2D SPACE',''
  ) );
#5290 = ORIENTED_EDGE('',*,*,#4745,.T.);
#5291 = ADVANCED_FACE('',(#5292),#2466,.T.);
#5292 = FACE_BOUND('',#5293,.T.);
#5293 = EDGE_LOOP('',(#5294,#5295,#5296,#5317,#5318));
#5294 = ORIENTED_EDGE('',*,*,#4558,.F.);
#5295 = ORIENTED_EDGE('',*,*,#2450,.T.);
#5296 = ORIENTED_EDGE('',*,*,#5297,.T.);
#5297 = EDGE_CURVE('',#2451,#5147,#5298,.T.);
#5298 = SURFACE_CURVE('',#5299,(#5303,#5310),.PCURVE_S1.);
#5299 = LINE('',#5300,#5301);
#5300 = CARTESIAN_POINT('',(27.961324839731,-2.241341502926,7.78));
#5301 = VECTOR('',#5302,1.);
#5302 = DIRECTION('',(0.,0.,1.));
#5303 = PCURVE('',#2466,#5304);
#5304 = DEFINITIONAL_REPRESENTATION('',(#5305),#5309);
#5305 = LINE('',#5306,#5307);
#5306 = CARTESIAN_POINT('',(1.2,0.));
#5307 = VECTOR('',#5308,1.);
#5308 = DIRECTION('',(0.,-1.));
#5309 = ( GEOMETRIC_REPRESENTATION_CONTEXT(2) 
PARAMETRIC_REPRESENTATION_CONTEXT() REPRESENTATION_CONTEXT('2D SPACE',''
  ) );
#5310 = PCURVE('',#2495,#5311);
#5311 = DEFINITIONAL_REPRESENTATION('',(#5312),#5316);
#5312 = LINE('',#5313,#5314);
#5313 = CARTESIAN_POINT('',(1.570796326795,0.));
#5314 = VECTOR('',#5315,1.);
#5315 = DIRECTION('',(0.,1.));
#5316 = ( GEOMETRIC_REPRESENTATION_CONTEXT(2) 
PARAMETRIC_REPRESENTATION_CONTEXT() REPRESENTATION_CONTEXT('2D SPACE',''
  ) );
#5317 = ORIENTED_EDGE('',*,*,#5256,.F.);
#5318 = ORIENTED_EDGE('',*,*,#4769,.F.);
#5319 = ADVANCED_FACE('',(#5320),#2409,.T.);
#5320 = FACE_BOUND('',#5321,.T.);
#5321 = EDGE_LOOP('',(#5322,#5343,#5344,#5345));
#5322 = ORIENTED_EDGE('',*,*,#5323,.F.);
#5323 = EDGE_CURVE('',#2365,#4806,#5324,.T.);
#5324 = SURFACE_CURVE('',#5325,(#5329,#5336),.PCURVE_S1.);
#5325 = LINE('',#5326,#5327);
#5326 = CARTESIAN_POINT('',(24.258505751117,3.621177648173,7.78));
#5327 = VECTOR('',#5328,1.);
#5328 = DIRECTION('',(0.,0.,1.));
#5329 = PCURVE('',#2409,#5330);
#5330 = DEFINITIONAL_REPRESENTATION('',(#5331),#5335);
#5331 = LINE('',#5332,#5333);
#5332 = CARTESIAN_POINT('',(3.8,0.));
#5333 = VECTOR('',#5334,1.);
#5334 = DIRECTION('',(0.,-1.));
#5335 = ( GEOMETRIC_REPRESENTATION_CONTEXT(2) 
PARAMETRIC_REPRESENTATION_CONTEXT() REPRESENTATION_CONTEXT('2D SPACE',''
  ) );
#5336 = PCURVE('',#2381,#5337);
#5337 = DEFINITIONAL_REPRESENTATION('',(#5338),#5342);
#5338 = LINE('',#5339,#5340);
#5339 = CARTESIAN_POINT('',(-1.570796326795,0.));
#5340 = VECTOR('',#5341,1.);
#5341 = DIRECTION('',(-0.,1.));
#5342 = ( GEOMETRIC_REPRESENTATION_CONTEXT(2) 
PARAMETRIC_REPRESENTATION_CONTEXT() REPRESENTATION_CONTEXT('2D SPACE',''
  ) );
#5343 = ORIENTED_EDGE('',*,*,#2393,.T.);
#5344 = ORIENTED_EDGE('',*,*,#4582,.T.);
#5345 = ORIENTED_EDGE('',*,*,#4805,.F.);
#5346 = ADVANCED_FACE('',(#5347),#2495,.F.);
#5347 = FACE_BOUND('',#5348,.F.);
#5348 = EDGE_LOOP('',(#5349,#5370,#5371,#5372));
#5349 = ORIENTED_EDGE('',*,*,#5350,.F.);
#5350 = EDGE_CURVE('',#2479,#5112,#5351,.T.);
#5351 = SURFACE_CURVE('',#5352,(#5356,#5363),.PCURVE_S1.);
#5352 = LINE('',#5353,#5354);
#5353 = CARTESIAN_POINT('',(26.741494248883,-3.421177648173,7.78));
#5354 = VECTOR('',#5355,1.);
#5355 = DIRECTION('',(0.,0.,1.));
#5356 = PCURVE('',#2495,#5357);
#5357 = DEFINITIONAL_REPRESENTATION('',(#5358),#5362);
#5358 = LINE('',#5359,#5360);
#5359 = CARTESIAN_POINT('',(0.,0.));
#5360 = VECTOR('',#5361,1.);
#5361 = DIRECTION('',(0.,1.));
#5362 = ( GEOMETRIC_REPRESENTATION_CONTEXT(2) 
PARAMETRIC_REPRESENTATION_CONTEXT() REPRESENTATION_CONTEXT('2D SPACE',''
  ) );
#5363 = PCURVE('',#2521,#5364);
#5364 = DEFINITIONAL_REPRESENTATION('',(#5365),#5369);
#5365 = LINE('',#5366,#5367);
#5366 = CARTESIAN_POINT('',(3.8,0.));
#5367 = VECTOR('',#5368,1.);
#5368 = DIRECTION('',(0.,-1.));
#5369 = ( GEOMETRIC_REPRESENTATION_CONTEXT(2) 
PARAMETRIC_REPRESENTATION_CONTEXT() REPRESENTATION_CONTEXT('2D SPACE',''
  ) );
#5370 = ORIENTED_EDGE('',*,*,#2478,.T.);
#5371 = ORIENTED_EDGE('',*,*,#5297,.T.);
#5372 = ORIENTED_EDGE('',*,*,#5146,.F.);
#5373 = ADVANCED_FACE('',(#5374),#2381,.F.);
#5374 = FACE_BOUND('',#5375,.T.);
#5375 = EDGE_LOOP('',(#5376,#5397,#5398,#5399));
#5376 = ORIENTED_EDGE('',*,*,#5377,.F.);
#5377 = EDGE_CURVE('',#2337,#4841,#5378,.T.);
#5378 = SURFACE_CURVE('',#5379,(#5383,#5390),.PCURVE_S1.);
#5379 = LINE('',#5380,#5381);
#5380 = CARTESIAN_POINT('',(23.038675160269,2.441341502926,7.78));
#5381 = VECTOR('',#5382,1.);
#5382 = DIRECTION('',(0.,0.,1.));
#5383 = PCURVE('',#2381,#5384);
#5384 = DEFINITIONAL_REPRESENTATION('',(#5385),#5389);
#5385 = LINE('',#5386,#5387);
#5386 = CARTESIAN_POINT('',(-0.,0.));
#5387 = VECTOR('',#5388,1.);
#5388 = DIRECTION('',(-0.,1.));
#5389 = ( GEOMETRIC_REPRESENTATION_CONTEXT(2) 
PARAMETRIC_REPRESENTATION_CONTEXT() REPRESENTATION_CONTEXT('2D SPACE',''
  ) );
#5390 = PCURVE('',#2352,#5391);
#5391 = DEFINITIONAL_REPRESENTATION('',(#5392),#5396);
#5392 = LINE('',#5393,#5394);
#5393 = CARTESIAN_POINT('',(1.2,0.));
#5394 = VECTOR('',#5395,1.);
#5395 = DIRECTION('',(0.,-1.));
#5396 = ( GEOMETRIC_REPRESENTATION_CONTEXT(2) 
PARAMETRIC_REPRESENTATION_CONTEXT() REPRESENTATION_CONTEXT('2D SPACE',''
  ) );
#5397 = ORIENTED_EDGE('',*,*,#2364,.F.);
#5398 = ORIENTED_EDGE('',*,*,#5323,.T.);
#5399 = ORIENTED_EDGE('',*,*,#4840,.F.);
#5400 = ADVANCED_FACE('',(#5401),#2521,.T.);
#5401 = FACE_BOUND('',#5402,.T.);
#5402 = EDGE_LOOP('',(#5403,#5404,#5405,#5426));
#5403 = ORIENTED_EDGE('',*,*,#5350,.F.);
#5404 = ORIENTED_EDGE('',*,*,#2507,.T.);
#5405 = ORIENTED_EDGE('',*,*,#5406,.T.);
#5406 = EDGE_CURVE('',#2308,#5002,#5407,.T.);
#5407 = SURFACE_CURVE('',#5408,(#5412,#5419),.PCURVE_S1.);
#5408 = LINE('',#5409,#5410);
#5409 = CARTESIAN_POINT('',(24.14185528478,-3.377850332104,7.78));
#5410 = VECTOR('',#5411,1.);
#5411 = DIRECTION('',(0.,0.,1.));
#5412 = PCURVE('',#2521,#5413);
#5413 = DEFINITIONAL_REPRESENTATION('',(#5414),#5418);
#5414 = LINE('',#5415,#5416);
#5415 = CARTESIAN_POINT('',(1.2,0.));
#5416 = VECTOR('',#5417,1.);
#5417 = DIRECTION('',(0.,-1.));
#5418 = ( GEOMETRIC_REPRESENTATION_CONTEXT(2) 
PARAMETRIC_REPRESENTATION_CONTEXT() REPRESENTATION_CONTEXT('2D SPACE',''
  ) );
#5419 = PCURVE('',#2324,#5420);
#5420 = DEFINITIONAL_REPRESENTATION('',(#5421),#5425);
#5421 = LINE('',#5422,#5423);
#5422 = CARTESIAN_POINT('',(1.570796326795,0.));
#5423 = VECTOR('',#5424,1.);
#5424 = DIRECTION('',(0.,1.));
#5425 = ( GEOMETRIC_REPRESENTATION_CONTEXT(2) 
PARAMETRIC_REPRESENTATION_CONTEXT() REPRESENTATION_CONTEXT('2D SPACE',''
  ) );
#5426 = ORIENTED_EDGE('',*,*,#5111,.F.);
#5427 = ADVANCED_FACE('',(#5428),#2352,.T.);
#5428 = FACE_BOUND('',#5429,.T.);
#5429 = EDGE_LOOP('',(#5430,#5451,#5452,#5453));
#5430 = ORIENTED_EDGE('',*,*,#5431,.F.);
#5431 = EDGE_CURVE('',#2306,#4951,#5432,.T.);
#5432 = SURFACE_CURVE('',#5433,(#5437,#5444),.PCURVE_S1.);
#5433 = LINE('',#5434,#5435);
#5434 = CARTESIAN_POINT('',(22.962019139533,-2.158019741256,7.78));
#5435 = VECTOR('',#5436,1.);
#5436 = DIRECTION('',(0.,0.,1.));
#5437 = PCURVE('',#2352,#5438);
#5438 = DEFINITIONAL_REPRESENTATION('',(#5439),#5443);
#5439 = LINE('',#5440,#5441);
#5440 = CARTESIAN_POINT('',(5.8,0.));
#5441 = VECTOR('',#5442,1.);
#5442 = DIRECTION('',(0.,-1.));
#5443 = ( GEOMETRIC_REPRESENTATION_CONTEXT(2) 
PARAMETRIC_REPRESENTATION_CONTEXT() REPRESENTATION_CONTEXT('2D SPACE',''
  ) );
#5444 = PCURVE('',#2324,#5445);
#5445 = DEFINITIONAL_REPRESENTATION('',(#5446),#5450);
#5446 = LINE('',#5447,#5448);
#5447 = CARTESIAN_POINT('',(0.,0.));
#5448 = VECTOR('',#5449,1.);
#5449 = DIRECTION('',(0.,1.));
#5450 = ( GEOMETRIC_REPRESENTATION_CONTEXT(2) 
PARAMETRIC_REPRESENTATION_CONTEXT() REPRESENTATION_CONTEXT('2D SPACE',''
  ) );
#5451 = ORIENTED_EDGE('',*,*,#2336,.T.);
#5452 = ORIENTED_EDGE('',*,*,#5377,.T.);
#5453 = ORIENTED_EDGE('',*,*,#4950,.F.);
#5454 = ADVANCED_FACE('',(#5455),#2324,.F.);
#5455 = FACE_BOUND('',#5456,.F.);
#5456 = EDGE_LOOP('',(#5457,#5458,#5459,#5460));
#5457 = ORIENTED_EDGE('',*,*,#5431,.F.);
#5458 = ORIENTED_EDGE('',*,*,#2305,.T.);
#5459 = ORIENTED_EDGE('',*,*,#5406,.T.);
#5460 = ORIENTED_EDGE('',*,*,#5001,.F.);
#5461 = ADVANCED_FACE('',(#5462),#2208,.F.);
#5462 = FACE_BOUND('',#5463,.F.);
#5463 = EDGE_LOOP('',(#5464,#5485,#5486,#5507));
#5464 = ORIENTED_EDGE('',*,*,#5465,.F.);
#5465 = EDGE_CURVE('',#2192,#4002,#5466,.T.);
#5466 = SURFACE_CURVE('',#5467,(#5471,#5478),.PCURVE_S1.);
#5467 = LINE('',#5468,#5469);
#5468 = CARTESIAN_POINT('',(34.105887450305,-5.858578643763,7.78));
#5469 = VECTOR('',#5470,1.);
#5470 = DIRECTION('',(0.,0.,1.));
#5471 = PCURVE('',#2208,#5472);
#5472 = DEFINITIONAL_REPRESENTATION('',(#5473),#5477);
#5473 = LINE('',#5474,#5475);
#5474 = CARTESIAN_POINT('',(0.,0.));
#5475 = VECTOR('',#5476,1.);
#5476 = DIRECTION('',(0.,1.));
#5477 = ( GEOMETRIC_REPRESENTATION_CONTEXT(2) 
PARAMETRIC_REPRESENTATION_CONTEXT() REPRESENTATION_CONTEXT('2D SPACE',''
  ) );
#5478 = PCURVE('',#2236,#5479);
#5479 = DEFINITIONAL_REPRESENTATION('',(#5480),#5484);
#5480 = LINE('',#5481,#5482);
#5481 = CARTESIAN_POINT('',(5.8,0.));
#5482 = VECTOR('',#5483,1.);
#5483 = DIRECTION('',(0.,-1.));
#5484 = ( GEOMETRIC_REPRESENTATION_CONTEXT(2) 
PARAMETRIC_REPRESENTATION_CONTEXT() REPRESENTATION_CONTEXT('2D SPACE',''
  ) );
#5485 = ORIENTED_EDGE('',*,*,#2191,.T.);
#5486 = ORIENTED_EDGE('',*,*,#5487,.T.);
#5487 = EDGE_CURVE('',#2164,#4053,#5488,.T.);
#5488 = SURFACE_CURVE('',#5489,(#5493,#5500),.PCURVE_S1.);
#5489 = LINE('',#5490,#5491);
#5490 = CARTESIAN_POINT('',(34.105887450305,-7.55563491861,7.78));
#5491 = VECTOR('',#5492,1.);
#5492 = DIRECTION('',(0.,0.,1.));
#5493 = PCURVE('',#2208,#5494);
#5494 = DEFINITIONAL_REPRESENTATION('',(#5495),#5499);
#5495 = LINE('',#5496,#5497);
#5496 = CARTESIAN_POINT('',(1.570796326795,0.));
#5497 = VECTOR('',#5498,1.);
#5498 = DIRECTION('',(0.,1.));
#5499 = ( GEOMETRIC_REPRESENTATION_CONTEXT(2) 
PARAMETRIC_REPRESENTATION_CONTEXT() REPRESENTATION_CONTEXT('2D SPACE',''
  ) );
#5500 = PCURVE('',#2179,#5501);
#5501 = DEFINITIONAL_REPRESENTATION('',(#5502),#5506);
#5502 = LINE('',#5503,#5504);
#5503 = CARTESIAN_POINT('',(1.2,0.));
#5504 = VECTOR('',#5505,1.);
#5505 = DIRECTION('',(0.,-1.));
#5506 = ( GEOMETRIC_REPRESENTATION_CONTEXT(2) 
PARAMETRIC_REPRESENTATION_CONTEXT() REPRESENTATION_CONTEXT('2D SPACE',''
  ) );
#5507 = ORIENTED_EDGE('',*,*,#4052,.F.);
#5508 = ADVANCED_FACE('',(#5509),#2236,.T.);
#5509 = FACE_BOUND('',#5510,.T.);
#5510 = EDGE_LOOP('',(#5511,#5512,#5513,#5534));
#5511 = ORIENTED_EDGE('',*,*,#5465,.F.);
#5512 = ORIENTED_EDGE('',*,*,#2220,.T.);
#5513 = ORIENTED_EDGE('',*,*,#5514,.T.);
#5514 = EDGE_CURVE('',#2221,#3892,#5515,.T.);
#5515 = SURFACE_CURVE('',#5516,(#5520,#5527),.PCURVE_S1.);
#5516 = LINE('',#5517,#5518);
#5517 = CARTESIAN_POINT('',(37.358578643763,-2.605887450305,7.78));
#5518 = VECTOR('',#5519,1.);
#5519 = DIRECTION('',(0.,0.,1.));
#5520 = PCURVE('',#2236,#5521);
#5521 = DEFINITIONAL_REPRESENTATION('',(#5522),#5526);
#5522 = LINE('',#5523,#5524);
#5523 = CARTESIAN_POINT('',(1.2,0.));
#5524 = VECTOR('',#5525,1.);
#5525 = DIRECTION('',(0.,-1.));
#5526 = ( GEOMETRIC_REPRESENTATION_CONTEXT(2) 
PARAMETRIC_REPRESENTATION_CONTEXT() REPRESENTATION_CONTEXT('2D SPACE',''
  ) );
#5527 = PCURVE('',#2265,#5528);
#5528 = DEFINITIONAL_REPRESENTATION('',(#5529),#5533);
#5529 = LINE('',#5530,#5531);
#5530 = CARTESIAN_POINT('',(1.570796326795,0.));
#5531 = VECTOR('',#5532,1.);
#5532 = DIRECTION('',(0.,1.));
#5533 = ( GEOMETRIC_REPRESENTATION_CONTEXT(2) 
PARAMETRIC_REPRESENTATION_CONTEXT() REPRESENTATION_CONTEXT('2D SPACE',''
  ) );
#5534 = ORIENTED_EDGE('',*,*,#4001,.F.);
#5535 = ADVANCED_FACE('',(#5536),#2179,.T.);
#5536 = FACE_BOUND('',#5537,.T.);
#5537 = EDGE_LOOP('',(#5538,#5559,#5560,#5561));
#5538 = ORIENTED_EDGE('',*,*,#5539,.F.);
#5539 = EDGE_CURVE('',#2135,#4163,#5540,.T.);
#5540 = SURFACE_CURVE('',#5541,(#5545,#5552),.PCURVE_S1.);
#5541 = LINE('',#5542,#5543);
#5542 = CARTESIAN_POINT('',(35.94436508139,-9.394112549695,7.78));
#5543 = VECTOR('',#5544,1.);
#5544 = DIRECTION('',(0.,0.,1.));
#5545 = PCURVE('',#2179,#5546);
#5546 = DEFINITIONAL_REPRESENTATION('',(#5547),#5551);
#5547 = LINE('',#5548,#5549);
#5548 = CARTESIAN_POINT('',(3.8,0.));
#5549 = VECTOR('',#5550,1.);
#5550 = DIRECTION('',(0.,-1.));
#5551 = ( GEOMETRIC_REPRESENTATION_CONTEXT(2) 
PARAMETRIC_REPRESENTATION_CONTEXT() REPRESENTATION_CONTEXT('2D SPACE',''
  ) );
#5552 = PCURVE('',#2151,#5553);
#5553 = DEFINITIONAL_REPRESENTATION('',(#5554),#5558);
#5554 = LINE('',#5555,#5556);
#5555 = CARTESIAN_POINT('',(-1.570796326795,0.));
#5556 = VECTOR('',#5557,1.);
#5557 = DIRECTION('',(-0.,1.));
#5558 = ( GEOMETRIC_REPRESENTATION_CONTEXT(2) 
PARAMETRIC_REPRESENTATION_CONTEXT() REPRESENTATION_CONTEXT('2D SPACE',''
  ) );
#5559 = ORIENTED_EDGE('',*,*,#2163,.T.);
#5560 = ORIENTED_EDGE('',*,*,#5487,.T.);
#5561 = ORIENTED_EDGE('',*,*,#4162,.F.);
#5562 = ADVANCED_FACE('',(#5563),#2265,.F.);
#5563 = FACE_BOUND('',#5564,.F.);
#5564 = EDGE_LOOP('',(#5565,#5586,#5587,#5588));
#5565 = ORIENTED_EDGE('',*,*,#5566,.F.);
#5566 = EDGE_CURVE('',#2249,#3857,#5567,.T.);
#5567 = SURFACE_CURVE('',#5568,(#5572,#5579),.PCURVE_S1.);
#5568 = LINE('',#5569,#5570);
#5569 = CARTESIAN_POINT('',(39.05563491861,-2.605887450305,7.78));
#5570 = VECTOR('',#5571,1.);
#5571 = DIRECTION('',(0.,0.,1.));
#5572 = PCURVE('',#2265,#5573);
#5573 = DEFINITIONAL_REPRESENTATION('',(#5574),#5578);
#5574 = LINE('',#5575,#5576);
#5575 = CARTESIAN_POINT('',(0.,0.));
#5576 = VECTOR('',#5577,1.);
#5577 = DIRECTION('',(0.,1.));
#5578 = ( GEOMETRIC_REPRESENTATION_CONTEXT(2) 
PARAMETRIC_REPRESENTATION_CONTEXT() REPRESENTATION_CONTEXT('2D SPACE',''
  ) );
#5579 = PCURVE('',#2291,#5580);
#5580 = DEFINITIONAL_REPRESENTATION('',(#5581),#5585);
#5581 = LINE('',#5582,#5583);
#5582 = CARTESIAN_POINT('',(3.8,0.));
#5583 = VECTOR('',#5584,1.);
#5584 = DIRECTION('',(0.,-1.));
#5585 = ( GEOMETRIC_REPRESENTATION_CONTEXT(2) 
PARAMETRIC_REPRESENTATION_CONTEXT() REPRESENTATION_CONTEXT('2D SPACE',''
  ) );
#5586 = ORIENTED_EDGE('',*,*,#2248,.T.);
#5587 = ORIENTED_EDGE('',*,*,#5514,.T.);
#5588 = ORIENTED_EDGE('',*,*,#3891,.F.);
#5589 = ADVANCED_FACE('',(#5590),#2151,.F.);
#5590 = FACE_BOUND('',#5591,.T.);
#5591 = EDGE_LOOP('',(#5592,#5613,#5614,#5615));
#5592 = ORIENTED_EDGE('',*,*,#5593,.F.);
#5593 = EDGE_CURVE('',#2107,#4198,#5594,.T.);
#5594 = SURFACE_CURVE('',#5595,(#5599,#5606),.PCURVE_S1.);
#5595 = LINE('',#5596,#5597);
#5596 = CARTESIAN_POINT('',(37.641421356237,-9.394112549695,7.78));
#5597 = VECTOR('',#5598,1.);
#5598 = DIRECTION('',(0.,0.,1.));
#5599 = PCURVE('',#2151,#5600);
#5600 = DEFINITIONAL_REPRESENTATION('',(#5601),#5605);
#5601 = LINE('',#5602,#5603);
#5602 = CARTESIAN_POINT('',(-0.,0.));
#5603 = VECTOR('',#5604,1.);
#5604 = DIRECTION('',(-0.,1.));
#5605 = ( GEOMETRIC_REPRESENTATION_CONTEXT(2) 
PARAMETRIC_REPRESENTATION_CONTEXT() REPRESENTATION_CONTEXT('2D SPACE',''
  ) );
#5606 = PCURVE('',#2122,#5607);
#5607 = DEFINITIONAL_REPRESENTATION('',(#5608),#5612);
#5608 = LINE('',#5609,#5610);
#5609 = CARTESIAN_POINT('',(1.2,0.));
#5610 = VECTOR('',#5611,1.);
#5611 = DIRECTION('',(0.,-1.));
#5612 = ( GEOMETRIC_REPRESENTATION_CONTEXT(2) 
PARAMETRIC_REPRESENTATION_CONTEXT() REPRESENTATION_CONTEXT('2D SPACE',''
  ) );
#5613 = ORIENTED_EDGE('',*,*,#2134,.F.);
#5614 = ORIENTED_EDGE('',*,*,#5539,.T.);
#5615 = ORIENTED_EDGE('',*,*,#4197,.F.);
#5616 = ADVANCED_FACE('',(#5617),#2291,.T.);
#5617 = FACE_BOUND('',#5618,.T.);
#5618 = EDGE_LOOP('',(#5619,#5620,#5621,#5642));
#5619 = ORIENTED_EDGE('',*,*,#5566,.F.);
#5620 = ORIENTED_EDGE('',*,*,#2277,.T.);
#5621 = ORIENTED_EDGE('',*,*,#5622,.T.);
#5622 = EDGE_CURVE('',#2078,#3777,#5623,.T.);
#5623 = SURFACE_CURVE('',#5624,(#5628,#5635),.PCURVE_S1.);
#5624 = LINE('',#5625,#5626);
#5625 = CARTESIAN_POINT('',(40.894112549695,-4.44436508139,7.78));
#5626 = VECTOR('',#5627,1.);
#5627 = DIRECTION('',(0.,0.,1.));
#5628 = PCURVE('',#2291,#5629);
#5629 = DEFINITIONAL_REPRESENTATION('',(#5630),#5634);
#5630 = LINE('',#5631,#5632);
#5631 = CARTESIAN_POINT('',(1.2,0.));
#5632 = VECTOR('',#5633,1.);
#5633 = DIRECTION('',(0.,-1.));
#5634 = ( GEOMETRIC_REPRESENTATION_CONTEXT(2) 
PARAMETRIC_REPRESENTATION_CONTEXT() REPRESENTATION_CONTEXT('2D SPACE',''
  ) );
#5635 = PCURVE('',#2094,#5636);
#5636 = DEFINITIONAL_REPRESENTATION('',(#5637),#5641);
#5637 = LINE('',#5638,#5639);
#5638 = CARTESIAN_POINT('',(1.570796326795,0.));
#5639 = VECTOR('',#5640,1.);
#5640 = DIRECTION('',(0.,1.));
#5641 = ( GEOMETRIC_REPRESENTATION_CONTEXT(2) 
PARAMETRIC_REPRESENTATION_CONTEXT() REPRESENTATION_CONTEXT('2D SPACE',''
  ) );
#5642 = ORIENTED_EDGE('',*,*,#3856,.F.);
#5643 = ADVANCED_FACE('',(#5644),#2122,.T.);
#5644 = FACE_BOUND('',#5645,.T.);
#5645 = EDGE_LOOP('',(#5646,#5667,#5668,#5669));
#5646 = ORIENTED_EDGE('',*,*,#5647,.F.);
#5647 = EDGE_CURVE('',#2076,#4308,#5648,.T.);
#5648 = SURFACE_CURVE('',#5649,(#5653,#5660),.PCURVE_S1.);
#5649 = LINE('',#5650,#5651);
#5650 = CARTESIAN_POINT('',(40.894112549695,-6.141421356237,7.78));
#5651 = VECTOR('',#5652,1.);
#5652 = DIRECTION('',(0.,0.,1.));
#5653 = PCURVE('',#2122,#5654);
#5654 = DEFINITIONAL_REPRESENTATION('',(#5655),#5659);
#5655 = LINE('',#5656,#5657);
#5656 = CARTESIAN_POINT('',(5.8,0.));
#5657 = VECTOR('',#5658,1.);
#5658 = DIRECTION('',(0.,-1.));
#5659 = ( GEOMETRIC_REPRESENTATION_CONTEXT(2) 
PARAMETRIC_REPRESENTATION_CONTEXT() REPRESENTATION_CONTEXT('2D SPACE',''
  ) );
#5660 = PCURVE('',#2094,#5661);
#5661 = DEFINITIONAL_REPRESENTATION('',(#5662),#5666);
#5662 = LINE('',#5663,#5664);
#5663 = CARTESIAN_POINT('',(0.,0.));
#5664 = VECTOR('',#5665,1.);
#5665 = DIRECTION('',(0.,1.));
#5666 = ( GEOMETRIC_REPRESENTATION_CONTEXT(2) 
PARAMETRIC_REPRESENTATION_CONTEXT() REPRESENTATION_CONTEXT('2D SPACE',''
  ) );
#5667 = ORIENTED_EDGE('',*,*,#2106,.T.);
#5668 = ORIENTED_EDGE('',*,*,#5593,.T.);
#5669 = ORIENTED_EDGE('',*,*,#4307,.F.);
#5670 = ADVANCED_FACE('',(#5671),#2094,.F.);
#5671 = FACE_BOUND('',#5672,.F.);
#5672 = EDGE_LOOP('',(#5673,#5674,#5675,#5676,#5677));
#5673 = ORIENTED_EDGE('',*,*,#5647,.F.);
#5674 = ORIENTED_EDGE('',*,*,#2075,.T.);
#5675 = ORIENTED_EDGE('',*,*,#5622,.T.);
#5676 = ORIENTED_EDGE('',*,*,#3776,.F.);
#5677 = ORIENTED_EDGE('',*,*,#4358,.F.);
#5678 = ADVANCED_FACE('',(#5679),#800,.T.);
#5679 = FACE_BOUND('',#5680,.T.);
#5680 = EDGE_LOOP('',(#5681,#5682,#5683,#5684));
#5681 = ORIENTED_EDGE('',*,*,#1291,.F.);
#5682 = ORIENTED_EDGE('',*,*,#1807,.T.);
#5683 = ORIENTED_EDGE('',*,*,#2047,.F.);
#5684 = ORIENTED_EDGE('',*,*,#782,.F.);
#5685 = ADVANCED_FACE('',(#5686,#5714),#669,.F.);
#5686 = FACE_BOUND('',#5687,.F.);
#5687 = EDGE_LOOP('',(#5688,#5689,#5690,#5711,#5712,#5713));
#5688 = ORIENTED_EDGE('',*,*,#732,.F.);
#5689 = ORIENTED_EDGE('',*,*,#653,.T.);
#5690 = ORIENTED_EDGE('',*,*,#5691,.T.);
#5691 = EDGE_CURVE('',#627,#1879,#5692,.T.);
#5692 = SURFACE_CURVE('',#5693,(#5697,#5704),.PCURVE_S1.);
#5693 = LINE('',#5694,#5695);
#5694 = CARTESIAN_POINT('',(-2.E-02,-5.,6.6));
#5695 = VECTOR('',#5696,1.);
#5696 = DIRECTION('',(1.,0.,0.));
#5697 = PCURVE('',#669,#5698);
#5698 = DEFINITIONAL_REPRESENTATION('',(#5699),#5703);
#5699 = LINE('',#5700,#5701);
#5700 = CARTESIAN_POINT('',(0.,0.));
#5701 = VECTOR('',#5702,1.);
#5702 = DIRECTION('',(1.,0.));
#5703 = ( GEOMETRIC_REPRESENTATION_CONTEXT(2) 
PARAMETRIC_REPRESENTATION_CONTEXT() REPRESENTATION_CONTEXT('2D SPACE',''
  ) );
#5704 = PCURVE('',#642,#5705);
#5705 = DEFINITIONAL_REPRESENTATION('',(#5706),#5710);
#5706 = LINE('',#5707,#5708);
#5707 = CARTESIAN_POINT('',(2.8,0.));
#5708 = VECTOR('',#5709,1.);
#5709 = DIRECTION('',(0.,1.));
#5710 = ( GEOMETRIC_REPRESENTATION_CONTEXT(2) 
PARAMETRIC_REPRESENTATION_CONTEXT() REPRESENTATION_CONTEXT('2D SPACE',''
  ) );
#5711 = ORIENTED_EDGE('',*,*,#1899,.F.);
#5712 = ORIENTED_EDGE('',*,*,#1996,.F.);
#5713 = ORIENTED_EDGE('',*,*,#892,.F.);
#5714 = FACE_BOUND('',#5715,.F.);
#5715 = EDGE_LOOP('',(#5716));
#5716 = ORIENTED_EDGE('',*,*,#5717,.T.);
#5717 = EDGE_CURVE('',#5718,#5718,#5720,.T.);
#5718 = VERTEX_POINT('',#5719);
#5719 = CARTESIAN_POINT('',(7.,0.,6.6));
#5720 = SURFACE_CURVE('',#5721,(#5726,#5737),.PCURVE_S1.);
#5721 = CIRCLE('',#5722,1.);
#5722 = AXIS2_PLACEMENT_3D('',#5723,#5724,#5725);
#5723 = CARTESIAN_POINT('',(6.,0.,6.6));
#5724 = DIRECTION('',(0.,0.,-1.));
#5725 = DIRECTION('',(1.,0.,0.));
#5726 = PCURVE('',#669,#5727);
#5727 = DEFINITIONAL_REPRESENTATION('',(#5728),#5736);
#5728 = ( BOUNDED_CURVE() B_SPLINE_CURVE(2,(#5729,#5730,#5731,#5732,
#5733,#5734,#5735),.UNSPECIFIED.,.T.,.F.) B_SPLINE_CURVE_WITH_KNOTS((1,2
    ,2,2,2,1),(-2.094395102393,0.,2.094395102393,4.188790204786,
6.28318530718,8.377580409573),.UNSPECIFIED.) CURVE() 
GEOMETRIC_REPRESENTATION_ITEM() RATIONAL_B_SPLINE_CURVE((1.,0.5,1.,0.5,
1.,0.5,1.)) REPRESENTATION_ITEM('') );
#5729 = CARTESIAN_POINT('',(7.02,5.));
#5730 = CARTESIAN_POINT('',(7.02,3.267949192431));
#5731 = CARTESIAN_POINT('',(5.52,4.133974596216));
#5732 = CARTESIAN_POINT('',(4.02,5.));
#5733 = CARTESIAN_POINT('',(5.52,5.866025403784));
#5734 = CARTESIAN_POINT('',(7.02,6.732050807569));
#5735 = CARTESIAN_POINT('',(7.02,5.));
#5736 = ( GEOMETRIC_REPRESENTATION_CONTEXT(2) 
PARAMETRIC_REPRESENTATION_CONTEXT() REPRESENTATION_CONTEXT('2D SPACE',''
  ) );
#5737 = PCURVE('',#5738,#5743);
#5738 = CYLINDRICAL_SURFACE('',#5739,1.);
#5739 = AXIS2_PLACEMENT_3D('',#5740,#5741,#5742);
#5740 = CARTESIAN_POINT('',(6.,0.,1.));
#5741 = DIRECTION('',(-0.,-0.,-1.));
#5742 = DIRECTION('',(1.,0.,0.));
#5743 = DEFINITIONAL_REPRESENTATION('',(#5744),#5748);
#5744 = LINE('',#5745,#5746);
#5745 = CARTESIAN_POINT('',(-6.28318530718,-5.6));
#5746 = VECTOR('',#5747,1.);
#5747 = DIRECTION('',(1.,-0.));
#5748 = ( GEOMETRIC_REPRESENTATION_CONTEXT(2) 
PARAMETRIC_REPRESENTATION_CONTEXT() REPRESENTATION_CONTEXT('2D SPACE',''
  ) );
#5749 = ADVANCED_FACE('',(#5750),#5738,.F.);
#5750 = FACE_BOUND('',#5751,.T.);
#5751 = EDGE_LOOP('',(#5752,#5753,#5776,#5807));
#5752 = ORIENTED_EDGE('',*,*,#5717,.T.);
#5753 = ORIENTED_EDGE('',*,*,#5754,.T.);
#5754 = EDGE_CURVE('',#5718,#5755,#5757,.T.);
#5755 = VERTEX_POINT('',#5756);
#5756 = CARTESIAN_POINT('',(7.,0.,7.8));
#5757 = SEAM_CURVE('',#5758,(#5762,#5769),.PCURVE_S1.);
#5758 = LINE('',#5759,#5760);
#5759 = CARTESIAN_POINT('',(7.,0.,1.));
#5760 = VECTOR('',#5761,1.);
#5761 = DIRECTION('',(0.,0.,1.));
#5762 = PCURVE('',#5738,#5763);
#5763 = DEFINITIONAL_REPRESENTATION('',(#5764),#5768);
#5764 = LINE('',#5765,#5766);
#5765 = CARTESIAN_POINT('',(-6.28318530718,0.));
#5766 = VECTOR('',#5767,1.);
#5767 = DIRECTION('',(-0.,-1.));
#5768 = ( GEOMETRIC_REPRESENTATION_CONTEXT(2) 
PARAMETRIC_REPRESENTATION_CONTEXT() REPRESENTATION_CONTEXT('2D SPACE',''
  ) );
#5769 = PCURVE('',#5738,#5770);
#5770 = DEFINITIONAL_REPRESENTATION('',(#5771),#5775);
#5771 = LINE('',#5772,#5773);
#5772 = CARTESIAN_POINT('',(-0.,0.));
#5773 = VECTOR('',#5774,1.);
#5774 = DIRECTION('',(-0.,-1.));
#5775 = ( GEOMETRIC_REPRESENTATION_CONTEXT(2) 
PARAMETRIC_REPRESENTATION_CONTEXT() REPRESENTATION_CONTEXT('2D SPACE',''
  ) );
#5776 = ORIENTED_EDGE('',*,*,#5777,.F.);
#5777 = EDGE_CURVE('',#5755,#5755,#5778,.T.);
#5778 = SURFACE_CURVE('',#5779,(#5784,#5791),.PCURVE_S1.);
#5779 = CIRCLE('',#5780,1.);
#5780 = AXIS2_PLACEMENT_3D('',#5781,#5782,#5783);
#5781 = CARTESIAN_POINT('',(6.,0.,7.8));
#5782 = DIRECTION('',(0.,0.,-1.));
#5783 = DIRECTION('',(1.,0.,0.));
#5784 = PCURVE('',#5738,#5785);
#5785 = DEFINITIONAL_REPRESENTATION('',(#5786),#5790);
#5786 = LINE('',#5787,#5788);
#5787 = CARTESIAN_POINT('',(-6.28318530718,-6.8));
#5788 = VECTOR('',#5789,1.);
#5789 = DIRECTION('',(1.,-0.));
#5790 = ( GEOMETRIC_REPRESENTATION_CONTEXT(2) 
PARAMETRIC_REPRESENTATION_CONTEXT() REPRESENTATION_CONTEXT('2D SPACE',''
  ) );
#5791 = PCURVE('',#5792,#5797);
#5792 = PLANE('',#5793);
#5793 = AXIS2_PLACEMENT_3D('',#5794,#5795,#5796);
#5794 = CARTESIAN_POINT('',(29.,0.,7.8));
#5795 = DIRECTION('',(0.,0.,1.));
#5796 = DIRECTION('',(1.,0.,-0.));
#5797 = DEFINITIONAL_REPRESENTATION('',(#5798),#5806);
#5798 = ( BOUNDED_CURVE() B_SPLINE_CURVE(2,(#5799,#5800,#5801,#5802,
#5803,#5804,#5805),.UNSPECIFIED.,.T.,.F.) B_SPLINE_CURVE_WITH_KNOTS((1,2
    ,2,2,2,1),(-2.094395102393,0.,2.094395102393,4.188790204786,
6.28318530718,8.377580409573),.UNSPECIFIED.) CURVE() 
GEOMETRIC_REPRESENTATION_ITEM() RATIONAL_B_SPLINE_CURVE((1.,0.5,1.,0.5,
1.,0.5,1.)) REPRESENTATION_ITEM('') );
#5799 = CARTESIAN_POINT('',(-22.,0.));
#5800 = CARTESIAN_POINT('',(-22.,-1.732050807569));
#5801 = CARTESIAN_POINT('',(-23.5,-0.866025403784));
#5802 = CARTESIAN_POINT('',(-25.,-2.449293598295E-16));
#5803 = CARTESIAN_POINT('',(-23.5,0.866025403784));
#5804 = CARTESIAN_POINT('',(-22.,1.732050807569));
#5805 = CARTESIAN_POINT('',(-22.,0.));
#5806 = ( GEOMETRIC_REPRESENTATION_CONTEXT(2) 
PARAMETRIC_REPRESENTATION_CONTEXT() REPRESENTATION_CONTEXT('2D SPACE',''
  ) );
#5807 = ORIENTED_EDGE('',*,*,#5754,.F.);
#5808 = ADVANCED_FACE('',(#5809,#5844),#5792,.T.);
#5809 = FACE_BOUND('',#5810,.T.);
#5810 = EDGE_LOOP('',(#5811));
#5811 = ORIENTED_EDGE('',*,*,#5812,.F.);
#5812 = EDGE_CURVE('',#5813,#5813,#5815,.T.);
#5813 = VERTEX_POINT('',#5814);
#5814 = CARTESIAN_POINT('',(7.35,0.,7.8));
#5815 = SURFACE_CURVE('',#5816,(#5821,#5832),.PCURVE_S1.);
#5816 = CIRCLE('',#5817,1.35);
#5817 = AXIS2_PLACEMENT_3D('',#5818,#5819,#5820);
#5818 = CARTESIAN_POINT('',(6.,0.,7.8));
#5819 = DIRECTION('',(0.,0.,-1.));
#5820 = DIRECTION('',(1.,0.,0.));
#5821 = PCURVE('',#5792,#5822);
#5822 = DEFINITIONAL_REPRESENTATION('',(#5823),#5831);
#5823 = ( BOUNDED_CURVE() B_SPLINE_CURVE(2,(#5824,#5825,#5826,#5827,
#5828,#5829,#5830),.UNSPECIFIED.,.T.,.F.) B_SPLINE_CURVE_WITH_KNOTS((1,2
    ,2,2,2,1),(-2.094395102393,0.,2.094395102393,4.188790204786,
6.28318530718,8.377580409573),.UNSPECIFIED.) CURVE() 
GEOMETRIC_REPRESENTATION_ITEM() RATIONAL_B_SPLINE_CURVE((1.,0.5,1.,0.5,
1.,0.5,1.)) REPRESENTATION_ITEM('') );
#5824 = CARTESIAN_POINT('',(-21.65,0.));
#5825 = CARTESIAN_POINT('',(-21.65,-2.338268590218));
#5826 = CARTESIAN_POINT('',(-23.675,-1.169134295109));
#5827 = CARTESIAN_POINT('',(-25.7,-3.306546357698E-16));
#5828 = CARTESIAN_POINT('',(-23.675,1.169134295109));
#5829 = CARTESIAN_POINT('',(-21.65,2.338268590218));
#5830 = CARTESIAN_POINT('',(-21.65,0.));
#5831 = ( GEOMETRIC_REPRESENTATION_CONTEXT(2) 
PARAMETRIC_REPRESENTATION_CONTEXT() REPRESENTATION_CONTEXT('2D SPACE',''
  ) );
#5832 = PCURVE('',#5833,#5838);
#5833 = CYLINDRICAL_SURFACE('',#5834,1.35);
#5834 = AXIS2_PLACEMENT_3D('',#5835,#5836,#5837);
#5835 = CARTESIAN_POINT('',(6.,0.,7.78));
#5836 = DIRECTION('',(-0.,-0.,-1.));
#5837 = DIRECTION('',(1.,0.,0.));
#5838 = DEFINITIONAL_REPRESENTATION('',(#5839),#5843);
#5839 = LINE('',#5840,#5841);
#5840 = CARTESIAN_POINT('',(-6.28318530718,-2.E-02));
#5841 = VECTOR('',#5842,1.);
#5842 = DIRECTION('',(1.,-0.));
#5843 = ( GEOMETRIC_REPRESENTATION_CONTEXT(2) 
PARAMETRIC_REPRESENTATION_CONTEXT() REPRESENTATION_CONTEXT('2D SPACE',''
  ) );
#5844 = FACE_BOUND('',#5845,.T.);
#5845 = EDGE_LOOP('',(#5846));
#5846 = ORIENTED_EDGE('',*,*,#5777,.T.);
#5847 = ADVANCED_FACE('',(#5848),#5833,.F.);
#5848 = FACE_BOUND('',#5849,.T.);
#5849 = EDGE_LOOP('',(#5850,#5873,#5874,#5875));
#5850 = ORIENTED_EDGE('',*,*,#5851,.F.);
#5851 = EDGE_CURVE('',#5813,#5852,#5854,.T.);
#5852 = VERTEX_POINT('',#5853);
#5853 = CARTESIAN_POINT('',(7.35,0.,10.));
#5854 = SEAM_CURVE('',#5855,(#5859,#5866),.PCURVE_S1.);
#5855 = LINE('',#5856,#5857);
#5856 = CARTESIAN_POINT('',(7.35,0.,7.78));
#5857 = VECTOR('',#5858,1.);
#5858 = DIRECTION('',(0.,0.,1.));
#5859 = PCURVE('',#5833,#5860);
#5860 = DEFINITIONAL_REPRESENTATION('',(#5861),#5865);
#5861 = LINE('',#5862,#5863);
#5862 = CARTESIAN_POINT('',(-6.28318530718,0.));
#5863 = VECTOR('',#5864,1.);
#5864 = DIRECTION('',(-0.,-1.));
#5865 = ( GEOMETRIC_REPRESENTATION_CONTEXT(2) 
PARAMETRIC_REPRESENTATION_CONTEXT() REPRESENTATION_CONTEXT('2D SPACE',''
  ) );
#5866 = PCURVE('',#5833,#5867);
#5867 = DEFINITIONAL_REPRESENTATION('',(#5868),#5872);
#5868 = LINE('',#5869,#5870);
#5869 = CARTESIAN_POINT('',(-0.,0.));
#5870 = VECTOR('',#5871,1.);
#5871 = DIRECTION('',(-0.,-1.));
#5872 = ( GEOMETRIC_REPRESENTATION_CONTEXT(2) 
PARAMETRIC_REPRESENTATION_CONTEXT() REPRESENTATION_CONTEXT('2D SPACE',''
  ) );
#5873 = ORIENTED_EDGE('',*,*,#5812,.T.);
#5874 = ORIENTED_EDGE('',*,*,#5851,.T.);
#5875 = ORIENTED_EDGE('',*,*,#5876,.F.);
#5876 = EDGE_CURVE('',#5852,#5852,#5877,.T.);
#5877 = SURFACE_CURVE('',#5878,(#5883,#5890),.PCURVE_S1.);
#5878 = CIRCLE('',#5879,1.35);
#5879 = AXIS2_PLACEMENT_3D('',#5880,#5881,#5882);
#5880 = CARTESIAN_POINT('',(6.,0.,10.));
#5881 = DIRECTION('',(0.,0.,-1.));
#5882 = DIRECTION('',(1.,0.,0.));
#5883 = PCURVE('',#5833,#5884);
#5884 = DEFINITIONAL_REPRESENTATION('',(#5885),#5889);
#5885 = LINE('',#5886,#5887);
#5886 = CARTESIAN_POINT('',(-6.28318530718,-2.22));
#5887 = VECTOR('',#5888,1.);
#5888 = DIRECTION('',(1.,-0.));
#5889 = ( GEOMETRIC_REPRESENTATION_CONTEXT(2) 
PARAMETRIC_REPRESENTATION_CONTEXT() REPRESENTATION_CONTEXT('2D SPACE',''
  ) );
#5890 = PCURVE('',#5891,#5896);
#5891 = PLANE('',#5892);
#5892 = AXIS2_PLACEMENT_3D('',#5893,#5894,#5895);
#5893 = CARTESIAN_POINT('',(6.,1.714341265789E-16,10.));
#5894 = DIRECTION('',(0.,0.,1.));
#5895 = DIRECTION('',(1.,0.,-0.));
#5896 = DEFINITIONAL_REPRESENTATION('',(#5897),#5905);
#5897 = ( BOUNDED_CURVE() B_SPLINE_CURVE(2,(#5898,#5899,#5900,#5901,
#5902,#5903,#5904),.UNSPECIFIED.,.T.,.F.) B_SPLINE_CURVE_WITH_KNOTS((1,2
    ,2,2,2,1),(-2.094395102393,0.,2.094395102393,4.188790204786,
6.28318530718,8.377580409573),.UNSPECIFIED.) CURVE() 
GEOMETRIC_REPRESENTATION_ITEM() RATIONAL_B_SPLINE_CURVE((1.,0.5,1.,0.5,
1.,0.5,1.)) REPRESENTATION_ITEM('') );
#5898 = CARTESIAN_POINT('',(1.35,-1.714341265789E-16));
#5899 = CARTESIAN_POINT('',(1.35,-2.338268590218));
#5900 = CARTESIAN_POINT('',(-0.675,-1.169134295109));
#5901 = CARTESIAN_POINT('',(-2.7,-5.020887623487E-16));
#5902 = CARTESIAN_POINT('',(-0.675,1.169134295109));
#5903 = CARTESIAN_POINT('',(1.35,2.338268590218));
#5904 = CARTESIAN_POINT('',(1.35,-1.714341265789E-16));
#5905 = ( GEOMETRIC_REPRESENTATION_CONTEXT(2) 
PARAMETRIC_REPRESENTATION_CONTEXT() REPRESENTATION_CONTEXT('2D SPACE',''
  ) );
#5906 = ADVANCED_FACE('',(#5907,#5938),#5891,.T.);
#5907 = FACE_BOUND('',#5908,.T.);
#5908 = EDGE_LOOP('',(#5909));
#5909 = ORIENTED_EDGE('',*,*,#5910,.T.);
#5910 = EDGE_CURVE('',#5911,#5911,#5913,.T.);
#5911 = VERTEX_POINT('',#5912);
#5912 = CARTESIAN_POINT('',(8.5,0.,10.));
#5913 = SURFACE_CURVE('',#5914,(#5919,#5926),.PCURVE_S1.);
#5914 = CIRCLE('',#5915,2.5);
#5915 = AXIS2_PLACEMENT_3D('',#5916,#5917,#5918);
#5916 = CARTESIAN_POINT('',(6.,0.,10.));
#5917 = DIRECTION('',(0.,0.,1.));
#5918 = DIRECTION('',(1.,0.,0.));
#5919 = PCURVE('',#5891,#5920);
#5920 = DEFINITIONAL_REPRESENTATION('',(#5921),#5925);
#5921 = CIRCLE('',#5922,2.5);
#5922 = AXIS2_PLACEMENT_2D('',#5923,#5924);
#5923 = CARTESIAN_POINT('',(0.,-1.714341265789E-16));
#5924 = DIRECTION('',(1.,0.));
#5925 = ( GEOMETRIC_REPRESENTATION_CONTEXT(2) 
PARAMETRIC_REPRESENTATION_CONTEXT() REPRESENTATION_CONTEXT('2D SPACE',''
  ) );
#5926 = PCURVE('',#5927,#5932);
#5927 = CYLINDRICAL_SURFACE('',#5928,2.5);
#5928 = AXIS2_PLACEMENT_3D('',#5929,#5930,#5931);
#5929 = CARTESIAN_POINT('',(6.,0.,10.));
#5930 = DIRECTION('',(-0.,-0.,-1.));
#5931 = DIRECTION('',(1.,0.,0.));
#5932 = DEFINITIONAL_REPRESENTATION('',(#5933),#5937);
#5933 = LINE('',#5934,#5935);
#5934 = CARTESIAN_POINT('',(-0.,0.));
#5935 = VECTOR('',#5936,1.);
#5936 = DIRECTION('',(-1.,0.));
#5937 = ( GEOMETRIC_REPRESENTATION_CONTEXT(2) 
PARAMETRIC_REPRESENTATION_CONTEXT() REPRESENTATION_CONTEXT('2D SPACE',''
  ) );
#5938 = FACE_BOUND('',#5939,.T.);
#5939 = EDGE_LOOP('',(#5940));
#5940 = ORIENTED_EDGE('',*,*,#5876,.T.);
#5941 = ADVANCED_FACE('',(#5942),#5927,.F.);
#5942 = FACE_BOUND('',#5943,.T.);
#5943 = EDGE_LOOP('',(#5944,#5945,#5968,#5994));
#5944 = ORIENTED_EDGE('',*,*,#5910,.F.);
#5945 = ORIENTED_EDGE('',*,*,#5946,.T.);
#5946 = EDGE_CURVE('',#5911,#5947,#5949,.T.);
#5947 = VERTEX_POINT('',#5948);
#5948 = CARTESIAN_POINT('',(8.5,0.,12.));
#5949 = SEAM_CURVE('',#5950,(#5954,#5961),.PCURVE_S1.);
#5950 = LINE('',#5951,#5952);
#5951 = CARTESIAN_POINT('',(8.5,0.,10.));
#5952 = VECTOR('',#5953,1.);
#5953 = DIRECTION('',(0.,0.,1.));
#5954 = PCURVE('',#5927,#5955);
#5955 = DEFINITIONAL_REPRESENTATION('',(#5956),#5960);
#5956 = LINE('',#5957,#5958);
#5957 = CARTESIAN_POINT('',(-6.28318530718,0.));
#5958 = VECTOR('',#5959,1.);
#5959 = DIRECTION('',(-0.,-1.));
#5960 = ( GEOMETRIC_REPRESENTATION_CONTEXT(2) 
PARAMETRIC_REPRESENTATION_CONTEXT() REPRESENTATION_CONTEXT('2D SPACE',''
  ) );
#5961 = PCURVE('',#5927,#5962);
#5962 = DEFINITIONAL_REPRESENTATION('',(#5963),#5967);
#5963 = LINE('',#5964,#5965);
#5964 = CARTESIAN_POINT('',(-0.,0.));
#5965 = VECTOR('',#5966,1.);
#5966 = DIRECTION('',(-0.,-1.));
#5967 = ( GEOMETRIC_REPRESENTATION_CONTEXT(2) 
PARAMETRIC_REPRESENTATION_CONTEXT() REPRESENTATION_CONTEXT('2D SPACE',''
  ) );
#5968 = ORIENTED_EDGE('',*,*,#5969,.F.);
#5969 = EDGE_CURVE('',#5947,#5947,#5970,.T.);
#5970 = SURFACE_CURVE('',#5971,(#5976,#5983),.PCURVE_S1.);
#5971 = CIRCLE('',#5972,2.5);
#5972 = AXIS2_PLACEMENT_3D('',#5973,#5974,#5975);
#5973 = CARTESIAN_POINT('',(6.,0.,12.));
#5974 = DIRECTION('',(0.,0.,-1.));
#5975 = DIRECTION('',(1.,0.,0.));
#5976 = PCURVE('',#5927,#5977);
#5977 = DEFINITIONAL_REPRESENTATION('',(#5978),#5982);
#5978 = LINE('',#5979,#5980);
#5979 = CARTESIAN_POINT('',(-6.28318530718,-2.));
#5980 = VECTOR('',#5981,1.);
#5981 = DIRECTION('',(1.,-0.));
#5982 = ( GEOMETRIC_REPRESENTATION_CONTEXT(2) 
PARAMETRIC_REPRESENTATION_CONTEXT() REPRESENTATION_CONTEXT('2D SPACE',''
  ) );
#5983 = PCURVE('',#100,#5984);
#5984 = DEFINITIONAL_REPRESENTATION('',(#5985),#5993);
#5985 = ( BOUNDED_CURVE() B_SPLINE_CURVE(2,(#5986,#5987,#5988,#5989,
#5990,#5991,#5992),.UNSPECIFIED.,.T.,.F.) B_SPLINE_CURVE_WITH_KNOTS((1,2
    ,2,2,2,1),(-2.094395102393,0.,2.094395102393,4.188790204786,
6.28318530718,8.377580409573),.UNSPECIFIED.) CURVE() 
GEOMETRIC_REPRESENTATION_ITEM() RATIONAL_B_SPLINE_CURVE((1.,0.5,1.,0.5,
1.,0.5,1.)) REPRESENTATION_ITEM('') );
#5986 = CARTESIAN_POINT('',(-20.5,0.));
#5987 = CARTESIAN_POINT('',(-20.5,-4.330127018922));
#5988 = CARTESIAN_POINT('',(-24.25,-2.165063509461));
#5989 = CARTESIAN_POINT('',(-28.,-6.123233995737E-16));
#5990 = CARTESIAN_POINT('',(-24.25,2.165063509461));
#5991 = CARTESIAN_POINT('',(-20.5,4.330127018922));
#5992 = CARTESIAN_POINT('',(-20.5,0.));
#5993 = ( GEOMETRIC_REPRESENTATION_CONTEXT(2) 
PARAMETRIC_REPRESENTATION_CONTEXT() REPRESENTATION_CONTEXT('2D SPACE',''
  ) );
#5994 = ORIENTED_EDGE('',*,*,#5946,.F.);
#5995 = ADVANCED_FACE('',(#5996),#642,.T.);
#5996 = FACE_BOUND('',#5997,.T.);
#5997 = EDGE_LOOP('',(#5998,#6019,#6020,#6021));
#5998 = ORIENTED_EDGE('',*,*,#5999,.F.);
#5999 = EDGE_CURVE('',#600,#1855,#6000,.T.);
#6000 = SURFACE_CURVE('',#6001,(#6005,#6012),.PCURVE_S1.);
#6001 = LINE('',#6002,#6003);
#6002 = CARTESIAN_POINT('',(-2.E-02,-5.,3.8));
#6003 = VECTOR('',#6004,1.);
#6004 = DIRECTION('',(1.,0.,0.));
#6005 = PCURVE('',#642,#6006);
#6006 = DEFINITIONAL_REPRESENTATION('',(#6007),#6011);
#6007 = LINE('',#6008,#6009);
#6008 = CARTESIAN_POINT('',(0.,0.));
#6009 = VECTOR('',#6010,1.);
#6010 = DIRECTION('',(0.,1.));
#6011 = ( GEOMETRIC_REPRESENTATION_CONTEXT(2) 
PARAMETRIC_REPRESENTATION_CONTEXT() REPRESENTATION_CONTEXT('2D SPACE',''
  ) );
#6012 = PCURVE('',#615,#6013);
#6013 = DEFINITIONAL_REPRESENTATION('',(#6014),#6018);
#6014 = LINE('',#6015,#6016);
#6015 = CARTESIAN_POINT('',(0.,0.));
#6016 = VECTOR('',#6017,1.);
#6017 = DIRECTION('',(1.,0.));
#6018 = ( GEOMETRIC_REPRESENTATION_CONTEXT(2) 
PARAMETRIC_REPRESENTATION_CONTEXT() REPRESENTATION_CONTEXT('2D SPACE',''
  ) );
#6019 = ORIENTED_EDGE('',*,*,#626,.T.);
#6020 = ORIENTED_EDGE('',*,*,#5691,.T.);
#6021 = ORIENTED_EDGE('',*,*,#1878,.F.);
#6022 = ADVANCED_FACE('',(#6023,#6031),#615,.T.);
#6023 = FACE_BOUND('',#6024,.T.);
#6024 = EDGE_LOOP('',(#6025,#6026,#6027,#6028,#6029,#6030));
#6025 = ORIENTED_EDGE('',*,*,#708,.F.);
#6026 = ORIENTED_EDGE('',*,*,#597,.T.);
#6027 = ORIENTED_EDGE('',*,*,#5999,.T.);
#6028 = ORIENTED_EDGE('',*,*,#1854,.F.);
#6029 = ORIENTED_EDGE('',*,*,#1973,.F.);
#6030 = ORIENTED_EDGE('',*,*,#869,.F.);
#6031 = FACE_BOUND('',#6032,.T.);
#6032 = EDGE_LOOP('',(#6033));
#6033 = ORIENTED_EDGE('',*,*,#6034,.T.);
#6034 = EDGE_CURVE('',#6035,#6035,#6037,.T.);
#6035 = VERTEX_POINT('',#6036);
#6036 = CARTESIAN_POINT('',(7.,0.,3.8));
#6037 = SURFACE_CURVE('',#6038,(#6043,#6054),.PCURVE_S1.);
#6038 = CIRCLE('',#6039,1.);
#6039 = AXIS2_PLACEMENT_3D('',#6040,#6041,#6042);
#6040 = CARTESIAN_POINT('',(6.,0.,3.8));
#6041 = DIRECTION('',(0.,0.,-1.));
#6042 = DIRECTION('',(1.,0.,0.));
#6043 = PCURVE('',#615,#6044);
#6044 = DEFINITIONAL_REPRESENTATION('',(#6045),#6053);
#6045 = ( BOUNDED_CURVE() B_SPLINE_CURVE(2,(#6046,#6047,#6048,#6049,
#6050,#6051,#6052),.UNSPECIFIED.,.T.,.F.) B_SPLINE_CURVE_WITH_KNOTS((1,2
    ,2,2,2,1),(-2.094395102393,0.,2.094395102393,4.188790204786,
6.28318530718,8.377580409573),.UNSPECIFIED.) CURVE() 
GEOMETRIC_REPRESENTATION_ITEM() RATIONAL_B_SPLINE_CURVE((1.,0.5,1.,0.5,
1.,0.5,1.)) REPRESENTATION_ITEM('') );
#6046 = CARTESIAN_POINT('',(7.02,5.));
#6047 = CARTESIAN_POINT('',(7.02,3.267949192431));
#6048 = CARTESIAN_POINT('',(5.52,4.133974596216));
#6049 = CARTESIAN_POINT('',(4.02,5.));
#6050 = CARTESIAN_POINT('',(5.52,5.866025403784));
#6051 = CARTESIAN_POINT('',(7.02,6.732050807569));
#6052 = CARTESIAN_POINT('',(7.02,5.));
#6053 = ( GEOMETRIC_REPRESENTATION_CONTEXT(2) 
PARAMETRIC_REPRESENTATION_CONTEXT() REPRESENTATION_CONTEXT('2D SPACE',''
  ) );
#6054 = PCURVE('',#6055,#6060);
#6055 = CYLINDRICAL_SURFACE('',#6056,1.);
#6056 = AXIS2_PLACEMENT_3D('',#6057,#6058,#6059);
#6057 = CARTESIAN_POINT('',(6.,0.,1.));
#6058 = DIRECTION('',(-0.,-0.,-1.));
#6059 = DIRECTION('',(1.,0.,0.));
#6060 = DEFINITIONAL_REPRESENTATION('',(#6061),#6065);
#6061 = LINE('',#6062,#6063);
#6062 = CARTESIAN_POINT('',(-6.28318530718,-2.8));
#6063 = VECTOR('',#6064,1.);
#6064 = DIRECTION('',(1.,-0.));
#6065 = ( GEOMETRIC_REPRESENTATION_CONTEXT(2) 
PARAMETRIC_REPRESENTATION_CONTEXT() REPRESENTATION_CONTEXT('2D SPACE',''
  ) );
#6066 = ADVANCED_FACE('',(#6067),#6055,.F.);
#6067 = FACE_BOUND('',#6068,.T.);
#6068 = EDGE_LOOP('',(#6069,#6098,#6119,#6120));
#6069 = ORIENTED_EDGE('',*,*,#6070,.F.);
#6070 = EDGE_CURVE('',#6071,#6071,#6073,.T.);
#6071 = VERTEX_POINT('',#6072);
#6072 = CARTESIAN_POINT('',(7.,0.,1.));
#6073 = SURFACE_CURVE('',#6074,(#6079,#6086),.PCURVE_S1.);
#6074 = CIRCLE('',#6075,1.);
#6075 = AXIS2_PLACEMENT_3D('',#6076,#6077,#6078);
#6076 = CARTESIAN_POINT('',(6.,0.,1.));
#6077 = DIRECTION('',(0.,0.,1.));
#6078 = DIRECTION('',(1.,0.,0.));
#6079 = PCURVE('',#6055,#6080);
#6080 = DEFINITIONAL_REPRESENTATION('',(#6081),#6085);
#6081 = LINE('',#6082,#6083);
#6082 = CARTESIAN_POINT('',(-0.,0.));
#6083 = VECTOR('',#6084,1.);
#6084 = DIRECTION('',(-1.,0.));
#6085 = ( GEOMETRIC_REPRESENTATION_CONTEXT(2) 
PARAMETRIC_REPRESENTATION_CONTEXT() REPRESENTATION_CONTEXT('2D SPACE',''
  ) );
#6086 = PCURVE('',#6087,#6092);
#6087 = PLANE('',#6088);
#6088 = AXIS2_PLACEMENT_3D('',#6089,#6090,#6091);
#6089 = CARTESIAN_POINT('',(6.,8.737595245399E-17,1.));
#6090 = DIRECTION('',(0.,0.,1.));
#6091 = DIRECTION('',(1.,0.,-0.));
#6092 = DEFINITIONAL_REPRESENTATION('',(#6093),#6097);
#6093 = CIRCLE('',#6094,1.);
#6094 = AXIS2_PLACEMENT_2D('',#6095,#6096);
#6095 = CARTESIAN_POINT('',(0.,-8.737595245399E-17));
#6096 = DIRECTION('',(1.,0.));
#6097 = ( GEOMETRIC_REPRESENTATION_CONTEXT(2) 
PARAMETRIC_REPRESENTATION_CONTEXT() REPRESENTATION_CONTEXT('2D SPACE',''
  ) );
#6098 = ORIENTED_EDGE('',*,*,#6099,.T.);
#6099 = EDGE_CURVE('',#6071,#6035,#6100,.T.);
#6100 = SEAM_CURVE('',#6101,(#6105,#6112),.PCURVE_S1.);
#6101 = LINE('',#6102,#6103);
#6102 = CARTESIAN_POINT('',(7.,0.,1.));
#6103 = VECTOR('',#6104,1.);
#6104 = DIRECTION('',(0.,0.,1.));
#6105 = PCURVE('',#6055,#6106);
#6106 = DEFINITIONAL_REPRESENTATION('',(#6107),#6111);
#6107 = LINE('',#6108,#6109);
#6108 = CARTESIAN_POINT('',(-6.28318530718,0.));
#6109 = VECTOR('',#6110,1.);
#6110 = DIRECTION('',(-0.,-1.));
#6111 = ( GEOMETRIC_REPRESENTATION_CONTEXT(2) 
PARAMETRIC_REPRESENTATION_CONTEXT() REPRESENTATION_CONTEXT('2D SPACE',''
  ) );
#6112 = PCURVE('',#6055,#6113);
#6113 = DEFINITIONAL_REPRESENTATION('',(#6114),#6118);
#6114 = LINE('',#6115,#6116);
#6115 = CARTESIAN_POINT('',(-0.,0.));
#6116 = VECTOR('',#6117,1.);
#6117 = DIRECTION('',(-0.,-1.));
#6118 = ( GEOMETRIC_REPRESENTATION_CONTEXT(2) 
PARAMETRIC_REPRESENTATION_CONTEXT() REPRESENTATION_CONTEXT('2D SPACE',''
  ) );
#6119 = ORIENTED_EDGE('',*,*,#6034,.F.);
#6120 = ORIENTED_EDGE('',*,*,#6099,.F.);
#6121 = ADVANCED_FACE('',(#6122),#6087,.T.);
#6122 = FACE_BOUND('',#6123,.T.);
#6123 = EDGE_LOOP('',(#6124));
#6124 = ORIENTED_EDGE('',*,*,#6070,.T.);
#6125 = ADVANCED_FACE('',(#6126,#6161,#6196,#6199,#6202,#6211),#100,.T.
  );
#6126 = FACE_BOUND('',#6127,.T.);
#6127 = EDGE_LOOP('',(#6128,#6129,#6130,#6131,#6132,#6133,#6134,#6135));
#6128 = ORIENTED_EDGE('',*,*,#84,.T.);
#6129 = ORIENTED_EDGE('',*,*,#193,.T.);
#6130 = ORIENTED_EDGE('',*,*,#243,.T.);
#6131 = ORIENTED_EDGE('',*,*,#347,.T.);
#6132 = ORIENTED_EDGE('',*,*,#397,.T.);
#6133 = ORIENTED_EDGE('',*,*,#501,.T.);
#6134 = ORIENTED_EDGE('',*,*,#551,.T.);
#6135 = ORIENTED_EDGE('',*,*,#6136,.F.);
#6136 = EDGE_CURVE('',#57,#552,#6137,.T.);
#6137 = SURFACE_CURVE('',#6138,(#6143,#6154),.PCURVE_S1.);
#6138 = CIRCLE('',#6139,8.);
#6139 = AXIS2_PLACEMENT_3D('',#6140,#6141,#6142);
#6140 = CARTESIAN_POINT('',(8.,-9.,12.));
#6141 = DIRECTION('',(-0.,-0.,-1.));
#6142 = DIRECTION('',(0.,-1.,0.));
#6143 = PCURVE('',#100,#6144);
#6144 = DEFINITIONAL_REPRESENTATION('',(#6145),#6153);
#6145 = ( BOUNDED_CURVE() B_SPLINE_CURVE(2,(#6146,#6147,#6148,#6149,
#6150,#6151,#6152),.UNSPECIFIED.,.T.,.F.) B_SPLINE_CURVE_WITH_KNOTS((1,2
    ,2,2,2,1),(-2.094395102393,0.,2.094395102393,4.188790204786,
6.28318530718,8.377580409573),.UNSPECIFIED.) CURVE() 
GEOMETRIC_REPRESENTATION_ITEM() RATIONAL_B_SPLINE_CURVE((1.,0.5,1.,0.5,
1.,0.5,1.)) REPRESENTATION_ITEM('') );
#6146 = CARTESIAN_POINT('',(-21.,-17.));
#6147 = CARTESIAN_POINT('',(-34.85640646055,-17.));
#6148 = CARTESIAN_POINT('',(-27.92820323027,-5.));
#6149 = CARTESIAN_POINT('',(-21.,7.));
#6150 = CARTESIAN_POINT('',(-14.07179676972,-5.));
#6151 = CARTESIAN_POINT('',(-7.143593539449,-17.));
#6152 = CARTESIAN_POINT('',(-21.,-17.));
#6153 = ( GEOMETRIC_REPRESENTATION_CONTEXT(2) 
PARAMETRIC_REPRESENTATION_CONTEXT() REPRESENTATION_CONTEXT('2D SPACE',''
  ) );
#6154 = PCURVE('',#72,#6155);
#6155 = DEFINITIONAL_REPRESENTATION('',(#6156),#6160);
#6156 = LINE('',#6157,#6158);
#6157 = CARTESIAN_POINT('',(-0.,12.));
#6158 = VECTOR('',#6159,1.);
#6159 = DIRECTION('',(-1.,0.));
#6160 = ( GEOMETRIC_REPRESENTATION_CONTEXT(2) 
PARAMETRIC_REPRESENTATION_CONTEXT() REPRESENTATION_CONTEXT('2D SPACE',''
  ) );
#6161 = FACE_BOUND('',#6162,.T.);
#6162 = EDGE_LOOP('',(#6163));
#6163 = ORIENTED_EDGE('',*,*,#6164,.T.);
#6164 = EDGE_CURVE('',#6165,#6165,#6167,.T.);
#6165 = VERTEX_POINT('',#6166);
#6166 = CARTESIAN_POINT('',(53.5,-13.,12.));
#6167 = SURFACE_CURVE('',#6168,(#6173,#6184),.PCURVE_S1.);
#6168 = CIRCLE('',#6169,2.5);
#6169 = AXIS2_PLACEMENT_3D('',#6170,#6171,#6172);
#6170 = CARTESIAN_POINT('',(51.,-13.,12.));
#6171 = DIRECTION('',(0.,0.,-1.));
#6172 = DIRECTION('',(1.,0.,0.));
#6173 = PCURVE('',#100,#6174);
#6174 = DEFINITIONAL_REPRESENTATION('',(#6175),#6183);
#6175 = ( BOUNDED_CURVE() B_SPLINE_CURVE(2,(#6176,#6177,#6178,#6179,
#6180,#6181,#6182),.UNSPECIFIED.,.T.,.F.) B_SPLINE_CURVE_WITH_KNOTS((1,2
    ,2,2,2,1),(-2.094395102393,0.,2.094395102393,4.188790204786,
6.28318530718,8.377580409573),.UNSPECIFIED.) CURVE() 
GEOMETRIC_REPRESENTATION_ITEM() RATIONAL_B_SPLINE_CURVE((1.,0.5,1.,0.5,
1.,0.5,1.)) REPRESENTATION_ITEM('') );
#6176 = CARTESIAN_POINT('',(24.5,-13.));
#6177 = CARTESIAN_POINT('',(24.5,-17.33012701892));
#6178 = CARTESIAN_POINT('',(20.75,-15.16506350946));
#6179 = CARTESIAN_POINT('',(17.,-13.));
#6180 = CARTESIAN_POINT('',(20.75,-10.83493649053));
#6181 = CARTESIAN_POINT('',(24.5,-8.669872981078));
#6182 = CARTESIAN_POINT('',(24.5,-13.));
#6183 = ( GEOMETRIC_REPRESENTATION_CONTEXT(2) 
PARAMETRIC_REPRESENTATION_CONTEXT() REPRESENTATION_CONTEXT('2D SPACE',''
  ) );
#6184 = PCURVE('',#6185,#6190);
#6185 = CYLINDRICAL_SURFACE('',#6186,2.5);
#6186 = AXIS2_PLACEMENT_3D('',#6187,#6188,#6189);
#6187 = CARTESIAN_POINT('',(51.,-13.,10.));
#6188 = DIRECTION('',(-0.,-0.,-1.));
#6189 = DIRECTION('',(1.,0.,0.));
#6190 = DEFINITIONAL_REPRESENTATION('',(#6191),#6195);
#6191 = LINE('',#6192,#6193);
#6192 = CARTESIAN_POINT('',(-6.28318530718,-2.));
#6193 = VECTOR('',#6194,1.);
#6194 = DIRECTION('',(1.,-0.));
#6195 = ( GEOMETRIC_REPRESENTATION_CONTEXT(2) 
PARAMETRIC_REPRESENTATION_CONTEXT() REPRESENTATION_CONTEXT('2D SPACE',''
  ) );
#6196 = FACE_BOUND('',#6197,.T.);
#6197 = EDGE_LOOP('',(#6198));
#6198 = ORIENTED_EDGE('',*,*,#5969,.T.);
#6199 = FACE_BOUND('',#6200,.T.);
#6200 = EDGE_LOOP('',(#6201));
#6201 = ORIENTED_EDGE('',*,*,#4721,.F.);
#6202 = FACE_BOUND('',#6203,.T.);
#6203 = EDGE_LOOP('',(#6204,#6205,#6206,#6207,#6208,#6209,#6210));
#6204 = ORIENTED_EDGE('',*,*,#3753,.F.);
#6205 = ORIENTED_EDGE('',*,*,#3730,.F.);
#6206 = ORIENTED_EDGE('',*,*,#3678,.F.);
#6207 = ORIENTED_EDGE('',*,*,#3030,.F.);
#6208 = ORIENTED_EDGE('',*,*,#2955,.F.);
#6209 = ORIENTED_EDGE('',*,*,#3554,.F.);
#6210 = ORIENTED_EDGE('',*,*,#3603,.F.);
#6211 = FACE_BOUND('',#6212,.T.);
#6212 = EDGE_LOOP('',(#6213,#6248,#6276));
#6213 = ORIENTED_EDGE('',*,*,#6214,.T.);
#6214 = EDGE_CURVE('',#6215,#6217,#6219,.T.);
#6215 = VERTEX_POINT('',#6216);
#6216 = CARTESIAN_POINT('',(52.421964603805,10.943785841522,12.));
#6217 = VERTEX_POINT('',#6218);
#6218 = CARTESIAN_POINT('',(56.,8.,12.));
#6219 = SURFACE_CURVE('',#6220,(#6225,#6236),.PCURVE_S1.);
#6220 = CIRCLE('',#6221,3.);
#6221 = AXIS2_PLACEMENT_3D('',#6222,#6223,#6224);
#6222 = CARTESIAN_POINT('',(53.,8.,12.));
#6223 = DIRECTION('',(0.,0.,-1.));
#6224 = DIRECTION('',(1.,0.,0.));
#6225 = PCURVE('',#100,#6226);
#6226 = DEFINITIONAL_REPRESENTATION('',(#6227),#6235);
#6227 = ( BOUNDED_CURVE() B_SPLINE_CURVE(2,(#6228,#6229,#6230,#6231,
#6232,#6233,#6234),.UNSPECIFIED.,.T.,.F.) B_SPLINE_CURVE_WITH_KNOTS((1,2
    ,2,2,2,1),(-2.094395102393,0.,2.094395102393,4.188790204786,
6.28318530718,8.377580409573),.UNSPECIFIED.) CURVE() 
GEOMETRIC_REPRESENTATION_ITEM() RATIONAL_B_SPLINE_CURVE((1.,0.5,1.,0.5,
1.,0.5,1.)) REPRESENTATION_ITEM('') );
#6228 = CARTESIAN_POINT('',(27.,8.));
#6229 = CARTESIAN_POINT('',(27.,2.803847577293));
#6230 = CARTESIAN_POINT('',(22.5,5.401923788647));
#6231 = CARTESIAN_POINT('',(18.,8.));
#6232 = CARTESIAN_POINT('',(22.5,10.598076211353));
#6233 = CARTESIAN_POINT('',(27.,13.196152422707));
#6234 = CARTESIAN_POINT('',(27.,8.));
#6235 = ( GEOMETRIC_REPRESENTATION_CONTEXT(2) 
PARAMETRIC_REPRESENTATION_CONTEXT() REPRESENTATION_CONTEXT('2D SPACE',''
  ) );
#6236 = PCURVE('',#6237,#6242);
#6237 = CYLINDRICAL_SURFACE('',#6238,3.);
#6238 = AXIS2_PLACEMENT_3D('',#6239,#6240,#6241);
#6239 = CARTESIAN_POINT('',(53.,8.,-2.E-02));
#6240 = DIRECTION('',(-0.,-0.,-1.));
#6241 = DIRECTION('',(1.,0.,0.));
#6242 = DEFINITIONAL_REPRESENTATION('',(#6243),#6247);
#6243 = LINE('',#6244,#6245);
#6244 = CARTESIAN_POINT('',(-6.28318530718,-12.02));
#6245 = VECTOR('',#6246,1.);
#6246 = DIRECTION('',(1.,-0.));
#6247 = ( GEOMETRIC_REPRESENTATION_CONTEXT(2) 
PARAMETRIC_REPRESENTATION_CONTEXT() REPRESENTATION_CONTEXT('2D SPACE',''
  ) );
#6248 = ORIENTED_EDGE('',*,*,#6249,.T.);
#6249 = EDGE_CURVE('',#6217,#6250,#6252,.T.);
#6250 = VERTEX_POINT('',#6251);
#6251 = CARTESIAN_POINT('',(51.388380223781,10.530352089512,12.));
#6252 = SURFACE_CURVE('',#6253,(#6258,#6269),.PCURVE_S1.);
#6253 = CIRCLE('',#6254,3.);
#6254 = AXIS2_PLACEMENT_3D('',#6255,#6256,#6257);
#6255 = CARTESIAN_POINT('',(53.,8.,12.));
#6256 = DIRECTION('',(0.,0.,-1.));
#6257 = DIRECTION('',(1.,0.,0.));
#6258 = PCURVE('',#100,#6259);
#6259 = DEFINITIONAL_REPRESENTATION('',(#6260),#6268);
#6260 = ( BOUNDED_CURVE() B_SPLINE_CURVE(2,(#6261,#6262,#6263,#6264,
#6265,#6266,#6267),.UNSPECIFIED.,.T.,.F.) B_SPLINE_CURVE_WITH_KNOTS((1,2
    ,2,2,2,1),(-2.094395102393,0.,2.094395102393,4.188790204786,
6.28318530718,8.377580409573),.UNSPECIFIED.) CURVE() 
GEOMETRIC_REPRESENTATION_ITEM() RATIONAL_B_SPLINE_CURVE((1.,0.5,1.,0.5,
1.,0.5,1.)) REPRESENTATION_ITEM('') );
#6261 = CARTESIAN_POINT('',(27.,8.));
#6262 = CARTESIAN_POINT('',(27.,2.803847577293));
#6263 = CARTESIAN_POINT('',(22.5,5.401923788647));
#6264 = CARTESIAN_POINT('',(18.,8.));
#6265 = CARTESIAN_POINT('',(22.5,10.598076211353));
#6266 = CARTESIAN_POINT('',(27.,13.196152422707));
#6267 = CARTESIAN_POINT('',(27.,8.));
#6268 = ( GEOMETRIC_REPRESENTATION_CONTEXT(2) 
PARAMETRIC_REPRESENTATION_CONTEXT() REPRESENTATION_CONTEXT('2D SPACE',''
  ) );
#6269 = PCURVE('',#6237,#6270);
#6270 = DEFINITIONAL_REPRESENTATION('',(#6271),#6275);
#6271 = LINE('',#6272,#6273);
#6272 = CARTESIAN_POINT('',(-6.28318530718,-12.02));
#6273 = VECTOR('',#6274,1.);
#6274 = DIRECTION('',(1.,-0.));
#6275 = ( GEOMETRIC_REPRESENTATION_CONTEXT(2) 
PARAMETRIC_REPRESENTATION_CONTEXT() REPRESENTATION_CONTEXT('2D SPACE',''
  ) );
#6276 = ORIENTED_EDGE('',*,*,#6277,.T.);
#6277 = EDGE_CURVE('',#6250,#6215,#6278,.T.);
#6278 = SURFACE_CURVE('',#6279,(#6284,#6295),.PCURVE_S1.);
#6279 = CIRCLE('',#6280,2.5);
#6280 = AXIS2_PLACEMENT_3D('',#6281,#6282,#6283);
#6281 = CARTESIAN_POINT('',(51.,13.,12.));
#6282 = DIRECTION('',(0.,-0.,-1.));
#6283 = DIRECTION('',(0.155352089512,-0.987859164195,0.));
#6284 = PCURVE('',#100,#6285);
#6285 = DEFINITIONAL_REPRESENTATION('',(#6286),#6294);
#6286 = ( BOUNDED_CURVE() B_SPLINE_CURVE(2,(#6287,#6288,#6289,#6290,
#6291,#6292,#6293),.UNSPECIFIED.,.T.,.F.) B_SPLINE_CURVE_WITH_KNOTS((1,2
    ,2,2,2,1),(-2.094395102393,0.,2.094395102393,4.188790204786,
6.28318530718,8.377580409573),.UNSPECIFIED.) CURVE() 
GEOMETRIC_REPRESENTATION_ITEM() RATIONAL_B_SPLINE_CURVE((1.,0.5,1.,0.5,
1.,0.5,1.)) REPRESENTATION_ITEM('') );
#6287 = CARTESIAN_POINT('',(22.388380223781,10.530352089512));
#6288 = CARTESIAN_POINT('',(18.11082456601,9.857657809269));
#6289 = CARTESIAN_POINT('',(19.667032059224,13.898476815122));
#6290 = CARTESIAN_POINT('',(21.223239552438,17.939295820975));
#6291 = CARTESIAN_POINT('',(23.944587716995,14.571171095366));
#6292 = CARTESIAN_POINT('',(26.665935881552,11.203046369756));
#6293 = CARTESIAN_POINT('',(22.388380223781,10.530352089512));
#6294 = ( GEOMETRIC_REPRESENTATION_CONTEXT(2) 
PARAMETRIC_REPRESENTATION_CONTEXT() REPRESENTATION_CONTEXT('2D SPACE',''
  ) );
#6295 = PCURVE('',#6296,#6301);
#6296 = CYLINDRICAL_SURFACE('',#6297,2.5);
#6297 = AXIS2_PLACEMENT_3D('',#6298,#6299,#6300);
#6298 = CARTESIAN_POINT('',(51.,13.,10.));
#6299 = DIRECTION('',(-0.,-0.,-1.));
#6300 = DIRECTION('',(1.,0.,0.));
#6301 = DEFINITIONAL_REPRESENTATION('',(#6302),#6306);
#6302 = LINE('',#6303,#6304);
#6303 = CARTESIAN_POINT('',(-11.15155814763,-2.));
#6304 = VECTOR('',#6305,1.);
#6305 = DIRECTION('',(1.,-0.));
#6306 = ( GEOMETRIC_REPRESENTATION_CONTEXT(2) 
PARAMETRIC_REPRESENTATION_CONTEXT() REPRESENTATION_CONTEXT('2D SPACE',''
  ) );
#6307 = ADVANCED_FACE('',(#6308),#6296,.F.);
#6308 = FACE_BOUND('',#6309,.T.);
#6309 = EDGE_LOOP('',(#6310,#6311,#6334,#6367));
#6310 = ORIENTED_EDGE('',*,*,#6277,.F.);
#6311 = ORIENTED_EDGE('',*,*,#6312,.T.);
#6312 = EDGE_CURVE('',#6250,#6313,#6315,.T.);
#6313 = VERTEX_POINT('',#6314);
#6314 = CARTESIAN_POINT('',(51.388380223781,10.530352089512,10.));
#6315 = SURFACE_CURVE('',#6316,(#6320,#6327),.PCURVE_S1.);
#6316 = LINE('',#6317,#6318);
#6317 = CARTESIAN_POINT('',(51.388380223781,10.530352089512,7.78));
#6318 = VECTOR('',#6319,1.);
#6319 = DIRECTION('',(-0.,-0.,-1.));
#6320 = PCURVE('',#6296,#6321);
#6321 = DEFINITIONAL_REPRESENTATION('',(#6322),#6326);
#6322 = LINE('',#6323,#6324);
#6323 = CARTESIAN_POINT('',(-11.15155814763,2.22));
#6324 = VECTOR('',#6325,1.);
#6325 = DIRECTION('',(-0.,1.));
#6326 = ( GEOMETRIC_REPRESENTATION_CONTEXT(2) 
PARAMETRIC_REPRESENTATION_CONTEXT() REPRESENTATION_CONTEXT('2D SPACE',''
  ) );
#6327 = PCURVE('',#6237,#6328);
#6328 = DEFINITIONAL_REPRESENTATION('',(#6329),#6333);
#6329 = LINE('',#6330,#6331);
#6330 = CARTESIAN_POINT('',(-2.13791804919,-7.8));
#6331 = VECTOR('',#6332,1.);
#6332 = DIRECTION('',(-0.,1.));
#6333 = ( GEOMETRIC_REPRESENTATION_CONTEXT(2) 
PARAMETRIC_REPRESENTATION_CONTEXT() REPRESENTATION_CONTEXT('2D SPACE',''
  ) );
#6334 = ORIENTED_EDGE('',*,*,#6335,.T.);
#6335 = EDGE_CURVE('',#6313,#6336,#6338,.T.);
#6336 = VERTEX_POINT('',#6337);
#6337 = CARTESIAN_POINT('',(52.421964603805,10.943785841522,10.));
#6338 = SURFACE_CURVE('',#6339,(#6344,#6351),.PCURVE_S1.);
#6339 = CIRCLE('',#6340,2.5);
#6340 = AXIS2_PLACEMENT_3D('',#6341,#6342,#6343);
#6341 = CARTESIAN_POINT('',(51.,13.,10.));
#6342 = DIRECTION('',(0.,-0.,-1.));
#6343 = DIRECTION('',(0.155352089512,-0.987859164195,0.));
#6344 = PCURVE('',#6296,#6345);
#6345 = DEFINITIONAL_REPRESENTATION('',(#6346),#6350);
#6346 = LINE('',#6347,#6348);
#6347 = CARTESIAN_POINT('',(-11.15155814763,0.));
#6348 = VECTOR('',#6349,1.);
#6349 = DIRECTION('',(1.,-0.));
#6350 = ( GEOMETRIC_REPRESENTATION_CONTEXT(2) 
PARAMETRIC_REPRESENTATION_CONTEXT() REPRESENTATION_CONTEXT('2D SPACE',''
  ) );
#6351 = PCURVE('',#6352,#6357);
#6352 = PLANE('',#6353);
#6353 = AXIS2_PLACEMENT_3D('',#6354,#6355,#6356);
#6354 = CARTESIAN_POINT('',(51.,13.,10.));
#6355 = DIRECTION('',(0.,0.,1.));
#6356 = DIRECTION('',(1.,0.,-0.));
#6357 = DEFINITIONAL_REPRESENTATION('',(#6358),#6366);
#6358 = ( BOUNDED_CURVE() B_SPLINE_CURVE(2,(#6359,#6360,#6361,#6362,
#6363,#6364,#6365),.UNSPECIFIED.,.T.,.F.) B_SPLINE_CURVE_WITH_KNOTS((1,2
    ,2,2,2,1),(-2.094395102393,0.,2.094395102393,4.188790204786,
6.28318530718,8.377580409573),.UNSPECIFIED.) CURVE() 
GEOMETRIC_REPRESENTATION_ITEM() RATIONAL_B_SPLINE_CURVE((1.,0.5,1.,0.5,
1.,0.5,1.)) REPRESENTATION_ITEM('') );
#6359 = CARTESIAN_POINT('',(0.388380223781,-2.469647910488));
#6360 = CARTESIAN_POINT('',(-3.88917543399,-3.142342190731));
#6361 = CARTESIAN_POINT('',(-2.332967940776,0.898476815122));
#6362 = CARTESIAN_POINT('',(-0.776760447562,4.939295820975));
#6363 = CARTESIAN_POINT('',(1.944587716995,1.571171095366));
#6364 = CARTESIAN_POINT('',(4.665935881552,-1.796953630244));
#6365 = CARTESIAN_POINT('',(0.388380223781,-2.469647910488));
#6366 = ( GEOMETRIC_REPRESENTATION_CONTEXT(2) 
PARAMETRIC_REPRESENTATION_CONTEXT() REPRESENTATION_CONTEXT('2D SPACE',''
  ) );
#6367 = ORIENTED_EDGE('',*,*,#6368,.F.);
#6368 = EDGE_CURVE('',#6215,#6336,#6369,.T.);
#6369 = SURFACE_CURVE('',#6370,(#6374,#6381),.PCURVE_S1.);
#6370 = LINE('',#6371,#6372);
#6371 = CARTESIAN_POINT('',(52.421964603805,10.943785841522,7.78));
#6372 = VECTOR('',#6373,1.);
#6373 = DIRECTION('',(-0.,-0.,-1.));
#6374 = PCURVE('',#6296,#6375);
#6375 = DEFINITIONAL_REPRESENTATION('',(#6376),#6380);
#6376 = LINE('',#6377,#6378);
#6377 = CARTESIAN_POINT('',(-5.317417874537,2.22));
#6378 = VECTOR('',#6379,1.);
#6379 = DIRECTION('',(-0.,1.));
#6380 = ( GEOMETRIC_REPRESENTATION_CONTEXT(2) 
PARAMETRIC_REPRESENTATION_CONTEXT() REPRESENTATION_CONTEXT('2D SPACE',''
  ) );
#6381 = PCURVE('',#6237,#6382);
#6382 = DEFINITIONAL_REPRESENTATION('',(#6383),#6387);
#6383 = LINE('',#6384,#6385);
#6384 = CARTESIAN_POINT('',(-1.764687358625,-7.8));
#6385 = VECTOR('',#6386,1.);
#6386 = DIRECTION('',(-0.,1.));
#6387 = ( GEOMETRIC_REPRESENTATION_CONTEXT(2) 
PARAMETRIC_REPRESENTATION_CONTEXT() REPRESENTATION_CONTEXT('2D SPACE',''
  ) );
#6388 = ADVANCED_FACE('',(#6389,#6418),#6352,.T.);
#6389 = FACE_BOUND('',#6390,.T.);
#6390 = EDGE_LOOP('',(#6391,#6417));
#6391 = ORIENTED_EDGE('',*,*,#6392,.T.);
#6392 = EDGE_CURVE('',#6313,#6336,#6393,.T.);
#6393 = SURFACE_CURVE('',#6394,(#6399,#6410),.PCURVE_S1.);
#6394 = CIRCLE('',#6395,3.);
#6395 = AXIS2_PLACEMENT_3D('',#6396,#6397,#6398);
#6396 = CARTESIAN_POINT('',(53.,8.,10.));
#6397 = DIRECTION('',(0.,0.,-1.));
#6398 = DIRECTION('',(1.,0.,0.));
#6399 = PCURVE('',#6352,#6400);
#6400 = DEFINITIONAL_REPRESENTATION('',(#6401),#6409);
#6401 = ( BOUNDED_CURVE() B_SPLINE_CURVE(2,(#6402,#6403,#6404,#6405,
#6406,#6407,#6408),.UNSPECIFIED.,.T.,.F.) B_SPLINE_CURVE_WITH_KNOTS((1,2
    ,2,2,2,1),(-2.094395102393,0.,2.094395102393,4.188790204786,
6.28318530718,8.377580409573),.UNSPECIFIED.) CURVE() 
GEOMETRIC_REPRESENTATION_ITEM() RATIONAL_B_SPLINE_CURVE((1.,0.5,1.,0.5,
1.,0.5,1.)) REPRESENTATION_ITEM('') );
#6402 = CARTESIAN_POINT('',(5.,-5.));
#6403 = CARTESIAN_POINT('',(5.,-10.1961524227));
#6404 = CARTESIAN_POINT('',(0.5,-7.598076211353));
#6405 = CARTESIAN_POINT('',(-4.,-5.));
#6406 = CARTESIAN_POINT('',(0.5,-2.401923788647));
#6407 = CARTESIAN_POINT('',(5.,0.196152422707));
#6408 = CARTESIAN_POINT('',(5.,-5.));
#6409 = ( GEOMETRIC_REPRESENTATION_CONTEXT(2) 
PARAMETRIC_REPRESENTATION_CONTEXT() REPRESENTATION_CONTEXT('2D SPACE',''
  ) );
#6410 = PCURVE('',#6237,#6411);
#6411 = DEFINITIONAL_REPRESENTATION('',(#6412),#6416);
#6412 = LINE('',#6413,#6414);
#6413 = CARTESIAN_POINT('',(-6.28318530718,-10.02));
#6414 = VECTOR('',#6415,1.);
#6415 = DIRECTION('',(1.,-0.));
#6416 = ( GEOMETRIC_REPRESENTATION_CONTEXT(2) 
PARAMETRIC_REPRESENTATION_CONTEXT() REPRESENTATION_CONTEXT('2D SPACE',''
  ) );
#6417 = ORIENTED_EDGE('',*,*,#6335,.F.);
#6418 = FACE_BOUND('',#6419,.T.);
#6419 = EDGE_LOOP('',(#6420));
#6420 = ORIENTED_EDGE('',*,*,#6421,.T.);
#6421 = EDGE_CURVE('',#6422,#6422,#6424,.T.);
#6422 = VERTEX_POINT('',#6423);
#6423 = CARTESIAN_POINT('',(51.5,13.,10.));
#6424 = SURFACE_CURVE('',#6425,(#6430,#6441),.PCURVE_S1.);
#6425 = CIRCLE('',#6426,0.5);
#6426 = AXIS2_PLACEMENT_3D('',#6427,#6428,#6429);
#6427 = CARTESIAN_POINT('',(51.,13.,10.));
#6428 = DIRECTION('',(0.,0.,-1.));
#6429 = DIRECTION('',(1.,0.,0.));
#6430 = PCURVE('',#6352,#6431);
#6431 = DEFINITIONAL_REPRESENTATION('',(#6432),#6440);
#6432 = ( BOUNDED_CURVE() B_SPLINE_CURVE(2,(#6433,#6434,#6435,#6436,
#6437,#6438,#6439),.UNSPECIFIED.,.T.,.F.) B_SPLINE_CURVE_WITH_KNOTS((1,2
    ,2,2,2,1),(-2.094395102393,0.,2.094395102393,4.188790204786,
6.28318530718,8.377580409573),.UNSPECIFIED.) CURVE() 
GEOMETRIC_REPRESENTATION_ITEM() RATIONAL_B_SPLINE_CURVE((1.,0.5,1.,0.5,
1.,0.5,1.)) REPRESENTATION_ITEM('') );
#6433 = CARTESIAN_POINT('',(0.5,0.));
#6434 = CARTESIAN_POINT('',(0.5,-0.866025403784));
#6435 = CARTESIAN_POINT('',(-0.25,-0.433012701892));
#6436 = CARTESIAN_POINT('',(-1.,-1.224646799147E-16));
#6437 = CARTESIAN_POINT('',(-0.25,0.433012701892));
#6438 = CARTESIAN_POINT('',(0.5,0.866025403784));
#6439 = CARTESIAN_POINT('',(0.5,0.));
#6440 = ( GEOMETRIC_REPRESENTATION_CONTEXT(2) 
PARAMETRIC_REPRESENTATION_CONTEXT() REPRESENTATION_CONTEXT('2D SPACE',''
  ) );
#6441 = PCURVE('',#6442,#6447);
#6442 = CYLINDRICAL_SURFACE('',#6443,0.5);
#6443 = AXIS2_PLACEMENT_3D('',#6444,#6445,#6446);
#6444 = CARTESIAN_POINT('',(51.,13.,7.78));
#6445 = DIRECTION('',(-0.,-0.,-1.));
#6446 = DIRECTION('',(1.,0.,0.));
#6447 = DEFINITIONAL_REPRESENTATION('',(#6448),#6452);
#6448 = LINE('',#6449,#6450);
#6449 = CARTESIAN_POINT('',(-6.28318530718,-2.22));
#6450 = VECTOR('',#6451,1.);
#6451 = DIRECTION('',(1.,-0.));
#6452 = ( GEOMETRIC_REPRESENTATION_CONTEXT(2) 
PARAMETRIC_REPRESENTATION_CONTEXT() REPRESENTATION_CONTEXT('2D SPACE',''
  ) );
#6453 = ADVANCED_FACE('',(#6454),#6442,.F.);
#6454 = FACE_BOUND('',#6455,.T.);
#6455 = EDGE_LOOP('',(#6456,#6479,#6510,#6511));
#6456 = ORIENTED_EDGE('',*,*,#6457,.F.);
#6457 = EDGE_CURVE('',#6458,#6422,#6460,.T.);
#6458 = VERTEX_POINT('',#6459);
#6459 = CARTESIAN_POINT('',(51.5,13.,7.8));
#6460 = SEAM_CURVE('',#6461,(#6465,#6472),.PCURVE_S1.);
#6461 = LINE('',#6462,#6463);
#6462 = CARTESIAN_POINT('',(51.5,13.,7.78));
#6463 = VECTOR('',#6464,1.);
#6464 = DIRECTION('',(0.,0.,1.));
#6465 = PCURVE('',#6442,#6466);
#6466 = DEFINITIONAL_REPRESENTATION('',(#6467),#6471);
#6467 = LINE('',#6468,#6469);
#6468 = CARTESIAN_POINT('',(-6.28318530718,0.));
#6469 = VECTOR('',#6470,1.);
#6470 = DIRECTION('',(-0.,-1.));
#6471 = ( GEOMETRIC_REPRESENTATION_CONTEXT(2) 
PARAMETRIC_REPRESENTATION_CONTEXT() REPRESENTATION_CONTEXT('2D SPACE',''
  ) );
#6472 = PCURVE('',#6442,#6473);
#6473 = DEFINITIONAL_REPRESENTATION('',(#6474),#6478);
#6474 = LINE('',#6475,#6476);
#6475 = CARTESIAN_POINT('',(-0.,0.));
#6476 = VECTOR('',#6477,1.);
#6477 = DIRECTION('',(-0.,-1.));
#6478 = ( GEOMETRIC_REPRESENTATION_CONTEXT(2) 
PARAMETRIC_REPRESENTATION_CONTEXT() REPRESENTATION_CONTEXT('2D SPACE',''
  ) );
#6479 = ORIENTED_EDGE('',*,*,#6480,.T.);
#6480 = EDGE_CURVE('',#6458,#6458,#6481,.T.);
#6481 = SURFACE_CURVE('',#6482,(#6487,#6494),.PCURVE_S1.);
#6482 = CIRCLE('',#6483,0.5);
#6483 = AXIS2_PLACEMENT_3D('',#6484,#6485,#6486);
#6484 = CARTESIAN_POINT('',(51.,13.,7.8));
#6485 = DIRECTION('',(0.,0.,-1.));
#6486 = DIRECTION('',(1.,0.,0.));
#6487 = PCURVE('',#6442,#6488);
#6488 = DEFINITIONAL_REPRESENTATION('',(#6489),#6493);
#6489 = LINE('',#6490,#6491);
#6490 = CARTESIAN_POINT('',(-6.28318530718,-2.E-02));
#6491 = VECTOR('',#6492,1.);
#6492 = DIRECTION('',(1.,-0.));
#6493 = ( GEOMETRIC_REPRESENTATION_CONTEXT(2) 
PARAMETRIC_REPRESENTATION_CONTEXT() REPRESENTATION_CONTEXT('2D SPACE',''
  ) );
#6494 = PCURVE('',#6495,#6500);
#6495 = PLANE('',#6496);
#6496 = AXIS2_PLACEMENT_3D('',#6497,#6498,#6499);
#6497 = CARTESIAN_POINT('',(29.,0.,7.8));
#6498 = DIRECTION('',(0.,0.,1.));
#6499 = DIRECTION('',(1.,0.,-0.));
#6500 = DEFINITIONAL_REPRESENTATION('',(#6501),#6509);
#6501 = ( BOUNDED_CURVE() B_SPLINE_CURVE(2,(#6502,#6503,#6504,#6505,
#6506,#6507,#6508),.UNSPECIFIED.,.T.,.F.) B_SPLINE_CURVE_WITH_KNOTS((1,2
    ,2,2,2,1),(-2.094395102393,0.,2.094395102393,4.188790204786,
6.28318530718,8.377580409573),.UNSPECIFIED.) CURVE() 
GEOMETRIC_REPRESENTATION_ITEM() RATIONAL_B_SPLINE_CURVE((1.,0.5,1.,0.5,
1.,0.5,1.)) REPRESENTATION_ITEM('') );
#6502 = CARTESIAN_POINT('',(22.5,13.));
#6503 = CARTESIAN_POINT('',(22.5,12.133974596216));
#6504 = CARTESIAN_POINT('',(21.75,12.566987298108));
#6505 = CARTESIAN_POINT('',(21.,13.));
#6506 = CARTESIAN_POINT('',(21.75,13.433012701892));
#6507 = CARTESIAN_POINT('',(22.5,13.866025403784));
#6508 = CARTESIAN_POINT('',(22.5,13.));
#6509 = ( GEOMETRIC_REPRESENTATION_CONTEXT(2) 
PARAMETRIC_REPRESENTATION_CONTEXT() REPRESENTATION_CONTEXT('2D SPACE',''
  ) );
#6510 = ORIENTED_EDGE('',*,*,#6457,.T.);
#6511 = ORIENTED_EDGE('',*,*,#6421,.F.);
#6512 = ADVANCED_FACE('',(#6513,#6548),#6495,.F.);
#6513 = FACE_BOUND('',#6514,.F.);
#6514 = EDGE_LOOP('',(#6515));
#6515 = ORIENTED_EDGE('',*,*,#6516,.F.);
#6516 = EDGE_CURVE('',#6517,#6517,#6519,.T.);
#6517 = VERTEX_POINT('',#6518);
#6518 = CARTESIAN_POINT('',(52.,13.,7.8));
#6519 = SURFACE_CURVE('',#6520,(#6525,#6536),.PCURVE_S1.);
#6520 = CIRCLE('',#6521,1.);
#6521 = AXIS2_PLACEMENT_3D('',#6522,#6523,#6524);
#6522 = CARTESIAN_POINT('',(51.,13.,7.8));
#6523 = DIRECTION('',(0.,0.,-1.));
#6524 = DIRECTION('',(1.,0.,0.));
#6525 = PCURVE('',#6495,#6526);
#6526 = DEFINITIONAL_REPRESENTATION('',(#6527),#6535);
#6527 = ( BOUNDED_CURVE() B_SPLINE_CURVE(2,(#6528,#6529,#6530,#6531,
#6532,#6533,#6534),.UNSPECIFIED.,.T.,.F.) B_SPLINE_CURVE_WITH_KNOTS((1,2
    ,2,2,2,1),(-2.094395102393,0.,2.094395102393,4.188790204786,
6.28318530718,8.377580409573),.UNSPECIFIED.) CURVE() 
GEOMETRIC_REPRESENTATION_ITEM() RATIONAL_B_SPLINE_CURVE((1.,0.5,1.,0.5,
1.,0.5,1.)) REPRESENTATION_ITEM('') );
#6528 = CARTESIAN_POINT('',(23.,13.));
#6529 = CARTESIAN_POINT('',(23.,11.267949192431));
#6530 = CARTESIAN_POINT('',(21.5,12.133974596216));
#6531 = CARTESIAN_POINT('',(20.,13.));
#6532 = CARTESIAN_POINT('',(21.5,13.866025403784));
#6533 = CARTESIAN_POINT('',(23.,14.732050807569));
#6534 = CARTESIAN_POINT('',(23.,13.));
#6535 = ( GEOMETRIC_REPRESENTATION_CONTEXT(2) 
PARAMETRIC_REPRESENTATION_CONTEXT() REPRESENTATION_CONTEXT('2D SPACE',''
  ) );
#6536 = PCURVE('',#6537,#6542);
#6537 = CYLINDRICAL_SURFACE('',#6538,1.);
#6538 = AXIS2_PLACEMENT_3D('',#6539,#6540,#6541);
#6539 = CARTESIAN_POINT('',(51.,13.,1.));
#6540 = DIRECTION('',(-0.,-0.,-1.));
#6541 = DIRECTION('',(1.,0.,0.));
#6542 = DEFINITIONAL_REPRESENTATION('',(#6543),#6547);
#6543 = LINE('',#6544,#6545);
#6544 = CARTESIAN_POINT('',(-6.28318530718,-6.8));
#6545 = VECTOR('',#6546,1.);
#6546 = DIRECTION('',(1.,-0.));
#6547 = ( GEOMETRIC_REPRESENTATION_CONTEXT(2) 
PARAMETRIC_REPRESENTATION_CONTEXT() REPRESENTATION_CONTEXT('2D SPACE',''
  ) );
#6548 = FACE_BOUND('',#6549,.F.);
#6549 = EDGE_LOOP('',(#6550));
#6550 = ORIENTED_EDGE('',*,*,#6480,.T.);
#6551 = ADVANCED_FACE('',(#6552),#6537,.F.);
#6552 = FACE_BOUND('',#6553,.T.);
#6553 = EDGE_LOOP('',(#6554,#6583,#6604,#6605));
#6554 = ORIENTED_EDGE('',*,*,#6555,.F.);
#6555 = EDGE_CURVE('',#6556,#6556,#6558,.T.);
#6556 = VERTEX_POINT('',#6557);
#6557 = CARTESIAN_POINT('',(52.,13.,1.));
#6558 = SURFACE_CURVE('',#6559,(#6564,#6571),.PCURVE_S1.);
#6559 = CIRCLE('',#6560,1.);
#6560 = AXIS2_PLACEMENT_3D('',#6561,#6562,#6563);
#6561 = CARTESIAN_POINT('',(51.,13.,1.));
#6562 = DIRECTION('',(0.,0.,1.));
#6563 = DIRECTION('',(1.,0.,0.));
#6564 = PCURVE('',#6537,#6565);
#6565 = DEFINITIONAL_REPRESENTATION('',(#6566),#6570);
#6566 = LINE('',#6567,#6568);
#6567 = CARTESIAN_POINT('',(-0.,0.));
#6568 = VECTOR('',#6569,1.);
#6569 = DIRECTION('',(-1.,0.));
#6570 = ( GEOMETRIC_REPRESENTATION_CONTEXT(2) 
PARAMETRIC_REPRESENTATION_CONTEXT() REPRESENTATION_CONTEXT('2D SPACE',''
  ) );
#6571 = PCURVE('',#6572,#6577);
#6572 = PLANE('',#6573);
#6573 = AXIS2_PLACEMENT_3D('',#6574,#6575,#6576);
#6574 = CARTESIAN_POINT('',(51.,13.,1.));
#6575 = DIRECTION('',(0.,0.,1.));
#6576 = DIRECTION('',(1.,0.,-0.));
#6577 = DEFINITIONAL_REPRESENTATION('',(#6578),#6582);
#6578 = CIRCLE('',#6579,1.);
#6579 = AXIS2_PLACEMENT_2D('',#6580,#6581);
#6580 = CARTESIAN_POINT('',(0.,0.));
#6581 = DIRECTION('',(1.,0.));
#6582 = ( GEOMETRIC_REPRESENTATION_CONTEXT(2) 
PARAMETRIC_REPRESENTATION_CONTEXT() REPRESENTATION_CONTEXT('2D SPACE',''
  ) );
#6583 = ORIENTED_EDGE('',*,*,#6584,.T.);
#6584 = EDGE_CURVE('',#6556,#6517,#6585,.T.);
#6585 = SEAM_CURVE('',#6586,(#6590,#6597),.PCURVE_S1.);
#6586 = LINE('',#6587,#6588);
#6587 = CARTESIAN_POINT('',(52.,13.,1.));
#6588 = VECTOR('',#6589,1.);
#6589 = DIRECTION('',(0.,0.,1.));
#6590 = PCURVE('',#6537,#6591);
#6591 = DEFINITIONAL_REPRESENTATION('',(#6592),#6596);
#6592 = LINE('',#6593,#6594);
#6593 = CARTESIAN_POINT('',(-6.28318530718,0.));
#6594 = VECTOR('',#6595,1.);
#6595 = DIRECTION('',(-0.,-1.));
#6596 = ( GEOMETRIC_REPRESENTATION_CONTEXT(2) 
PARAMETRIC_REPRESENTATION_CONTEXT() REPRESENTATION_CONTEXT('2D SPACE',''
  ) );
#6597 = PCURVE('',#6537,#6598);
#6598 = DEFINITIONAL_REPRESENTATION('',(#6599),#6603);
#6599 = LINE('',#6600,#6601);
#6600 = CARTESIAN_POINT('',(-0.,0.));
#6601 = VECTOR('',#6602,1.);
#6602 = DIRECTION('',(-0.,-1.));
#6603 = ( GEOMETRIC_REPRESENTATION_CONTEXT(2) 
PARAMETRIC_REPRESENTATION_CONTEXT() REPRESENTATION_CONTEXT('2D SPACE',''
  ) );
#6604 = ORIENTED_EDGE('',*,*,#6516,.F.);
#6605 = ORIENTED_EDGE('',*,*,#6584,.F.);
#6606 = ADVANCED_FACE('',(#6607),#6572,.T.);
#6607 = FACE_BOUND('',#6608,.T.);
#6608 = EDGE_LOOP('',(#6609));
#6609 = ORIENTED_EDGE('',*,*,#6555,.T.);
#6610 = ADVANCED_FACE('',(#6611),#6237,.F.);
#6611 = FACE_BOUND('',#6612,.T.);
#6612 = EDGE_LOOP('',(#6613,#6641,#6662,#6663,#6664,#6665,#6666,#6667));
#6613 = ORIENTED_EDGE('',*,*,#6614,.T.);
#6614 = EDGE_CURVE('',#6615,#6615,#6617,.T.);
#6615 = VERTEX_POINT('',#6616);
#6616 = CARTESIAN_POINT('',(56.,8.,0.));
#6617 = SURFACE_CURVE('',#6618,(#6623,#6630),.PCURVE_S1.);
#6618 = CIRCLE('',#6619,3.);
#6619 = AXIS2_PLACEMENT_3D('',#6620,#6621,#6622);
#6620 = CARTESIAN_POINT('',(53.,8.,0.));
#6621 = DIRECTION('',(0.,0.,-1.));
#6622 = DIRECTION('',(1.,0.,0.));
#6623 = PCURVE('',#6237,#6624);
#6624 = DEFINITIONAL_REPRESENTATION('',(#6625),#6629);
#6625 = LINE('',#6626,#6627);
#6626 = CARTESIAN_POINT('',(-6.28318530718,-2.E-02));
#6627 = VECTOR('',#6628,1.);
#6628 = DIRECTION('',(1.,-0.));
#6629 = ( GEOMETRIC_REPRESENTATION_CONTEXT(2) 
PARAMETRIC_REPRESENTATION_CONTEXT() REPRESENTATION_CONTEXT('2D SPACE',''
  ) );
#6630 = PCURVE('',#44,#6631);
#6631 = DEFINITIONAL_REPRESENTATION('',(#6632),#6640);
#6632 = ( BOUNDED_CURVE() B_SPLINE_CURVE(2,(#6633,#6634,#6635,#6636,
#6637,#6638,#6639),.UNSPECIFIED.,.T.,.F.) B_SPLINE_CURVE_WITH_KNOTS((1,2
    ,2,2,2,1),(-2.094395102393,0.,2.094395102393,4.188790204786,
6.28318530718,8.377580409573),.UNSPECIFIED.) CURVE() 
GEOMETRIC_REPRESENTATION_ITEM() RATIONAL_B_SPLINE_CURVE((1.,0.5,1.,0.5,
1.,0.5,1.)) REPRESENTATION_ITEM('') );
#6633 = CARTESIAN_POINT('',(27.,8.));
#6634 = CARTESIAN_POINT('',(27.,2.803847577293));
#6635 = CARTESIAN_POINT('',(22.5,5.401923788647));
#6636 = CARTESIAN_POINT('',(18.,8.));
#6637 = CARTESIAN_POINT('',(22.5,10.598076211353));
#6638 = CARTESIAN_POINT('',(27.,13.196152422707));
#6639 = CARTESIAN_POINT('',(27.,8.));
#6640 = ( GEOMETRIC_REPRESENTATION_CONTEXT(2) 
PARAMETRIC_REPRESENTATION_CONTEXT() REPRESENTATION_CONTEXT('2D SPACE',''
  ) );
#6641 = ORIENTED_EDGE('',*,*,#6642,.T.);
#6642 = EDGE_CURVE('',#6615,#6217,#6643,.T.);
#6643 = SEAM_CURVE('',#6644,(#6648,#6655),.PCURVE_S1.);
#6644 = LINE('',#6645,#6646);
#6645 = CARTESIAN_POINT('',(56.,8.,0.));
#6646 = VECTOR('',#6647,1.);
#6647 = DIRECTION('',(0.,0.,1.));
#6648 = PCURVE('',#6237,#6649);
#6649 = DEFINITIONAL_REPRESENTATION('',(#6650),#6654);
#6650 = LINE('',#6651,#6652);
#6651 = CARTESIAN_POINT('',(-0.,-2.E-02));
#6652 = VECTOR('',#6653,1.);
#6653 = DIRECTION('',(-0.,-1.));
#6654 = ( GEOMETRIC_REPRESENTATION_CONTEXT(2) 
PARAMETRIC_REPRESENTATION_CONTEXT() REPRESENTATION_CONTEXT('2D SPACE',''
  ) );
#6655 = PCURVE('',#6237,#6656);
#6656 = DEFINITIONAL_REPRESENTATION('',(#6657),#6661);
#6657 = LINE('',#6658,#6659);
#6658 = CARTESIAN_POINT('',(-6.28318530718,-2.E-02));
#6659 = VECTOR('',#6660,1.);
#6660 = DIRECTION('',(-0.,-1.));
#6661 = ( GEOMETRIC_REPRESENTATION_CONTEXT(2) 
PARAMETRIC_REPRESENTATION_CONTEXT() REPRESENTATION_CONTEXT('2D SPACE',''
  ) );
#6662 = ORIENTED_EDGE('',*,*,#6214,.F.);
#6663 = ORIENTED_EDGE('',*,*,#6368,.T.);
#6664 = ORIENTED_EDGE('',*,*,#6392,.F.);
#6665 = ORIENTED_EDGE('',*,*,#6312,.F.);
#6666 = ORIENTED_EDGE('',*,*,#6249,.F.);
#6667 = ORIENTED_EDGE('',*,*,#6642,.F.);
#6668 = ADVANCED_FACE('',(#6669),#6185,.F.);
#6669 = FACE_BOUND('',#6670,.T.);
#6670 = EDGE_LOOP('',(#6671,#6700,#6721,#6722));
#6671 = ORIENTED_EDGE('',*,*,#6672,.F.);
#6672 = EDGE_CURVE('',#6673,#6673,#6675,.T.);
#6673 = VERTEX_POINT('',#6674);
#6674 = CARTESIAN_POINT('',(53.5,-13.,10.));
#6675 = SURFACE_CURVE('',#6676,(#6681,#6688),.PCURVE_S1.);
#6676 = CIRCLE('',#6677,2.5);
#6677 = AXIS2_PLACEMENT_3D('',#6678,#6679,#6680);
#6678 = CARTESIAN_POINT('',(51.,-13.,10.));
#6679 = DIRECTION('',(0.,0.,1.));
#6680 = DIRECTION('',(1.,0.,0.));
#6681 = PCURVE('',#6185,#6682);
#6682 = DEFINITIONAL_REPRESENTATION('',(#6683),#6687);
#6683 = LINE('',#6684,#6685);
#6684 = CARTESIAN_POINT('',(-0.,0.));
#6685 = VECTOR('',#6686,1.);
#6686 = DIRECTION('',(-1.,0.));
#6687 = ( GEOMETRIC_REPRESENTATION_CONTEXT(2) 
PARAMETRIC_REPRESENTATION_CONTEXT() REPRESENTATION_CONTEXT('2D SPACE',''
  ) );
#6688 = PCURVE('',#6689,#6694);
#6689 = PLANE('',#6690);
#6690 = AXIS2_PLACEMENT_3D('',#6691,#6692,#6693);
#6691 = CARTESIAN_POINT('',(51.,-13.,10.));
#6692 = DIRECTION('',(0.,0.,1.));
#6693 = DIRECTION('',(1.,0.,-0.));
#6694 = DEFINITIONAL_REPRESENTATION('',(#6695),#6699);
#6695 = CIRCLE('',#6696,2.5);
#6696 = AXIS2_PLACEMENT_2D('',#6697,#6698);
#6697 = CARTESIAN_POINT('',(0.,0.));
#6698 = DIRECTION('',(1.,0.));
#6699 = ( GEOMETRIC_REPRESENTATION_CONTEXT(2) 
PARAMETRIC_REPRESENTATION_CONTEXT() REPRESENTATION_CONTEXT('2D SPACE',''
  ) );
#6700 = ORIENTED_EDGE('',*,*,#6701,.T.);
#6701 = EDGE_CURVE('',#6673,#6165,#6702,.T.);
#6702 = SEAM_CURVE('',#6703,(#6707,#6714),.PCURVE_S1.);
#6703 = LINE('',#6704,#6705);
#6704 = CARTESIAN_POINT('',(53.5,-13.,10.));
#6705 = VECTOR('',#6706,1.);
#6706 = DIRECTION('',(0.,0.,1.));
#6707 = PCURVE('',#6185,#6708);
#6708 = DEFINITIONAL_REPRESENTATION('',(#6709),#6713);
#6709 = LINE('',#6710,#6711);
#6710 = CARTESIAN_POINT('',(-6.28318530718,0.));
#6711 = VECTOR('',#6712,1.);
#6712 = DIRECTION('',(-0.,-1.));
#6713 = ( GEOMETRIC_REPRESENTATION_CONTEXT(2) 
PARAMETRIC_REPRESENTATION_CONTEXT() REPRESENTATION_CONTEXT('2D SPACE',''
  ) );
#6714 = PCURVE('',#6185,#6715);
#6715 = DEFINITIONAL_REPRESENTATION('',(#6716),#6720);
#6716 = LINE('',#6717,#6718);
#6717 = CARTESIAN_POINT('',(-0.,0.));
#6718 = VECTOR('',#6719,1.);
#6719 = DIRECTION('',(-0.,-1.));
#6720 = ( GEOMETRIC_REPRESENTATION_CONTEXT(2) 
PARAMETRIC_REPRESENTATION_CONTEXT() REPRESENTATION_CONTEXT('2D SPACE',''
  ) );
#6721 = ORIENTED_EDGE('',*,*,#6164,.F.);
#6722 = ORIENTED_EDGE('',*,*,#6701,.F.);
#6723 = ADVANCED_FACE('',(#6724,#6727),#6689,.T.);
#6724 = FACE_BOUND('',#6725,.T.);
#6725 = EDGE_LOOP('',(#6726));
#6726 = ORIENTED_EDGE('',*,*,#6672,.T.);
#6727 = FACE_BOUND('',#6728,.T.);
#6728 = EDGE_LOOP('',(#6729));
#6729 = ORIENTED_EDGE('',*,*,#6730,.T.);
#6730 = EDGE_CURVE('',#6731,#6731,#6733,.T.);
#6731 = VERTEX_POINT('',#6732);
#6732 = CARTESIAN_POINT('',(51.5,-13.,10.));
#6733 = SURFACE_CURVE('',#6734,(#6739,#6750),.PCURVE_S1.);
#6734 = CIRCLE('',#6735,0.5);
#6735 = AXIS2_PLACEMENT_3D('',#6736,#6737,#6738);
#6736 = CARTESIAN_POINT('',(51.,-13.,10.));
#6737 = DIRECTION('',(0.,0.,-1.));
#6738 = DIRECTION('',(1.,0.,0.));
#6739 = PCURVE('',#6689,#6740);
#6740 = DEFINITIONAL_REPRESENTATION('',(#6741),#6749);
#6741 = ( BOUNDED_CURVE() B_SPLINE_CURVE(2,(#6742,#6743,#6744,#6745,
#6746,#6747,#6748),.UNSPECIFIED.,.T.,.F.) B_SPLINE_CURVE_WITH_KNOTS((1,2
    ,2,2,2,1),(-2.094395102393,0.,2.094395102393,4.188790204786,
6.28318530718,8.377580409573),.UNSPECIFIED.) CURVE() 
GEOMETRIC_REPRESENTATION_ITEM() RATIONAL_B_SPLINE_CURVE((1.,0.5,1.,0.5,
1.,0.5,1.)) REPRESENTATION_ITEM('') );
#6742 = CARTESIAN_POINT('',(0.5,0.));
#6743 = CARTESIAN_POINT('',(0.5,-0.866025403784));
#6744 = CARTESIAN_POINT('',(-0.25,-0.433012701892));
#6745 = CARTESIAN_POINT('',(-1.,-1.224646799147E-16));
#6746 = CARTESIAN_POINT('',(-0.25,0.433012701892));
#6747 = CARTESIAN_POINT('',(0.5,0.866025403784));
#6748 = CARTESIAN_POINT('',(0.5,0.));
#6749 = ( GEOMETRIC_REPRESENTATION_CONTEXT(2) 
PARAMETRIC_REPRESENTATION_CONTEXT() REPRESENTATION_CONTEXT('2D SPACE',''
  ) );
#6750 = PCURVE('',#6751,#6756);
#6751 = CYLINDRICAL_SURFACE('',#6752,0.5);
#6752 = AXIS2_PLACEMENT_3D('',#6753,#6754,#6755);
#6753 = CARTESIAN_POINT('',(51.,-13.,7.78));
#6754 = DIRECTION('',(-0.,-0.,-1.));
#6755 = DIRECTION('',(1.,0.,0.));
#6756 = DEFINITIONAL_REPRESENTATION('',(#6757),#6761);
#6757 = LINE('',#6758,#6759);
#6758 = CARTESIAN_POINT('',(-6.28318530718,-2.22));
#6759 = VECTOR('',#6760,1.);
#6760 = DIRECTION('',(1.,-0.));
#6761 = ( GEOMETRIC_REPRESENTATION_CONTEXT(2) 
PARAMETRIC_REPRESENTATION_CONTEXT() REPRESENTATION_CONTEXT('2D SPACE',''
  ) );
#6762 = ADVANCED_FACE('',(#6763),#6751,.F.);
#6763 = FACE_BOUND('',#6764,.T.);
#6764 = EDGE_LOOP('',(#6765,#6788,#6819,#6820));
#6765 = ORIENTED_EDGE('',*,*,#6766,.F.);
#6766 = EDGE_CURVE('',#6767,#6731,#6769,.T.);
#6767 = VERTEX_POINT('',#6768);
#6768 = CARTESIAN_POINT('',(51.5,-13.,7.8));
#6769 = SEAM_CURVE('',#6770,(#6774,#6781),.PCURVE_S1.);
#6770 = LINE('',#6771,#6772);
#6771 = CARTESIAN_POINT('',(51.5,-13.,7.78));
#6772 = VECTOR('',#6773,1.);
#6773 = DIRECTION('',(0.,0.,1.));
#6774 = PCURVE('',#6751,#6775);
#6775 = DEFINITIONAL_REPRESENTATION('',(#6776),#6780);
#6776 = LINE('',#6777,#6778);
#6777 = CARTESIAN_POINT('',(-6.28318530718,0.));
#6778 = VECTOR('',#6779,1.);
#6779 = DIRECTION('',(-0.,-1.));
#6780 = ( GEOMETRIC_REPRESENTATION_CONTEXT(2) 
PARAMETRIC_REPRESENTATION_CONTEXT() REPRESENTATION_CONTEXT('2D SPACE',''
  ) );
#6781 = PCURVE('',#6751,#6782);
#6782 = DEFINITIONAL_REPRESENTATION('',(#6783),#6787);
#6783 = LINE('',#6784,#6785);
#6784 = CARTESIAN_POINT('',(-0.,0.));
#6785 = VECTOR('',#6786,1.);
#6786 = DIRECTION('',(-0.,-1.));
#6787 = ( GEOMETRIC_REPRESENTATION_CONTEXT(2) 
PARAMETRIC_REPRESENTATION_CONTEXT() REPRESENTATION_CONTEXT('2D SPACE',''
  ) );
#6788 = ORIENTED_EDGE('',*,*,#6789,.T.);
#6789 = EDGE_CURVE('',#6767,#6767,#6790,.T.);
#6790 = SURFACE_CURVE('',#6791,(#6796,#6803),.PCURVE_S1.);
#6791 = CIRCLE('',#6792,0.5);
#6792 = AXIS2_PLACEMENT_3D('',#6793,#6794,#6795);
#6793 = CARTESIAN_POINT('',(51.,-13.,7.8));
#6794 = DIRECTION('',(0.,0.,-1.));
#6795 = DIRECTION('',(1.,0.,0.));
#6796 = PCURVE('',#6751,#6797);
#6797 = DEFINITIONAL_REPRESENTATION('',(#6798),#6802);
#6798 = LINE('',#6799,#6800);
#6799 = CARTESIAN_POINT('',(-6.28318530718,-2.E-02));
#6800 = VECTOR('',#6801,1.);
#6801 = DIRECTION('',(1.,-0.));
#6802 = ( GEOMETRIC_REPRESENTATION_CONTEXT(2) 
PARAMETRIC_REPRESENTATION_CONTEXT() REPRESENTATION_CONTEXT('2D SPACE',''
  ) );
#6803 = PCURVE('',#6804,#6809);
#6804 = PLANE('',#6805);
#6805 = AXIS2_PLACEMENT_3D('',#6806,#6807,#6808);
#6806 = CARTESIAN_POINT('',(29.,0.,7.8));
#6807 = DIRECTION('',(0.,0.,1.));
#6808 = DIRECTION('',(1.,0.,-0.));
#6809 = DEFINITIONAL_REPRESENTATION('',(#6810),#6818);
#6810 = ( BOUNDED_CURVE() B_SPLINE_CURVE(2,(#6811,#6812,#6813,#6814,
#6815,#6816,#6817),.UNSPECIFIED.,.T.,.F.) B_SPLINE_CURVE_WITH_KNOTS((1,2
    ,2,2,2,1),(-2.094395102393,0.,2.094395102393,4.188790204786,
6.28318530718,8.377580409573),.UNSPECIFIED.) CURVE() 
GEOMETRIC_REPRESENTATION_ITEM() RATIONAL_B_SPLINE_CURVE((1.,0.5,1.,0.5,
1.,0.5,1.)) REPRESENTATION_ITEM('') );
#6811 = CARTESIAN_POINT('',(22.5,-13.));
#6812 = CARTESIAN_POINT('',(22.5,-13.86602540378));
#6813 = CARTESIAN_POINT('',(21.75,-13.43301270189));
#6814 = CARTESIAN_POINT('',(21.,-13.));
#6815 = CARTESIAN_POINT('',(21.75,-12.5669872981));
#6816 = CARTESIAN_POINT('',(22.5,-12.13397459621));
#6817 = CARTESIAN_POINT('',(22.5,-13.));
#6818 = ( GEOMETRIC_REPRESENTATION_CONTEXT(2) 
PARAMETRIC_REPRESENTATION_CONTEXT() REPRESENTATION_CONTEXT('2D SPACE',''
  ) );
#6819 = ORIENTED_EDGE('',*,*,#6766,.T.);
#6820 = ORIENTED_EDGE('',*,*,#6730,.F.);
#6821 = ADVANCED_FACE('',(#6822,#6857),#6804,.F.);
#6822 = FACE_BOUND('',#6823,.F.);
#6823 = EDGE_LOOP('',(#6824));
#6824 = ORIENTED_EDGE('',*,*,#6825,.F.);
#6825 = EDGE_CURVE('',#6826,#6826,#6828,.T.);
#6826 = VERTEX_POINT('',#6827);
#6827 = CARTESIAN_POINT('',(52.,-13.,7.8));
#6828 = SURFACE_CURVE('',#6829,(#6834,#6845),.PCURVE_S1.);
#6829 = CIRCLE('',#6830,1.);
#6830 = AXIS2_PLACEMENT_3D('',#6831,#6832,#6833);
#6831 = CARTESIAN_POINT('',(51.,-13.,7.8));
#6832 = DIRECTION('',(0.,0.,-1.));
#6833 = DIRECTION('',(1.,0.,0.));
#6834 = PCURVE('',#6804,#6835);
#6835 = DEFINITIONAL_REPRESENTATION('',(#6836),#6844);
#6836 = ( BOUNDED_CURVE() B_SPLINE_CURVE(2,(#6837,#6838,#6839,#6840,
#6841,#6842,#6843),.UNSPECIFIED.,.T.,.F.) B_SPLINE_CURVE_WITH_KNOTS((1,2
    ,2,2,2,1),(-2.094395102393,0.,2.094395102393,4.188790204786,
6.28318530718,8.377580409573),.UNSPECIFIED.) CURVE() 
GEOMETRIC_REPRESENTATION_ITEM() RATIONAL_B_SPLINE_CURVE((1.,0.5,1.,0.5,
1.,0.5,1.)) REPRESENTATION_ITEM('') );
#6837 = CARTESIAN_POINT('',(23.,-13.));
#6838 = CARTESIAN_POINT('',(23.,-14.73205080756));
#6839 = CARTESIAN_POINT('',(21.5,-13.86602540378));
#6840 = CARTESIAN_POINT('',(20.,-13.));
#6841 = CARTESIAN_POINT('',(21.5,-12.13397459621));
#6842 = CARTESIAN_POINT('',(23.,-11.26794919243));
#6843 = CARTESIAN_POINT('',(23.,-13.));
#6844 = ( GEOMETRIC_REPRESENTATION_CONTEXT(2) 
PARAMETRIC_REPRESENTATION_CONTEXT() REPRESENTATION_CONTEXT('2D SPACE',''
  ) );
#6845 = PCURVE('',#6846,#6851);
#6846 = CYLINDRICAL_SURFACE('',#6847,1.);
#6847 = AXIS2_PLACEMENT_3D('',#6848,#6849,#6850);
#6848 = CARTESIAN_POINT('',(51.,-13.,1.));
#6849 = DIRECTION('',(-0.,-0.,-1.));
#6850 = DIRECTION('',(1.,0.,0.));
#6851 = DEFINITIONAL_REPRESENTATION('',(#6852),#6856);
#6852 = LINE('',#6853,#6854);
#6853 = CARTESIAN_POINT('',(-6.28318530718,-6.8));
#6854 = VECTOR('',#6855,1.);
#6855 = DIRECTION('',(1.,-0.));
#6856 = ( GEOMETRIC_REPRESENTATION_CONTEXT(2) 
PARAMETRIC_REPRESENTATION_CONTEXT() REPRESENTATION_CONTEXT('2D SPACE',''
  ) );
#6857 = FACE_BOUND('',#6858,.F.);
#6858 = EDGE_LOOP('',(#6859));
#6859 = ORIENTED_EDGE('',*,*,#6789,.T.);
#6860 = ADVANCED_FACE('',(#6861),#6846,.F.);
#6861 = FACE_BOUND('',#6862,.T.);
#6862 = EDGE_LOOP('',(#6863,#6892,#6913,#6914));
#6863 = ORIENTED_EDGE('',*,*,#6864,.F.);
#6864 = EDGE_CURVE('',#6865,#6865,#6867,.T.);
#6865 = VERTEX_POINT('',#6866);
#6866 = CARTESIAN_POINT('',(52.,-13.,1.));
#6867 = SURFACE_CURVE('',#6868,(#6873,#6880),.PCURVE_S1.);
#6868 = CIRCLE('',#6869,1.);
#6869 = AXIS2_PLACEMENT_3D('',#6870,#6871,#6872);
#6870 = CARTESIAN_POINT('',(51.,-13.,1.));
#6871 = DIRECTION('',(0.,0.,1.));
#6872 = DIRECTION('',(1.,0.,0.));
#6873 = PCURVE('',#6846,#6874);
#6874 = DEFINITIONAL_REPRESENTATION('',(#6875),#6879);
#6875 = LINE('',#6876,#6877);
#6876 = CARTESIAN_POINT('',(-0.,0.));
#6877 = VECTOR('',#6878,1.);
#6878 = DIRECTION('',(-1.,0.));
#6879 = ( GEOMETRIC_REPRESENTATION_CONTEXT(2) 
PARAMETRIC_REPRESENTATION_CONTEXT() REPRESENTATION_CONTEXT('2D SPACE',''
  ) );
#6880 = PCURVE('',#6881,#6886);
#6881 = PLANE('',#6882);
#6882 = AXIS2_PLACEMENT_3D('',#6883,#6884,#6885);
#6883 = CARTESIAN_POINT('',(51.,-13.,1.));
#6884 = DIRECTION('',(0.,0.,1.));
#6885 = DIRECTION('',(1.,0.,-0.));
#6886 = DEFINITIONAL_REPRESENTATION('',(#6887),#6891);
#6887 = CIRCLE('',#6888,1.);
#6888 = AXIS2_PLACEMENT_2D('',#6889,#6890);
#6889 = CARTESIAN_POINT('',(0.,0.));
#6890 = DIRECTION('',(1.,0.));
#6891 = ( GEOMETRIC_REPRESENTATION_CONTEXT(2) 
PARAMETRIC_REPRESENTATION_CONTEXT() REPRESENTATION_CONTEXT('2D SPACE',''
  ) );
#6892 = ORIENTED_EDGE('',*,*,#6893,.T.);
#6893 = EDGE_CURVE('',#6865,#6826,#6894,.T.);
#6894 = SEAM_CURVE('',#6895,(#6899,#6906),.PCURVE_S1.);
#6895 = LINE('',#6896,#6897);
#6896 = CARTESIAN_POINT('',(52.,-13.,1.));
#6897 = VECTOR('',#6898,1.);
#6898 = DIRECTION('',(0.,0.,1.));
#6899 = PCURVE('',#6846,#6900);
#6900 = DEFINITIONAL_REPRESENTATION('',(#6901),#6905);
#6901 = LINE('',#6902,#6903);
#6902 = CARTESIAN_POINT('',(-6.28318530718,0.));
#6903 = VECTOR('',#6904,1.);
#6904 = DIRECTION('',(-0.,-1.));
#6905 = ( GEOMETRIC_REPRESENTATION_CONTEXT(2) 
PARAMETRIC_REPRESENTATION_CONTEXT() REPRESENTATION_CONTEXT('2D SPACE',''
  ) );
#6906 = PCURVE('',#6846,#6907);
#6907 = DEFINITIONAL_REPRESENTATION('',(#6908),#6912);
#6908 = LINE('',#6909,#6910);
#6909 = CARTESIAN_POINT('',(-0.,0.));
#6910 = VECTOR('',#6911,1.);
#6911 = DIRECTION('',(-0.,-1.));
#6912 = ( GEOMETRIC_REPRESENTATION_CONTEXT(2) 
PARAMETRIC_REPRESENTATION_CONTEXT() REPRESENTATION_CONTEXT('2D SPACE',''
  ) );
#6913 = ORIENTED_EDGE('',*,*,#6825,.F.);
#6914 = ORIENTED_EDGE('',*,*,#6893,.F.);
#6915 = ADVANCED_FACE('',(#6916),#6881,.T.);
#6916 = FACE_BOUND('',#6917,.T.);
#6917 = EDGE_LOOP('',(#6918));
#6918 = ORIENTED_EDGE('',*,*,#6864,.T.);
#6919 = ADVANCED_FACE('',(#6920),#72,.T.);
#6920 = FACE_BOUND('',#6921,.F.);
#6921 = EDGE_LOOP('',(#6922,#6948,#6949,#6950));
#6922 = ORIENTED_EDGE('',*,*,#6923,.T.);
#6923 = EDGE_CURVE('',#22,#528,#6924,.T.);
#6924 = SURFACE_CURVE('',#6925,(#6930,#6937),.PCURVE_S1.);
#6925 = CIRCLE('',#6926,8.);
#6926 = AXIS2_PLACEMENT_3D('',#6927,#6928,#6929);
#6927 = CARTESIAN_POINT('',(8.,-9.,0.));
#6928 = DIRECTION('',(-0.,-0.,-1.));
#6929 = DIRECTION('',(0.,-1.,0.));
#6930 = PCURVE('',#72,#6931);
#6931 = DEFINITIONAL_REPRESENTATION('',(#6932),#6936);
#6932 = LINE('',#6933,#6934);
#6933 = CARTESIAN_POINT('',(-0.,0.));
#6934 = VECTOR('',#6935,1.);
#6935 = DIRECTION('',(-1.,0.));
#6936 = ( GEOMETRIC_REPRESENTATION_CONTEXT(2) 
PARAMETRIC_REPRESENTATION_CONTEXT() REPRESENTATION_CONTEXT('2D SPACE',''
  ) );
#6937 = PCURVE('',#44,#6938);
#6938 = DEFINITIONAL_REPRESENTATION('',(#6939),#6947);
#6939 = ( BOUNDED_CURVE() B_SPLINE_CURVE(2,(#6940,#6941,#6942,#6943,
#6944,#6945,#6946),.UNSPECIFIED.,.T.,.F.) B_SPLINE_CURVE_WITH_KNOTS((1,2
    ,2,2,2,1),(-2.094395102393,0.,2.094395102393,4.188790204786,
6.28318530718,8.377580409573),.UNSPECIFIED.) CURVE() 
GEOMETRIC_REPRESENTATION_ITEM() RATIONAL_B_SPLINE_CURVE((1.,0.5,1.,0.5,
1.,0.5,1.)) REPRESENTATION_ITEM('') );
#6940 = CARTESIAN_POINT('',(-21.,-17.));
#6941 = CARTESIAN_POINT('',(-34.85640646055,-17.));
#6942 = CARTESIAN_POINT('',(-27.92820323027,-5.));
#6943 = CARTESIAN_POINT('',(-21.,7.));
#6944 = CARTESIAN_POINT('',(-14.07179676972,-5.));
#6945 = CARTESIAN_POINT('',(-7.143593539449,-17.));
#6946 = CARTESIAN_POINT('',(-21.,-17.));
#6947 = ( GEOMETRIC_REPRESENTATION_CONTEXT(2) 
PARAMETRIC_REPRESENTATION_CONTEXT() REPRESENTATION_CONTEXT('2D SPACE',''
  ) );
#6948 = ORIENTED_EDGE('',*,*,#574,.F.);
#6949 = ORIENTED_EDGE('',*,*,#6136,.F.);
#6950 = ORIENTED_EDGE('',*,*,#56,.T.);
#6951 = ADVANCED_FACE('',(#6952,#6962),#44,.F.);
#6952 = FACE_BOUND('',#6953,.F.);
#6953 = EDGE_LOOP('',(#6954,#6955,#6956,#6957,#6958,#6959,#6960,#6961));
#6954 = ORIENTED_EDGE('',*,*,#21,.T.);
#6955 = ORIENTED_EDGE('',*,*,#141,.T.);
#6956 = ORIENTED_EDGE('',*,*,#219,.T.);
#6957 = ORIENTED_EDGE('',*,*,#295,.T.);
#6958 = ORIENTED_EDGE('',*,*,#373,.T.);
#6959 = ORIENTED_EDGE('',*,*,#449,.T.);
#6960 = ORIENTED_EDGE('',*,*,#527,.T.);
#6961 = ORIENTED_EDGE('',*,*,#6923,.F.);
#6962 = FACE_BOUND('',#6963,.F.);
#6963 = EDGE_LOOP('',(#6964));
#6964 = ORIENTED_EDGE('',*,*,#6614,.T.);
#6965 = ORIENTED_CLOSED_SHELL('',*,#6966,.F.);
#6966 = CLOSED_SHELL('',(#6967,#7199,#7273,#7436,#7577,#7653,#7724,#7751
    ,#7778,#7785,#7810,#7837,#7864,#7891,#7918));
#6967 = ADVANCED_FACE('',(#6968),#6982,.F.);
#6968 = FACE_BOUND('',#6969,.F.);
#6969 = EDGE_LOOP('',(#6970,#7005,#7033,#7061,#7089,#7117,#7145,#7173));
#6970 = ORIENTED_EDGE('',*,*,#6971,.F.);
#6971 = EDGE_CURVE('',#6972,#6974,#6976,.T.);
#6972 = VERTEX_POINT('',#6973);
#6973 = CARTESIAN_POINT('',(3.35,6.35,7.37));
#6974 = VERTEX_POINT('',#6975);
#6975 = CARTESIAN_POINT('',(3.35,6.75,7.37));
#6976 = SURFACE_CURVE('',#6977,(#6981,#6993),.PCURVE_S1.);
#6977 = LINE('',#6978,#6979);
#6978 = CARTESIAN_POINT('',(3.35,6.35,7.37));
#6979 = VECTOR('',#6980,1.);
#6980 = DIRECTION('',(0.,1.,0.));
#6981 = PCURVE('',#6982,#6987);
#6982 = PLANE('',#6983);
#6983 = AXIS2_PLACEMENT_3D('',#6984,#6985,#6986);
#6984 = CARTESIAN_POINT('',(3.35,6.35,4.2));
#6985 = DIRECTION('',(1.,0.,0.));
#6986 = DIRECTION('',(0.,0.,1.));
#6987 = DEFINITIONAL_REPRESENTATION('',(#6988),#6992);
#6988 = LINE('',#6989,#6990);
#6989 = CARTESIAN_POINT('',(3.17,0.));
#6990 = VECTOR('',#6991,1.);
#6991 = DIRECTION('',(0.,-1.));
#6992 = ( GEOMETRIC_REPRESENTATION_CONTEXT(2) 
PARAMETRIC_REPRESENTATION_CONTEXT() REPRESENTATION_CONTEXT('2D SPACE',''
  ) );
#6993 = PCURVE('',#6994,#6999);
#6994 = PLANE('',#6995);
#6995 = AXIS2_PLACEMENT_3D('',#6996,#6997,#6998);
#6996 = CARTESIAN_POINT('',(3.35,6.35,7.37));
#6997 = DIRECTION('',(0.,0.,1.));
#6998 = DIRECTION('',(1.,0.,0.));
#6999 = DEFINITIONAL_REPRESENTATION('',(#7000),#7004);
#7000 = LINE('',#7001,#7002);
#7001 = CARTESIAN_POINT('',(0.,0.));
#7002 = VECTOR('',#7003,1.);
#7003 = DIRECTION('',(0.,1.));
#7004 = ( GEOMETRIC_REPRESENTATION_CONTEXT(2) 
PARAMETRIC_REPRESENTATION_CONTEXT() REPRESENTATION_CONTEXT('2D SPACE',''
  ) );
#7005 = ORIENTED_EDGE('',*,*,#7006,.F.);
#7006 = EDGE_CURVE('',#7007,#6972,#7009,.T.);
#7007 = VERTEX_POINT('',#7008);
#7008 = CARTESIAN_POINT('',(3.35,6.35,4.2));
#7009 = SURFACE_CURVE('',#7010,(#7014,#7021),.PCURVE_S1.);
#7010 = LINE('',#7011,#7012);
#7011 = CARTESIAN_POINT('',(3.35,6.35,4.2));
#7012 = VECTOR('',#7013,1.);
#7013 = DIRECTION('',(0.,0.,1.));
#7014 = PCURVE('',#6982,#7015);
#7015 = DEFINITIONAL_REPRESENTATION('',(#7016),#7020);
#7016 = LINE('',#7017,#7018);
#7017 = CARTESIAN_POINT('',(0.,0.));
#7018 = VECTOR('',#7019,1.);
#7019 = DIRECTION('',(1.,0.));
#7020 = ( GEOMETRIC_REPRESENTATION_CONTEXT(2) 
PARAMETRIC_REPRESENTATION_CONTEXT() REPRESENTATION_CONTEXT('2D SPACE',''
  ) );
#7021 = PCURVE('',#7022,#7027);
#7022 = PLANE('',#7023);
#7023 = AXIS2_PLACEMENT_3D('',#7024,#7025,#7026);
#7024 = CARTESIAN_POINT('',(3.35,6.35,4.2));
#7025 = DIRECTION('',(0.,1.,0.));
#7026 = DIRECTION('',(0.,0.,1.));
#7027 = DEFINITIONAL_REPRESENTATION('',(#7028),#7032);
#7028 = LINE('',#7029,#7030);
#7029 = CARTESIAN_POINT('',(0.,0.));
#7030 = VECTOR('',#7031,1.);
#7031 = DIRECTION('',(1.,0.));
#7032 = ( GEOMETRIC_REPRESENTATION_CONTEXT(2) 
PARAMETRIC_REPRESENTATION_CONTEXT() REPRESENTATION_CONTEXT('2D SPACE',''
  ) );
#7033 = ORIENTED_EDGE('',*,*,#7034,.T.);
#7034 = EDGE_CURVE('',#7007,#7035,#7037,.T.);
#7035 = VERTEX_POINT('',#7036);
#7036 = CARTESIAN_POINT('',(3.35,12.65,4.2));
#7037 = SURFACE_CURVE('',#7038,(#7042,#7049),.PCURVE_S1.);
#7038 = LINE('',#7039,#7040);
#7039 = CARTESIAN_POINT('',(3.35,6.35,4.2));
#7040 = VECTOR('',#7041,1.);
#7041 = DIRECTION('',(0.,1.,0.));
#7042 = PCURVE('',#6982,#7043);
#7043 = DEFINITIONAL_REPRESENTATION('',(#7044),#7048);
#7044 = LINE('',#7045,#7046);
#7045 = CARTESIAN_POINT('',(0.,0.));
#7046 = VECTOR('',#7047,1.);
#7047 = DIRECTION('',(0.,-1.));
#7048 = ( GEOMETRIC_REPRESENTATION_CONTEXT(2) 
PARAMETRIC_REPRESENTATION_CONTEXT() REPRESENTATION_CONTEXT('2D SPACE',''
  ) );
#7049 = PCURVE('',#7050,#7055);
#7050 = PLANE('',#7051);
#7051 = AXIS2_PLACEMENT_3D('',#7052,#7053,#7054);
#7052 = CARTESIAN_POINT('',(3.35,6.35,4.2));
#7053 = DIRECTION('',(0.,0.,1.));
#7054 = DIRECTION('',(1.,0.,0.));
#7055 = DEFINITIONAL_REPRESENTATION('',(#7056),#7060);
#7056 = LINE('',#7057,#7058);
#7057 = CARTESIAN_POINT('',(0.,0.));
#7058 = VECTOR('',#7059,1.);
#7059 = DIRECTION('',(0.,1.));
#7060 = ( GEOMETRIC_REPRESENTATION_CONTEXT(2) 
PARAMETRIC_REPRESENTATION_CONTEXT() REPRESENTATION_CONTEXT('2D SPACE',''
  ) );
#7061 = ORIENTED_EDGE('',*,*,#7062,.T.);
#7062 = EDGE_CURVE('',#7035,#7063,#7065,.T.);
#7063 = VERTEX_POINT('',#7064);
#7064 = CARTESIAN_POINT('',(3.35,12.65,7.37));
#7065 = SURFACE_CURVE('',#7066,(#7070,#7077),.PCURVE_S1.);
#7066 = LINE('',#7067,#7068);
#7067 = CARTESIAN_POINT('',(3.35,12.65,4.2));
#7068 = VECTOR('',#7069,1.);
#7069 = DIRECTION('',(0.,0.,1.));
#7070 = PCURVE('',#6982,#7071);
#7071 = DEFINITIONAL_REPRESENTATION('',(#7072),#7076);
#7072 = LINE('',#7073,#7074);
#7073 = CARTESIAN_POINT('',(0.,-6.3));
#7074 = VECTOR('',#7075,1.);
#7075 = DIRECTION('',(1.,0.));
#7076 = ( GEOMETRIC_REPRESENTATION_CONTEXT(2) 
PARAMETRIC_REPRESENTATION_CONTEXT() REPRESENTATION_CONTEXT('2D SPACE',''
  ) );
#7077 = PCURVE('',#7078,#7083);
#7078 = PLANE('',#7079);
#7079 = AXIS2_PLACEMENT_3D('',#7080,#7081,#7082);
#7080 = CARTESIAN_POINT('',(3.35,12.65,4.2));
#7081 = DIRECTION('',(0.,1.,0.));
#7082 = DIRECTION('',(0.,0.,1.));
#7083 = DEFINITIONAL_REPRESENTATION('',(#7084),#7088);
#7084 = LINE('',#7085,#7086);
#7085 = CARTESIAN_POINT('',(0.,0.));
#7086 = VECTOR('',#7087,1.);
#7087 = DIRECTION('',(1.,0.));
#7088 = ( GEOMETRIC_REPRESENTATION_CONTEXT(2) 
PARAMETRIC_REPRESENTATION_CONTEXT() REPRESENTATION_CONTEXT('2D SPACE',''
  ) );
#7089 = ORIENTED_EDGE('',*,*,#7090,.F.);
#7090 = EDGE_CURVE('',#7091,#7063,#7093,.T.);
#7091 = VERTEX_POINT('',#7092);
#7092 = CARTESIAN_POINT('',(3.35,12.25,7.37));
#7093 = SURFACE_CURVE('',#7094,(#7098,#7105),.PCURVE_S1.);
#7094 = LINE('',#7095,#7096);
#7095 = CARTESIAN_POINT('',(3.35,6.35,7.37));
#7096 = VECTOR('',#7097,1.);
#7097 = DIRECTION('',(0.,1.,0.));
#7098 = PCURVE('',#6982,#7099);
#7099 = DEFINITIONAL_REPRESENTATION('',(#7100),#7104);
#7100 = LINE('',#7101,#7102);
#7101 = CARTESIAN_POINT('',(3.17,0.));
#7102 = VECTOR('',#7103,1.);
#7103 = DIRECTION('',(0.,-1.));
#7104 = ( GEOMETRIC_REPRESENTATION_CONTEXT(2) 
PARAMETRIC_REPRESENTATION_CONTEXT() REPRESENTATION_CONTEXT('2D SPACE',''
  ) );
#7105 = PCURVE('',#7106,#7111);
#7106 = PLANE('',#7107);
#7107 = AXIS2_PLACEMENT_3D('',#7108,#7109,#7110);
#7108 = CARTESIAN_POINT('',(3.35,6.35,7.37));
#7109 = DIRECTION('',(0.,0.,1.));
#7110 = DIRECTION('',(1.,0.,0.));
#7111 = DEFINITIONAL_REPRESENTATION('',(#7112),#7116);
#7112 = LINE('',#7113,#7114);
#7113 = CARTESIAN_POINT('',(0.,0.));
#7114 = VECTOR('',#7115,1.);
#7115 = DIRECTION('',(0.,1.));
#7116 = ( GEOMETRIC_REPRESENTATION_CONTEXT(2) 
PARAMETRIC_REPRESENTATION_CONTEXT() REPRESENTATION_CONTEXT('2D SPACE',''
  ) );
#7117 = ORIENTED_EDGE('',*,*,#7118,.T.);
#7118 = EDGE_CURVE('',#7091,#7119,#7121,.T.);
#7119 = VERTEX_POINT('',#7120);
#7120 = CARTESIAN_POINT('',(3.35,12.25,7.8));
#7121 = SURFACE_CURVE('',#7122,(#7126,#7133),.PCURVE_S1.);
#7122 = LINE('',#7123,#7124);
#7123 = CARTESIAN_POINT('',(3.35,12.25,7.33));
#7124 = VECTOR('',#7125,1.);
#7125 = DIRECTION('',(0.,0.,1.));
#7126 = PCURVE('',#6982,#7127);
#7127 = DEFINITIONAL_REPRESENTATION('',(#7128),#7132);
#7128 = LINE('',#7129,#7130);
#7129 = CARTESIAN_POINT('',(3.13,-5.9));
#7130 = VECTOR('',#7131,1.);
#7131 = DIRECTION('',(1.,0.));
#7132 = ( GEOMETRIC_REPRESENTATION_CONTEXT(2) 
PARAMETRIC_REPRESENTATION_CONTEXT() REPRESENTATION_CONTEXT('2D SPACE',''
  ) );
#7133 = PCURVE('',#7134,#7139);
#7134 = PLANE('',#7135);
#7135 = AXIS2_PLACEMENT_3D('',#7136,#7137,#7138);
#7136 = CARTESIAN_POINT('',(3.35,12.25,7.33));
#7137 = DIRECTION('',(0.,1.,0.));
#7138 = DIRECTION('',(0.,0.,1.));
#7139 = DEFINITIONAL_REPRESENTATION('',(#7140),#7144);
#7140 = LINE('',#7141,#7142);
#7141 = CARTESIAN_POINT('',(0.,0.));
#7142 = VECTOR('',#7143,1.);
#7143 = DIRECTION('',(1.,0.));
#7144 = ( GEOMETRIC_REPRESENTATION_CONTEXT(2) 
PARAMETRIC_REPRESENTATION_CONTEXT() REPRESENTATION_CONTEXT('2D SPACE',''
  ) );
#7145 = ORIENTED_EDGE('',*,*,#7146,.F.);
#7146 = EDGE_CURVE('',#7147,#7119,#7149,.T.);
#7147 = VERTEX_POINT('',#7148);
#7148 = CARTESIAN_POINT('',(3.35,6.75,7.8));
#7149 = SURFACE_CURVE('',#7150,(#7154,#7161),.PCURVE_S1.);
#7150 = LINE('',#7151,#7152);
#7151 = CARTESIAN_POINT('',(3.35,6.75,7.8));
#7152 = VECTOR('',#7153,1.);
#7153 = DIRECTION('',(0.,1.,0.));
#7154 = PCURVE('',#6982,#7155);
#7155 = DEFINITIONAL_REPRESENTATION('',(#7156),#7160);
#7156 = LINE('',#7157,#7158);
#7157 = CARTESIAN_POINT('',(3.6,-0.4));
#7158 = VECTOR('',#7159,1.);
#7159 = DIRECTION('',(0.,-1.));
#7160 = ( GEOMETRIC_REPRESENTATION_CONTEXT(2) 
PARAMETRIC_REPRESENTATION_CONTEXT() REPRESENTATION_CONTEXT('2D SPACE',''
  ) );
#7161 = PCURVE('',#7162,#7167);
#7162 = PLANE('',#7163);
#7163 = AXIS2_PLACEMENT_3D('',#7164,#7165,#7166);
#7164 = CARTESIAN_POINT('',(29.,0.,7.8));
#7165 = DIRECTION('',(0.,0.,1.));
#7166 = DIRECTION('',(1.,0.,-0.));
#7167 = DEFINITIONAL_REPRESENTATION('',(#7168),#7172);
#7168 = LINE('',#7169,#7170);
#7169 = CARTESIAN_POINT('',(-25.65,6.75));
#7170 = VECTOR('',#7171,1.);
#7171 = DIRECTION('',(0.,1.));
#7172 = ( GEOMETRIC_REPRESENTATION_CONTEXT(2) 
PARAMETRIC_REPRESENTATION_CONTEXT() REPRESENTATION_CONTEXT('2D SPACE',''
  ) );
#7173 = ORIENTED_EDGE('',*,*,#7174,.F.);
#7174 = EDGE_CURVE('',#6974,#7147,#7175,.T.);
#7175 = SURFACE_CURVE('',#7176,(#7180,#7187),.PCURVE_S1.);
#7176 = LINE('',#7177,#7178);
#7177 = CARTESIAN_POINT('',(3.35,6.75,7.33));
#7178 = VECTOR('',#7179,1.);
#7179 = DIRECTION('',(0.,0.,1.));
#7180 = PCURVE('',#6982,#7181);
#7181 = DEFINITIONAL_REPRESENTATION('',(#7182),#7186);
#7182 = LINE('',#7183,#7184);
#7183 = CARTESIAN_POINT('',(3.13,-0.4));
#7184 = VECTOR('',#7185,1.);
#7185 = DIRECTION('',(1.,0.));
#7186 = ( GEOMETRIC_REPRESENTATION_CONTEXT(2) 
PARAMETRIC_REPRESENTATION_CONTEXT() REPRESENTATION_CONTEXT('2D SPACE',''
  ) );
#7187 = PCURVE('',#7188,#7193);
#7188 = PLANE('',#7189);
#7189 = AXIS2_PLACEMENT_3D('',#7190,#7191,#7192);
#7190 = CARTESIAN_POINT('',(3.35,6.75,7.33));
#7191 = DIRECTION('',(0.,1.,0.));
#7192 = DIRECTION('',(0.,0.,1.));
#7193 = DEFINITIONAL_REPRESENTATION('',(#7194),#7198);
#7194 = LINE('',#7195,#7196);
#7195 = CARTESIAN_POINT('',(0.,0.));
#7196 = VECTOR('',#7197,1.);
#7197 = DIRECTION('',(1.,0.));
#7198 = ( GEOMETRIC_REPRESENTATION_CONTEXT(2) 
PARAMETRIC_REPRESENTATION_CONTEXT() REPRESENTATION_CONTEXT('2D SPACE',''
  ) );
#7199 = ADVANCED_FACE('',(#7200),#7188,.F.);
#7200 = FACE_BOUND('',#7201,.F.);
#7201 = EDGE_LOOP('',(#7202,#7232,#7251,#7252));
#7202 = ORIENTED_EDGE('',*,*,#7203,.F.);
#7203 = EDGE_CURVE('',#7204,#7206,#7208,.T.);
#7204 = VERTEX_POINT('',#7205);
#7205 = CARTESIAN_POINT('',(15.65,6.75,7.37));
#7206 = VERTEX_POINT('',#7207);
#7207 = CARTESIAN_POINT('',(15.65,6.75,7.8));
#7208 = SURFACE_CURVE('',#7209,(#7213,#7220),.PCURVE_S1.);
#7209 = LINE('',#7210,#7211);
#7210 = CARTESIAN_POINT('',(15.65,6.75,7.33));
#7211 = VECTOR('',#7212,1.);
#7212 = DIRECTION('',(0.,0.,1.));
#7213 = PCURVE('',#7188,#7214);
#7214 = DEFINITIONAL_REPRESENTATION('',(#7215),#7219);
#7215 = LINE('',#7216,#7217);
#7216 = CARTESIAN_POINT('',(0.,12.3));
#7217 = VECTOR('',#7218,1.);
#7218 = DIRECTION('',(1.,0.));
#7219 = ( GEOMETRIC_REPRESENTATION_CONTEXT(2) 
PARAMETRIC_REPRESENTATION_CONTEXT() REPRESENTATION_CONTEXT('2D SPACE',''
  ) );
#7220 = PCURVE('',#7221,#7226);
#7221 = PLANE('',#7222);
#7222 = AXIS2_PLACEMENT_3D('',#7223,#7224,#7225);
#7223 = CARTESIAN_POINT('',(15.65,6.35,4.2));
#7224 = DIRECTION('',(1.,0.,0.));
#7225 = DIRECTION('',(0.,0.,1.));
#7226 = DEFINITIONAL_REPRESENTATION('',(#7227),#7231);
#7227 = LINE('',#7228,#7229);
#7228 = CARTESIAN_POINT('',(3.13,-0.4));
#7229 = VECTOR('',#7230,1.);
#7230 = DIRECTION('',(1.,0.));
#7231 = ( GEOMETRIC_REPRESENTATION_CONTEXT(2) 
PARAMETRIC_REPRESENTATION_CONTEXT() REPRESENTATION_CONTEXT('2D SPACE',''
  ) );
#7232 = ORIENTED_EDGE('',*,*,#7233,.T.);
#7233 = EDGE_CURVE('',#7204,#6974,#7234,.T.);
#7234 = SURFACE_CURVE('',#7235,(#7239,#7245),.PCURVE_S1.);
#7235 = LINE('',#7236,#7237);
#7236 = CARTESIAN_POINT('',(3.35,6.75,7.37));
#7237 = VECTOR('',#7238,1.);
#7238 = DIRECTION('',(-1.,0.,0.));
#7239 = PCURVE('',#7188,#7240);
#7240 = DEFINITIONAL_REPRESENTATION('',(#7241),#7244);
#7241 = B_SPLINE_CURVE_WITH_KNOTS('',1,(#7242,#7243),.UNSPECIFIED.,.F.,
  .F.,(2,2),(-12.3,0.),.PIECEWISE_BEZIER_KNOTS.);
#7242 = CARTESIAN_POINT('',(4.E-02,12.3));
#7243 = CARTESIAN_POINT('',(4.E-02,0.));
#7244 = ( GEOMETRIC_REPRESENTATION_CONTEXT(2) 
PARAMETRIC_REPRESENTATION_CONTEXT() REPRESENTATION_CONTEXT('2D SPACE',''
  ) );
#7245 = PCURVE('',#6994,#7246);
#7246 = DEFINITIONAL_REPRESENTATION('',(#7247),#7250);
#7247 = B_SPLINE_CURVE_WITH_KNOTS('',1,(#7248,#7249),.UNSPECIFIED.,.F.,
  .F.,(2,2),(-12.3,0.),.PIECEWISE_BEZIER_KNOTS.);
#7248 = CARTESIAN_POINT('',(12.3,0.4));
#7249 = CARTESIAN_POINT('',(0.,0.4));
#7250 = ( GEOMETRIC_REPRESENTATION_CONTEXT(2) 
PARAMETRIC_REPRESENTATION_CONTEXT() REPRESENTATION_CONTEXT('2D SPACE',''
  ) );
#7251 = ORIENTED_EDGE('',*,*,#7174,.T.);
#7252 = ORIENTED_EDGE('',*,*,#7253,.T.);
#7253 = EDGE_CURVE('',#7147,#7206,#7254,.T.);
#7254 = SURFACE_CURVE('',#7255,(#7259,#7266),.PCURVE_S1.);
#7255 = LINE('',#7256,#7257);
#7256 = CARTESIAN_POINT('',(3.35,6.75,7.8));
#7257 = VECTOR('',#7258,1.);
#7258 = DIRECTION('',(1.,0.,0.));
#7259 = PCURVE('',#7188,#7260);
#7260 = DEFINITIONAL_REPRESENTATION('',(#7261),#7265);
#7261 = LINE('',#7262,#7263);
#7262 = CARTESIAN_POINT('',(0.47,0.));
#7263 = VECTOR('',#7264,1.);
#7264 = DIRECTION('',(0.,1.));
#7265 = ( GEOMETRIC_REPRESENTATION_CONTEXT(2) 
PARAMETRIC_REPRESENTATION_CONTEXT() REPRESENTATION_CONTEXT('2D SPACE',''
  ) );
#7266 = PCURVE('',#7162,#7267);
#7267 = DEFINITIONAL_REPRESENTATION('',(#7268),#7272);
#7268 = LINE('',#7269,#7270);
#7269 = CARTESIAN_POINT('',(-25.65,6.75));
#7270 = VECTOR('',#7271,1.);
#7271 = DIRECTION('',(1.,0.));
#7272 = ( GEOMETRIC_REPRESENTATION_CONTEXT(2) 
PARAMETRIC_REPRESENTATION_CONTEXT() REPRESENTATION_CONTEXT('2D SPACE',''
  ) );
#7273 = ADVANCED_FACE('',(#7274),#7221,.T.);
#7274 = FACE_BOUND('',#7275,.T.);
#7275 = EDGE_LOOP('',(#7276,#7299,#7322,#7345,#7368,#7391,#7414,#7435));
#7276 = ORIENTED_EDGE('',*,*,#7277,.F.);
#7277 = EDGE_CURVE('',#7278,#7204,#7280,.T.);
#7278 = VERTEX_POINT('',#7279);
#7279 = CARTESIAN_POINT('',(15.65,6.35,7.37));
#7280 = SURFACE_CURVE('',#7281,(#7285,#7292),.PCURVE_S1.);
#7281 = LINE('',#7282,#7283);
#7282 = CARTESIAN_POINT('',(15.65,6.35,7.37));
#7283 = VECTOR('',#7284,1.);
#7284 = DIRECTION('',(0.,1.,0.));
#7285 = PCURVE('',#7221,#7286);
#7286 = DEFINITIONAL_REPRESENTATION('',(#7287),#7291);
#7287 = LINE('',#7288,#7289);
#7288 = CARTESIAN_POINT('',(3.17,0.));
#7289 = VECTOR('',#7290,1.);
#7290 = DIRECTION('',(0.,-1.));
#7291 = ( GEOMETRIC_REPRESENTATION_CONTEXT(2) 
PARAMETRIC_REPRESENTATION_CONTEXT() REPRESENTATION_CONTEXT('2D SPACE',''
  ) );
#7292 = PCURVE('',#6994,#7293);
#7293 = DEFINITIONAL_REPRESENTATION('',(#7294),#7298);
#7294 = LINE('',#7295,#7296);
#7295 = CARTESIAN_POINT('',(12.3,0.));
#7296 = VECTOR('',#7297,1.);
#7297 = DIRECTION('',(0.,1.));
#7298 = ( GEOMETRIC_REPRESENTATION_CONTEXT(2) 
PARAMETRIC_REPRESENTATION_CONTEXT() REPRESENTATION_CONTEXT('2D SPACE',''
  ) );
#7299 = ORIENTED_EDGE('',*,*,#7300,.F.);
#7300 = EDGE_CURVE('',#7301,#7278,#7303,.T.);
#7301 = VERTEX_POINT('',#7302);
#7302 = CARTESIAN_POINT('',(15.65,6.35,4.2));
#7303 = SURFACE_CURVE('',#7304,(#7308,#7315),.PCURVE_S1.);
#7304 = LINE('',#7305,#7306);
#7305 = CARTESIAN_POINT('',(15.65,6.35,4.2));
#7306 = VECTOR('',#7307,1.);
#7307 = DIRECTION('',(0.,0.,1.));
#7308 = PCURVE('',#7221,#7309);
#7309 = DEFINITIONAL_REPRESENTATION('',(#7310),#7314);
#7310 = LINE('',#7311,#7312);
#7311 = CARTESIAN_POINT('',(0.,0.));
#7312 = VECTOR('',#7313,1.);
#7313 = DIRECTION('',(1.,0.));
#7314 = ( GEOMETRIC_REPRESENTATION_CONTEXT(2) 
PARAMETRIC_REPRESENTATION_CONTEXT() REPRESENTATION_CONTEXT('2D SPACE',''
  ) );
#7315 = PCURVE('',#7022,#7316);
#7316 = DEFINITIONAL_REPRESENTATION('',(#7317),#7321);
#7317 = LINE('',#7318,#7319);
#7318 = CARTESIAN_POINT('',(0.,12.3));
#7319 = VECTOR('',#7320,1.);
#7320 = DIRECTION('',(1.,0.));
#7321 = ( GEOMETRIC_REPRESENTATION_CONTEXT(2) 
PARAMETRIC_REPRESENTATION_CONTEXT() REPRESENTATION_CONTEXT('2D SPACE',''
  ) );
#7322 = ORIENTED_EDGE('',*,*,#7323,.T.);
#7323 = EDGE_CURVE('',#7301,#7324,#7326,.T.);
#7324 = VERTEX_POINT('',#7325);
#7325 = CARTESIAN_POINT('',(15.65,12.65,4.2));
#7326 = SURFACE_CURVE('',#7327,(#7331,#7338),.PCURVE_S1.);
#7327 = LINE('',#7328,#7329);
#7328 = CARTESIAN_POINT('',(15.65,6.35,4.2));
#7329 = VECTOR('',#7330,1.);
#7330 = DIRECTION('',(0.,1.,0.));
#7331 = PCURVE('',#7221,#7332);
#7332 = DEFINITIONAL_REPRESENTATION('',(#7333),#7337);
#7333 = LINE('',#7334,#7335);
#7334 = CARTESIAN_POINT('',(0.,0.));
#7335 = VECTOR('',#7336,1.);
#7336 = DIRECTION('',(0.,-1.));
#7337 = ( GEOMETRIC_REPRESENTATION_CONTEXT(2) 
PARAMETRIC_REPRESENTATION_CONTEXT() REPRESENTATION_CONTEXT('2D SPACE',''
  ) );
#7338 = PCURVE('',#7050,#7339);
#7339 = DEFINITIONAL_REPRESENTATION('',(#7340),#7344);
#7340 = LINE('',#7341,#7342);
#7341 = CARTESIAN_POINT('',(12.3,0.));
#7342 = VECTOR('',#7343,1.);
#7343 = DIRECTION('',(0.,1.));
#7344 = ( GEOMETRIC_REPRESENTATION_CONTEXT(2) 
PARAMETRIC_REPRESENTATION_CONTEXT() REPRESENTATION_CONTEXT('2D SPACE',''
  ) );
#7345 = ORIENTED_EDGE('',*,*,#7346,.T.);
#7346 = EDGE_CURVE('',#7324,#7347,#7349,.T.);
#7347 = VERTEX_POINT('',#7348);
#7348 = CARTESIAN_POINT('',(15.65,12.65,7.37));
#7349 = SURFACE_CURVE('',#7350,(#7354,#7361),.PCURVE_S1.);
#7350 = LINE('',#7351,#7352);
#7351 = CARTESIAN_POINT('',(15.65,12.65,4.2));
#7352 = VECTOR('',#7353,1.);
#7353 = DIRECTION('',(0.,0.,1.));
#7354 = PCURVE('',#7221,#7355);
#7355 = DEFINITIONAL_REPRESENTATION('',(#7356),#7360);
#7356 = LINE('',#7357,#7358);
#7357 = CARTESIAN_POINT('',(0.,-6.3));
#7358 = VECTOR('',#7359,1.);
#7359 = DIRECTION('',(1.,0.));
#7360 = ( GEOMETRIC_REPRESENTATION_CONTEXT(2) 
PARAMETRIC_REPRESENTATION_CONTEXT() REPRESENTATION_CONTEXT('2D SPACE',''
  ) );
#7361 = PCURVE('',#7078,#7362);
#7362 = DEFINITIONAL_REPRESENTATION('',(#7363),#7367);
#7363 = LINE('',#7364,#7365);
#7364 = CARTESIAN_POINT('',(0.,12.3));
#7365 = VECTOR('',#7366,1.);
#7366 = DIRECTION('',(1.,0.));
#7367 = ( GEOMETRIC_REPRESENTATION_CONTEXT(2) 
PARAMETRIC_REPRESENTATION_CONTEXT() REPRESENTATION_CONTEXT('2D SPACE',''
  ) );
#7368 = ORIENTED_EDGE('',*,*,#7369,.F.);
#7369 = EDGE_CURVE('',#7370,#7347,#7372,.T.);
#7370 = VERTEX_POINT('',#7371);
#7371 = CARTESIAN_POINT('',(15.65,12.25,7.37));
#7372 = SURFACE_CURVE('',#7373,(#7377,#7384),.PCURVE_S1.);
#7373 = LINE('',#7374,#7375);
#7374 = CARTESIAN_POINT('',(15.65,6.35,7.37));
#7375 = VECTOR('',#7376,1.);
#7376 = DIRECTION('',(0.,1.,0.));
#7377 = PCURVE('',#7221,#7378);
#7378 = DEFINITIONAL_REPRESENTATION('',(#7379),#7383);
#7379 = LINE('',#7380,#7381);
#7380 = CARTESIAN_POINT('',(3.17,0.));
#7381 = VECTOR('',#7382,1.);
#7382 = DIRECTION('',(0.,-1.));
#7383 = ( GEOMETRIC_REPRESENTATION_CONTEXT(2) 
PARAMETRIC_REPRESENTATION_CONTEXT() REPRESENTATION_CONTEXT('2D SPACE',''
  ) );
#7384 = PCURVE('',#7106,#7385);
#7385 = DEFINITIONAL_REPRESENTATION('',(#7386),#7390);
#7386 = LINE('',#7387,#7388);
#7387 = CARTESIAN_POINT('',(12.3,0.));
#7388 = VECTOR('',#7389,1.);
#7389 = DIRECTION('',(0.,1.));
#7390 = ( GEOMETRIC_REPRESENTATION_CONTEXT(2) 
PARAMETRIC_REPRESENTATION_CONTEXT() REPRESENTATION_CONTEXT('2D SPACE',''
  ) );
#7391 = ORIENTED_EDGE('',*,*,#7392,.T.);
#7392 = EDGE_CURVE('',#7370,#7393,#7395,.T.);
#7393 = VERTEX_POINT('',#7394);
#7394 = CARTESIAN_POINT('',(15.65,12.25,7.8));
#7395 = SURFACE_CURVE('',#7396,(#7400,#7407),.PCURVE_S1.);
#7396 = LINE('',#7397,#7398);
#7397 = CARTESIAN_POINT('',(15.65,12.25,7.33));
#7398 = VECTOR('',#7399,1.);
#7399 = DIRECTION('',(0.,0.,1.));
#7400 = PCURVE('',#7221,#7401);
#7401 = DEFINITIONAL_REPRESENTATION('',(#7402),#7406);
#7402 = LINE('',#7403,#7404);
#7403 = CARTESIAN_POINT('',(3.13,-5.9));
#7404 = VECTOR('',#7405,1.);
#7405 = DIRECTION('',(1.,0.));
#7406 = ( GEOMETRIC_REPRESENTATION_CONTEXT(2) 
PARAMETRIC_REPRESENTATION_CONTEXT() REPRESENTATION_CONTEXT('2D SPACE',''
  ) );
#7407 = PCURVE('',#7134,#7408);
#7408 = DEFINITIONAL_REPRESENTATION('',(#7409),#7413);
#7409 = LINE('',#7410,#7411);
#7410 = CARTESIAN_POINT('',(0.,12.3));
#7411 = VECTOR('',#7412,1.);
#7412 = DIRECTION('',(1.,0.));
#7413 = ( GEOMETRIC_REPRESENTATION_CONTEXT(2) 
PARAMETRIC_REPRESENTATION_CONTEXT() REPRESENTATION_CONTEXT('2D SPACE',''
  ) );
#7414 = ORIENTED_EDGE('',*,*,#7415,.F.);
#7415 = EDGE_CURVE('',#7206,#7393,#7416,.T.);
#7416 = SURFACE_CURVE('',#7417,(#7421,#7428),.PCURVE_S1.);
#7417 = LINE('',#7418,#7419);
#7418 = CARTESIAN_POINT('',(15.65,6.75,7.8));
#7419 = VECTOR('',#7420,1.);
#7420 = DIRECTION('',(0.,1.,0.));
#7421 = PCURVE('',#7221,#7422);
#7422 = DEFINITIONAL_REPRESENTATION('',(#7423),#7427);
#7423 = LINE('',#7424,#7425);
#7424 = CARTESIAN_POINT('',(3.6,-0.4));
#7425 = VECTOR('',#7426,1.);
#7426 = DIRECTION('',(0.,-1.));
#7427 = ( GEOMETRIC_REPRESENTATION_CONTEXT(2) 
PARAMETRIC_REPRESENTATION_CONTEXT() REPRESENTATION_CONTEXT('2D SPACE',''
  ) );
#7428 = PCURVE('',#7162,#7429);
#7429 = DEFINITIONAL_REPRESENTATION('',(#7430),#7434);
#7430 = LINE('',#7431,#7432);
#7431 = CARTESIAN_POINT('',(-13.35,6.75));
#7432 = VECTOR('',#7433,1.);
#7433 = DIRECTION('',(0.,1.));
#7434 = ( GEOMETRIC_REPRESENTATION_CONTEXT(2) 
PARAMETRIC_REPRESENTATION_CONTEXT() REPRESENTATION_CONTEXT('2D SPACE',''
  ) );
#7435 = ORIENTED_EDGE('',*,*,#7203,.F.);
#7436 = ADVANCED_FACE('',(#7437,#7463),#7162,.T.);
#7437 = FACE_BOUND('',#7438,.T.);
#7438 = EDGE_LOOP('',(#7439,#7460,#7461,#7462));
#7439 = ORIENTED_EDGE('',*,*,#7440,.F.);
#7440 = EDGE_CURVE('',#7119,#7393,#7441,.T.);
#7441 = SURFACE_CURVE('',#7442,(#7446,#7453),.PCURVE_S1.);
#7442 = LINE('',#7443,#7444);
#7443 = CARTESIAN_POINT('',(3.35,12.25,7.8));
#7444 = VECTOR('',#7445,1.);
#7445 = DIRECTION('',(1.,0.,0.));
#7446 = PCURVE('',#7162,#7447);
#7447 = DEFINITIONAL_REPRESENTATION('',(#7448),#7452);
#7448 = LINE('',#7449,#7450);
#7449 = CARTESIAN_POINT('',(-25.65,12.25));
#7450 = VECTOR('',#7451,1.);
#7451 = DIRECTION('',(1.,0.));
#7452 = ( GEOMETRIC_REPRESENTATION_CONTEXT(2) 
PARAMETRIC_REPRESENTATION_CONTEXT() REPRESENTATION_CONTEXT('2D SPACE',''
  ) );
#7453 = PCURVE('',#7134,#7454);
#7454 = DEFINITIONAL_REPRESENTATION('',(#7455),#7459);
#7455 = LINE('',#7456,#7457);
#7456 = CARTESIAN_POINT('',(0.47,0.));
#7457 = VECTOR('',#7458,1.);
#7458 = DIRECTION('',(0.,1.));
#7459 = ( GEOMETRIC_REPRESENTATION_CONTEXT(2) 
PARAMETRIC_REPRESENTATION_CONTEXT() REPRESENTATION_CONTEXT('2D SPACE',''
  ) );
#7460 = ORIENTED_EDGE('',*,*,#7146,.F.);
#7461 = ORIENTED_EDGE('',*,*,#7253,.T.);
#7462 = ORIENTED_EDGE('',*,*,#7415,.T.);
#7463 = FACE_BOUND('',#7464,.T.);
#7464 = EDGE_LOOP('',(#7465,#7495,#7523,#7551));
#7465 = ORIENTED_EDGE('',*,*,#7466,.T.);
#7466 = EDGE_CURVE('',#7467,#7469,#7471,.T.);
#7467 = VERTEX_POINT('',#7468);
#7468 = CARTESIAN_POINT('',(15.,7.2,7.8));
#7469 = VERTEX_POINT('',#7470);
#7470 = CARTESIAN_POINT('',(4.,7.2,7.8));
#7471 = SURFACE_CURVE('',#7472,(#7476,#7483),.PCURVE_S1.);
#7472 = LINE('',#7473,#7474);
#7473 = CARTESIAN_POINT('',(16.5,7.2,7.8));
#7474 = VECTOR('',#7475,1.);
#7475 = DIRECTION('',(-1.,0.,0.));
#7476 = PCURVE('',#7162,#7477);
#7477 = DEFINITIONAL_REPRESENTATION('',(#7478),#7482);
#7478 = LINE('',#7479,#7480);
#7479 = CARTESIAN_POINT('',(-12.5,7.2));
#7480 = VECTOR('',#7481,1.);
#7481 = DIRECTION('',(-1.,0.));
#7482 = ( GEOMETRIC_REPRESENTATION_CONTEXT(2) 
PARAMETRIC_REPRESENTATION_CONTEXT() REPRESENTATION_CONTEXT('2D SPACE',''
  ) );
#7483 = PCURVE('',#7484,#7489);
#7484 = PLANE('',#7485);
#7485 = AXIS2_PLACEMENT_3D('',#7486,#7487,#7488);
#7486 = CARTESIAN_POINT('',(4.,7.2,7.3));
#7487 = DIRECTION('',(0.,1.,0.));
#7488 = DIRECTION('',(0.,0.,1.));
#7489 = DEFINITIONAL_REPRESENTATION('',(#7490),#7494);
#7490 = LINE('',#7491,#7492);
#7491 = CARTESIAN_POINT('',(0.5,12.5));
#7492 = VECTOR('',#7493,1.);
#7493 = DIRECTION('',(0.,-1.));
#7494 = ( GEOMETRIC_REPRESENTATION_CONTEXT(2) 
PARAMETRIC_REPRESENTATION_CONTEXT() REPRESENTATION_CONTEXT('2D SPACE',''
  ) );
#7495 = ORIENTED_EDGE('',*,*,#7496,.T.);
#7496 = EDGE_CURVE('',#7469,#7497,#7499,.T.);
#7497 = VERTEX_POINT('',#7498);
#7498 = CARTESIAN_POINT('',(4.,11.8,7.8));
#7499 = SURFACE_CURVE('',#7500,(#7504,#7511),.PCURVE_S1.);
#7500 = LINE('',#7501,#7502);
#7501 = CARTESIAN_POINT('',(4.,3.6,7.8));
#7502 = VECTOR('',#7503,1.);
#7503 = DIRECTION('',(0.,1.,0.));
#7504 = PCURVE('',#7162,#7505);
#7505 = DEFINITIONAL_REPRESENTATION('',(#7506),#7510);
#7506 = LINE('',#7507,#7508);
#7507 = CARTESIAN_POINT('',(-25.,3.6));
#7508 = VECTOR('',#7509,1.);
#7509 = DIRECTION('',(0.,1.));
#7510 = ( GEOMETRIC_REPRESENTATION_CONTEXT(2) 
PARAMETRIC_REPRESENTATION_CONTEXT() REPRESENTATION_CONTEXT('2D SPACE',''
  ) );
#7511 = PCURVE('',#7512,#7517);
#7512 = PLANE('',#7513);
#7513 = AXIS2_PLACEMENT_3D('',#7514,#7515,#7516);
#7514 = CARTESIAN_POINT('',(4.,7.2,7.3));
#7515 = DIRECTION('',(1.,0.,0.));
#7516 = DIRECTION('',(0.,0.,1.));
#7517 = DEFINITIONAL_REPRESENTATION('',(#7518),#7522);
#7518 = LINE('',#7519,#7520);
#7519 = CARTESIAN_POINT('',(0.5,3.6));
#7520 = VECTOR('',#7521,1.);
#7521 = DIRECTION('',(0.,-1.));
#7522 = ( GEOMETRIC_REPRESENTATION_CONTEXT(2) 
PARAMETRIC_REPRESENTATION_CONTEXT() REPRESENTATION_CONTEXT('2D SPACE',''
  ) );
#7523 = ORIENTED_EDGE('',*,*,#7524,.F.);
#7524 = EDGE_CURVE('',#7525,#7497,#7527,.T.);
#7525 = VERTEX_POINT('',#7526);
#7526 = CARTESIAN_POINT('',(15.,11.8,7.8));
#7527 = SURFACE_CURVE('',#7528,(#7532,#7539),.PCURVE_S1.);
#7528 = LINE('',#7529,#7530);
#7529 = CARTESIAN_POINT('',(16.5,11.8,7.8));
#7530 = VECTOR('',#7531,1.);
#7531 = DIRECTION('',(-1.,0.,0.));
#7532 = PCURVE('',#7162,#7533);
#7533 = DEFINITIONAL_REPRESENTATION('',(#7534),#7538);
#7534 = LINE('',#7535,#7536);
#7535 = CARTESIAN_POINT('',(-12.5,11.8));
#7536 = VECTOR('',#7537,1.);
#7537 = DIRECTION('',(-1.,0.));
#7538 = ( GEOMETRIC_REPRESENTATION_CONTEXT(2) 
PARAMETRIC_REPRESENTATION_CONTEXT() REPRESENTATION_CONTEXT('2D SPACE',''
  ) );
#7539 = PCURVE('',#7540,#7545);
#7540 = PLANE('',#7541);
#7541 = AXIS2_PLACEMENT_3D('',#7542,#7543,#7544);
#7542 = CARTESIAN_POINT('',(4.,11.8,7.3));
#7543 = DIRECTION('',(0.,1.,0.));
#7544 = DIRECTION('',(0.,0.,1.));
#7545 = DEFINITIONAL_REPRESENTATION('',(#7546),#7550);
#7546 = LINE('',#7547,#7548);
#7547 = CARTESIAN_POINT('',(0.5,12.5));
#7548 = VECTOR('',#7549,1.);
#7549 = DIRECTION('',(0.,-1.));
#7550 = ( GEOMETRIC_REPRESENTATION_CONTEXT(2) 
PARAMETRIC_REPRESENTATION_CONTEXT() REPRESENTATION_CONTEXT('2D SPACE',''
  ) );
#7551 = ORIENTED_EDGE('',*,*,#7552,.F.);
#7552 = EDGE_CURVE('',#7467,#7525,#7553,.T.);
#7553 = SURFACE_CURVE('',#7554,(#7558,#7565),.PCURVE_S1.);
#7554 = LINE('',#7555,#7556);
#7555 = CARTESIAN_POINT('',(15.,3.6,7.8));
#7556 = VECTOR('',#7557,1.);
#7557 = DIRECTION('',(0.,1.,0.));
#7558 = PCURVE('',#7162,#7559);
#7559 = DEFINITIONAL_REPRESENTATION('',(#7560),#7564);
#7560 = LINE('',#7561,#7562);
#7561 = CARTESIAN_POINT('',(-14.,3.6));
#7562 = VECTOR('',#7563,1.);
#7563 = DIRECTION('',(0.,1.));
#7564 = ( GEOMETRIC_REPRESENTATION_CONTEXT(2) 
PARAMETRIC_REPRESENTATION_CONTEXT() REPRESENTATION_CONTEXT('2D SPACE',''
  ) );
#7565 = PCURVE('',#7566,#7571);
#7566 = PLANE('',#7567);
#7567 = AXIS2_PLACEMENT_3D('',#7568,#7569,#7570);
#7568 = CARTESIAN_POINT('',(15.,7.2,7.3));
#7569 = DIRECTION('',(1.,0.,0.));
#7570 = DIRECTION('',(0.,0.,1.));
#7571 = DEFINITIONAL_REPRESENTATION('',(#7572),#7576);
#7572 = LINE('',#7573,#7574);
#7573 = CARTESIAN_POINT('',(0.5,3.6));
#7574 = VECTOR('',#7575,1.);
#7575 = DIRECTION('',(0.,-1.));
#7576 = ( GEOMETRIC_REPRESENTATION_CONTEXT(2) 
PARAMETRIC_REPRESENTATION_CONTEXT() REPRESENTATION_CONTEXT('2D SPACE',''
  ) );
#7577 = ADVANCED_FACE('',(#7578),#7540,.F.);
#7578 = FACE_BOUND('',#7579,.F.);
#7579 = EDGE_LOOP('',(#7580,#7603,#7631,#7652));
#7580 = ORIENTED_EDGE('',*,*,#7581,.F.);
#7581 = EDGE_CURVE('',#7582,#7525,#7584,.T.);
#7582 = VERTEX_POINT('',#7583);
#7583 = CARTESIAN_POINT('',(15.,11.8,7.3));
#7584 = SURFACE_CURVE('',#7585,(#7589,#7596),.PCURVE_S1.);
#7585 = LINE('',#7586,#7587);
#7586 = CARTESIAN_POINT('',(15.,11.8,7.3));
#7587 = VECTOR('',#7588,1.);
#7588 = DIRECTION('',(0.,0.,1.));
#7589 = PCURVE('',#7540,#7590);
#7590 = DEFINITIONAL_REPRESENTATION('',(#7591),#7595);
#7591 = LINE('',#7592,#7593);
#7592 = CARTESIAN_POINT('',(0.,11.));
#7593 = VECTOR('',#7594,1.);
#7594 = DIRECTION('',(1.,0.));
#7595 = ( GEOMETRIC_REPRESENTATION_CONTEXT(2) 
PARAMETRIC_REPRESENTATION_CONTEXT() REPRESENTATION_CONTEXT('2D SPACE',''
  ) );
#7596 = PCURVE('',#7566,#7597);
#7597 = DEFINITIONAL_REPRESENTATION('',(#7598),#7602);
#7598 = LINE('',#7599,#7600);
#7599 = CARTESIAN_POINT('',(0.,-4.6));
#7600 = VECTOR('',#7601,1.);
#7601 = DIRECTION('',(1.,0.));
#7602 = ( GEOMETRIC_REPRESENTATION_CONTEXT(2) 
PARAMETRIC_REPRESENTATION_CONTEXT() REPRESENTATION_CONTEXT('2D SPACE',''
  ) );
#7603 = ORIENTED_EDGE('',*,*,#7604,.F.);
#7604 = EDGE_CURVE('',#7605,#7582,#7607,.T.);
#7605 = VERTEX_POINT('',#7606);
#7606 = CARTESIAN_POINT('',(4.,11.8,7.3));
#7607 = SURFACE_CURVE('',#7608,(#7612,#7619),.PCURVE_S1.);
#7608 = LINE('',#7609,#7610);
#7609 = CARTESIAN_POINT('',(4.,11.8,7.3));
#7610 = VECTOR('',#7611,1.);
#7611 = DIRECTION('',(1.,0.,0.));
#7612 = PCURVE('',#7540,#7613);
#7613 = DEFINITIONAL_REPRESENTATION('',(#7614),#7618);
#7614 = LINE('',#7615,#7616);
#7615 = CARTESIAN_POINT('',(0.,0.));
#7616 = VECTOR('',#7617,1.);
#7617 = DIRECTION('',(0.,1.));
#7618 = ( GEOMETRIC_REPRESENTATION_CONTEXT(2) 
PARAMETRIC_REPRESENTATION_CONTEXT() REPRESENTATION_CONTEXT('2D SPACE',''
  ) );
#7619 = PCURVE('',#7620,#7625);
#7620 = PLANE('',#7621);
#7621 = AXIS2_PLACEMENT_3D('',#7622,#7623,#7624);
#7622 = CARTESIAN_POINT('',(4.,7.2,7.3));
#7623 = DIRECTION('',(0.,0.,1.));
#7624 = DIRECTION('',(1.,0.,0.));
#7625 = DEFINITIONAL_REPRESENTATION('',(#7626),#7630);
#7626 = LINE('',#7627,#7628);
#7627 = CARTESIAN_POINT('',(0.,4.6));
#7628 = VECTOR('',#7629,1.);
#7629 = DIRECTION('',(1.,0.));
#7630 = ( GEOMETRIC_REPRESENTATION_CONTEXT(2) 
PARAMETRIC_REPRESENTATION_CONTEXT() REPRESENTATION_CONTEXT('2D SPACE',''
  ) );
#7631 = ORIENTED_EDGE('',*,*,#7632,.T.);
#7632 = EDGE_CURVE('',#7605,#7497,#7633,.T.);
#7633 = SURFACE_CURVE('',#7634,(#7638,#7645),.PCURVE_S1.);
#7634 = LINE('',#7635,#7636);
#7635 = CARTESIAN_POINT('',(4.,11.8,7.3));
#7636 = VECTOR('',#7637,1.);
#7637 = DIRECTION('',(0.,0.,1.));
#7638 = PCURVE('',#7540,#7639);
#7639 = DEFINITIONAL_REPRESENTATION('',(#7640),#7644);
#7640 = LINE('',#7641,#7642);
#7641 = CARTESIAN_POINT('',(0.,0.));
#7642 = VECTOR('',#7643,1.);
#7643 = DIRECTION('',(1.,0.));
#7644 = ( GEOMETRIC_REPRESENTATION_CONTEXT(2) 
PARAMETRIC_REPRESENTATION_CONTEXT() REPRESENTATION_CONTEXT('2D SPACE',''
  ) );
#7645 = PCURVE('',#7512,#7646);
#7646 = DEFINITIONAL_REPRESENTATION('',(#7647),#7651);
#7647 = LINE('',#7648,#7649);
#7648 = CARTESIAN_POINT('',(0.,-4.6));
#7649 = VECTOR('',#7650,1.);
#7650 = DIRECTION('',(1.,0.));
#7651 = ( GEOMETRIC_REPRESENTATION_CONTEXT(2) 
PARAMETRIC_REPRESENTATION_CONTEXT() REPRESENTATION_CONTEXT('2D SPACE',''
  ) );
#7652 = ORIENTED_EDGE('',*,*,#7524,.F.);
#7653 = ADVANCED_FACE('',(#7654),#7620,.T.);
#7654 = FACE_BOUND('',#7655,.T.);
#7655 = EDGE_LOOP('',(#7656,#7679,#7702,#7723));
#7656 = ORIENTED_EDGE('',*,*,#7657,.F.);
#7657 = EDGE_CURVE('',#7658,#7605,#7660,.T.);
#7658 = VERTEX_POINT('',#7659);
#7659 = CARTESIAN_POINT('',(4.,7.2,7.3));
#7660 = SURFACE_CURVE('',#7661,(#7665,#7672),.PCURVE_S1.);
#7661 = LINE('',#7662,#7663);
#7662 = CARTESIAN_POINT('',(4.,7.2,7.3));
#7663 = VECTOR('',#7664,1.);
#7664 = DIRECTION('',(0.,1.,0.));
#7665 = PCURVE('',#7620,#7666);
#7666 = DEFINITIONAL_REPRESENTATION('',(#7667),#7671);
#7667 = LINE('',#7668,#7669);
#7668 = CARTESIAN_POINT('',(0.,0.));
#7669 = VECTOR('',#7670,1.);
#7670 = DIRECTION('',(0.,1.));
#7671 = ( GEOMETRIC_REPRESENTATION_CONTEXT(2) 
PARAMETRIC_REPRESENTATION_CONTEXT() REPRESENTATION_CONTEXT('2D SPACE',''
  ) );
#7672 = PCURVE('',#7512,#7673);
#7673 = DEFINITIONAL_REPRESENTATION('',(#7674),#7678);
#7674 = LINE('',#7675,#7676);
#7675 = CARTESIAN_POINT('',(0.,0.));
#7676 = VECTOR('',#7677,1.);
#7677 = DIRECTION('',(0.,-1.));
#7678 = ( GEOMETRIC_REPRESENTATION_CONTEXT(2) 
PARAMETRIC_REPRESENTATION_CONTEXT() REPRESENTATION_CONTEXT('2D SPACE',''
  ) );
#7679 = ORIENTED_EDGE('',*,*,#7680,.T.);
#7680 = EDGE_CURVE('',#7658,#7681,#7683,.T.);
#7681 = VERTEX_POINT('',#7682);
#7682 = CARTESIAN_POINT('',(15.,7.2,7.3));
#7683 = SURFACE_CURVE('',#7684,(#7688,#7695),.PCURVE_S1.);
#7684 = LINE('',#7685,#7686);
#7685 = CARTESIAN_POINT('',(4.,7.2,7.3));
#7686 = VECTOR('',#7687,1.);
#7687 = DIRECTION('',(1.,0.,0.));
#7688 = PCURVE('',#7620,#7689);
#7689 = DEFINITIONAL_REPRESENTATION('',(#7690),#7694);
#7690 = LINE('',#7691,#7692);
#7691 = CARTESIAN_POINT('',(0.,0.));
#7692 = VECTOR('',#7693,1.);
#7693 = DIRECTION('',(1.,0.));
#7694 = ( GEOMETRIC_REPRESENTATION_CONTEXT(2) 
PARAMETRIC_REPRESENTATION_CONTEXT() REPRESENTATION_CONTEXT('2D SPACE',''
  ) );
#7695 = PCURVE('',#7484,#7696);
#7696 = DEFINITIONAL_REPRESENTATION('',(#7697),#7701);
#7697 = LINE('',#7698,#7699);
#7698 = CARTESIAN_POINT('',(0.,0.));
#7699 = VECTOR('',#7700,1.);
#7700 = DIRECTION('',(0.,1.));
#7701 = ( GEOMETRIC_REPRESENTATION_CONTEXT(2) 
PARAMETRIC_REPRESENTATION_CONTEXT() REPRESENTATION_CONTEXT('2D SPACE',''
  ) );
#7702 = ORIENTED_EDGE('',*,*,#7703,.T.);
#7703 = EDGE_CURVE('',#7681,#7582,#7704,.T.);
#7704 = SURFACE_CURVE('',#7705,(#7709,#7716),.PCURVE_S1.);
#7705 = LINE('',#7706,#7707);
#7706 = CARTESIAN_POINT('',(15.,7.2,7.3));
#7707 = VECTOR('',#7708,1.);
#7708 = DIRECTION('',(0.,1.,0.));
#7709 = PCURVE('',#7620,#7710);
#7710 = DEFINITIONAL_REPRESENTATION('',(#7711),#7715);
#7711 = LINE('',#7712,#7713);
#7712 = CARTESIAN_POINT('',(11.,0.));
#7713 = VECTOR('',#7714,1.);
#7714 = DIRECTION('',(0.,1.));
#7715 = ( GEOMETRIC_REPRESENTATION_CONTEXT(2) 
PARAMETRIC_REPRESENTATION_CONTEXT() REPRESENTATION_CONTEXT('2D SPACE',''
  ) );
#7716 = PCURVE('',#7566,#7717);
#7717 = DEFINITIONAL_REPRESENTATION('',(#7718),#7722);
#7718 = LINE('',#7719,#7720);
#7719 = CARTESIAN_POINT('',(0.,0.));
#7720 = VECTOR('',#7721,1.);
#7721 = DIRECTION('',(0.,-1.));
#7722 = ( GEOMETRIC_REPRESENTATION_CONTEXT(2) 
PARAMETRIC_REPRESENTATION_CONTEXT() REPRESENTATION_CONTEXT('2D SPACE',''
  ) );
#7723 = ORIENTED_EDGE('',*,*,#7604,.F.);
#7724 = ADVANCED_FACE('',(#7725),#7512,.T.);
#7725 = FACE_BOUND('',#7726,.T.);
#7726 = EDGE_LOOP('',(#7727,#7748,#7749,#7750));
#7727 = ORIENTED_EDGE('',*,*,#7728,.F.);
#7728 = EDGE_CURVE('',#7658,#7469,#7729,.T.);
#7729 = SURFACE_CURVE('',#7730,(#7734,#7741),.PCURVE_S1.);
#7730 = LINE('',#7731,#7732);
#7731 = CARTESIAN_POINT('',(4.,7.2,7.3));
#7732 = VECTOR('',#7733,1.);
#7733 = DIRECTION('',(0.,0.,1.));
#7734 = PCURVE('',#7512,#7735);
#7735 = DEFINITIONAL_REPRESENTATION('',(#7736),#7740);
#7736 = LINE('',#7737,#7738);
#7737 = CARTESIAN_POINT('',(0.,0.));
#7738 = VECTOR('',#7739,1.);
#7739 = DIRECTION('',(1.,0.));
#7740 = ( GEOMETRIC_REPRESENTATION_CONTEXT(2) 
PARAMETRIC_REPRESENTATION_CONTEXT() REPRESENTATION_CONTEXT('2D SPACE',''
  ) );
#7741 = PCURVE('',#7484,#7742);
#7742 = DEFINITIONAL_REPRESENTATION('',(#7743),#7747);
#7743 = LINE('',#7744,#7745);
#7744 = CARTESIAN_POINT('',(0.,0.));
#7745 = VECTOR('',#7746,1.);
#7746 = DIRECTION('',(1.,0.));
#7747 = ( GEOMETRIC_REPRESENTATION_CONTEXT(2) 
PARAMETRIC_REPRESENTATION_CONTEXT() REPRESENTATION_CONTEXT('2D SPACE',''
  ) );
#7748 = ORIENTED_EDGE('',*,*,#7657,.T.);
#7749 = ORIENTED_EDGE('',*,*,#7632,.T.);
#7750 = ORIENTED_EDGE('',*,*,#7496,.F.);
#7751 = ADVANCED_FACE('',(#7752),#7566,.F.);
#7752 = FACE_BOUND('',#7753,.F.);
#7753 = EDGE_LOOP('',(#7754,#7775,#7776,#7777));
#7754 = ORIENTED_EDGE('',*,*,#7755,.F.);
#7755 = EDGE_CURVE('',#7681,#7467,#7756,.T.);
#7756 = SURFACE_CURVE('',#7757,(#7761,#7768),.PCURVE_S1.);
#7757 = LINE('',#7758,#7759);
#7758 = CARTESIAN_POINT('',(15.,7.2,7.3));
#7759 = VECTOR('',#7760,1.);
#7760 = DIRECTION('',(0.,0.,1.));
#7761 = PCURVE('',#7566,#7762);
#7762 = DEFINITIONAL_REPRESENTATION('',(#7763),#7767);
#7763 = LINE('',#7764,#7765);
#7764 = CARTESIAN_POINT('',(0.,0.));
#7765 = VECTOR('',#7766,1.);
#7766 = DIRECTION('',(1.,0.));
#7767 = ( GEOMETRIC_REPRESENTATION_CONTEXT(2) 
PARAMETRIC_REPRESENTATION_CONTEXT() REPRESENTATION_CONTEXT('2D SPACE',''
  ) );
#7768 = PCURVE('',#7484,#7769);
#7769 = DEFINITIONAL_REPRESENTATION('',(#7770),#7774);
#7770 = LINE('',#7771,#7772);
#7771 = CARTESIAN_POINT('',(0.,11.));
#7772 = VECTOR('',#7773,1.);
#7773 = DIRECTION('',(1.,0.));
#7774 = ( GEOMETRIC_REPRESENTATION_CONTEXT(2) 
PARAMETRIC_REPRESENTATION_CONTEXT() REPRESENTATION_CONTEXT('2D SPACE',''
  ) );
#7775 = ORIENTED_EDGE('',*,*,#7703,.T.);
#7776 = ORIENTED_EDGE('',*,*,#7581,.T.);
#7777 = ORIENTED_EDGE('',*,*,#7552,.F.);
#7778 = ADVANCED_FACE('',(#7779),#7484,.T.);
#7779 = FACE_BOUND('',#7780,.T.);
#7780 = EDGE_LOOP('',(#7781,#7782,#7783,#7784));
#7781 = ORIENTED_EDGE('',*,*,#7755,.F.);
#7782 = ORIENTED_EDGE('',*,*,#7680,.F.);
#7783 = ORIENTED_EDGE('',*,*,#7728,.T.);
#7784 = ORIENTED_EDGE('',*,*,#7466,.F.);
#7785 = ADVANCED_FACE('',(#7786),#7134,.T.);
#7786 = FACE_BOUND('',#7787,.T.);
#7787 = EDGE_LOOP('',(#7788,#7789,#7808,#7809));
#7788 = ORIENTED_EDGE('',*,*,#7392,.F.);
#7789 = ORIENTED_EDGE('',*,*,#7790,.T.);
#7790 = EDGE_CURVE('',#7370,#7091,#7791,.T.);
#7791 = SURFACE_CURVE('',#7792,(#7796,#7802),.PCURVE_S1.);
#7792 = LINE('',#7793,#7794);
#7793 = CARTESIAN_POINT('',(3.35,12.25,7.37));
#7794 = VECTOR('',#7795,1.);
#7795 = DIRECTION('',(-1.,0.,0.));
#7796 = PCURVE('',#7134,#7797);
#7797 = DEFINITIONAL_REPRESENTATION('',(#7798),#7801);
#7798 = B_SPLINE_CURVE_WITH_KNOTS('',1,(#7799,#7800),.UNSPECIFIED.,.F.,
  .F.,(2,2),(-12.3,0.),.PIECEWISE_BEZIER_KNOTS.);
#7799 = CARTESIAN_POINT('',(4.E-02,12.3));
#7800 = CARTESIAN_POINT('',(4.E-02,0.));
#7801 = ( GEOMETRIC_REPRESENTATION_CONTEXT(2) 
PARAMETRIC_REPRESENTATION_CONTEXT() REPRESENTATION_CONTEXT('2D SPACE',''
  ) );
#7802 = PCURVE('',#7106,#7803);
#7803 = DEFINITIONAL_REPRESENTATION('',(#7804),#7807);
#7804 = B_SPLINE_CURVE_WITH_KNOTS('',1,(#7805,#7806),.UNSPECIFIED.,.F.,
  .F.,(2,2),(-12.3,0.),.PIECEWISE_BEZIER_KNOTS.);
#7805 = CARTESIAN_POINT('',(12.3,5.9));
#7806 = CARTESIAN_POINT('',(0.,5.9));
#7807 = ( GEOMETRIC_REPRESENTATION_CONTEXT(2) 
PARAMETRIC_REPRESENTATION_CONTEXT() REPRESENTATION_CONTEXT('2D SPACE',''
  ) );
#7808 = ORIENTED_EDGE('',*,*,#7118,.T.);
#7809 = ORIENTED_EDGE('',*,*,#7440,.T.);
#7810 = ADVANCED_FACE('',(#7811),#7106,.T.);
#7811 = FACE_BOUND('',#7812,.T.);
#7812 = EDGE_LOOP('',(#7813,#7814,#7815,#7816));
#7813 = ORIENTED_EDGE('',*,*,#7090,.F.);
#7814 = ORIENTED_EDGE('',*,*,#7790,.F.);
#7815 = ORIENTED_EDGE('',*,*,#7369,.T.);
#7816 = ORIENTED_EDGE('',*,*,#7817,.F.);
#7817 = EDGE_CURVE('',#7063,#7347,#7818,.T.);
#7818 = SURFACE_CURVE('',#7819,(#7823,#7830),.PCURVE_S1.);
#7819 = LINE('',#7820,#7821);
#7820 = CARTESIAN_POINT('',(3.35,12.65,7.37));
#7821 = VECTOR('',#7822,1.);
#7822 = DIRECTION('',(1.,0.,0.));
#7823 = PCURVE('',#7106,#7824);
#7824 = DEFINITIONAL_REPRESENTATION('',(#7825),#7829);
#7825 = LINE('',#7826,#7827);
#7826 = CARTESIAN_POINT('',(0.,6.3));
#7827 = VECTOR('',#7828,1.);
#7828 = DIRECTION('',(1.,0.));
#7829 = ( GEOMETRIC_REPRESENTATION_CONTEXT(2) 
PARAMETRIC_REPRESENTATION_CONTEXT() REPRESENTATION_CONTEXT('2D SPACE',''
  ) );
#7830 = PCURVE('',#7078,#7831);
#7831 = DEFINITIONAL_REPRESENTATION('',(#7832),#7836);
#7832 = LINE('',#7833,#7834);
#7833 = CARTESIAN_POINT('',(3.17,0.));
#7834 = VECTOR('',#7835,1.);
#7835 = DIRECTION('',(0.,1.));
#7836 = ( GEOMETRIC_REPRESENTATION_CONTEXT(2) 
PARAMETRIC_REPRESENTATION_CONTEXT() REPRESENTATION_CONTEXT('2D SPACE',''
  ) );
#7837 = ADVANCED_FACE('',(#7838),#7078,.T.);
#7838 = FACE_BOUND('',#7839,.T.);
#7839 = EDGE_LOOP('',(#7840,#7861,#7862,#7863));
#7840 = ORIENTED_EDGE('',*,*,#7841,.F.);
#7841 = EDGE_CURVE('',#7035,#7324,#7842,.T.);
#7842 = SURFACE_CURVE('',#7843,(#7847,#7854),.PCURVE_S1.);
#7843 = LINE('',#7844,#7845);
#7844 = CARTESIAN_POINT('',(3.35,12.65,4.2));
#7845 = VECTOR('',#7846,1.);
#7846 = DIRECTION('',(1.,0.,0.));
#7847 = PCURVE('',#7078,#7848);
#7848 = DEFINITIONAL_REPRESENTATION('',(#7849),#7853);
#7849 = LINE('',#7850,#7851);
#7850 = CARTESIAN_POINT('',(0.,0.));
#7851 = VECTOR('',#7852,1.);
#7852 = DIRECTION('',(0.,1.));
#7853 = ( GEOMETRIC_REPRESENTATION_CONTEXT(2) 
PARAMETRIC_REPRESENTATION_CONTEXT() REPRESENTATION_CONTEXT('2D SPACE',''
  ) );
#7854 = PCURVE('',#7050,#7855);
#7855 = DEFINITIONAL_REPRESENTATION('',(#7856),#7860);
#7856 = LINE('',#7857,#7858);
#7857 = CARTESIAN_POINT('',(0.,6.3));
#7858 = VECTOR('',#7859,1.);
#7859 = DIRECTION('',(1.,0.));
#7860 = ( GEOMETRIC_REPRESENTATION_CONTEXT(2) 
PARAMETRIC_REPRESENTATION_CONTEXT() REPRESENTATION_CONTEXT('2D SPACE',''
  ) );
#7861 = ORIENTED_EDGE('',*,*,#7062,.T.);
#7862 = ORIENTED_EDGE('',*,*,#7817,.T.);
#7863 = ORIENTED_EDGE('',*,*,#7346,.F.);
#7864 = ADVANCED_FACE('',(#7865),#7050,.F.);
#7865 = FACE_BOUND('',#7866,.F.);
#7866 = EDGE_LOOP('',(#7867,#7868,#7889,#7890));
#7867 = ORIENTED_EDGE('',*,*,#7034,.F.);
#7868 = ORIENTED_EDGE('',*,*,#7869,.T.);
#7869 = EDGE_CURVE('',#7007,#7301,#7870,.T.);
#7870 = SURFACE_CURVE('',#7871,(#7875,#7882),.PCURVE_S1.);
#7871 = LINE('',#7872,#7873);
#7872 = CARTESIAN_POINT('',(3.35,6.35,4.2));
#7873 = VECTOR('',#7874,1.);
#7874 = DIRECTION('',(1.,0.,0.));
#7875 = PCURVE('',#7050,#7876);
#7876 = DEFINITIONAL_REPRESENTATION('',(#7877),#7881);
#7877 = LINE('',#7878,#7879);
#7878 = CARTESIAN_POINT('',(0.,0.));
#7879 = VECTOR('',#7880,1.);
#7880 = DIRECTION('',(1.,0.));
#7881 = ( GEOMETRIC_REPRESENTATION_CONTEXT(2) 
PARAMETRIC_REPRESENTATION_CONTEXT() REPRESENTATION_CONTEXT('2D SPACE',''
  ) );
#7882 = PCURVE('',#7022,#7883);
#7883 = DEFINITIONAL_REPRESENTATION('',(#7884),#7888);
#7884 = LINE('',#7885,#7886);
#7885 = CARTESIAN_POINT('',(0.,0.));
#7886 = VECTOR('',#7887,1.);
#7887 = DIRECTION('',(0.,1.));
#7888 = ( GEOMETRIC_REPRESENTATION_CONTEXT(2) 
PARAMETRIC_REPRESENTATION_CONTEXT() REPRESENTATION_CONTEXT('2D SPACE',''
  ) );
#7889 = ORIENTED_EDGE('',*,*,#7323,.T.);
#7890 = ORIENTED_EDGE('',*,*,#7841,.F.);
#7891 = ADVANCED_FACE('',(#7892),#7022,.F.);
#7892 = FACE_BOUND('',#7893,.F.);
#7893 = EDGE_LOOP('',(#7894,#7895,#7896,#7917));
#7894 = ORIENTED_EDGE('',*,*,#7869,.F.);
#7895 = ORIENTED_EDGE('',*,*,#7006,.T.);
#7896 = ORIENTED_EDGE('',*,*,#7897,.T.);
#7897 = EDGE_CURVE('',#6972,#7278,#7898,.T.);
#7898 = SURFACE_CURVE('',#7899,(#7903,#7910),.PCURVE_S1.);
#7899 = LINE('',#7900,#7901);
#7900 = CARTESIAN_POINT('',(3.35,6.35,7.37));
#7901 = VECTOR('',#7902,1.);
#7902 = DIRECTION('',(1.,0.,0.));
#7903 = PCURVE('',#7022,#7904);
#7904 = DEFINITIONAL_REPRESENTATION('',(#7905),#7909);
#7905 = LINE('',#7906,#7907);
#7906 = CARTESIAN_POINT('',(3.17,0.));
#7907 = VECTOR('',#7908,1.);
#7908 = DIRECTION('',(0.,1.));
#7909 = ( GEOMETRIC_REPRESENTATION_CONTEXT(2) 
PARAMETRIC_REPRESENTATION_CONTEXT() REPRESENTATION_CONTEXT('2D SPACE',''
  ) );
#7910 = PCURVE('',#6994,#7911);
#7911 = DEFINITIONAL_REPRESENTATION('',(#7912),#7916);
#7912 = LINE('',#7913,#7914);
#7913 = CARTESIAN_POINT('',(0.,0.));
#7914 = VECTOR('',#7915,1.);
#7915 = DIRECTION('',(1.,0.));
#7916 = ( GEOMETRIC_REPRESENTATION_CONTEXT(2) 
PARAMETRIC_REPRESENTATION_CONTEXT() REPRESENTATION_CONTEXT('2D SPACE',''
  ) );
#7917 = ORIENTED_EDGE('',*,*,#7300,.F.);
#7918 = ADVANCED_FACE('',(#7919),#6994,.T.);
#7919 = FACE_BOUND('',#7920,.T.);
#7920 = EDGE_LOOP('',(#7921,#7922,#7923,#7924));
#7921 = ORIENTED_EDGE('',*,*,#6971,.F.);
#7922 = ORIENTED_EDGE('',*,*,#7897,.T.);
#7923 = ORIENTED_EDGE('',*,*,#7277,.T.);
#7924 = ORIENTED_EDGE('',*,*,#7233,.T.);
#7925 = ORIENTED_CLOSED_SHELL('',*,#7926,.F.);
#7926 = CLOSED_SHELL('',(#7927,#8385,#8462,#8862,#9046,#9327,#9401,#9475
    ,#9542,#9649,#10020,#10092,#10141,#10169,#10196,#10223,#10250,#10341
    ,#10368,#10395,#10420,#10519,#10546,#10573,#10600,#10631,#10658,
    #10685,#10692,#10719,#10746,#10773,#10800,#10827,#10854,#10861,
    #10908,#10935,#10962,#10989,#11016,#11043,#11070));
#7927 = ADVANCED_FACE('',(#7928,#8163),#7942,.F.);
#7928 = FACE_BOUND('',#7929,.F.);
#7929 = EDGE_LOOP('',(#7930,#7965,#7994,#8022,#8051,#8079,#8108,#8136));
#7930 = ORIENTED_EDGE('',*,*,#7931,.F.);
#7931 = EDGE_CURVE('',#7932,#7934,#7936,.T.);
#7932 = VERTEX_POINT('',#7933);
#7933 = CARTESIAN_POINT('',(50.,-16.7,7.8));
#7934 = VERTEX_POINT('',#7935);
#7935 = CARTESIAN_POINT('',(8.,-16.7,7.8));
#7936 = SURFACE_CURVE('',#7937,(#7941,#7953),.PCURVE_S1.);
#7937 = LINE('',#7938,#7939);
#7938 = CARTESIAN_POINT('',(14.65,-16.7,7.8));
#7939 = VECTOR('',#7940,1.);
#7940 = DIRECTION('',(-1.,0.,0.));
#7941 = PCURVE('',#7942,#7947);
#7942 = PLANE('',#7943);
#7943 = AXIS2_PLACEMENT_3D('',#7944,#7945,#7946);
#7944 = CARTESIAN_POINT('',(29.,0.,7.8));
#7945 = DIRECTION('',(0.,0.,1.));
#7946 = DIRECTION('',(1.,0.,-0.));
#7947 = DEFINITIONAL_REPRESENTATION('',(#7948),#7952);
#7948 = LINE('',#7949,#7950);
#7949 = CARTESIAN_POINT('',(-14.35,-16.7));
#7950 = VECTOR('',#7951,1.);
#7951 = DIRECTION('',(-1.,0.));
#7952 = ( GEOMETRIC_REPRESENTATION_CONTEXT(2) 
PARAMETRIC_REPRESENTATION_CONTEXT() REPRESENTATION_CONTEXT('2D SPACE',''
  ) );
#7953 = PCURVE('',#7954,#7959);
#7954 = PLANE('',#7955);
#7955 = AXIS2_PLACEMENT_3D('',#7956,#7957,#7958);
#7956 = CARTESIAN_POINT('',(0.3,-16.7,7.78));
#7957 = DIRECTION('',(0.,1.,0.));
#7958 = DIRECTION('',(1.,0.,0.));
#7959 = DEFINITIONAL_REPRESENTATION('',(#7960),#7964);
#7960 = LINE('',#7961,#7962);
#7961 = CARTESIAN_POINT('',(14.35,-2.E-02));
#7962 = VECTOR('',#7963,1.);
#7963 = DIRECTION('',(-1.,0.));
#7964 = ( GEOMETRIC_REPRESENTATION_CONTEXT(2) 
PARAMETRIC_REPRESENTATION_CONTEXT() REPRESENTATION_CONTEXT('2D SPACE',''
  ) );
#7965 = ORIENTED_EDGE('',*,*,#7966,.T.);
#7966 = EDGE_CURVE('',#7932,#7967,#7969,.T.);
#7967 = VERTEX_POINT('',#7968);
#7968 = CARTESIAN_POINT('',(57.7,-9.,7.8));
#7969 = SURFACE_CURVE('',#7970,(#7975,#7982),.PCURVE_S1.);
#7970 = CIRCLE('',#7971,7.7);
#7971 = AXIS2_PLACEMENT_3D('',#7972,#7973,#7974);
#7972 = CARTESIAN_POINT('',(50.,-9.,7.8));
#7973 = DIRECTION('',(0.,0.,1.));
#7974 = DIRECTION('',(0.,-1.,0.));
#7975 = PCURVE('',#7942,#7976);
#7976 = DEFINITIONAL_REPRESENTATION('',(#7977),#7981);
#7977 = CIRCLE('',#7978,7.7);
#7978 = AXIS2_PLACEMENT_2D('',#7979,#7980);
#7979 = CARTESIAN_POINT('',(21.,-9.));
#7980 = DIRECTION('',(0.,-1.));
#7981 = ( GEOMETRIC_REPRESENTATION_CONTEXT(2) 
PARAMETRIC_REPRESENTATION_CONTEXT() REPRESENTATION_CONTEXT('2D SPACE',''
  ) );
#7982 = PCURVE('',#7983,#7988);
#7983 = CYLINDRICAL_SURFACE('',#7984,7.7);
#7984 = AXIS2_PLACEMENT_3D('',#7985,#7986,#7987);
#7985 = CARTESIAN_POINT('',(50.,-9.,7.78));
#7986 = DIRECTION('',(0.,0.,1.));
#7987 = DIRECTION('',(0.,-1.,0.));
#7988 = DEFINITIONAL_REPRESENTATION('',(#7989),#7993);
#7989 = LINE('',#7990,#7991);
#7990 = CARTESIAN_POINT('',(0.,2.E-02));
#7991 = VECTOR('',#7992,1.);
#7992 = DIRECTION('',(1.,0.));
#7993 = ( GEOMETRIC_REPRESENTATION_CONTEXT(2) 
PARAMETRIC_REPRESENTATION_CONTEXT() REPRESENTATION_CONTEXT('2D SPACE',''
  ) );
#7994 = ORIENTED_EDGE('',*,*,#7995,.F.);
#7995 = EDGE_CURVE('',#7996,#7967,#7998,.T.);
#7996 = VERTEX_POINT('',#7997);
#7997 = CARTESIAN_POINT('',(57.7,9.,7.8));
#7998 = SURFACE_CURVE('',#7999,(#8003,#8010),.PCURVE_S1.);
#7999 = LINE('',#8000,#8001);
#8000 = CARTESIAN_POINT('',(57.7,-8.35,7.8));
#8001 = VECTOR('',#8002,1.);
#8002 = DIRECTION('',(0.,-1.,0.));
#8003 = PCURVE('',#7942,#8004);
#8004 = DEFINITIONAL_REPRESENTATION('',(#8005),#8009);
#8005 = LINE('',#8006,#8007);
#8006 = CARTESIAN_POINT('',(28.7,-8.35));
#8007 = VECTOR('',#8008,1.);
#8008 = DIRECTION('',(0.,-1.));
#8009 = ( GEOMETRIC_REPRESENTATION_CONTEXT(2) 
PARAMETRIC_REPRESENTATION_CONTEXT() REPRESENTATION_CONTEXT('2D SPACE',''
  ) );
#8010 = PCURVE('',#8011,#8016);
#8011 = PLANE('',#8012);
#8012 = AXIS2_PLACEMENT_3D('',#8013,#8014,#8015);
#8013 = CARTESIAN_POINT('',(57.7,-16.7,7.78));
#8014 = DIRECTION('',(-1.,0.,0.));
#8015 = DIRECTION('',(0.,1.,0.));
#8016 = DEFINITIONAL_REPRESENTATION('',(#8017),#8021);
#8017 = LINE('',#8018,#8019);
#8018 = CARTESIAN_POINT('',(8.35,-2.E-02));
#8019 = VECTOR('',#8020,1.);
#8020 = DIRECTION('',(-1.,0.));
#8021 = ( GEOMETRIC_REPRESENTATION_CONTEXT(2) 
PARAMETRIC_REPRESENTATION_CONTEXT() REPRESENTATION_CONTEXT('2D SPACE',''
  ) );
#8022 = ORIENTED_EDGE('',*,*,#8023,.T.);
#8023 = EDGE_CURVE('',#7996,#8024,#8026,.T.);
#8024 = VERTEX_POINT('',#8025);
#8025 = CARTESIAN_POINT('',(50.,16.7,7.8));
#8026 = SURFACE_CURVE('',#8027,(#8032,#8039),.PCURVE_S1.);
#8027 = CIRCLE('',#8028,7.7);
#8028 = AXIS2_PLACEMENT_3D('',#8029,#8030,#8031);
#8029 = CARTESIAN_POINT('',(50.,9.,7.8));
#8030 = DIRECTION('',(0.,0.,1.));
#8031 = DIRECTION('',(1.,0.,-0.));
#8032 = PCURVE('',#7942,#8033);
#8033 = DEFINITIONAL_REPRESENTATION('',(#8034),#8038);
#8034 = CIRCLE('',#8035,7.7);
#8035 = AXIS2_PLACEMENT_2D('',#8036,#8037);
#8036 = CARTESIAN_POINT('',(21.,9.));
#8037 = DIRECTION('',(1.,0.));
#8038 = ( GEOMETRIC_REPRESENTATION_CONTEXT(2) 
PARAMETRIC_REPRESENTATION_CONTEXT() REPRESENTATION_CONTEXT('2D SPACE',''
  ) );
#8039 = PCURVE('',#8040,#8045);
#8040 = CYLINDRICAL_SURFACE('',#8041,7.7);
#8041 = AXIS2_PLACEMENT_3D('',#8042,#8043,#8044);
#8042 = CARTESIAN_POINT('',(50.,9.,7.78));
#8043 = DIRECTION('',(0.,0.,1.));
#8044 = DIRECTION('',(1.,0.,-0.));
#8045 = DEFINITIONAL_REPRESENTATION('',(#8046),#8050);
#8046 = LINE('',#8047,#8048);
#8047 = CARTESIAN_POINT('',(0.,2.E-02));
#8048 = VECTOR('',#8049,1.);
#8049 = DIRECTION('',(1.,0.));
#8050 = ( GEOMETRIC_REPRESENTATION_CONTEXT(2) 
PARAMETRIC_REPRESENTATION_CONTEXT() REPRESENTATION_CONTEXT('2D SPACE',''
  ) );
#8051 = ORIENTED_EDGE('',*,*,#8052,.F.);
#8052 = EDGE_CURVE('',#8053,#8024,#8055,.T.);
#8053 = VERTEX_POINT('',#8054);
#8054 = CARTESIAN_POINT('',(8.,16.7,7.8));
#8055 = SURFACE_CURVE('',#8056,(#8060,#8067),.PCURVE_S1.);
#8056 = LINE('',#8057,#8058);
#8057 = CARTESIAN_POINT('',(43.35,16.7,7.8));
#8058 = VECTOR('',#8059,1.);
#8059 = DIRECTION('',(1.,0.,-0.));
#8060 = PCURVE('',#7942,#8061);
#8061 = DEFINITIONAL_REPRESENTATION('',(#8062),#8066);
#8062 = LINE('',#8063,#8064);
#8063 = CARTESIAN_POINT('',(14.35,16.7));
#8064 = VECTOR('',#8065,1.);
#8065 = DIRECTION('',(1.,0.));
#8066 = ( GEOMETRIC_REPRESENTATION_CONTEXT(2) 
PARAMETRIC_REPRESENTATION_CONTEXT() REPRESENTATION_CONTEXT('2D SPACE',''
  ) );
#8067 = PCURVE('',#8068,#8073);
#8068 = PLANE('',#8069);
#8069 = AXIS2_PLACEMENT_3D('',#8070,#8071,#8072);
#8070 = CARTESIAN_POINT('',(57.7,16.7,7.78));
#8071 = DIRECTION('',(0.,-1.,0.));
#8072 = DIRECTION('',(-1.,0.,0.));
#8073 = DEFINITIONAL_REPRESENTATION('',(#8074),#8078);
#8074 = LINE('',#8075,#8076);
#8075 = CARTESIAN_POINT('',(14.35,-2.E-02));
#8076 = VECTOR('',#8077,1.);
#8077 = DIRECTION('',(-1.,0.));
#8078 = ( GEOMETRIC_REPRESENTATION_CONTEXT(2) 
PARAMETRIC_REPRESENTATION_CONTEXT() REPRESENTATION_CONTEXT('2D SPACE',''
  ) );
#8079 = ORIENTED_EDGE('',*,*,#8080,.T.);
#8080 = EDGE_CURVE('',#8053,#8081,#8083,.T.);
#8081 = VERTEX_POINT('',#8082);
#8082 = CARTESIAN_POINT('',(0.3,9.,7.8));
#8083 = SURFACE_CURVE('',#8084,(#8089,#8096),.PCURVE_S1.);
#8084 = CIRCLE('',#8085,7.7);
#8085 = AXIS2_PLACEMENT_3D('',#8086,#8087,#8088);
#8086 = CARTESIAN_POINT('',(8.,9.,7.8));
#8087 = DIRECTION('',(0.,0.,1.));
#8088 = DIRECTION('',(-0.,1.,0.));
#8089 = PCURVE('',#7942,#8090);
#8090 = DEFINITIONAL_REPRESENTATION('',(#8091),#8095);
#8091 = CIRCLE('',#8092,7.7);
#8092 = AXIS2_PLACEMENT_2D('',#8093,#8094);
#8093 = CARTESIAN_POINT('',(-21.,9.));
#8094 = DIRECTION('',(0.,1.));
#8095 = ( GEOMETRIC_REPRESENTATION_CONTEXT(2) 
PARAMETRIC_REPRESENTATION_CONTEXT() REPRESENTATION_CONTEXT('2D SPACE',''
  ) );
#8096 = PCURVE('',#8097,#8102);
#8097 = CYLINDRICAL_SURFACE('',#8098,7.7);
#8098 = AXIS2_PLACEMENT_3D('',#8099,#8100,#8101);
#8099 = CARTESIAN_POINT('',(8.,9.,7.78));
#8100 = DIRECTION('',(0.,0.,1.));
#8101 = DIRECTION('',(-0.,1.,0.));
#8102 = DEFINITIONAL_REPRESENTATION('',(#8103),#8107);
#8103 = LINE('',#8104,#8105);
#8104 = CARTESIAN_POINT('',(0.,2.E-02));
#8105 = VECTOR('',#8106,1.);
#8106 = DIRECTION('',(1.,0.));
#8107 = ( GEOMETRIC_REPRESENTATION_CONTEXT(2) 
PARAMETRIC_REPRESENTATION_CONTEXT() REPRESENTATION_CONTEXT('2D SPACE',''
  ) );
#8108 = ORIENTED_EDGE('',*,*,#8109,.F.);
#8109 = EDGE_CURVE('',#8110,#8081,#8112,.T.);
#8110 = VERTEX_POINT('',#8111);
#8111 = CARTESIAN_POINT('',(0.3,-9.,7.8));
#8112 = SURFACE_CURVE('',#8113,(#8117,#8124),.PCURVE_S1.);
#8113 = LINE('',#8114,#8115);
#8114 = CARTESIAN_POINT('',(0.3,8.35,7.8));
#8115 = VECTOR('',#8116,1.);
#8116 = DIRECTION('',(-0.,1.,0.));
#8117 = PCURVE('',#7942,#8118);
#8118 = DEFINITIONAL_REPRESENTATION('',(#8119),#8123);
#8119 = LINE('',#8120,#8121);
#8120 = CARTESIAN_POINT('',(-28.7,8.35));
#8121 = VECTOR('',#8122,1.);
#8122 = DIRECTION('',(0.,1.));
#8123 = ( GEOMETRIC_REPRESENTATION_CONTEXT(2) 
PARAMETRIC_REPRESENTATION_CONTEXT() REPRESENTATION_CONTEXT('2D SPACE',''
  ) );
#8124 = PCURVE('',#8125,#8130);
#8125 = PLANE('',#8126);
#8126 = AXIS2_PLACEMENT_3D('',#8127,#8128,#8129);
#8127 = CARTESIAN_POINT('',(0.3,16.7,7.78));
#8128 = DIRECTION('',(1.,0.,-0.));
#8129 = DIRECTION('',(0.,-1.,0.));
#8130 = DEFINITIONAL_REPRESENTATION('',(#8131),#8135);
#8131 = LINE('',#8132,#8133);
#8132 = CARTESIAN_POINT('',(8.35,-2.E-02));
#8133 = VECTOR('',#8134,1.);
#8134 = DIRECTION('',(-1.,-0.));
#8135 = ( GEOMETRIC_REPRESENTATION_CONTEXT(2) 
PARAMETRIC_REPRESENTATION_CONTEXT() REPRESENTATION_CONTEXT('2D SPACE',''
  ) );
#8136 = ORIENTED_EDGE('',*,*,#8137,.T.);
#8137 = EDGE_CURVE('',#8110,#7934,#8138,.T.);
#8138 = SURFACE_CURVE('',#8139,(#8144,#8151),.PCURVE_S1.);
#8139 = CIRCLE('',#8140,7.7);
#8140 = AXIS2_PLACEMENT_3D('',#8141,#8142,#8143);
#8141 = CARTESIAN_POINT('',(8.,-9.,7.8));
#8142 = DIRECTION('',(0.,0.,1.));
#8143 = DIRECTION('',(0.,-1.,0.));
#8144 = PCURVE('',#7942,#8145);
#8145 = DEFINITIONAL_REPRESENTATION('',(#8146),#8150);
#8146 = CIRCLE('',#8147,7.7);
#8147 = AXIS2_PLACEMENT_2D('',#8148,#8149);
#8148 = CARTESIAN_POINT('',(-21.,-9.));
#8149 = DIRECTION('',(0.,-1.));
#8150 = ( GEOMETRIC_REPRESENTATION_CONTEXT(2) 
PARAMETRIC_REPRESENTATION_CONTEXT() REPRESENTATION_CONTEXT('2D SPACE',''
  ) );
#8151 = PCURVE('',#8152,#8157);
#8152 = CYLINDRICAL_SURFACE('',#8153,7.7);
#8153 = AXIS2_PLACEMENT_3D('',#8154,#8155,#8156);
#8154 = CARTESIAN_POINT('',(8.,-9.,7.78));
#8155 = DIRECTION('',(0.,0.,1.));
#8156 = DIRECTION('',(0.,-1.,0.));
#8157 = DEFINITIONAL_REPRESENTATION('',(#8158),#8162);
#8158 = LINE('',#8159,#8160);
#8159 = CARTESIAN_POINT('',(-6.28318530718,2.E-02));
#8160 = VECTOR('',#8161,1.);
#8161 = DIRECTION('',(1.,-0.));
#8162 = ( GEOMETRIC_REPRESENTATION_CONTEXT(2) 
PARAMETRIC_REPRESENTATION_CONTEXT() REPRESENTATION_CONTEXT('2D SPACE',''
  ) );
#8163 = FACE_BOUND('',#8164,.F.);
#8164 = EDGE_LOOP('',(#8165,#8196,#8222,#8251,#8277,#8306,#8332,#8361));
#8165 = ORIENTED_EDGE('',*,*,#8166,.F.);
#8166 = EDGE_CURVE('',#8167,#8169,#8171,.T.);
#8167 = VERTEX_POINT('',#8168);
#8168 = CARTESIAN_POINT('',(50.,-16.4,7.8));
#8169 = VERTEX_POINT('',#8170);
#8170 = CARTESIAN_POINT('',(57.4,-9.,7.8));
#8171 = SURFACE_CURVE('',#8172,(#8177,#8184),.PCURVE_S1.);
#8172 = CIRCLE('',#8173,7.4);
#8173 = AXIS2_PLACEMENT_3D('',#8174,#8175,#8176);
#8174 = CARTESIAN_POINT('',(50.,-9.,7.8));
#8175 = DIRECTION('',(0.,0.,1.));
#8176 = DIRECTION('',(0.,-1.,0.));
#8177 = PCURVE('',#7942,#8178);
#8178 = DEFINITIONAL_REPRESENTATION('',(#8179),#8183);
#8179 = CIRCLE('',#8180,7.4);
#8180 = AXIS2_PLACEMENT_2D('',#8181,#8182);
#8181 = CARTESIAN_POINT('',(21.,-9.));
#8182 = DIRECTION('',(0.,-1.));
#8183 = ( GEOMETRIC_REPRESENTATION_CONTEXT(2) 
PARAMETRIC_REPRESENTATION_CONTEXT() REPRESENTATION_CONTEXT('2D SPACE',''
  ) );
#8184 = PCURVE('',#8185,#8190);
#8185 = CYLINDRICAL_SURFACE('',#8186,7.4);
#8186 = AXIS2_PLACEMENT_3D('',#8187,#8188,#8189);
#8187 = CARTESIAN_POINT('',(50.,-9.,7.18));
#8188 = DIRECTION('',(0.,0.,1.));
#8189 = DIRECTION('',(0.,-1.,0.));
#8190 = DEFINITIONAL_REPRESENTATION('',(#8191),#8195);
#8191 = LINE('',#8192,#8193);
#8192 = CARTESIAN_POINT('',(0.,0.62));
#8193 = VECTOR('',#8194,1.);
#8194 = DIRECTION('',(1.,0.));
#8195 = ( GEOMETRIC_REPRESENTATION_CONTEXT(2) 
PARAMETRIC_REPRESENTATION_CONTEXT() REPRESENTATION_CONTEXT('2D SPACE',''
  ) );
#8196 = ORIENTED_EDGE('',*,*,#8197,.T.);
#8197 = EDGE_CURVE('',#8167,#8198,#8200,.T.);
#8198 = VERTEX_POINT('',#8199);
#8199 = CARTESIAN_POINT('',(8.,-16.4,7.8));
#8200 = SURFACE_CURVE('',#8201,(#8205,#8211),.PCURVE_S1.);
#8201 = LINE('',#8202,#8203);
#8202 = CARTESIAN_POINT('',(14.8,-16.4,7.8));
#8203 = VECTOR('',#8204,1.);
#8204 = DIRECTION('',(-1.,0.,0.));
#8205 = PCURVE('',#7942,#8206);
#8206 = DEFINITIONAL_REPRESENTATION('',(#8207),#8210);
#8207 = B_SPLINE_CURVE_WITH_KNOTS('',1,(#8208,#8209),.UNSPECIFIED.,.F.,
  .F.,(2,2),(-35.2,6.8),.PIECEWISE_BEZIER_KNOTS.);
#8208 = CARTESIAN_POINT('',(21.,-16.4));
#8209 = CARTESIAN_POINT('',(-21.,-16.4));
#8210 = ( GEOMETRIC_REPRESENTATION_CONTEXT(2) 
PARAMETRIC_REPRESENTATION_CONTEXT() REPRESENTATION_CONTEXT('2D SPACE',''
  ) );
#8211 = PCURVE('',#8212,#8217);
#8212 = PLANE('',#8213);
#8213 = AXIS2_PLACEMENT_3D('',#8214,#8215,#8216);
#8214 = CARTESIAN_POINT('',(0.6,-16.4,7.18));
#8215 = DIRECTION('',(0.,1.,0.));
#8216 = DIRECTION('',(1.,0.,0.));
#8217 = DEFINITIONAL_REPRESENTATION('',(#8218),#8221);
#8218 = B_SPLINE_CURVE_WITH_KNOTS('',1,(#8219,#8220),.UNSPECIFIED.,.F.,
  .F.,(2,2),(-35.2,6.8),.PIECEWISE_BEZIER_KNOTS.);
#8219 = CARTESIAN_POINT('',(49.4,-0.62));
#8220 = CARTESIAN_POINT('',(7.4,-0.62));
#8221 = ( GEOMETRIC_REPRESENTATION_CONTEXT(2) 
PARAMETRIC_REPRESENTATION_CONTEXT() REPRESENTATION_CONTEXT('2D SPACE',''
  ) );
#8222 = ORIENTED_EDGE('',*,*,#8223,.F.);
#8223 = EDGE_CURVE('',#8224,#8198,#8226,.T.);
#8224 = VERTEX_POINT('',#8225);
#8225 = CARTESIAN_POINT('',(0.6,-9.,7.8));
#8226 = SURFACE_CURVE('',#8227,(#8232,#8239),.PCURVE_S1.);
#8227 = CIRCLE('',#8228,7.4);
#8228 = AXIS2_PLACEMENT_3D('',#8229,#8230,#8231);
#8229 = CARTESIAN_POINT('',(8.,-9.,7.8));
#8230 = DIRECTION('',(0.,0.,1.));
#8231 = DIRECTION('',(0.,-1.,0.));
#8232 = PCURVE('',#7942,#8233);
#8233 = DEFINITIONAL_REPRESENTATION('',(#8234),#8238);
#8234 = CIRCLE('',#8235,7.4);
#8235 = AXIS2_PLACEMENT_2D('',#8236,#8237);
#8236 = CARTESIAN_POINT('',(-21.,-9.));
#8237 = DIRECTION('',(0.,-1.));
#8238 = ( GEOMETRIC_REPRESENTATION_CONTEXT(2) 
PARAMETRIC_REPRESENTATION_CONTEXT() REPRESENTATION_CONTEXT('2D SPACE',''
  ) );
#8239 = PCURVE('',#8240,#8245);
#8240 = CYLINDRICAL_SURFACE('',#8241,7.4);
#8241 = AXIS2_PLACEMENT_3D('',#8242,#8243,#8244);
#8242 = CARTESIAN_POINT('',(8.,-9.,7.18));
#8243 = DIRECTION('',(0.,0.,1.));
#8244 = DIRECTION('',(0.,-1.,0.));
#8245 = DEFINITIONAL_REPRESENTATION('',(#8246),#8250);
#8246 = LINE('',#8247,#8248);
#8247 = CARTESIAN_POINT('',(-6.28318530718,0.62));
#8248 = VECTOR('',#8249,1.);
#8249 = DIRECTION('',(1.,-0.));
#8250 = ( GEOMETRIC_REPRESENTATION_CONTEXT(2) 
PARAMETRIC_REPRESENTATION_CONTEXT() REPRESENTATION_CONTEXT('2D SPACE',''
  ) );
#8251 = ORIENTED_EDGE('',*,*,#8252,.T.);
#8252 = EDGE_CURVE('',#8224,#8253,#8255,.T.);
#8253 = VERTEX_POINT('',#8254);
#8254 = CARTESIAN_POINT('',(0.6,9.,7.8));
#8255 = SURFACE_CURVE('',#8256,(#8260,#8266),.PCURVE_S1.);
#8256 = LINE('',#8257,#8258);
#8257 = CARTESIAN_POINT('',(0.6,8.2,7.8));
#8258 = VECTOR('',#8259,1.);
#8259 = DIRECTION('',(-0.,1.,0.));
#8260 = PCURVE('',#7942,#8261);
#8261 = DEFINITIONAL_REPRESENTATION('',(#8262),#8265);
#8262 = B_SPLINE_CURVE_WITH_KNOTS('',1,(#8263,#8264),.UNSPECIFIED.,.F.,
  .F.,(2,2),(-17.2,0.8),.PIECEWISE_BEZIER_KNOTS.);
#8263 = CARTESIAN_POINT('',(-28.4,-9.));
#8264 = CARTESIAN_POINT('',(-28.4,9.));
#8265 = ( GEOMETRIC_REPRESENTATION_CONTEXT(2) 
PARAMETRIC_REPRESENTATION_CONTEXT() REPRESENTATION_CONTEXT('2D SPACE',''
  ) );
#8266 = PCURVE('',#8267,#8272);
#8267 = PLANE('',#8268);
#8268 = AXIS2_PLACEMENT_3D('',#8269,#8270,#8271);
#8269 = CARTESIAN_POINT('',(0.6,16.4,7.18));
#8270 = DIRECTION('',(1.,0.,-0.));
#8271 = DIRECTION('',(0.,-1.,0.));
#8272 = DEFINITIONAL_REPRESENTATION('',(#8273),#8276);
#8273 = B_SPLINE_CURVE_WITH_KNOTS('',1,(#8274,#8275),.UNSPECIFIED.,.F.,
  .F.,(2,2),(-17.2,0.8),.PIECEWISE_BEZIER_KNOTS.);
#8274 = CARTESIAN_POINT('',(25.4,-0.62));
#8275 = CARTESIAN_POINT('',(7.4,-0.62));
#8276 = ( GEOMETRIC_REPRESENTATION_CONTEXT(2) 
PARAMETRIC_REPRESENTATION_CONTEXT() REPRESENTATION_CONTEXT('2D SPACE',''
  ) );
#8277 = ORIENTED_EDGE('',*,*,#8278,.F.);
#8278 = EDGE_CURVE('',#8279,#8253,#8281,.T.);
#8279 = VERTEX_POINT('',#8280);
#8280 = CARTESIAN_POINT('',(8.,16.4,7.8));
#8281 = SURFACE_CURVE('',#8282,(#8287,#8294),.PCURVE_S1.);
#8282 = CIRCLE('',#8283,7.4);
#8283 = AXIS2_PLACEMENT_3D('',#8284,#8285,#8286);
#8284 = CARTESIAN_POINT('',(8.,9.,7.8));
#8285 = DIRECTION('',(0.,0.,1.));
#8286 = DIRECTION('',(-0.,1.,0.));
#8287 = PCURVE('',#7942,#8288);
#8288 = DEFINITIONAL_REPRESENTATION('',(#8289),#8293);
#8289 = CIRCLE('',#8290,7.4);
#8290 = AXIS2_PLACEMENT_2D('',#8291,#8292);
#8291 = CARTESIAN_POINT('',(-21.,9.));
#8292 = DIRECTION('',(0.,1.));
#8293 = ( GEOMETRIC_REPRESENTATION_CONTEXT(2) 
PARAMETRIC_REPRESENTATION_CONTEXT() REPRESENTATION_CONTEXT('2D SPACE',''
  ) );
#8294 = PCURVE('',#8295,#8300);
#8295 = CYLINDRICAL_SURFACE('',#8296,7.4);
#8296 = AXIS2_PLACEMENT_3D('',#8297,#8298,#8299);
#8297 = CARTESIAN_POINT('',(8.,9.,7.18));
#8298 = DIRECTION('',(0.,0.,1.));
#8299 = DIRECTION('',(-0.,1.,0.));
#8300 = DEFINITIONAL_REPRESENTATION('',(#8301),#8305);
#8301 = LINE('',#8302,#8303);
#8302 = CARTESIAN_POINT('',(0.,0.62));
#8303 = VECTOR('',#8304,1.);
#8304 = DIRECTION('',(1.,0.));
#8305 = ( GEOMETRIC_REPRESENTATION_CONTEXT(2) 
PARAMETRIC_REPRESENTATION_CONTEXT() REPRESENTATION_CONTEXT('2D SPACE',''
  ) );
#8306 = ORIENTED_EDGE('',*,*,#8307,.T.);
#8307 = EDGE_CURVE('',#8279,#8308,#8310,.T.);
#8308 = VERTEX_POINT('',#8309);
#8309 = CARTESIAN_POINT('',(50.,16.4,7.8));
#8310 = SURFACE_CURVE('',#8311,(#8315,#8321),.PCURVE_S1.);
#8311 = LINE('',#8312,#8313);
#8312 = CARTESIAN_POINT('',(43.2,16.4,7.8));
#8313 = VECTOR('',#8314,1.);
#8314 = DIRECTION('',(1.,0.,-0.));
#8315 = PCURVE('',#7942,#8316);
#8316 = DEFINITIONAL_REPRESENTATION('',(#8317),#8320);
#8317 = B_SPLINE_CURVE_WITH_KNOTS('',1,(#8318,#8319),.UNSPECIFIED.,.F.,
  .F.,(2,2),(-35.2,6.8),.PIECEWISE_BEZIER_KNOTS.);
#8318 = CARTESIAN_POINT('',(-21.,16.4));
#8319 = CARTESIAN_POINT('',(21.,16.4));
#8320 = ( GEOMETRIC_REPRESENTATION_CONTEXT(2) 
PARAMETRIC_REPRESENTATION_CONTEXT() REPRESENTATION_CONTEXT('2D SPACE',''
  ) );
#8321 = PCURVE('',#8322,#8327);
#8322 = PLANE('',#8323);
#8323 = AXIS2_PLACEMENT_3D('',#8324,#8325,#8326);
#8324 = CARTESIAN_POINT('',(57.4,16.4,7.18));
#8325 = DIRECTION('',(0.,-1.,0.));
#8326 = DIRECTION('',(-1.,0.,0.));
#8327 = DEFINITIONAL_REPRESENTATION('',(#8328),#8331);
#8328 = B_SPLINE_CURVE_WITH_KNOTS('',1,(#8329,#8330),.UNSPECIFIED.,.F.,
  .F.,(2,2),(-35.2,6.8),.PIECEWISE_BEZIER_KNOTS.);
#8329 = CARTESIAN_POINT('',(49.4,-0.62));
#8330 = CARTESIAN_POINT('',(7.4,-0.62));
#8331 = ( GEOMETRIC_REPRESENTATION_CONTEXT(2) 
PARAMETRIC_REPRESENTATION_CONTEXT() REPRESENTATION_CONTEXT('2D SPACE',''
  ) );
#8332 = ORIENTED_EDGE('',*,*,#8333,.F.);
#8333 = EDGE_CURVE('',#8334,#8308,#8336,.T.);
#8334 = VERTEX_POINT('',#8335);
#8335 = CARTESIAN_POINT('',(57.4,9.,7.8));
#8336 = SURFACE_CURVE('',#8337,(#8342,#8349),.PCURVE_S1.);
#8337 = CIRCLE('',#8338,7.4);
#8338 = AXIS2_PLACEMENT_3D('',#8339,#8340,#8341);
#8339 = CARTESIAN_POINT('',(50.,9.,7.8));
#8340 = DIRECTION('',(0.,0.,1.));
#8341 = DIRECTION('',(1.,0.,-0.));
#8342 = PCURVE('',#7942,#8343);
#8343 = DEFINITIONAL_REPRESENTATION('',(#8344),#8348);
#8344 = CIRCLE('',#8345,7.4);
#8345 = AXIS2_PLACEMENT_2D('',#8346,#8347);
#8346 = CARTESIAN_POINT('',(21.,9.));
#8347 = DIRECTION('',(1.,0.));
#8348 = ( GEOMETRIC_REPRESENTATION_CONTEXT(2) 
PARAMETRIC_REPRESENTATION_CONTEXT() REPRESENTATION_CONTEXT('2D SPACE',''
  ) );
#8349 = PCURVE('',#8350,#8355);
#8350 = CYLINDRICAL_SURFACE('',#8351,7.4);
#8351 = AXIS2_PLACEMENT_3D('',#8352,#8353,#8354);
#8352 = CARTESIAN_POINT('',(50.,9.,7.18));
#8353 = DIRECTION('',(0.,0.,1.));
#8354 = DIRECTION('',(1.,0.,-0.));
#8355 = DEFINITIONAL_REPRESENTATION('',(#8356),#8360);
#8356 = LINE('',#8357,#8358);
#8357 = CARTESIAN_POINT('',(0.,0.62));
#8358 = VECTOR('',#8359,1.);
#8359 = DIRECTION('',(1.,0.));
#8360 = ( GEOMETRIC_REPRESENTATION_CONTEXT(2) 
PARAMETRIC_REPRESENTATION_CONTEXT() REPRESENTATION_CONTEXT('2D SPACE',''
  ) );
#8361 = ORIENTED_EDGE('',*,*,#8362,.T.);
#8362 = EDGE_CURVE('',#8334,#8169,#8363,.T.);
#8363 = SURFACE_CURVE('',#8364,(#8368,#8374),.PCURVE_S1.);
#8364 = LINE('',#8365,#8366);
#8365 = CARTESIAN_POINT('',(57.4,-8.2,7.8));
#8366 = VECTOR('',#8367,1.);
#8367 = DIRECTION('',(0.,-1.,0.));
#8368 = PCURVE('',#7942,#8369);
#8369 = DEFINITIONAL_REPRESENTATION('',(#8370),#8373);
#8370 = B_SPLINE_CURVE_WITH_KNOTS('',1,(#8371,#8372),.UNSPECIFIED.,.F.,
  .F.,(2,2),(-17.2,0.8),.PIECEWISE_BEZIER_KNOTS.);
#8371 = CARTESIAN_POINT('',(28.4,9.));
#8372 = CARTESIAN_POINT('',(28.4,-9.));
#8373 = ( GEOMETRIC_REPRESENTATION_CONTEXT(2) 
PARAMETRIC_REPRESENTATION_CONTEXT() REPRESENTATION_CONTEXT('2D SPACE',''
  ) );
#8374 = PCURVE('',#8375,#8380);
#8375 = PLANE('',#8376);
#8376 = AXIS2_PLACEMENT_3D('',#8377,#8378,#8379);
#8377 = CARTESIAN_POINT('',(57.4,-16.4,7.18));
#8378 = DIRECTION('',(-1.,0.,0.));
#8379 = DIRECTION('',(0.,1.,0.));
#8380 = DEFINITIONAL_REPRESENTATION('',(#8381),#8384);
#8381 = B_SPLINE_CURVE_WITH_KNOTS('',1,(#8382,#8383),.UNSPECIFIED.,.F.,
  .F.,(2,2),(-17.2,0.8),.PIECEWISE_BEZIER_KNOTS.);
#8382 = CARTESIAN_POINT('',(25.4,-0.62));
#8383 = CARTESIAN_POINT('',(7.4,-0.62));
#8384 = ( GEOMETRIC_REPRESENTATION_CONTEXT(2) 
PARAMETRIC_REPRESENTATION_CONTEXT() REPRESENTATION_CONTEXT('2D SPACE',''
  ) );
#8385 = ADVANCED_FACE('',(#8386),#8295,.F.);
#8386 = FACE_BOUND('',#8387,.F.);
#8387 = EDGE_LOOP('',(#8388,#8411,#8412,#8435));
#8388 = ORIENTED_EDGE('',*,*,#8389,.F.);
#8389 = EDGE_CURVE('',#8279,#8390,#8392,.T.);
#8390 = VERTEX_POINT('',#8391);
#8391 = CARTESIAN_POINT('',(8.,16.4,8.82));
#8392 = SURFACE_CURVE('',#8393,(#8397,#8404),.PCURVE_S1.);
#8393 = LINE('',#8394,#8395);
#8394 = CARTESIAN_POINT('',(8.,16.4,7.18));
#8395 = VECTOR('',#8396,1.);
#8396 = DIRECTION('',(0.,0.,1.));
#8397 = PCURVE('',#8295,#8398);
#8398 = DEFINITIONAL_REPRESENTATION('',(#8399),#8403);
#8399 = LINE('',#8400,#8401);
#8400 = CARTESIAN_POINT('',(0.,0.));
#8401 = VECTOR('',#8402,1.);
#8402 = DIRECTION('',(0.,1.));
#8403 = ( GEOMETRIC_REPRESENTATION_CONTEXT(2) 
PARAMETRIC_REPRESENTATION_CONTEXT() REPRESENTATION_CONTEXT('2D SPACE',''
  ) );
#8404 = PCURVE('',#8322,#8405);
#8405 = DEFINITIONAL_REPRESENTATION('',(#8406),#8410);
#8406 = LINE('',#8407,#8408);
#8407 = CARTESIAN_POINT('',(49.4,0.));
#8408 = VECTOR('',#8409,1.);
#8409 = DIRECTION('',(0.,-1.));
#8410 = ( GEOMETRIC_REPRESENTATION_CONTEXT(2) 
PARAMETRIC_REPRESENTATION_CONTEXT() REPRESENTATION_CONTEXT('2D SPACE',''
  ) );
#8411 = ORIENTED_EDGE('',*,*,#8278,.T.);
#8412 = ORIENTED_EDGE('',*,*,#8413,.T.);
#8413 = EDGE_CURVE('',#8253,#8414,#8416,.T.);
#8414 = VERTEX_POINT('',#8415);
#8415 = CARTESIAN_POINT('',(0.6,9.,8.82));
#8416 = SURFACE_CURVE('',#8417,(#8421,#8428),.PCURVE_S1.);
#8417 = LINE('',#8418,#8419);
#8418 = CARTESIAN_POINT('',(0.6,9.,7.18));
#8419 = VECTOR('',#8420,1.);
#8420 = DIRECTION('',(0.,0.,1.));
#8421 = PCURVE('',#8295,#8422);
#8422 = DEFINITIONAL_REPRESENTATION('',(#8423),#8427);
#8423 = LINE('',#8424,#8425);
#8424 = CARTESIAN_POINT('',(1.570796326795,0.));
#8425 = VECTOR('',#8426,1.);
#8426 = DIRECTION('',(0.,1.));
#8427 = ( GEOMETRIC_REPRESENTATION_CONTEXT(2) 
PARAMETRIC_REPRESENTATION_CONTEXT() REPRESENTATION_CONTEXT('2D SPACE',''
  ) );
#8428 = PCURVE('',#8267,#8429);
#8429 = DEFINITIONAL_REPRESENTATION('',(#8430),#8434);
#8430 = LINE('',#8431,#8432);
#8431 = CARTESIAN_POINT('',(7.4,0.));
#8432 = VECTOR('',#8433,1.);
#8433 = DIRECTION('',(0.,-1.));
#8434 = ( GEOMETRIC_REPRESENTATION_CONTEXT(2) 
PARAMETRIC_REPRESENTATION_CONTEXT() REPRESENTATION_CONTEXT('2D SPACE',''
  ) );
#8435 = ORIENTED_EDGE('',*,*,#8436,.F.);
#8436 = EDGE_CURVE('',#8390,#8414,#8437,.T.);
#8437 = SURFACE_CURVE('',#8438,(#8443,#8450),.PCURVE_S1.);
#8438 = CIRCLE('',#8439,7.4);
#8439 = AXIS2_PLACEMENT_3D('',#8440,#8441,#8442);
#8440 = CARTESIAN_POINT('',(8.,9.,8.82));
#8441 = DIRECTION('',(0.,0.,1.));
#8442 = DIRECTION('',(0.,-1.,0.));
#8443 = PCURVE('',#8295,#8444);
#8444 = DEFINITIONAL_REPRESENTATION('',(#8445),#8449);
#8445 = LINE('',#8446,#8447);
#8446 = CARTESIAN_POINT('',(-3.14159265359,1.64));
#8447 = VECTOR('',#8448,1.);
#8448 = DIRECTION('',(1.,0.));
#8449 = ( GEOMETRIC_REPRESENTATION_CONTEXT(2) 
PARAMETRIC_REPRESENTATION_CONTEXT() REPRESENTATION_CONTEXT('2D SPACE',''
  ) );
#8450 = PCURVE('',#8451,#8456);
#8451 = PLANE('',#8452);
#8452 = AXIS2_PLACEMENT_3D('',#8453,#8454,#8455);
#8453 = CARTESIAN_POINT('',(29.,6.344131569287E-16,8.82));
#8454 = DIRECTION('',(0.,0.,1.));
#8455 = DIRECTION('',(1.,0.,-0.));
#8456 = DEFINITIONAL_REPRESENTATION('',(#8457),#8461);
#8457 = CIRCLE('',#8458,7.4);
#8458 = AXIS2_PLACEMENT_2D('',#8459,#8460);
#8459 = CARTESIAN_POINT('',(-21.,9.));
#8460 = DIRECTION('',(0.,-1.));
#8461 = ( GEOMETRIC_REPRESENTATION_CONTEXT(2) 
PARAMETRIC_REPRESENTATION_CONTEXT() REPRESENTATION_CONTEXT('2D SPACE',''
  ) );
#8462 = ADVANCED_FACE('',(#8463,#8632),#8451,.F.);
#8463 = FACE_BOUND('',#8464,.F.);
#8464 = EDGE_LOOP('',(#8465,#8490,#8514,#8537,#8561,#8582,#8583,#8606));
#8465 = ORIENTED_EDGE('',*,*,#8466,.T.);
#8466 = EDGE_CURVE('',#8467,#8469,#8471,.T.);
#8467 = VERTEX_POINT('',#8468);
#8468 = CARTESIAN_POINT('',(8.,-16.4,8.82));
#8469 = VERTEX_POINT('',#8470);
#8470 = CARTESIAN_POINT('',(50.,-16.4,8.82));
#8471 = SURFACE_CURVE('',#8472,(#8476,#8483),.PCURVE_S1.);
#8472 = LINE('',#8473,#8474);
#8473 = CARTESIAN_POINT('',(0.6,-16.4,8.82));
#8474 = VECTOR('',#8475,1.);
#8475 = DIRECTION('',(1.,0.,0.));
#8476 = PCURVE('',#8451,#8477);
#8477 = DEFINITIONAL_REPRESENTATION('',(#8478),#8482);
#8478 = LINE('',#8479,#8480);
#8479 = CARTESIAN_POINT('',(-28.4,-16.4));
#8480 = VECTOR('',#8481,1.);
#8481 = DIRECTION('',(1.,0.));
#8482 = ( GEOMETRIC_REPRESENTATION_CONTEXT(2) 
PARAMETRIC_REPRESENTATION_CONTEXT() REPRESENTATION_CONTEXT('2D SPACE',''
  ) );
#8483 = PCURVE('',#8212,#8484);
#8484 = DEFINITIONAL_REPRESENTATION('',(#8485),#8489);
#8485 = LINE('',#8486,#8487);
#8486 = CARTESIAN_POINT('',(0.,-1.64));
#8487 = VECTOR('',#8488,1.);
#8488 = DIRECTION('',(1.,0.));
#8489 = ( GEOMETRIC_REPRESENTATION_CONTEXT(2) 
PARAMETRIC_REPRESENTATION_CONTEXT() REPRESENTATION_CONTEXT('2D SPACE',''
  ) );
#8490 = ORIENTED_EDGE('',*,*,#8491,.T.);
#8491 = EDGE_CURVE('',#8469,#8492,#8494,.T.);
#8492 = VERTEX_POINT('',#8493);
#8493 = CARTESIAN_POINT('',(57.4,-9.,8.82));
#8494 = SURFACE_CURVE('',#8495,(#8500,#8507),.PCURVE_S1.);
#8495 = CIRCLE('',#8496,7.4);
#8496 = AXIS2_PLACEMENT_3D('',#8497,#8498,#8499);
#8497 = CARTESIAN_POINT('',(50.,-9.,8.82));
#8498 = DIRECTION('',(0.,0.,1.));
#8499 = DIRECTION('',(0.,-1.,0.));
#8500 = PCURVE('',#8451,#8501);
#8501 = DEFINITIONAL_REPRESENTATION('',(#8502),#8506);
#8502 = CIRCLE('',#8503,7.4);
#8503 = AXIS2_PLACEMENT_2D('',#8504,#8505);
#8504 = CARTESIAN_POINT('',(21.,-9.));
#8505 = DIRECTION('',(0.,-1.));
#8506 = ( GEOMETRIC_REPRESENTATION_CONTEXT(2) 
PARAMETRIC_REPRESENTATION_CONTEXT() REPRESENTATION_CONTEXT('2D SPACE',''
  ) );
#8507 = PCURVE('',#8185,#8508);
#8508 = DEFINITIONAL_REPRESENTATION('',(#8509),#8513);
#8509 = LINE('',#8510,#8511);
#8510 = CARTESIAN_POINT('',(0.,1.64));
#8511 = VECTOR('',#8512,1.);
#8512 = DIRECTION('',(1.,0.));
#8513 = ( GEOMETRIC_REPRESENTATION_CONTEXT(2) 
PARAMETRIC_REPRESENTATION_CONTEXT() REPRESENTATION_CONTEXT('2D SPACE',''
  ) );
#8514 = ORIENTED_EDGE('',*,*,#8515,.T.);
#8515 = EDGE_CURVE('',#8492,#8516,#8518,.T.);
#8516 = VERTEX_POINT('',#8517);
#8517 = CARTESIAN_POINT('',(57.4,9.,8.82));
#8518 = SURFACE_CURVE('',#8519,(#8523,#8530),.PCURVE_S1.);
#8519 = LINE('',#8520,#8521);
#8520 = CARTESIAN_POINT('',(57.4,-16.4,8.82));
#8521 = VECTOR('',#8522,1.);
#8522 = DIRECTION('',(0.,1.,0.));
#8523 = PCURVE('',#8451,#8524);
#8524 = DEFINITIONAL_REPRESENTATION('',(#8525),#8529);
#8525 = LINE('',#8526,#8527);
#8526 = CARTESIAN_POINT('',(28.4,-16.4));
#8527 = VECTOR('',#8528,1.);
#8528 = DIRECTION('',(0.,1.));
#8529 = ( GEOMETRIC_REPRESENTATION_CONTEXT(2) 
PARAMETRIC_REPRESENTATION_CONTEXT() REPRESENTATION_CONTEXT('2D SPACE',''
  ) );
#8530 = PCURVE('',#8375,#8531);
#8531 = DEFINITIONAL_REPRESENTATION('',(#8532),#8536);
#8532 = LINE('',#8533,#8534);
#8533 = CARTESIAN_POINT('',(0.,-1.64));
#8534 = VECTOR('',#8535,1.);
#8535 = DIRECTION('',(1.,0.));
#8536 = ( GEOMETRIC_REPRESENTATION_CONTEXT(2) 
PARAMETRIC_REPRESENTATION_CONTEXT() REPRESENTATION_CONTEXT('2D SPACE',''
  ) );
#8537 = ORIENTED_EDGE('',*,*,#8538,.T.);
#8538 = EDGE_CURVE('',#8516,#8539,#8541,.T.);
#8539 = VERTEX_POINT('',#8540);
#8540 = CARTESIAN_POINT('',(50.,16.4,8.82));
#8541 = SURFACE_CURVE('',#8542,(#8547,#8554),.PCURVE_S1.);
#8542 = CIRCLE('',#8543,7.4);
#8543 = AXIS2_PLACEMENT_3D('',#8544,#8545,#8546);
#8544 = CARTESIAN_POINT('',(50.,9.,8.82));
#8545 = DIRECTION('',(0.,0.,1.));
#8546 = DIRECTION('',(0.,-1.,0.));
#8547 = PCURVE('',#8451,#8548);
#8548 = DEFINITIONAL_REPRESENTATION('',(#8549),#8553);
#8549 = CIRCLE('',#8550,7.4);
#8550 = AXIS2_PLACEMENT_2D('',#8551,#8552);
#8551 = CARTESIAN_POINT('',(21.,9.));
#8552 = DIRECTION('',(0.,-1.));
#8553 = ( GEOMETRIC_REPRESENTATION_CONTEXT(2) 
PARAMETRIC_REPRESENTATION_CONTEXT() REPRESENTATION_CONTEXT('2D SPACE',''
  ) );
#8554 = PCURVE('',#8350,#8555);
#8555 = DEFINITIONAL_REPRESENTATION('',(#8556),#8560);
#8556 = LINE('',#8557,#8558);
#8557 = CARTESIAN_POINT('',(-1.570796326795,1.64));
#8558 = VECTOR('',#8559,1.);
#8559 = DIRECTION('',(1.,0.));
#8560 = ( GEOMETRIC_REPRESENTATION_CONTEXT(2) 
PARAMETRIC_REPRESENTATION_CONTEXT() REPRESENTATION_CONTEXT('2D SPACE',''
  ) );
#8561 = ORIENTED_EDGE('',*,*,#8562,.T.);
#8562 = EDGE_CURVE('',#8539,#8390,#8563,.T.);
#8563 = SURFACE_CURVE('',#8564,(#8568,#8575),.PCURVE_S1.);
#8564 = LINE('',#8565,#8566);
#8565 = CARTESIAN_POINT('',(57.4,16.4,8.82));
#8566 = VECTOR('',#8567,1.);
#8567 = DIRECTION('',(-1.,0.,0.));
#8568 = PCURVE('',#8451,#8569);
#8569 = DEFINITIONAL_REPRESENTATION('',(#8570),#8574);
#8570 = LINE('',#8571,#8572);
#8571 = CARTESIAN_POINT('',(28.4,16.4));
#8572 = VECTOR('',#8573,1.);
#8573 = DIRECTION('',(-1.,0.));
#8574 = ( GEOMETRIC_REPRESENTATION_CONTEXT(2) 
PARAMETRIC_REPRESENTATION_CONTEXT() REPRESENTATION_CONTEXT('2D SPACE',''
  ) );
#8575 = PCURVE('',#8322,#8576);
#8576 = DEFINITIONAL_REPRESENTATION('',(#8577),#8581);
#8577 = LINE('',#8578,#8579);
#8578 = CARTESIAN_POINT('',(0.,-1.64));
#8579 = VECTOR('',#8580,1.);
#8580 = DIRECTION('',(1.,0.));
#8581 = ( GEOMETRIC_REPRESENTATION_CONTEXT(2) 
PARAMETRIC_REPRESENTATION_CONTEXT() REPRESENTATION_CONTEXT('2D SPACE',''
  ) );
#8582 = ORIENTED_EDGE('',*,*,#8436,.T.);
#8583 = ORIENTED_EDGE('',*,*,#8584,.T.);
#8584 = EDGE_CURVE('',#8414,#8585,#8587,.T.);
#8585 = VERTEX_POINT('',#8586);
#8586 = CARTESIAN_POINT('',(0.6,-9.,8.82));
#8587 = SURFACE_CURVE('',#8588,(#8592,#8599),.PCURVE_S1.);
#8588 = LINE('',#8589,#8590);
#8589 = CARTESIAN_POINT('',(0.6,16.4,8.82));
#8590 = VECTOR('',#8591,1.);
#8591 = DIRECTION('',(0.,-1.,0.));
#8592 = PCURVE('',#8451,#8593);
#8593 = DEFINITIONAL_REPRESENTATION('',(#8594),#8598);
#8594 = LINE('',#8595,#8596);
#8595 = CARTESIAN_POINT('',(-28.4,16.4));
#8596 = VECTOR('',#8597,1.);
#8597 = DIRECTION('',(0.,-1.));
#8598 = ( GEOMETRIC_REPRESENTATION_CONTEXT(2) 
PARAMETRIC_REPRESENTATION_CONTEXT() REPRESENTATION_CONTEXT('2D SPACE',''
  ) );
#8599 = PCURVE('',#8267,#8600);
#8600 = DEFINITIONAL_REPRESENTATION('',(#8601),#8605);
#8601 = LINE('',#8602,#8603);
#8602 = CARTESIAN_POINT('',(0.,-1.64));
#8603 = VECTOR('',#8604,1.);
#8604 = DIRECTION('',(1.,0.));
#8605 = ( GEOMETRIC_REPRESENTATION_CONTEXT(2) 
PARAMETRIC_REPRESENTATION_CONTEXT() REPRESENTATION_CONTEXT('2D SPACE',''
  ) );
#8606 = ORIENTED_EDGE('',*,*,#8607,.F.);
#8607 = EDGE_CURVE('',#8467,#8585,#8608,.T.);
#8608 = SURFACE_CURVE('',#8609,(#8614,#8625),.PCURVE_S1.);
#8609 = CIRCLE('',#8610,7.4);
#8610 = AXIS2_PLACEMENT_3D('',#8611,#8612,#8613);
#8611 = CARTESIAN_POINT('',(8.,-9.,8.82));
#8612 = DIRECTION('',(-0.,-0.,-1.));
#8613 = DIRECTION('',(0.,-1.,0.));
#8614 = PCURVE('',#8451,#8615);
#8615 = DEFINITIONAL_REPRESENTATION('',(#8616),#8624);
#8616 = ( BOUNDED_CURVE() B_SPLINE_CURVE(2,(#8617,#8618,#8619,#8620,
#8621,#8622,#8623),.UNSPECIFIED.,.T.,.F.) B_SPLINE_CURVE_WITH_KNOTS((1,2
    ,2,2,2,1),(-2.094395102393,0.,2.094395102393,4.188790204786,
6.28318530718,8.377580409573),.UNSPECIFIED.) CURVE() 
GEOMETRIC_REPRESENTATION_ITEM() RATIONAL_B_SPLINE_CURVE((1.,0.5,1.,0.5,
1.,0.5,1.)) REPRESENTATION_ITEM('') );
#8617 = CARTESIAN_POINT('',(-21.,-16.4));
#8618 = CARTESIAN_POINT('',(-33.81717597601,-16.4));
#8619 = CARTESIAN_POINT('',(-27.408587988,-5.3));
#8620 = CARTESIAN_POINT('',(-21.,5.8));
#8621 = CARTESIAN_POINT('',(-14.59141201199,-5.3));
#8622 = CARTESIAN_POINT('',(-8.18282402399,-16.4));
#8623 = CARTESIAN_POINT('',(-21.,-16.4));
#8624 = ( GEOMETRIC_REPRESENTATION_CONTEXT(2) 
PARAMETRIC_REPRESENTATION_CONTEXT() REPRESENTATION_CONTEXT('2D SPACE',''
  ) );
#8625 = PCURVE('',#8240,#8626);
#8626 = DEFINITIONAL_REPRESENTATION('',(#8627),#8631);
#8627 = LINE('',#8628,#8629);
#8628 = CARTESIAN_POINT('',(-0.,1.64));
#8629 = VECTOR('',#8630,1.);
#8630 = DIRECTION('',(-1.,0.));
#8631 = ( GEOMETRIC_REPRESENTATION_CONTEXT(2) 
PARAMETRIC_REPRESENTATION_CONTEXT() REPRESENTATION_CONTEXT('2D SPACE',''
  ) );
#8632 = FACE_BOUND('',#8633,.F.);
#8633 = EDGE_LOOP('',(#8634,#8665,#8693,#8722,#8750,#8779,#8807,#8836));
#8634 = ORIENTED_EDGE('',*,*,#8635,.F.);
#8635 = EDGE_CURVE('',#8636,#8638,#8640,.T.);
#8636 = VERTEX_POINT('',#8637);
#8637 = CARTESIAN_POINT('',(50.,-15.4,8.82));
#8638 = VERTEX_POINT('',#8639);
#8639 = CARTESIAN_POINT('',(56.4,-9.,8.82));
#8640 = SURFACE_CURVE('',#8641,(#8646,#8653),.PCURVE_S1.);
#8641 = CIRCLE('',#8642,6.4);
#8642 = AXIS2_PLACEMENT_3D('',#8643,#8644,#8645);
#8643 = CARTESIAN_POINT('',(50.,-9.,8.82));
#8644 = DIRECTION('',(0.,0.,1.));
#8645 = DIRECTION('',(0.,-1.,0.));
#8646 = PCURVE('',#8451,#8647);
#8647 = DEFINITIONAL_REPRESENTATION('',(#8648),#8652);
#8648 = CIRCLE('',#8649,6.4);
#8649 = AXIS2_PLACEMENT_2D('',#8650,#8651);
#8650 = CARTESIAN_POINT('',(21.,-9.));
#8651 = DIRECTION('',(0.,-1.));
#8652 = ( GEOMETRIC_REPRESENTATION_CONTEXT(2) 
PARAMETRIC_REPRESENTATION_CONTEXT() REPRESENTATION_CONTEXT('2D SPACE',''
  ) );
#8653 = PCURVE('',#8654,#8659);
#8654 = CYLINDRICAL_SURFACE('',#8655,6.4);
#8655 = AXIS2_PLACEMENT_3D('',#8656,#8657,#8658);
#8656 = CARTESIAN_POINT('',(50.,-9.,7.16));
#8657 = DIRECTION('',(0.,0.,1.));
#8658 = DIRECTION('',(0.,-1.,0.));
#8659 = DEFINITIONAL_REPRESENTATION('',(#8660),#8664);
#8660 = LINE('',#8661,#8662);
#8661 = CARTESIAN_POINT('',(0.,1.66));
#8662 = VECTOR('',#8663,1.);
#8663 = DIRECTION('',(1.,0.));
#8664 = ( GEOMETRIC_REPRESENTATION_CONTEXT(2) 
PARAMETRIC_REPRESENTATION_CONTEXT() REPRESENTATION_CONTEXT('2D SPACE',''
  ) );
#8665 = ORIENTED_EDGE('',*,*,#8666,.T.);
#8666 = EDGE_CURVE('',#8636,#8667,#8669,.T.);
#8667 = VERTEX_POINT('',#8668);
#8668 = CARTESIAN_POINT('',(8.,-15.4,8.82));
#8669 = SURFACE_CURVE('',#8670,(#8674,#8681),.PCURVE_S1.);
#8670 = LINE('',#8671,#8672);
#8671 = CARTESIAN_POINT('',(15.3,-15.4,8.82));
#8672 = VECTOR('',#8673,1.);
#8673 = DIRECTION('',(-1.,0.,0.));
#8674 = PCURVE('',#8451,#8675);
#8675 = DEFINITIONAL_REPRESENTATION('',(#8676),#8680);
#8676 = LINE('',#8677,#8678);
#8677 = CARTESIAN_POINT('',(-13.7,-15.4));
#8678 = VECTOR('',#8679,1.);
#8679 = DIRECTION('',(-1.,0.));
#8680 = ( GEOMETRIC_REPRESENTATION_CONTEXT(2) 
PARAMETRIC_REPRESENTATION_CONTEXT() REPRESENTATION_CONTEXT('2D SPACE',''
  ) );
#8681 = PCURVE('',#8682,#8687);
#8682 = PLANE('',#8683);
#8683 = AXIS2_PLACEMENT_3D('',#8684,#8685,#8686);
#8684 = CARTESIAN_POINT('',(1.6,-15.4,7.16));
#8685 = DIRECTION('',(0.,1.,0.));
#8686 = DIRECTION('',(1.,0.,0.));
#8687 = DEFINITIONAL_REPRESENTATION('',(#8688),#8692);
#8688 = LINE('',#8689,#8690);
#8689 = CARTESIAN_POINT('',(13.7,-1.66));
#8690 = VECTOR('',#8691,1.);
#8691 = DIRECTION('',(-1.,0.));
#8692 = ( GEOMETRIC_REPRESENTATION_CONTEXT(2) 
PARAMETRIC_REPRESENTATION_CONTEXT() REPRESENTATION_CONTEXT('2D SPACE',''
  ) );
#8693 = ORIENTED_EDGE('',*,*,#8694,.F.);
#8694 = EDGE_CURVE('',#8695,#8667,#8697,.T.);
#8695 = VERTEX_POINT('',#8696);
#8696 = CARTESIAN_POINT('',(1.6,-9.,8.82));
#8697 = SURFACE_CURVE('',#8698,(#8703,#8710),.PCURVE_S1.);
#8698 = CIRCLE('',#8699,6.4);
#8699 = AXIS2_PLACEMENT_3D('',#8700,#8701,#8702);
#8700 = CARTESIAN_POINT('',(8.,-9.,8.82));
#8701 = DIRECTION('',(0.,0.,1.));
#8702 = DIRECTION('',(0.,-1.,0.));
#8703 = PCURVE('',#8451,#8704);
#8704 = DEFINITIONAL_REPRESENTATION('',(#8705),#8709);
#8705 = CIRCLE('',#8706,6.4);
#8706 = AXIS2_PLACEMENT_2D('',#8707,#8708);
#8707 = CARTESIAN_POINT('',(-21.,-9.));
#8708 = DIRECTION('',(0.,-1.));
#8709 = ( GEOMETRIC_REPRESENTATION_CONTEXT(2) 
PARAMETRIC_REPRESENTATION_CONTEXT() REPRESENTATION_CONTEXT('2D SPACE',''
  ) );
#8710 = PCURVE('',#8711,#8716);
#8711 = CYLINDRICAL_SURFACE('',#8712,6.4);
#8712 = AXIS2_PLACEMENT_3D('',#8713,#8714,#8715);
#8713 = CARTESIAN_POINT('',(8.,-9.,7.16));
#8714 = DIRECTION('',(0.,0.,1.));
#8715 = DIRECTION('',(0.,-1.,0.));
#8716 = DEFINITIONAL_REPRESENTATION('',(#8717),#8721);
#8717 = LINE('',#8718,#8719);
#8718 = CARTESIAN_POINT('',(-6.28318530718,1.66));
#8719 = VECTOR('',#8720,1.);
#8720 = DIRECTION('',(1.,-0.));
#8721 = ( GEOMETRIC_REPRESENTATION_CONTEXT(2) 
PARAMETRIC_REPRESENTATION_CONTEXT() REPRESENTATION_CONTEXT('2D SPACE',''
  ) );
#8722 = ORIENTED_EDGE('',*,*,#8723,.T.);
#8723 = EDGE_CURVE('',#8695,#8724,#8726,.T.);
#8724 = VERTEX_POINT('',#8725);
#8725 = CARTESIAN_POINT('',(1.6,9.,8.82));
#8726 = SURFACE_CURVE('',#8727,(#8731,#8738),.PCURVE_S1.);
#8727 = LINE('',#8728,#8729);
#8728 = CARTESIAN_POINT('',(1.6,7.7,8.82));
#8729 = VECTOR('',#8730,1.);
#8730 = DIRECTION('',(-0.,1.,0.));
#8731 = PCURVE('',#8451,#8732);
#8732 = DEFINITIONAL_REPRESENTATION('',(#8733),#8737);
#8733 = LINE('',#8734,#8735);
#8734 = CARTESIAN_POINT('',(-27.4,7.7));
#8735 = VECTOR('',#8736,1.);
#8736 = DIRECTION('',(0.,1.));
#8737 = ( GEOMETRIC_REPRESENTATION_CONTEXT(2) 
PARAMETRIC_REPRESENTATION_CONTEXT() REPRESENTATION_CONTEXT('2D SPACE',''
  ) );
#8738 = PCURVE('',#8739,#8744);
#8739 = PLANE('',#8740);
#8740 = AXIS2_PLACEMENT_3D('',#8741,#8742,#8743);
#8741 = CARTESIAN_POINT('',(1.6,15.4,7.16));
#8742 = DIRECTION('',(1.,0.,-0.));
#8743 = DIRECTION('',(0.,-1.,0.));
#8744 = DEFINITIONAL_REPRESENTATION('',(#8745),#8749);
#8745 = LINE('',#8746,#8747);
#8746 = CARTESIAN_POINT('',(7.7,-1.66));
#8747 = VECTOR('',#8748,1.);
#8748 = DIRECTION('',(-1.,-0.));
#8749 = ( GEOMETRIC_REPRESENTATION_CONTEXT(2) 
PARAMETRIC_REPRESENTATION_CONTEXT() REPRESENTATION_CONTEXT('2D SPACE',''
  ) );
#8750 = ORIENTED_EDGE('',*,*,#8751,.F.);
#8751 = EDGE_CURVE('',#8752,#8724,#8754,.T.);
#8752 = VERTEX_POINT('',#8753);
#8753 = CARTESIAN_POINT('',(8.,15.4,8.82));
#8754 = SURFACE_CURVE('',#8755,(#8760,#8767),.PCURVE_S1.);
#8755 = CIRCLE('',#8756,6.4);
#8756 = AXIS2_PLACEMENT_3D('',#8757,#8758,#8759);
#8757 = CARTESIAN_POINT('',(8.,9.,8.82));
#8758 = DIRECTION('',(0.,0.,1.));
#8759 = DIRECTION('',(-0.,1.,0.));
#8760 = PCURVE('',#8451,#8761);
#8761 = DEFINITIONAL_REPRESENTATION('',(#8762),#8766);
#8762 = CIRCLE('',#8763,6.4);
#8763 = AXIS2_PLACEMENT_2D('',#8764,#8765);
#8764 = CARTESIAN_POINT('',(-21.,9.));
#8765 = DIRECTION('',(0.,1.));
#8766 = ( GEOMETRIC_REPRESENTATION_CONTEXT(2) 
PARAMETRIC_REPRESENTATION_CONTEXT() REPRESENTATION_CONTEXT('2D SPACE',''
  ) );
#8767 = PCURVE('',#8768,#8773);
#8768 = CYLINDRICAL_SURFACE('',#8769,6.4);
#8769 = AXIS2_PLACEMENT_3D('',#8770,#8771,#8772);
#8770 = CARTESIAN_POINT('',(8.,9.,7.16));
#8771 = DIRECTION('',(0.,0.,1.));
#8772 = DIRECTION('',(-0.,1.,0.));
#8773 = DEFINITIONAL_REPRESENTATION('',(#8774),#8778);
#8774 = LINE('',#8775,#8776);
#8775 = CARTESIAN_POINT('',(0.,1.66));
#8776 = VECTOR('',#8777,1.);
#8777 = DIRECTION('',(1.,0.));
#8778 = ( GEOMETRIC_REPRESENTATION_CONTEXT(2) 
PARAMETRIC_REPRESENTATION_CONTEXT() REPRESENTATION_CONTEXT('2D SPACE',''
  ) );
#8779 = ORIENTED_EDGE('',*,*,#8780,.T.);
#8780 = EDGE_CURVE('',#8752,#8781,#8783,.T.);
#8781 = VERTEX_POINT('',#8782);
#8782 = CARTESIAN_POINT('',(50.,15.4,8.82));
#8783 = SURFACE_CURVE('',#8784,(#8788,#8795),.PCURVE_S1.);
#8784 = LINE('',#8785,#8786);
#8785 = CARTESIAN_POINT('',(42.7,15.4,8.82));
#8786 = VECTOR('',#8787,1.);
#8787 = DIRECTION('',(1.,0.,-0.));
#8788 = PCURVE('',#8451,#8789);
#8789 = DEFINITIONAL_REPRESENTATION('',(#8790),#8794);
#8790 = LINE('',#8791,#8792);
#8791 = CARTESIAN_POINT('',(13.7,15.4));
#8792 = VECTOR('',#8793,1.);
#8793 = DIRECTION('',(1.,0.));
#8794 = ( GEOMETRIC_REPRESENTATION_CONTEXT(2) 
PARAMETRIC_REPRESENTATION_CONTEXT() REPRESENTATION_CONTEXT('2D SPACE',''
  ) );
#8795 = PCURVE('',#8796,#8801);
#8796 = PLANE('',#8797);
#8797 = AXIS2_PLACEMENT_3D('',#8798,#8799,#8800);
#8798 = CARTESIAN_POINT('',(56.4,15.4,7.16));
#8799 = DIRECTION('',(0.,-1.,0.));
#8800 = DIRECTION('',(-1.,0.,0.));
#8801 = DEFINITIONAL_REPRESENTATION('',(#8802),#8806);
#8802 = LINE('',#8803,#8804);
#8803 = CARTESIAN_POINT('',(13.7,-1.66));
#8804 = VECTOR('',#8805,1.);
#8805 = DIRECTION('',(-1.,0.));
#8806 = ( GEOMETRIC_REPRESENTATION_CONTEXT(2) 
PARAMETRIC_REPRESENTATION_CONTEXT() REPRESENTATION_CONTEXT('2D SPACE',''
  ) );
#8807 = ORIENTED_EDGE('',*,*,#8808,.F.);
#8808 = EDGE_CURVE('',#8809,#8781,#8811,.T.);
#8809 = VERTEX_POINT('',#8810);
#8810 = CARTESIAN_POINT('',(56.4,9.,8.82));
#8811 = SURFACE_CURVE('',#8812,(#8817,#8824),.PCURVE_S1.);
#8812 = CIRCLE('',#8813,6.4);
#8813 = AXIS2_PLACEMENT_3D('',#8814,#8815,#8816);
#8814 = CARTESIAN_POINT('',(50.,9.,8.82));
#8815 = DIRECTION('',(0.,0.,1.));
#8816 = DIRECTION('',(1.,0.,-0.));
#8817 = PCURVE('',#8451,#8818);
#8818 = DEFINITIONAL_REPRESENTATION('',(#8819),#8823);
#8819 = CIRCLE('',#8820,6.4);
#8820 = AXIS2_PLACEMENT_2D('',#8821,#8822);
#8821 = CARTESIAN_POINT('',(21.,9.));
#8822 = DIRECTION('',(1.,0.));
#8823 = ( GEOMETRIC_REPRESENTATION_CONTEXT(2) 
PARAMETRIC_REPRESENTATION_CONTEXT() REPRESENTATION_CONTEXT('2D SPACE',''
  ) );
#8824 = PCURVE('',#8825,#8830);
#8825 = CYLINDRICAL_SURFACE('',#8826,6.4);
#8826 = AXIS2_PLACEMENT_3D('',#8827,#8828,#8829);
#8827 = CARTESIAN_POINT('',(50.,9.,7.16));
#8828 = DIRECTION('',(0.,0.,1.));
#8829 = DIRECTION('',(1.,0.,-0.));
#8830 = DEFINITIONAL_REPRESENTATION('',(#8831),#8835);
#8831 = LINE('',#8832,#8833);
#8832 = CARTESIAN_POINT('',(0.,1.66));
#8833 = VECTOR('',#8834,1.);
#8834 = DIRECTION('',(1.,0.));
#8835 = ( GEOMETRIC_REPRESENTATION_CONTEXT(2) 
PARAMETRIC_REPRESENTATION_CONTEXT() REPRESENTATION_CONTEXT('2D SPACE',''
  ) );
#8836 = ORIENTED_EDGE('',*,*,#8837,.T.);
#8837 = EDGE_CURVE('',#8809,#8638,#8838,.T.);
#8838 = SURFACE_CURVE('',#8839,(#8843,#8850),.PCURVE_S1.);
#8839 = LINE('',#8840,#8841);
#8840 = CARTESIAN_POINT('',(56.4,-7.7,8.82));
#8841 = VECTOR('',#8842,1.);
#8842 = DIRECTION('',(0.,-1.,0.));
#8843 = PCURVE('',#8451,#8844);
#8844 = DEFINITIONAL_REPRESENTATION('',(#8845),#8849);
#8845 = LINE('',#8846,#8847);
#8846 = CARTESIAN_POINT('',(27.4,-7.7));
#8847 = VECTOR('',#8848,1.);
#8848 = DIRECTION('',(0.,-1.));
#8849 = ( GEOMETRIC_REPRESENTATION_CONTEXT(2) 
PARAMETRIC_REPRESENTATION_CONTEXT() REPRESENTATION_CONTEXT('2D SPACE',''
  ) );
#8850 = PCURVE('',#8851,#8856);
#8851 = PLANE('',#8852);
#8852 = AXIS2_PLACEMENT_3D('',#8853,#8854,#8855);
#8853 = CARTESIAN_POINT('',(56.4,-15.4,7.16));
#8854 = DIRECTION('',(-1.,0.,0.));
#8855 = DIRECTION('',(0.,1.,0.));
#8856 = DEFINITIONAL_REPRESENTATION('',(#8857),#8861);
#8857 = LINE('',#8858,#8859);
#8858 = CARTESIAN_POINT('',(7.7,-1.66));
#8859 = VECTOR('',#8860,1.);
#8860 = DIRECTION('',(-1.,0.));
#8861 = ( GEOMETRIC_REPRESENTATION_CONTEXT(2) 
PARAMETRIC_REPRESENTATION_CONTEXT() REPRESENTATION_CONTEXT('2D SPACE',''
  ) );
#8862 = ADVANCED_FACE('',(#8863),#8682,.F.);
#8863 = FACE_BOUND('',#8864,.F.);
#8864 = EDGE_LOOP('',(#8865,#8888,#8914,#8942,#8970,#8998,#9024,#9045));
#8865 = ORIENTED_EDGE('',*,*,#8866,.F.);
#8866 = EDGE_CURVE('',#8867,#8636,#8869,.T.);
#8867 = VERTEX_POINT('',#8868);
#8868 = CARTESIAN_POINT('',(50.,-15.4,7.8));
#8869 = SURFACE_CURVE('',#8870,(#8874,#8881),.PCURVE_S1.);
#8870 = LINE('',#8871,#8872);
#8871 = CARTESIAN_POINT('',(50.,-15.4,7.16));
#8872 = VECTOR('',#8873,1.);
#8873 = DIRECTION('',(0.,0.,1.));
#8874 = PCURVE('',#8682,#8875);
#8875 = DEFINITIONAL_REPRESENTATION('',(#8876),#8880);
#8876 = LINE('',#8877,#8878);
#8877 = CARTESIAN_POINT('',(48.4,0.));
#8878 = VECTOR('',#8879,1.);
#8879 = DIRECTION('',(0.,-1.));
#8880 = ( GEOMETRIC_REPRESENTATION_CONTEXT(2) 
PARAMETRIC_REPRESENTATION_CONTEXT() REPRESENTATION_CONTEXT('2D SPACE',''
  ) );
#8881 = PCURVE('',#8654,#8882);
#8882 = DEFINITIONAL_REPRESENTATION('',(#8883),#8887);
#8883 = LINE('',#8884,#8885);
#8884 = CARTESIAN_POINT('',(0.,0.));
#8885 = VECTOR('',#8886,1.);
#8886 = DIRECTION('',(0.,1.));
#8887 = ( GEOMETRIC_REPRESENTATION_CONTEXT(2) 
PARAMETRIC_REPRESENTATION_CONTEXT() REPRESENTATION_CONTEXT('2D SPACE',''
  ) );
#8888 = ORIENTED_EDGE('',*,*,#8889,.T.);
#8889 = EDGE_CURVE('',#8867,#8890,#8892,.T.);
#8890 = VERTEX_POINT('',#8891);
#8891 = CARTESIAN_POINT('',(35.,-15.4,7.8));
#8892 = SURFACE_CURVE('',#8893,(#8897,#8903),.PCURVE_S1.);
#8893 = LINE('',#8894,#8895);
#8894 = CARTESIAN_POINT('',(15.3,-15.4,7.8));
#8895 = VECTOR('',#8896,1.);
#8896 = DIRECTION('',(-1.,0.,0.));
#8897 = PCURVE('',#8682,#8898);
#8898 = DEFINITIONAL_REPRESENTATION('',(#8899),#8902);
#8899 = B_SPLINE_CURVE_WITH_KNOTS('',1,(#8900,#8901),.UNSPECIFIED.,.F.,
  .F.,(2,2),(-34.7,7.3),.PIECEWISE_BEZIER_KNOTS.);
#8900 = CARTESIAN_POINT('',(48.4,-0.64));
#8901 = CARTESIAN_POINT('',(6.4,-0.64));
#8902 = ( GEOMETRIC_REPRESENTATION_CONTEXT(2) 
PARAMETRIC_REPRESENTATION_CONTEXT() REPRESENTATION_CONTEXT('2D SPACE',''
  ) );
#8903 = PCURVE('',#8904,#8909);
#8904 = PLANE('',#8905);
#8905 = AXIS2_PLACEMENT_3D('',#8906,#8907,#8908);
#8906 = CARTESIAN_POINT('',(29.,0.,7.8));
#8907 = DIRECTION('',(0.,0.,1.));
#8908 = DIRECTION('',(1.,0.,-0.));
#8909 = DEFINITIONAL_REPRESENTATION('',(#8910),#8913);
#8910 = B_SPLINE_CURVE_WITH_KNOTS('',1,(#8911,#8912),.UNSPECIFIED.,.F.,
  .F.,(2,2),(-34.7,7.3),.PIECEWISE_BEZIER_KNOTS.);
#8911 = CARTESIAN_POINT('',(21.,-15.4));
#8912 = CARTESIAN_POINT('',(-21.,-15.4));
#8913 = ( GEOMETRIC_REPRESENTATION_CONTEXT(2) 
PARAMETRIC_REPRESENTATION_CONTEXT() REPRESENTATION_CONTEXT('2D SPACE',''
  ) );
#8914 = ORIENTED_EDGE('',*,*,#8915,.T.);
#8915 = EDGE_CURVE('',#8890,#8916,#8918,.T.);
#8916 = VERTEX_POINT('',#8917);
#8917 = CARTESIAN_POINT('',(35.,-15.4,7.82));
#8918 = SURFACE_CURVE('',#8919,(#8923,#8930),.PCURVE_S1.);
#8919 = LINE('',#8920,#8921);
#8920 = CARTESIAN_POINT('',(35.,-15.4,2.2));
#8921 = VECTOR('',#8922,1.);
#8922 = DIRECTION('',(0.,0.,1.));
#8923 = PCURVE('',#8682,#8924);
#8924 = DEFINITIONAL_REPRESENTATION('',(#8925),#8929);
#8925 = LINE('',#8926,#8927);
#8926 = CARTESIAN_POINT('',(33.4,4.96));
#8927 = VECTOR('',#8928,1.);
#8928 = DIRECTION('',(0.,-1.));
#8929 = ( GEOMETRIC_REPRESENTATION_CONTEXT(2) 
PARAMETRIC_REPRESENTATION_CONTEXT() REPRESENTATION_CONTEXT('2D SPACE',''
  ) );
#8930 = PCURVE('',#8931,#8936);
#8931 = PLANE('',#8932);
#8932 = AXIS2_PLACEMENT_3D('',#8933,#8934,#8935);
#8933 = CARTESIAN_POINT('',(35.,-15.4,2.2));
#8934 = DIRECTION('',(1.,0.,0.));
#8935 = DIRECTION('',(0.,0.,1.));
#8936 = DEFINITIONAL_REPRESENTATION('',(#8937),#8941);
#8937 = LINE('',#8938,#8939);
#8938 = CARTESIAN_POINT('',(0.,0.));
#8939 = VECTOR('',#8940,1.);
#8940 = DIRECTION('',(1.,0.));
#8941 = ( GEOMETRIC_REPRESENTATION_CONTEXT(2) 
PARAMETRIC_REPRESENTATION_CONTEXT() REPRESENTATION_CONTEXT('2D SPACE',''
  ) );
#8942 = ORIENTED_EDGE('',*,*,#8943,.F.);
#8943 = EDGE_CURVE('',#8944,#8916,#8946,.T.);
#8944 = VERTEX_POINT('',#8945);
#8945 = CARTESIAN_POINT('',(34.,-15.4,7.82));
#8946 = SURFACE_CURVE('',#8947,(#8951,#8958),.PCURVE_S1.);
#8947 = LINE('',#8948,#8949);
#8948 = CARTESIAN_POINT('',(34.,-15.4,7.82));
#8949 = VECTOR('',#8950,1.);
#8950 = DIRECTION('',(1.,0.,0.));
#8951 = PCURVE('',#8682,#8952);
#8952 = DEFINITIONAL_REPRESENTATION('',(#8953),#8957);
#8953 = LINE('',#8954,#8955);
#8954 = CARTESIAN_POINT('',(32.4,-0.66));
#8955 = VECTOR('',#8956,1.);
#8956 = DIRECTION('',(1.,0.));
#8957 = ( GEOMETRIC_REPRESENTATION_CONTEXT(2) 
PARAMETRIC_REPRESENTATION_CONTEXT() REPRESENTATION_CONTEXT('2D SPACE',''
  ) );
#8958 = PCURVE('',#8959,#8964);
#8959 = PLANE('',#8960);
#8960 = AXIS2_PLACEMENT_3D('',#8961,#8962,#8963);
#8961 = CARTESIAN_POINT('',(34.,-15.4,7.82));
#8962 = DIRECTION('',(0.,0.,1.));
#8963 = DIRECTION('',(1.,0.,0.));
#8964 = DEFINITIONAL_REPRESENTATION('',(#8965),#8969);
#8965 = LINE('',#8966,#8967);
#8966 = CARTESIAN_POINT('',(0.,0.));
#8967 = VECTOR('',#8968,1.);
#8968 = DIRECTION('',(1.,0.));
#8969 = ( GEOMETRIC_REPRESENTATION_CONTEXT(2) 
PARAMETRIC_REPRESENTATION_CONTEXT() REPRESENTATION_CONTEXT('2D SPACE',''
  ) );
#8970 = ORIENTED_EDGE('',*,*,#8971,.F.);
#8971 = EDGE_CURVE('',#8972,#8944,#8974,.T.);
#8972 = VERTEX_POINT('',#8973);
#8973 = CARTESIAN_POINT('',(34.,-15.4,7.8));
#8974 = SURFACE_CURVE('',#8975,(#8979,#8986),.PCURVE_S1.);
#8975 = LINE('',#8976,#8977);
#8976 = CARTESIAN_POINT('',(34.,-15.4,2.2));
#8977 = VECTOR('',#8978,1.);
#8978 = DIRECTION('',(0.,0.,1.));
#8979 = PCURVE('',#8682,#8980);
#8980 = DEFINITIONAL_REPRESENTATION('',(#8981),#8985);
#8981 = LINE('',#8982,#8983);
#8982 = CARTESIAN_POINT('',(32.4,4.96));
#8983 = VECTOR('',#8984,1.);
#8984 = DIRECTION('',(0.,-1.));
#8985 = ( GEOMETRIC_REPRESENTATION_CONTEXT(2) 
PARAMETRIC_REPRESENTATION_CONTEXT() REPRESENTATION_CONTEXT('2D SPACE',''
  ) );
#8986 = PCURVE('',#8987,#8992);
#8987 = PLANE('',#8988);
#8988 = AXIS2_PLACEMENT_3D('',#8989,#8990,#8991);
#8989 = CARTESIAN_POINT('',(34.,-15.4,2.2));
#8990 = DIRECTION('',(1.,0.,0.));
#8991 = DIRECTION('',(0.,0.,1.));
#8992 = DEFINITIONAL_REPRESENTATION('',(#8993),#8997);
#8993 = LINE('',#8994,#8995);
#8994 = CARTESIAN_POINT('',(0.,0.));
#8995 = VECTOR('',#8996,1.);
#8996 = DIRECTION('',(1.,0.));
#8997 = ( GEOMETRIC_REPRESENTATION_CONTEXT(2) 
PARAMETRIC_REPRESENTATION_CONTEXT() REPRESENTATION_CONTEXT('2D SPACE',''
  ) );
#8998 = ORIENTED_EDGE('',*,*,#8999,.T.);
#8999 = EDGE_CURVE('',#8972,#9000,#9002,.T.);
#9000 = VERTEX_POINT('',#9001);
#9001 = CARTESIAN_POINT('',(8.,-15.4,7.8));
#9002 = SURFACE_CURVE('',#9003,(#9007,#9013),.PCURVE_S1.);
#9003 = LINE('',#9004,#9005);
#9004 = CARTESIAN_POINT('',(15.3,-15.4,7.8));
#9005 = VECTOR('',#9006,1.);
#9006 = DIRECTION('',(-1.,0.,0.));
#9007 = PCURVE('',#8682,#9008);
#9008 = DEFINITIONAL_REPRESENTATION('',(#9009),#9012);
#9009 = B_SPLINE_CURVE_WITH_KNOTS('',1,(#9010,#9011),.UNSPECIFIED.,.F.,
  .F.,(2,2),(-34.7,7.3),.PIECEWISE_BEZIER_KNOTS.);
#9010 = CARTESIAN_POINT('',(48.4,-0.64));
#9011 = CARTESIAN_POINT('',(6.4,-0.64));
#9012 = ( GEOMETRIC_REPRESENTATION_CONTEXT(2) 
PARAMETRIC_REPRESENTATION_CONTEXT() REPRESENTATION_CONTEXT('2D SPACE',''
  ) );
#9013 = PCURVE('',#9014,#9019);
#9014 = PLANE('',#9015);
#9015 = AXIS2_PLACEMENT_3D('',#9016,#9017,#9018);
#9016 = CARTESIAN_POINT('',(29.,0.,7.8));
#9017 = DIRECTION('',(0.,0.,1.));
#9018 = DIRECTION('',(1.,0.,-0.));
#9019 = DEFINITIONAL_REPRESENTATION('',(#9020),#9023);
#9020 = B_SPLINE_CURVE_WITH_KNOTS('',1,(#9021,#9022),.UNSPECIFIED.,.F.,
  .F.,(2,2),(-34.7,7.3),.PIECEWISE_BEZIER_KNOTS.);
#9021 = CARTESIAN_POINT('',(21.,-15.4));
#9022 = CARTESIAN_POINT('',(-21.,-15.4));
#9023 = ( GEOMETRIC_REPRESENTATION_CONTEXT(2) 
PARAMETRIC_REPRESENTATION_CONTEXT() REPRESENTATION_CONTEXT('2D SPACE',''
  ) );
#9024 = ORIENTED_EDGE('',*,*,#9025,.T.);
#9025 = EDGE_CURVE('',#9000,#8667,#9026,.T.);
#9026 = SURFACE_CURVE('',#9027,(#9031,#9038),.PCURVE_S1.);
#9027 = LINE('',#9028,#9029);
#9028 = CARTESIAN_POINT('',(8.,-15.4,7.16));
#9029 = VECTOR('',#9030,1.);
#9030 = DIRECTION('',(0.,0.,1.));
#9031 = PCURVE('',#8682,#9032);
#9032 = DEFINITIONAL_REPRESENTATION('',(#9033),#9037);
#9033 = LINE('',#9034,#9035);
#9034 = CARTESIAN_POINT('',(6.4,0.));
#9035 = VECTOR('',#9036,1.);
#9036 = DIRECTION('',(0.,-1.));
#9037 = ( GEOMETRIC_REPRESENTATION_CONTEXT(2) 
PARAMETRIC_REPRESENTATION_CONTEXT() REPRESENTATION_CONTEXT('2D SPACE',''
  ) );
#9038 = PCURVE('',#8711,#9039);
#9039 = DEFINITIONAL_REPRESENTATION('',(#9040),#9044);
#9040 = LINE('',#9041,#9042);
#9041 = CARTESIAN_POINT('',(-0.,0.));
#9042 = VECTOR('',#9043,1.);
#9043 = DIRECTION('',(-0.,1.));
#9044 = ( GEOMETRIC_REPRESENTATION_CONTEXT(2) 
PARAMETRIC_REPRESENTATION_CONTEXT() REPRESENTATION_CONTEXT('2D SPACE',''
  ) );
#9045 = ORIENTED_EDGE('',*,*,#8666,.F.);
#9046 = ADVANCED_FACE('',(#9047),#8904,.F.);
#9047 = FACE_BOUND('',#9048,.F.);
#9048 = EDGE_LOOP('',(#9049,#9079,#9098,#9099,#9123,#9144,#9168,#9189,
    #9215,#9243,#9272,#9300));
#9049 = ORIENTED_EDGE('',*,*,#9050,.T.);
#9050 = EDGE_CURVE('',#9051,#9053,#9055,.T.);
#9051 = VERTEX_POINT('',#9052);
#9052 = CARTESIAN_POINT('',(50.,-15.1,7.8));
#9053 = VERTEX_POINT('',#9054);
#9054 = CARTESIAN_POINT('',(35.,-15.1,7.8));
#9055 = SURFACE_CURVE('',#9056,(#9060,#9067),.PCURVE_S1.);
#9056 = LINE('',#9057,#9058);
#9057 = CARTESIAN_POINT('',(15.45,-15.1,7.8));
#9058 = VECTOR('',#9059,1.);
#9059 = DIRECTION('',(-1.,0.,0.));
#9060 = PCURVE('',#8904,#9061);
#9061 = DEFINITIONAL_REPRESENTATION('',(#9062),#9066);
#9062 = LINE('',#9063,#9064);
#9063 = CARTESIAN_POINT('',(-13.55,-15.1));
#9064 = VECTOR('',#9065,1.);
#9065 = DIRECTION('',(-1.,0.));
#9066 = ( GEOMETRIC_REPRESENTATION_CONTEXT(2) 
PARAMETRIC_REPRESENTATION_CONTEXT() REPRESENTATION_CONTEXT('2D SPACE',''
  ) );
#9067 = PCURVE('',#9068,#9073);
#9068 = PLANE('',#9069);
#9069 = AXIS2_PLACEMENT_3D('',#9070,#9071,#9072);
#9070 = CARTESIAN_POINT('',(1.9,-15.1,7.76));
#9071 = DIRECTION('',(0.,1.,0.));
#9072 = DIRECTION('',(1.,0.,0.));
#9073 = DEFINITIONAL_REPRESENTATION('',(#9074),#9078);
#9074 = LINE('',#9075,#9076);
#9075 = CARTESIAN_POINT('',(13.55,-4.E-02));
#9076 = VECTOR('',#9077,1.);
#9077 = DIRECTION('',(-1.,0.));
#9078 = ( GEOMETRIC_REPRESENTATION_CONTEXT(2) 
PARAMETRIC_REPRESENTATION_CONTEXT() REPRESENTATION_CONTEXT('2D SPACE',''
  ) );
#9079 = ORIENTED_EDGE('',*,*,#9080,.F.);
#9080 = EDGE_CURVE('',#8890,#9053,#9081,.T.);
#9081 = SURFACE_CURVE('',#9082,(#9086,#9092),.PCURVE_S1.);
#9082 = LINE('',#9083,#9084);
#9083 = CARTESIAN_POINT('',(35.,-7.7,7.8));
#9084 = VECTOR('',#9085,1.);
#9085 = DIRECTION('',(0.,1.,0.));
#9086 = PCURVE('',#8904,#9087);
#9087 = DEFINITIONAL_REPRESENTATION('',(#9088),#9091);
#9088 = B_SPLINE_CURVE_WITH_KNOTS('',1,(#9089,#9090),.UNSPECIFIED.,.F.,
  .F.,(2,2),(-7.7,-5.7),.PIECEWISE_BEZIER_KNOTS.);
#9089 = CARTESIAN_POINT('',(6.,-15.4));
#9090 = CARTESIAN_POINT('',(6.,-13.4));
#9091 = ( GEOMETRIC_REPRESENTATION_CONTEXT(2) 
PARAMETRIC_REPRESENTATION_CONTEXT() REPRESENTATION_CONTEXT('2D SPACE',''
  ) );
#9092 = PCURVE('',#8931,#9093);
#9093 = DEFINITIONAL_REPRESENTATION('',(#9094),#9097);
#9094 = B_SPLINE_CURVE_WITH_KNOTS('',1,(#9095,#9096),.UNSPECIFIED.,.F.,
  .F.,(2,2),(-7.7,-5.7),.PIECEWISE_BEZIER_KNOTS.);
#9095 = CARTESIAN_POINT('',(5.6,0.));
#9096 = CARTESIAN_POINT('',(5.6,-2.));
#9097 = ( GEOMETRIC_REPRESENTATION_CONTEXT(2) 
PARAMETRIC_REPRESENTATION_CONTEXT() REPRESENTATION_CONTEXT('2D SPACE',''
  ) );
#9098 = ORIENTED_EDGE('',*,*,#8889,.F.);
#9099 = ORIENTED_EDGE('',*,*,#9100,.T.);
#9100 = EDGE_CURVE('',#8867,#9101,#9103,.T.);
#9101 = VERTEX_POINT('',#9102);
#9102 = CARTESIAN_POINT('',(56.4,-9.,7.8));
#9103 = SURFACE_CURVE('',#9104,(#9109,#9116),.PCURVE_S1.);
#9104 = CIRCLE('',#9105,6.4);
#9105 = AXIS2_PLACEMENT_3D('',#9106,#9107,#9108);
#9106 = CARTESIAN_POINT('',(50.,-9.,7.8));
#9107 = DIRECTION('',(0.,0.,1.));
#9108 = DIRECTION('',(0.,-1.,0.));
#9109 = PCURVE('',#8904,#9110);
#9110 = DEFINITIONAL_REPRESENTATION('',(#9111),#9115);
#9111 = CIRCLE('',#9112,6.4);
#9112 = AXIS2_PLACEMENT_2D('',#9113,#9114);
#9113 = CARTESIAN_POINT('',(21.,-9.));
#9114 = DIRECTION('',(0.,-1.));
#9115 = ( GEOMETRIC_REPRESENTATION_CONTEXT(2) 
PARAMETRIC_REPRESENTATION_CONTEXT() REPRESENTATION_CONTEXT('2D SPACE',''
  ) );
#9116 = PCURVE('',#8654,#9117);
#9117 = DEFINITIONAL_REPRESENTATION('',(#9118),#9122);
#9118 = LINE('',#9119,#9120);
#9119 = CARTESIAN_POINT('',(0.,0.64));
#9120 = VECTOR('',#9121,1.);
#9121 = DIRECTION('',(1.,0.));
#9122 = ( GEOMETRIC_REPRESENTATION_CONTEXT(2) 
PARAMETRIC_REPRESENTATION_CONTEXT() REPRESENTATION_CONTEXT('2D SPACE',''
  ) );
#9123 = ORIENTED_EDGE('',*,*,#9124,.F.);
#9124 = EDGE_CURVE('',#9125,#9101,#9127,.T.);
#9125 = VERTEX_POINT('',#9126);
#9126 = CARTESIAN_POINT('',(56.4,9.,7.8));
#9127 = SURFACE_CURVE('',#9128,(#9132,#9138),.PCURVE_S1.);
#9128 = LINE('',#9129,#9130);
#9129 = CARTESIAN_POINT('',(56.4,-7.7,7.8));
#9130 = VECTOR('',#9131,1.);
#9131 = DIRECTION('',(0.,-1.,0.));
#9132 = PCURVE('',#8904,#9133);
#9133 = DEFINITIONAL_REPRESENTATION('',(#9134),#9137);
#9134 = B_SPLINE_CURVE_WITH_KNOTS('',1,(#9135,#9136),.UNSPECIFIED.,.F.,
  .F.,(2,2),(-16.7,1.3),.PIECEWISE_BEZIER_KNOTS.);
#9135 = CARTESIAN_POINT('',(27.4,9.));
#9136 = CARTESIAN_POINT('',(27.4,-9.));
#9137 = ( GEOMETRIC_REPRESENTATION_CONTEXT(2) 
PARAMETRIC_REPRESENTATION_CONTEXT() REPRESENTATION_CONTEXT('2D SPACE',''
  ) );
#9138 = PCURVE('',#8851,#9139);
#9139 = DEFINITIONAL_REPRESENTATION('',(#9140),#9143);
#9140 = B_SPLINE_CURVE_WITH_KNOTS('',1,(#9141,#9142),.UNSPECIFIED.,.F.,
  .F.,(2,2),(-16.7,1.3),.PIECEWISE_BEZIER_KNOTS.);
#9141 = CARTESIAN_POINT('',(24.4,-0.64));
#9142 = CARTESIAN_POINT('',(6.4,-0.64));
#9143 = ( GEOMETRIC_REPRESENTATION_CONTEXT(2) 
PARAMETRIC_REPRESENTATION_CONTEXT() REPRESENTATION_CONTEXT('2D SPACE',''
  ) );
#9144 = ORIENTED_EDGE('',*,*,#9145,.T.);
#9145 = EDGE_CURVE('',#9125,#9146,#9148,.T.);
#9146 = VERTEX_POINT('',#9147);
#9147 = CARTESIAN_POINT('',(50.,15.4,7.8));
#9148 = SURFACE_CURVE('',#9149,(#9154,#9161),.PCURVE_S1.);
#9149 = CIRCLE('',#9150,6.4);
#9150 = AXIS2_PLACEMENT_3D('',#9151,#9152,#9153);
#9151 = CARTESIAN_POINT('',(50.,9.,7.8));
#9152 = DIRECTION('',(0.,0.,1.));
#9153 = DIRECTION('',(1.,0.,-0.));
#9154 = PCURVE('',#8904,#9155);
#9155 = DEFINITIONAL_REPRESENTATION('',(#9156),#9160);
#9156 = CIRCLE('',#9157,6.4);
#9157 = AXIS2_PLACEMENT_2D('',#9158,#9159);
#9158 = CARTESIAN_POINT('',(21.,9.));
#9159 = DIRECTION('',(1.,0.));
#9160 = ( GEOMETRIC_REPRESENTATION_CONTEXT(2) 
PARAMETRIC_REPRESENTATION_CONTEXT() REPRESENTATION_CONTEXT('2D SPACE',''
  ) );
#9161 = PCURVE('',#8825,#9162);
#9162 = DEFINITIONAL_REPRESENTATION('',(#9163),#9167);
#9163 = LINE('',#9164,#9165);
#9164 = CARTESIAN_POINT('',(0.,0.64));
#9165 = VECTOR('',#9166,1.);
#9166 = DIRECTION('',(1.,0.));
#9167 = ( GEOMETRIC_REPRESENTATION_CONTEXT(2) 
PARAMETRIC_REPRESENTATION_CONTEXT() REPRESENTATION_CONTEXT('2D SPACE',''
  ) );
#9168 = ORIENTED_EDGE('',*,*,#9169,.F.);
#9169 = EDGE_CURVE('',#9170,#9146,#9172,.T.);
#9170 = VERTEX_POINT('',#9171);
#9171 = CARTESIAN_POINT('',(35.,15.4,7.8));
#9172 = SURFACE_CURVE('',#9173,(#9177,#9183),.PCURVE_S1.);
#9173 = LINE('',#9174,#9175);
#9174 = CARTESIAN_POINT('',(42.7,15.4,7.8));
#9175 = VECTOR('',#9176,1.);
#9176 = DIRECTION('',(1.,0.,-0.));
#9177 = PCURVE('',#8904,#9178);
#9178 = DEFINITIONAL_REPRESENTATION('',(#9179),#9182);
#9179 = B_SPLINE_CURVE_WITH_KNOTS('',1,(#9180,#9181),.UNSPECIFIED.,.F.,
  .F.,(2,2),(-34.7,7.3),.PIECEWISE_BEZIER_KNOTS.);
#9180 = CARTESIAN_POINT('',(-21.,15.4));
#9181 = CARTESIAN_POINT('',(21.,15.4));
#9182 = ( GEOMETRIC_REPRESENTATION_CONTEXT(2) 
PARAMETRIC_REPRESENTATION_CONTEXT() REPRESENTATION_CONTEXT('2D SPACE',''
  ) );
#9183 = PCURVE('',#8796,#9184);
#9184 = DEFINITIONAL_REPRESENTATION('',(#9185),#9188);
#9185 = B_SPLINE_CURVE_WITH_KNOTS('',1,(#9186,#9187),.UNSPECIFIED.,.F.,
  .F.,(2,2),(-34.7,7.3),.PIECEWISE_BEZIER_KNOTS.);
#9186 = CARTESIAN_POINT('',(48.4,-0.64));
#9187 = CARTESIAN_POINT('',(6.4,-0.64));
#9188 = ( GEOMETRIC_REPRESENTATION_CONTEXT(2) 
PARAMETRIC_REPRESENTATION_CONTEXT() REPRESENTATION_CONTEXT('2D SPACE',''
  ) );
#9189 = ORIENTED_EDGE('',*,*,#9190,.F.);
#9190 = EDGE_CURVE('',#9191,#9170,#9193,.T.);
#9191 = VERTEX_POINT('',#9192);
#9192 = CARTESIAN_POINT('',(35.,15.1,7.8));
#9193 = SURFACE_CURVE('',#9194,(#9198,#9204),.PCURVE_S1.);
#9194 = LINE('',#9195,#9196);
#9195 = CARTESIAN_POINT('',(35.,6.7,7.8));
#9196 = VECTOR('',#9197,1.);
#9197 = DIRECTION('',(0.,1.,0.));
#9198 = PCURVE('',#8904,#9199);
#9199 = DEFINITIONAL_REPRESENTATION('',(#9200),#9203);
#9200 = B_SPLINE_CURVE_WITH_KNOTS('',1,(#9201,#9202),.UNSPECIFIED.,.F.,
  .F.,(2,2),(6.7,8.7),.PIECEWISE_BEZIER_KNOTS.);
#9201 = CARTESIAN_POINT('',(6.,13.4));
#9202 = CARTESIAN_POINT('',(6.,15.4));
#9203 = ( GEOMETRIC_REPRESENTATION_CONTEXT(2) 
PARAMETRIC_REPRESENTATION_CONTEXT() REPRESENTATION_CONTEXT('2D SPACE',''
  ) );
#9204 = PCURVE('',#9205,#9210);
#9205 = PLANE('',#9206);
#9206 = AXIS2_PLACEMENT_3D('',#9207,#9208,#9209);
#9207 = CARTESIAN_POINT('',(35.,13.4,2.2));
#9208 = DIRECTION('',(1.,0.,0.));
#9209 = DIRECTION('',(0.,0.,1.));
#9210 = DEFINITIONAL_REPRESENTATION('',(#9211),#9214);
#9211 = B_SPLINE_CURVE_WITH_KNOTS('',1,(#9212,#9213),.UNSPECIFIED.,.F.,
  .F.,(2,2),(6.7,8.7),.PIECEWISE_BEZIER_KNOTS.);
#9212 = CARTESIAN_POINT('',(5.6,0.));
#9213 = CARTESIAN_POINT('',(5.6,-2.));
#9214 = ( GEOMETRIC_REPRESENTATION_CONTEXT(2) 
PARAMETRIC_REPRESENTATION_CONTEXT() REPRESENTATION_CONTEXT('2D SPACE',''
  ) );
#9215 = ORIENTED_EDGE('',*,*,#9216,.T.);
#9216 = EDGE_CURVE('',#9191,#9217,#9219,.T.);
#9217 = VERTEX_POINT('',#9218);
#9218 = CARTESIAN_POINT('',(50.,15.1,7.8));
#9219 = SURFACE_CURVE('',#9220,(#9224,#9231),.PCURVE_S1.);
#9220 = LINE('',#9221,#9222);
#9221 = CARTESIAN_POINT('',(42.55,15.1,7.8));
#9222 = VECTOR('',#9223,1.);
#9223 = DIRECTION('',(1.,0.,-0.));
#9224 = PCURVE('',#8904,#9225);
#9225 = DEFINITIONAL_REPRESENTATION('',(#9226),#9230);
#9226 = LINE('',#9227,#9228);
#9227 = CARTESIAN_POINT('',(13.55,15.1));
#9228 = VECTOR('',#9229,1.);
#9229 = DIRECTION('',(1.,0.));
#9230 = ( GEOMETRIC_REPRESENTATION_CONTEXT(2) 
PARAMETRIC_REPRESENTATION_CONTEXT() REPRESENTATION_CONTEXT('2D SPACE',''
  ) );
#9231 = PCURVE('',#9232,#9237);
#9232 = PLANE('',#9233);
#9233 = AXIS2_PLACEMENT_3D('',#9234,#9235,#9236);
#9234 = CARTESIAN_POINT('',(56.1,15.1,7.76));
#9235 = DIRECTION('',(0.,-1.,0.));
#9236 = DIRECTION('',(-1.,0.,0.));
#9237 = DEFINITIONAL_REPRESENTATION('',(#9238),#9242);
#9238 = LINE('',#9239,#9240);
#9239 = CARTESIAN_POINT('',(13.55,-4.E-02));
#9240 = VECTOR('',#9241,1.);
#9241 = DIRECTION('',(-1.,0.));
#9242 = ( GEOMETRIC_REPRESENTATION_CONTEXT(2) 
PARAMETRIC_REPRESENTATION_CONTEXT() REPRESENTATION_CONTEXT('2D SPACE',''
  ) );
#9243 = ORIENTED_EDGE('',*,*,#9244,.F.);
#9244 = EDGE_CURVE('',#9245,#9217,#9247,.T.);
#9245 = VERTEX_POINT('',#9246);
#9246 = CARTESIAN_POINT('',(56.1,9.,7.8));
#9247 = SURFACE_CURVE('',#9248,(#9253,#9260),.PCURVE_S1.);
#9248 = CIRCLE('',#9249,6.1);
#9249 = AXIS2_PLACEMENT_3D('',#9250,#9251,#9252);
#9250 = CARTESIAN_POINT('',(50.,9.,7.8));
#9251 = DIRECTION('',(0.,0.,1.));
#9252 = DIRECTION('',(1.,0.,-0.));
#9253 = PCURVE('',#8904,#9254);
#9254 = DEFINITIONAL_REPRESENTATION('',(#9255),#9259);
#9255 = CIRCLE('',#9256,6.1);
#9256 = AXIS2_PLACEMENT_2D('',#9257,#9258);
#9257 = CARTESIAN_POINT('',(21.,9.));
#9258 = DIRECTION('',(1.,0.));
#9259 = ( GEOMETRIC_REPRESENTATION_CONTEXT(2) 
PARAMETRIC_REPRESENTATION_CONTEXT() REPRESENTATION_CONTEXT('2D SPACE',''
  ) );
#9260 = PCURVE('',#9261,#9266);
#9261 = CYLINDRICAL_SURFACE('',#9262,6.1);
#9262 = AXIS2_PLACEMENT_3D('',#9263,#9264,#9265);
#9263 = CARTESIAN_POINT('',(50.,9.,7.76));
#9264 = DIRECTION('',(0.,0.,1.));
#9265 = DIRECTION('',(1.,0.,-0.));
#9266 = DEFINITIONAL_REPRESENTATION('',(#9267),#9271);
#9267 = LINE('',#9268,#9269);
#9268 = CARTESIAN_POINT('',(0.,4.E-02));
#9269 = VECTOR('',#9270,1.);
#9270 = DIRECTION('',(1.,0.));
#9271 = ( GEOMETRIC_REPRESENTATION_CONTEXT(2) 
PARAMETRIC_REPRESENTATION_CONTEXT() REPRESENTATION_CONTEXT('2D SPACE',''
  ) );
#9272 = ORIENTED_EDGE('',*,*,#9273,.T.);
#9273 = EDGE_CURVE('',#9245,#9274,#9276,.T.);
#9274 = VERTEX_POINT('',#9275);
#9275 = CARTESIAN_POINT('',(56.1,-9.,7.8));
#9276 = SURFACE_CURVE('',#9277,(#9281,#9288),.PCURVE_S1.);
#9277 = LINE('',#9278,#9279);
#9278 = CARTESIAN_POINT('',(56.1,-7.55,7.8));
#9279 = VECTOR('',#9280,1.);
#9280 = DIRECTION('',(0.,-1.,0.));
#9281 = PCURVE('',#8904,#9282);
#9282 = DEFINITIONAL_REPRESENTATION('',(#9283),#9287);
#9283 = LINE('',#9284,#9285);
#9284 = CARTESIAN_POINT('',(27.1,-7.55));
#9285 = VECTOR('',#9286,1.);
#9286 = DIRECTION('',(0.,-1.));
#9287 = ( GEOMETRIC_REPRESENTATION_CONTEXT(2) 
PARAMETRIC_REPRESENTATION_CONTEXT() REPRESENTATION_CONTEXT('2D SPACE',''
  ) );
#9288 = PCURVE('',#9289,#9294);
#9289 = PLANE('',#9290);
#9290 = AXIS2_PLACEMENT_3D('',#9291,#9292,#9293);
#9291 = CARTESIAN_POINT('',(56.1,-15.1,7.76));
#9292 = DIRECTION('',(-1.,0.,0.));
#9293 = DIRECTION('',(0.,1.,0.));
#9294 = DEFINITIONAL_REPRESENTATION('',(#9295),#9299);
#9295 = LINE('',#9296,#9297);
#9296 = CARTESIAN_POINT('',(7.55,-4.E-02));
#9297 = VECTOR('',#9298,1.);
#9298 = DIRECTION('',(-1.,0.));
#9299 = ( GEOMETRIC_REPRESENTATION_CONTEXT(2) 
PARAMETRIC_REPRESENTATION_CONTEXT() REPRESENTATION_CONTEXT('2D SPACE',''
  ) );
#9300 = ORIENTED_EDGE('',*,*,#9301,.F.);
#9301 = EDGE_CURVE('',#9051,#9274,#9302,.T.);
#9302 = SURFACE_CURVE('',#9303,(#9308,#9315),.PCURVE_S1.);
#9303 = CIRCLE('',#9304,6.1);
#9304 = AXIS2_PLACEMENT_3D('',#9305,#9306,#9307);
#9305 = CARTESIAN_POINT('',(50.,-9.,7.8));
#9306 = DIRECTION('',(0.,0.,1.));
#9307 = DIRECTION('',(0.,-1.,0.));
#9308 = PCURVE('',#8904,#9309);
#9309 = DEFINITIONAL_REPRESENTATION('',(#9310),#9314);
#9310 = CIRCLE('',#9311,6.1);
#9311 = AXIS2_PLACEMENT_2D('',#9312,#9313);
#9312 = CARTESIAN_POINT('',(21.,-9.));
#9313 = DIRECTION('',(0.,-1.));
#9314 = ( GEOMETRIC_REPRESENTATION_CONTEXT(2) 
PARAMETRIC_REPRESENTATION_CONTEXT() REPRESENTATION_CONTEXT('2D SPACE',''
  ) );
#9315 = PCURVE('',#9316,#9321);
#9316 = CYLINDRICAL_SURFACE('',#9317,6.1);
#9317 = AXIS2_PLACEMENT_3D('',#9318,#9319,#9320);
#9318 = CARTESIAN_POINT('',(50.,-9.,7.76));
#9319 = DIRECTION('',(0.,0.,1.));
#9320 = DIRECTION('',(0.,-1.,0.));
#9321 = DEFINITIONAL_REPRESENTATION('',(#9322),#9326);
#9322 = LINE('',#9323,#9324);
#9323 = CARTESIAN_POINT('',(0.,4.E-02));
#9324 = VECTOR('',#9325,1.);
#9325 = DIRECTION('',(1.,0.));
#9326 = ( GEOMETRIC_REPRESENTATION_CONTEXT(2) 
PARAMETRIC_REPRESENTATION_CONTEXT() REPRESENTATION_CONTEXT('2D SPACE',''
  ) );
#9327 = ADVANCED_FACE('',(#9328),#9205,.F.);
#9328 = FACE_BOUND('',#9329,.F.);
#9329 = EDGE_LOOP('',(#9330,#9360,#9379,#9380));
#9330 = ORIENTED_EDGE('',*,*,#9331,.F.);
#9331 = EDGE_CURVE('',#9332,#9334,#9336,.T.);
#9332 = VERTEX_POINT('',#9333);
#9333 = CARTESIAN_POINT('',(35.,15.1,7.82));
#9334 = VERTEX_POINT('',#9335);
#9335 = CARTESIAN_POINT('',(35.,15.4,7.82));
#9336 = SURFACE_CURVE('',#9337,(#9341,#9348),.PCURVE_S1.);
#9337 = LINE('',#9338,#9339);
#9338 = CARTESIAN_POINT('',(35.,13.4,7.82));
#9339 = VECTOR('',#9340,1.);
#9340 = DIRECTION('',(0.,1.,0.));
#9341 = PCURVE('',#9205,#9342);
#9342 = DEFINITIONAL_REPRESENTATION('',(#9343),#9347);
#9343 = LINE('',#9344,#9345);
#9344 = CARTESIAN_POINT('',(5.62,0.));
#9345 = VECTOR('',#9346,1.);
#9346 = DIRECTION('',(0.,-1.));
#9347 = ( GEOMETRIC_REPRESENTATION_CONTEXT(2) 
PARAMETRIC_REPRESENTATION_CONTEXT() REPRESENTATION_CONTEXT('2D SPACE',''
  ) );
#9348 = PCURVE('',#9349,#9354);
#9349 = PLANE('',#9350);
#9350 = AXIS2_PLACEMENT_3D('',#9351,#9352,#9353);
#9351 = CARTESIAN_POINT('',(34.,13.4,7.82));
#9352 = DIRECTION('',(0.,0.,1.));
#9353 = DIRECTION('',(1.,0.,0.));
#9354 = DEFINITIONAL_REPRESENTATION('',(#9355),#9359);
#9355 = LINE('',#9356,#9357);
#9356 = CARTESIAN_POINT('',(1.,0.));
#9357 = VECTOR('',#9358,1.);
#9358 = DIRECTION('',(0.,1.));
#9359 = ( GEOMETRIC_REPRESENTATION_CONTEXT(2) 
PARAMETRIC_REPRESENTATION_CONTEXT() REPRESENTATION_CONTEXT('2D SPACE',''
  ) );
#9360 = ORIENTED_EDGE('',*,*,#9361,.T.);
#9361 = EDGE_CURVE('',#9332,#9191,#9362,.T.);
#9362 = SURFACE_CURVE('',#9363,(#9367,#9373),.PCURVE_S1.);
#9363 = LINE('',#9364,#9365);
#9364 = CARTESIAN_POINT('',(35.,15.1,4.98));
#9365 = VECTOR('',#9366,1.);
#9366 = DIRECTION('',(0.,0.,-1.));
#9367 = PCURVE('',#9205,#9368);
#9368 = DEFINITIONAL_REPRESENTATION('',(#9369),#9372);
#9369 = B_SPLINE_CURVE_WITH_KNOTS('',1,(#9370,#9371),.UNSPECIFIED.,.F.,
  .F.,(2,2),(-2.84,-2.82),.PIECEWISE_BEZIER_KNOTS.);
#9370 = CARTESIAN_POINT('',(5.62,-1.7));
#9371 = CARTESIAN_POINT('',(5.6,-1.7));
#9372 = ( GEOMETRIC_REPRESENTATION_CONTEXT(2) 
PARAMETRIC_REPRESENTATION_CONTEXT() REPRESENTATION_CONTEXT('2D SPACE',''
  ) );
#9373 = PCURVE('',#9232,#9374);
#9374 = DEFINITIONAL_REPRESENTATION('',(#9375),#9378);
#9375 = B_SPLINE_CURVE_WITH_KNOTS('',1,(#9376,#9377),.UNSPECIFIED.,.F.,
  .F.,(2,2),(-2.84,-2.82),.PIECEWISE_BEZIER_KNOTS.);
#9376 = CARTESIAN_POINT('',(21.1,-6.E-02));
#9377 = CARTESIAN_POINT('',(21.1,-4.E-02));
#9378 = ( GEOMETRIC_REPRESENTATION_CONTEXT(2) 
PARAMETRIC_REPRESENTATION_CONTEXT() REPRESENTATION_CONTEXT('2D SPACE',''
  ) );
#9379 = ORIENTED_EDGE('',*,*,#9190,.T.);
#9380 = ORIENTED_EDGE('',*,*,#9381,.T.);
#9381 = EDGE_CURVE('',#9170,#9334,#9382,.T.);
#9382 = SURFACE_CURVE('',#9383,(#9387,#9394),.PCURVE_S1.);
#9383 = LINE('',#9384,#9385);
#9384 = CARTESIAN_POINT('',(35.,15.4,2.2));
#9385 = VECTOR('',#9386,1.);
#9386 = DIRECTION('',(0.,0.,1.));
#9387 = PCURVE('',#9205,#9388);
#9388 = DEFINITIONAL_REPRESENTATION('',(#9389),#9393);
#9389 = LINE('',#9390,#9391);
#9390 = CARTESIAN_POINT('',(0.,-2.));
#9391 = VECTOR('',#9392,1.);
#9392 = DIRECTION('',(1.,0.));
#9393 = ( GEOMETRIC_REPRESENTATION_CONTEXT(2) 
PARAMETRIC_REPRESENTATION_CONTEXT() REPRESENTATION_CONTEXT('2D SPACE',''
  ) );
#9394 = PCURVE('',#8796,#9395);
#9395 = DEFINITIONAL_REPRESENTATION('',(#9396),#9400);
#9396 = LINE('',#9397,#9398);
#9397 = CARTESIAN_POINT('',(21.4,4.96));
#9398 = VECTOR('',#9399,1.);
#9399 = DIRECTION('',(0.,-1.));
#9400 = ( GEOMETRIC_REPRESENTATION_CONTEXT(2) 
PARAMETRIC_REPRESENTATION_CONTEXT() REPRESENTATION_CONTEXT('2D SPACE',''
  ) );
#9401 = ADVANCED_FACE('',(#9402),#9349,.F.);
#9402 = FACE_BOUND('',#9403,.F.);
#9403 = EDGE_LOOP('',(#9404,#9434,#9453,#9454));
#9404 = ORIENTED_EDGE('',*,*,#9405,.F.);
#9405 = EDGE_CURVE('',#9406,#9408,#9410,.T.);
#9406 = VERTEX_POINT('',#9407);
#9407 = CARTESIAN_POINT('',(34.,15.1,7.82));
#9408 = VERTEX_POINT('',#9409);
#9409 = CARTESIAN_POINT('',(34.,15.4,7.82));
#9410 = SURFACE_CURVE('',#9411,(#9415,#9422),.PCURVE_S1.);
#9411 = LINE('',#9412,#9413);
#9412 = CARTESIAN_POINT('',(34.,13.4,7.82));
#9413 = VECTOR('',#9414,1.);
#9414 = DIRECTION('',(0.,1.,0.));
#9415 = PCURVE('',#9349,#9416);
#9416 = DEFINITIONAL_REPRESENTATION('',(#9417),#9421);
#9417 = LINE('',#9418,#9419);
#9418 = CARTESIAN_POINT('',(0.,0.));
#9419 = VECTOR('',#9420,1.);
#9420 = DIRECTION('',(0.,1.));
#9421 = ( GEOMETRIC_REPRESENTATION_CONTEXT(2) 
PARAMETRIC_REPRESENTATION_CONTEXT() REPRESENTATION_CONTEXT('2D SPACE',''
  ) );
#9422 = PCURVE('',#9423,#9428);
#9423 = PLANE('',#9424);
#9424 = AXIS2_PLACEMENT_3D('',#9425,#9426,#9427);
#9425 = CARTESIAN_POINT('',(34.,13.4,2.2));
#9426 = DIRECTION('',(1.,0.,0.));
#9427 = DIRECTION('',(0.,0.,1.));
#9428 = DEFINITIONAL_REPRESENTATION('',(#9429),#9433);
#9429 = LINE('',#9430,#9431);
#9430 = CARTESIAN_POINT('',(5.62,0.));
#9431 = VECTOR('',#9432,1.);
#9432 = DIRECTION('',(0.,-1.));
#9433 = ( GEOMETRIC_REPRESENTATION_CONTEXT(2) 
PARAMETRIC_REPRESENTATION_CONTEXT() REPRESENTATION_CONTEXT('2D SPACE',''
  ) );
#9434 = ORIENTED_EDGE('',*,*,#9435,.T.);
#9435 = EDGE_CURVE('',#9406,#9332,#9436,.T.);
#9436 = SURFACE_CURVE('',#9437,(#9441,#9447),.PCURVE_S1.);
#9437 = LINE('',#9438,#9439);
#9438 = CARTESIAN_POINT('',(45.05,15.1,7.82));
#9439 = VECTOR('',#9440,1.);
#9440 = DIRECTION('',(1.,0.,-0.));
#9441 = PCURVE('',#9349,#9442);
#9442 = DEFINITIONAL_REPRESENTATION('',(#9443),#9446);
#9443 = B_SPLINE_CURVE_WITH_KNOTS('',1,(#9444,#9445),.UNSPECIFIED.,.F.,
  .F.,(2,2),(-11.05,-10.05),.PIECEWISE_BEZIER_KNOTS.);
#9444 = CARTESIAN_POINT('',(0.,1.7));
#9445 = CARTESIAN_POINT('',(1.,1.7));
#9446 = ( GEOMETRIC_REPRESENTATION_CONTEXT(2) 
PARAMETRIC_REPRESENTATION_CONTEXT() REPRESENTATION_CONTEXT('2D SPACE',''
  ) );
#9447 = PCURVE('',#9232,#9448);
#9448 = DEFINITIONAL_REPRESENTATION('',(#9449),#9452);
#9449 = B_SPLINE_CURVE_WITH_KNOTS('',1,(#9450,#9451),.UNSPECIFIED.,.F.,
  .F.,(2,2),(-11.05,-10.05),.PIECEWISE_BEZIER_KNOTS.);
#9450 = CARTESIAN_POINT('',(22.1,-6.E-02));
#9451 = CARTESIAN_POINT('',(21.1,-6.E-02));
#9452 = ( GEOMETRIC_REPRESENTATION_CONTEXT(2) 
PARAMETRIC_REPRESENTATION_CONTEXT() REPRESENTATION_CONTEXT('2D SPACE',''
  ) );
#9453 = ORIENTED_EDGE('',*,*,#9331,.T.);
#9454 = ORIENTED_EDGE('',*,*,#9455,.F.);
#9455 = EDGE_CURVE('',#9408,#9334,#9456,.T.);
#9456 = SURFACE_CURVE('',#9457,(#9461,#9468),.PCURVE_S1.);
#9457 = LINE('',#9458,#9459);
#9458 = CARTESIAN_POINT('',(34.,15.4,7.82));
#9459 = VECTOR('',#9460,1.);
#9460 = DIRECTION('',(1.,0.,0.));
#9461 = PCURVE('',#9349,#9462);
#9462 = DEFINITIONAL_REPRESENTATION('',(#9463),#9467);
#9463 = LINE('',#9464,#9465);
#9464 = CARTESIAN_POINT('',(0.,2.));
#9465 = VECTOR('',#9466,1.);
#9466 = DIRECTION('',(1.,0.));
#9467 = ( GEOMETRIC_REPRESENTATION_CONTEXT(2) 
PARAMETRIC_REPRESENTATION_CONTEXT() REPRESENTATION_CONTEXT('2D SPACE',''
  ) );
#9468 = PCURVE('',#8796,#9469);
#9469 = DEFINITIONAL_REPRESENTATION('',(#9470),#9474);
#9470 = LINE('',#9471,#9472);
#9471 = CARTESIAN_POINT('',(22.4,-0.66));
#9472 = VECTOR('',#9473,1.);
#9473 = DIRECTION('',(-1.,-0.));
#9474 = ( GEOMETRIC_REPRESENTATION_CONTEXT(2) 
PARAMETRIC_REPRESENTATION_CONTEXT() REPRESENTATION_CONTEXT('2D SPACE',''
  ) );
#9475 = ADVANCED_FACE('',(#9476),#9423,.T.);
#9476 = FACE_BOUND('',#9477,.T.);
#9477 = EDGE_LOOP('',(#9478,#9479,#9500,#9521));
#9478 = ORIENTED_EDGE('',*,*,#9405,.F.);
#9479 = ORIENTED_EDGE('',*,*,#9480,.T.);
#9480 = EDGE_CURVE('',#9406,#9481,#9483,.T.);
#9481 = VERTEX_POINT('',#9482);
#9482 = CARTESIAN_POINT('',(34.,15.1,7.8));
#9483 = SURFACE_CURVE('',#9484,(#9488,#9494),.PCURVE_S1.);
#9484 = LINE('',#9485,#9486);
#9485 = CARTESIAN_POINT('',(34.,15.1,4.98));
#9486 = VECTOR('',#9487,1.);
#9487 = DIRECTION('',(0.,0.,-1.));
#9488 = PCURVE('',#9423,#9489);
#9489 = DEFINITIONAL_REPRESENTATION('',(#9490),#9493);
#9490 = B_SPLINE_CURVE_WITH_KNOTS('',1,(#9491,#9492),.UNSPECIFIED.,.F.,
  .F.,(2,2),(-2.84,-2.82),.PIECEWISE_BEZIER_KNOTS.);
#9491 = CARTESIAN_POINT('',(5.62,-1.7));
#9492 = CARTESIAN_POINT('',(5.6,-1.7));
#9493 = ( GEOMETRIC_REPRESENTATION_CONTEXT(2) 
PARAMETRIC_REPRESENTATION_CONTEXT() REPRESENTATION_CONTEXT('2D SPACE',''
  ) );
#9494 = PCURVE('',#9232,#9495);
#9495 = DEFINITIONAL_REPRESENTATION('',(#9496),#9499);
#9496 = B_SPLINE_CURVE_WITH_KNOTS('',1,(#9497,#9498),.UNSPECIFIED.,.F.,
  .F.,(2,2),(-2.84,-2.82),.PIECEWISE_BEZIER_KNOTS.);
#9497 = CARTESIAN_POINT('',(22.1,-6.E-02));
#9498 = CARTESIAN_POINT('',(22.1,-4.E-02));
#9499 = ( GEOMETRIC_REPRESENTATION_CONTEXT(2) 
PARAMETRIC_REPRESENTATION_CONTEXT() REPRESENTATION_CONTEXT('2D SPACE',''
  ) );
#9500 = ORIENTED_EDGE('',*,*,#9501,.T.);
#9501 = EDGE_CURVE('',#9481,#9502,#9504,.T.);
#9502 = VERTEX_POINT('',#9503);
#9503 = CARTESIAN_POINT('',(34.,15.4,7.8));
#9504 = SURFACE_CURVE('',#9505,(#9509,#9515),.PCURVE_S1.);
#9505 = LINE('',#9506,#9507);
#9506 = CARTESIAN_POINT('',(34.,6.7,7.8));
#9507 = VECTOR('',#9508,1.);
#9508 = DIRECTION('',(0.,1.,0.));
#9509 = PCURVE('',#9423,#9510);
#9510 = DEFINITIONAL_REPRESENTATION('',(#9511),#9514);
#9511 = B_SPLINE_CURVE_WITH_KNOTS('',1,(#9512,#9513),.UNSPECIFIED.,.F.,
  .F.,(2,2),(6.7,8.7),.PIECEWISE_BEZIER_KNOTS.);
#9512 = CARTESIAN_POINT('',(5.6,0.));
#9513 = CARTESIAN_POINT('',(5.6,-2.));
#9514 = ( GEOMETRIC_REPRESENTATION_CONTEXT(2) 
PARAMETRIC_REPRESENTATION_CONTEXT() REPRESENTATION_CONTEXT('2D SPACE',''
  ) );
#9515 = PCURVE('',#9014,#9516);
#9516 = DEFINITIONAL_REPRESENTATION('',(#9517),#9520);
#9517 = B_SPLINE_CURVE_WITH_KNOTS('',1,(#9518,#9519),.UNSPECIFIED.,.F.,
  .F.,(2,2),(6.7,8.7),.PIECEWISE_BEZIER_KNOTS.);
#9518 = CARTESIAN_POINT('',(5.,13.4));
#9519 = CARTESIAN_POINT('',(5.,15.4));
#9520 = ( GEOMETRIC_REPRESENTATION_CONTEXT(2) 
PARAMETRIC_REPRESENTATION_CONTEXT() REPRESENTATION_CONTEXT('2D SPACE',''
  ) );
#9521 = ORIENTED_EDGE('',*,*,#9522,.T.);
#9522 = EDGE_CURVE('',#9502,#9408,#9523,.T.);
#9523 = SURFACE_CURVE('',#9524,(#9528,#9535),.PCURVE_S1.);
#9524 = LINE('',#9525,#9526);
#9525 = CARTESIAN_POINT('',(34.,15.4,2.2));
#9526 = VECTOR('',#9527,1.);
#9527 = DIRECTION('',(0.,0.,1.));
#9528 = PCURVE('',#9423,#9529);
#9529 = DEFINITIONAL_REPRESENTATION('',(#9530),#9534);
#9530 = LINE('',#9531,#9532);
#9531 = CARTESIAN_POINT('',(0.,-2.));
#9532 = VECTOR('',#9533,1.);
#9533 = DIRECTION('',(1.,0.));
#9534 = ( GEOMETRIC_REPRESENTATION_CONTEXT(2) 
PARAMETRIC_REPRESENTATION_CONTEXT() REPRESENTATION_CONTEXT('2D SPACE',''
  ) );
#9535 = PCURVE('',#8796,#9536);
#9536 = DEFINITIONAL_REPRESENTATION('',(#9537),#9541);
#9537 = LINE('',#9538,#9539);
#9538 = CARTESIAN_POINT('',(22.4,4.96));
#9539 = VECTOR('',#9540,1.);
#9540 = DIRECTION('',(0.,-1.));
#9541 = ( GEOMETRIC_REPRESENTATION_CONTEXT(2) 
PARAMETRIC_REPRESENTATION_CONTEXT() REPRESENTATION_CONTEXT('2D SPACE',''
  ) );
#9542 = ADVANCED_FACE('',(#9543),#9232,.T.);
#9543 = FACE_BOUND('',#9544,.T.);
#9544 = EDGE_LOOP('',(#9545,#9575,#9596,#9597,#9598,#9599,#9600,#9623));
#9545 = ORIENTED_EDGE('',*,*,#9546,.F.);
#9546 = EDGE_CURVE('',#9547,#9549,#9551,.T.);
#9547 = VERTEX_POINT('',#9548);
#9548 = CARTESIAN_POINT('',(8.,15.1,7.8));
#9549 = VERTEX_POINT('',#9550);
#9550 = CARTESIAN_POINT('',(8.,15.1,9.12));
#9551 = SURFACE_CURVE('',#9552,(#9556,#9563),.PCURVE_S1.);
#9552 = LINE('',#9553,#9554);
#9553 = CARTESIAN_POINT('',(8.,15.1,7.76));
#9554 = VECTOR('',#9555,1.);
#9555 = DIRECTION('',(0.,0.,1.));
#9556 = PCURVE('',#9232,#9557);
#9557 = DEFINITIONAL_REPRESENTATION('',(#9558),#9562);
#9558 = LINE('',#9559,#9560);
#9559 = CARTESIAN_POINT('',(48.1,0.));
#9560 = VECTOR('',#9561,1.);
#9561 = DIRECTION('',(0.,-1.));
#9562 = ( GEOMETRIC_REPRESENTATION_CONTEXT(2) 
PARAMETRIC_REPRESENTATION_CONTEXT() REPRESENTATION_CONTEXT('2D SPACE',''
  ) );
#9563 = PCURVE('',#9564,#9569);
#9564 = CYLINDRICAL_SURFACE('',#9565,6.1);
#9565 = AXIS2_PLACEMENT_3D('',#9566,#9567,#9568);
#9566 = CARTESIAN_POINT('',(8.,9.,7.76));
#9567 = DIRECTION('',(0.,0.,1.));
#9568 = DIRECTION('',(-0.,1.,0.));
#9569 = DEFINITIONAL_REPRESENTATION('',(#9570),#9574);
#9570 = LINE('',#9571,#9572);
#9571 = CARTESIAN_POINT('',(0.,0.));
#9572 = VECTOR('',#9573,1.);
#9573 = DIRECTION('',(0.,1.));
#9574 = ( GEOMETRIC_REPRESENTATION_CONTEXT(2) 
PARAMETRIC_REPRESENTATION_CONTEXT() REPRESENTATION_CONTEXT('2D SPACE',''
  ) );
#9575 = ORIENTED_EDGE('',*,*,#9576,.T.);
#9576 = EDGE_CURVE('',#9547,#9481,#9577,.T.);
#9577 = SURFACE_CURVE('',#9578,(#9582,#9589),.PCURVE_S1.);
#9578 = LINE('',#9579,#9580);
#9579 = CARTESIAN_POINT('',(42.55,15.1,7.8));
#9580 = VECTOR('',#9581,1.);
#9581 = DIRECTION('',(1.,0.,-0.));
#9582 = PCURVE('',#9232,#9583);
#9583 = DEFINITIONAL_REPRESENTATION('',(#9584),#9588);
#9584 = LINE('',#9585,#9586);
#9585 = CARTESIAN_POINT('',(13.55,-4.E-02));
#9586 = VECTOR('',#9587,1.);
#9587 = DIRECTION('',(-1.,0.));
#9588 = ( GEOMETRIC_REPRESENTATION_CONTEXT(2) 
PARAMETRIC_REPRESENTATION_CONTEXT() REPRESENTATION_CONTEXT('2D SPACE',''
  ) );
#9589 = PCURVE('',#9014,#9590);
#9590 = DEFINITIONAL_REPRESENTATION('',(#9591),#9595);
#9591 = LINE('',#9592,#9593);
#9592 = CARTESIAN_POINT('',(13.55,15.1));
#9593 = VECTOR('',#9594,1.);
#9594 = DIRECTION('',(1.,0.));
#9595 = ( GEOMETRIC_REPRESENTATION_CONTEXT(2) 
PARAMETRIC_REPRESENTATION_CONTEXT() REPRESENTATION_CONTEXT('2D SPACE',''
  ) );
#9596 = ORIENTED_EDGE('',*,*,#9480,.F.);
#9597 = ORIENTED_EDGE('',*,*,#9435,.T.);
#9598 = ORIENTED_EDGE('',*,*,#9361,.T.);
#9599 = ORIENTED_EDGE('',*,*,#9216,.T.);
#9600 = ORIENTED_EDGE('',*,*,#9601,.T.);
#9601 = EDGE_CURVE('',#9217,#9602,#9604,.T.);
#9602 = VERTEX_POINT('',#9603);
#9603 = CARTESIAN_POINT('',(50.,15.1,9.12));
#9604 = SURFACE_CURVE('',#9605,(#9609,#9616),.PCURVE_S1.);
#9605 = LINE('',#9606,#9607);
#9606 = CARTESIAN_POINT('',(50.,15.1,7.76));
#9607 = VECTOR('',#9608,1.);
#9608 = DIRECTION('',(0.,0.,1.));
#9609 = PCURVE('',#9232,#9610);
#9610 = DEFINITIONAL_REPRESENTATION('',(#9611),#9615);
#9611 = LINE('',#9612,#9613);
#9612 = CARTESIAN_POINT('',(6.1,0.));
#9613 = VECTOR('',#9614,1.);
#9614 = DIRECTION('',(0.,-1.));
#9615 = ( GEOMETRIC_REPRESENTATION_CONTEXT(2) 
PARAMETRIC_REPRESENTATION_CONTEXT() REPRESENTATION_CONTEXT('2D SPACE',''
  ) );
#9616 = PCURVE('',#9261,#9617);
#9617 = DEFINITIONAL_REPRESENTATION('',(#9618),#9622);
#9618 = LINE('',#9619,#9620);
#9619 = CARTESIAN_POINT('',(1.570796326795,0.));
#9620 = VECTOR('',#9621,1.);
#9621 = DIRECTION('',(0.,1.));
#9622 = ( GEOMETRIC_REPRESENTATION_CONTEXT(2) 
PARAMETRIC_REPRESENTATION_CONTEXT() REPRESENTATION_CONTEXT('2D SPACE',''
  ) );
#9623 = ORIENTED_EDGE('',*,*,#9624,.F.);
#9624 = EDGE_CURVE('',#9549,#9602,#9625,.T.);
#9625 = SURFACE_CURVE('',#9626,(#9630,#9637),.PCURVE_S1.);
#9626 = LINE('',#9627,#9628);
#9627 = CARTESIAN_POINT('',(42.55,15.1,9.12));
#9628 = VECTOR('',#9629,1.);
#9629 = DIRECTION('',(1.,0.,-0.));
#9630 = PCURVE('',#9232,#9631);
#9631 = DEFINITIONAL_REPRESENTATION('',(#9632),#9636);
#9632 = LINE('',#9633,#9634);
#9633 = CARTESIAN_POINT('',(13.55,-1.36));
#9634 = VECTOR('',#9635,1.);
#9635 = DIRECTION('',(-1.,0.));
#9636 = ( GEOMETRIC_REPRESENTATION_CONTEXT(2) 
PARAMETRIC_REPRESENTATION_CONTEXT() REPRESENTATION_CONTEXT('2D SPACE',''
  ) );
#9637 = PCURVE('',#9638,#9643);
#9638 = PLANE('',#9639);
#9639 = AXIS2_PLACEMENT_3D('',#9640,#9641,#9642);
#9640 = CARTESIAN_POINT('',(29.,6.260288420794E-16,9.12));
#9641 = DIRECTION('',(0.,0.,1.));
#9642 = DIRECTION('',(1.,0.,-0.));
#9643 = DEFINITIONAL_REPRESENTATION('',(#9644),#9648);
#9644 = LINE('',#9645,#9646);
#9645 = CARTESIAN_POINT('',(13.55,15.1));
#9646 = VECTOR('',#9647,1.);
#9647 = DIRECTION('',(1.,0.));
#9648 = ( GEOMETRIC_REPRESENTATION_CONTEXT(2) 
PARAMETRIC_REPRESENTATION_CONTEXT() REPRESENTATION_CONTEXT('2D SPACE',''
  ) );
#9649 = ADVANCED_FACE('',(#9650,#9844),#9638,.T.);
#9650 = FACE_BOUND('',#9651,.T.);
#9651 = EDGE_LOOP('',(#9652,#9677,#9701,#9724,#9748,#9771,#9795,#9818));
#9652 = ORIENTED_EDGE('',*,*,#9653,.T.);
#9653 = EDGE_CURVE('',#9654,#9656,#9658,.T.);
#9654 = VERTEX_POINT('',#9655);
#9655 = CARTESIAN_POINT('',(8.,-16.7,9.12));
#9656 = VERTEX_POINT('',#9657);
#9657 = CARTESIAN_POINT('',(50.,-16.7,9.12));
#9658 = SURFACE_CURVE('',#9659,(#9663,#9670),.PCURVE_S1.);
#9659 = LINE('',#9660,#9661);
#9660 = CARTESIAN_POINT('',(0.3,-16.7,9.12));
#9661 = VECTOR('',#9662,1.);
#9662 = DIRECTION('',(1.,0.,0.));
#9663 = PCURVE('',#9638,#9664);
#9664 = DEFINITIONAL_REPRESENTATION('',(#9665),#9669);
#9665 = LINE('',#9666,#9667);
#9666 = CARTESIAN_POINT('',(-28.7,-16.7));
#9667 = VECTOR('',#9668,1.);
#9668 = DIRECTION('',(1.,0.));
#9669 = ( GEOMETRIC_REPRESENTATION_CONTEXT(2) 
PARAMETRIC_REPRESENTATION_CONTEXT() REPRESENTATION_CONTEXT('2D SPACE',''
  ) );
#9670 = PCURVE('',#7954,#9671);
#9671 = DEFINITIONAL_REPRESENTATION('',(#9672),#9676);
#9672 = LINE('',#9673,#9674);
#9673 = CARTESIAN_POINT('',(0.,-1.34));
#9674 = VECTOR('',#9675,1.);
#9675 = DIRECTION('',(1.,0.));
#9676 = ( GEOMETRIC_REPRESENTATION_CONTEXT(2) 
PARAMETRIC_REPRESENTATION_CONTEXT() REPRESENTATION_CONTEXT('2D SPACE',''
  ) );
#9677 = ORIENTED_EDGE('',*,*,#9678,.T.);
#9678 = EDGE_CURVE('',#9656,#9679,#9681,.T.);
#9679 = VERTEX_POINT('',#9680);
#9680 = CARTESIAN_POINT('',(57.7,-9.,9.12));
#9681 = SURFACE_CURVE('',#9682,(#9687,#9694),.PCURVE_S1.);
#9682 = CIRCLE('',#9683,7.7);
#9683 = AXIS2_PLACEMENT_3D('',#9684,#9685,#9686);
#9684 = CARTESIAN_POINT('',(50.,-9.,9.12));
#9685 = DIRECTION('',(0.,0.,1.));
#9686 = DIRECTION('',(0.,-1.,0.));
#9687 = PCURVE('',#9638,#9688);
#9688 = DEFINITIONAL_REPRESENTATION('',(#9689),#9693);
#9689 = CIRCLE('',#9690,7.7);
#9690 = AXIS2_PLACEMENT_2D('',#9691,#9692);
#9691 = CARTESIAN_POINT('',(21.,-9.));
#9692 = DIRECTION('',(0.,-1.));
#9693 = ( GEOMETRIC_REPRESENTATION_CONTEXT(2) 
PARAMETRIC_REPRESENTATION_CONTEXT() REPRESENTATION_CONTEXT('2D SPACE',''
  ) );
#9694 = PCURVE('',#7983,#9695);
#9695 = DEFINITIONAL_REPRESENTATION('',(#9696),#9700);
#9696 = LINE('',#9697,#9698);
#9697 = CARTESIAN_POINT('',(0.,1.34));
#9698 = VECTOR('',#9699,1.);
#9699 = DIRECTION('',(1.,0.));
#9700 = ( GEOMETRIC_REPRESENTATION_CONTEXT(2) 
PARAMETRIC_REPRESENTATION_CONTEXT() REPRESENTATION_CONTEXT('2D SPACE',''
  ) );
#9701 = ORIENTED_EDGE('',*,*,#9702,.T.);
#9702 = EDGE_CURVE('',#9679,#9703,#9705,.T.);
#9703 = VERTEX_POINT('',#9704);
#9704 = CARTESIAN_POINT('',(57.7,9.,9.12));
#9705 = SURFACE_CURVE('',#9706,(#9710,#9717),.PCURVE_S1.);
#9706 = LINE('',#9707,#9708);
#9707 = CARTESIAN_POINT('',(57.7,-16.7,9.12));
#9708 = VECTOR('',#9709,1.);
#9709 = DIRECTION('',(0.,1.,0.));
#9710 = PCURVE('',#9638,#9711);
#9711 = DEFINITIONAL_REPRESENTATION('',(#9712),#9716);
#9712 = LINE('',#9713,#9714);
#9713 = CARTESIAN_POINT('',(28.7,-16.7));
#9714 = VECTOR('',#9715,1.);
#9715 = DIRECTION('',(0.,1.));
#9716 = ( GEOMETRIC_REPRESENTATION_CONTEXT(2) 
PARAMETRIC_REPRESENTATION_CONTEXT() REPRESENTATION_CONTEXT('2D SPACE',''
  ) );
#9717 = PCURVE('',#8011,#9718);
#9718 = DEFINITIONAL_REPRESENTATION('',(#9719),#9723);
#9719 = LINE('',#9720,#9721);
#9720 = CARTESIAN_POINT('',(0.,-1.34));
#9721 = VECTOR('',#9722,1.);
#9722 = DIRECTION('',(1.,0.));
#9723 = ( GEOMETRIC_REPRESENTATION_CONTEXT(2) 
PARAMETRIC_REPRESENTATION_CONTEXT() REPRESENTATION_CONTEXT('2D SPACE',''
  ) );
#9724 = ORIENTED_EDGE('',*,*,#9725,.T.);
#9725 = EDGE_CURVE('',#9703,#9726,#9728,.T.);
#9726 = VERTEX_POINT('',#9727);
#9727 = CARTESIAN_POINT('',(50.,16.7,9.12));
#9728 = SURFACE_CURVE('',#9729,(#9734,#9741),.PCURVE_S1.);
#9729 = CIRCLE('',#9730,7.7);
#9730 = AXIS2_PLACEMENT_3D('',#9731,#9732,#9733);
#9731 = CARTESIAN_POINT('',(50.,9.,9.12));
#9732 = DIRECTION('',(0.,0.,1.));
#9733 = DIRECTION('',(0.,-1.,0.));
#9734 = PCURVE('',#9638,#9735);
#9735 = DEFINITIONAL_REPRESENTATION('',(#9736),#9740);
#9736 = CIRCLE('',#9737,7.7);
#9737 = AXIS2_PLACEMENT_2D('',#9738,#9739);
#9738 = CARTESIAN_POINT('',(21.,9.));
#9739 = DIRECTION('',(0.,-1.));
#9740 = ( GEOMETRIC_REPRESENTATION_CONTEXT(2) 
PARAMETRIC_REPRESENTATION_CONTEXT() REPRESENTATION_CONTEXT('2D SPACE',''
  ) );
#9741 = PCURVE('',#8040,#9742);
#9742 = DEFINITIONAL_REPRESENTATION('',(#9743),#9747);
#9743 = LINE('',#9744,#9745);
#9744 = CARTESIAN_POINT('',(-1.570796326795,1.34));
#9745 = VECTOR('',#9746,1.);
#9746 = DIRECTION('',(1.,0.));
#9747 = ( GEOMETRIC_REPRESENTATION_CONTEXT(2) 
PARAMETRIC_REPRESENTATION_CONTEXT() REPRESENTATION_CONTEXT('2D SPACE',''
  ) );
#9748 = ORIENTED_EDGE('',*,*,#9749,.T.);
#9749 = EDGE_CURVE('',#9726,#9750,#9752,.T.);
#9750 = VERTEX_POINT('',#9751);
#9751 = CARTESIAN_POINT('',(8.,16.7,9.12));
#9752 = SURFACE_CURVE('',#9753,(#9757,#9764),.PCURVE_S1.);
#9753 = LINE('',#9754,#9755);
#9754 = CARTESIAN_POINT('',(57.7,16.7,9.12));
#9755 = VECTOR('',#9756,1.);
#9756 = DIRECTION('',(-1.,0.,0.));
#9757 = PCURVE('',#9638,#9758);
#9758 = DEFINITIONAL_REPRESENTATION('',(#9759),#9763);
#9759 = LINE('',#9760,#9761);
#9760 = CARTESIAN_POINT('',(28.7,16.7));
#9761 = VECTOR('',#9762,1.);
#9762 = DIRECTION('',(-1.,0.));
#9763 = ( GEOMETRIC_REPRESENTATION_CONTEXT(2) 
PARAMETRIC_REPRESENTATION_CONTEXT() REPRESENTATION_CONTEXT('2D SPACE',''
  ) );
#9764 = PCURVE('',#8068,#9765);
#9765 = DEFINITIONAL_REPRESENTATION('',(#9766),#9770);
#9766 = LINE('',#9767,#9768);
#9767 = CARTESIAN_POINT('',(0.,-1.34));
#9768 = VECTOR('',#9769,1.);
#9769 = DIRECTION('',(1.,0.));
#9770 = ( GEOMETRIC_REPRESENTATION_CONTEXT(2) 
PARAMETRIC_REPRESENTATION_CONTEXT() REPRESENTATION_CONTEXT('2D SPACE',''
  ) );
#9771 = ORIENTED_EDGE('',*,*,#9772,.T.);
#9772 = EDGE_CURVE('',#9750,#9773,#9775,.T.);
#9773 = VERTEX_POINT('',#9774);
#9774 = CARTESIAN_POINT('',(0.3,9.,9.12));
#9775 = SURFACE_CURVE('',#9776,(#9781,#9788),.PCURVE_S1.);
#9776 = CIRCLE('',#9777,7.7);
#9777 = AXIS2_PLACEMENT_3D('',#9778,#9779,#9780);
#9778 = CARTESIAN_POINT('',(8.,9.,9.12));
#9779 = DIRECTION('',(0.,0.,1.));
#9780 = DIRECTION('',(0.,-1.,0.));
#9781 = PCURVE('',#9638,#9782);
#9782 = DEFINITIONAL_REPRESENTATION('',(#9783),#9787);
#9783 = CIRCLE('',#9784,7.7);
#9784 = AXIS2_PLACEMENT_2D('',#9785,#9786);
#9785 = CARTESIAN_POINT('',(-21.,9.));
#9786 = DIRECTION('',(0.,-1.));
#9787 = ( GEOMETRIC_REPRESENTATION_CONTEXT(2) 
PARAMETRIC_REPRESENTATION_CONTEXT() REPRESENTATION_CONTEXT('2D SPACE',''
  ) );
#9788 = PCURVE('',#8097,#9789);
#9789 = DEFINITIONAL_REPRESENTATION('',(#9790),#9794);
#9790 = LINE('',#9791,#9792);
#9791 = CARTESIAN_POINT('',(-3.14159265359,1.34));
#9792 = VECTOR('',#9793,1.);
#9793 = DIRECTION('',(1.,0.));
#9794 = ( GEOMETRIC_REPRESENTATION_CONTEXT(2) 
PARAMETRIC_REPRESENTATION_CONTEXT() REPRESENTATION_CONTEXT('2D SPACE',''
  ) );
#9795 = ORIENTED_EDGE('',*,*,#9796,.T.);
#9796 = EDGE_CURVE('',#9773,#9797,#9799,.T.);
#9797 = VERTEX_POINT('',#9798);
#9798 = CARTESIAN_POINT('',(0.3,-9.,9.12));
#9799 = SURFACE_CURVE('',#9800,(#9804,#9811),.PCURVE_S1.);
#9800 = LINE('',#9801,#9802);
#9801 = CARTESIAN_POINT('',(0.3,16.7,9.12));
#9802 = VECTOR('',#9803,1.);
#9803 = DIRECTION('',(0.,-1.,0.));
#9804 = PCURVE('',#9638,#9805);
#9805 = DEFINITIONAL_REPRESENTATION('',(#9806),#9810);
#9806 = LINE('',#9807,#9808);
#9807 = CARTESIAN_POINT('',(-28.7,16.7));
#9808 = VECTOR('',#9809,1.);
#9809 = DIRECTION('',(0.,-1.));
#9810 = ( GEOMETRIC_REPRESENTATION_CONTEXT(2) 
PARAMETRIC_REPRESENTATION_CONTEXT() REPRESENTATION_CONTEXT('2D SPACE',''
  ) );
#9811 = PCURVE('',#8125,#9812);
#9812 = DEFINITIONAL_REPRESENTATION('',(#9813),#9817);
#9813 = LINE('',#9814,#9815);
#9814 = CARTESIAN_POINT('',(0.,-1.34));
#9815 = VECTOR('',#9816,1.);
#9816 = DIRECTION('',(1.,0.));
#9817 = ( GEOMETRIC_REPRESENTATION_CONTEXT(2) 
PARAMETRIC_REPRESENTATION_CONTEXT() REPRESENTATION_CONTEXT('2D SPACE',''
  ) );
#9818 = ORIENTED_EDGE('',*,*,#9819,.F.);
#9819 = EDGE_CURVE('',#9654,#9797,#9820,.T.);
#9820 = SURFACE_CURVE('',#9821,(#9826,#9837),.PCURVE_S1.);
#9821 = CIRCLE('',#9822,7.7);
#9822 = AXIS2_PLACEMENT_3D('',#9823,#9824,#9825);
#9823 = CARTESIAN_POINT('',(8.,-9.,9.12));
#9824 = DIRECTION('',(-0.,-0.,-1.));
#9825 = DIRECTION('',(0.,-1.,0.));
#9826 = PCURVE('',#9638,#9827);
#9827 = DEFINITIONAL_REPRESENTATION('',(#9828),#9836);
#9828 = ( BOUNDED_CURVE() B_SPLINE_CURVE(2,(#9829,#9830,#9831,#9832,
#9833,#9834,#9835),.UNSPECIFIED.,.T.,.F.) B_SPLINE_CURVE_WITH_KNOTS((1,2
    ,2,2,2,1),(-2.094395102393,0.,2.094395102393,4.188790204786,
6.28318530718,8.377580409573),.UNSPECIFIED.) CURVE() 
GEOMETRIC_REPRESENTATION_ITEM() RATIONAL_B_SPLINE_CURVE((1.,0.5,1.,0.5,
1.,0.5,1.)) REPRESENTATION_ITEM('') );
#9829 = CARTESIAN_POINT('',(-21.,-16.7));
#9830 = CARTESIAN_POINT('',(-34.33679121828,-16.7));
#9831 = CARTESIAN_POINT('',(-27.66839560914,-5.15));
#9832 = CARTESIAN_POINT('',(-21.,6.4));
#9833 = CARTESIAN_POINT('',(-14.33160439086,-5.15));
#9834 = CARTESIAN_POINT('',(-7.66320878172,-16.7));
#9835 = CARTESIAN_POINT('',(-21.,-16.7));
#9836 = ( GEOMETRIC_REPRESENTATION_CONTEXT(2) 
PARAMETRIC_REPRESENTATION_CONTEXT() REPRESENTATION_CONTEXT('2D SPACE',''
  ) );
#9837 = PCURVE('',#8152,#9838);
#9838 = DEFINITIONAL_REPRESENTATION('',(#9839),#9843);
#9839 = LINE('',#9840,#9841);
#9840 = CARTESIAN_POINT('',(-0.,1.34));
#9841 = VECTOR('',#9842,1.);
#9842 = DIRECTION('',(-1.,0.));
#9843 = ( GEOMETRIC_REPRESENTATION_CONTEXT(2) 
PARAMETRIC_REPRESENTATION_CONTEXT() REPRESENTATION_CONTEXT('2D SPACE',''
  ) );
#9844 = FACE_BOUND('',#9845,.T.);
#9845 = EDGE_LOOP('',(#9846,#9872,#9895,#9924,#9952,#9974,#9975,#9999));
#9846 = ORIENTED_EDGE('',*,*,#9847,.F.);
#9847 = EDGE_CURVE('',#9848,#9850,#9852,.T.);
#9848 = VERTEX_POINT('',#9849);
#9849 = CARTESIAN_POINT('',(50.,-15.1,9.12));
#9850 = VERTEX_POINT('',#9851);
#9851 = CARTESIAN_POINT('',(56.1,-9.,9.12));
#9852 = SURFACE_CURVE('',#9853,(#9858,#9865),.PCURVE_S1.);
#9853 = CIRCLE('',#9854,6.1);
#9854 = AXIS2_PLACEMENT_3D('',#9855,#9856,#9857);
#9855 = CARTESIAN_POINT('',(50.,-9.,9.12));
#9856 = DIRECTION('',(0.,0.,1.));
#9857 = DIRECTION('',(0.,-1.,0.));
#9858 = PCURVE('',#9638,#9859);
#9859 = DEFINITIONAL_REPRESENTATION('',(#9860),#9864);
#9860 = CIRCLE('',#9861,6.1);
#9861 = AXIS2_PLACEMENT_2D('',#9862,#9863);
#9862 = CARTESIAN_POINT('',(21.,-9.));
#9863 = DIRECTION('',(0.,-1.));
#9864 = ( GEOMETRIC_REPRESENTATION_CONTEXT(2) 
PARAMETRIC_REPRESENTATION_CONTEXT() REPRESENTATION_CONTEXT('2D SPACE',''
  ) );
#9865 = PCURVE('',#9316,#9866);
#9866 = DEFINITIONAL_REPRESENTATION('',(#9867),#9871);
#9867 = LINE('',#9868,#9869);
#9868 = CARTESIAN_POINT('',(0.,1.36));
#9869 = VECTOR('',#9870,1.);
#9870 = DIRECTION('',(1.,0.));
#9871 = ( GEOMETRIC_REPRESENTATION_CONTEXT(2) 
PARAMETRIC_REPRESENTATION_CONTEXT() REPRESENTATION_CONTEXT('2D SPACE',''
  ) );
#9872 = ORIENTED_EDGE('',*,*,#9873,.T.);
#9873 = EDGE_CURVE('',#9848,#9874,#9876,.T.);
#9874 = VERTEX_POINT('',#9875);
#9875 = CARTESIAN_POINT('',(8.,-15.1,9.12));
#9876 = SURFACE_CURVE('',#9877,(#9881,#9888),.PCURVE_S1.);
#9877 = LINE('',#9878,#9879);
#9878 = CARTESIAN_POINT('',(15.45,-15.1,9.12));
#9879 = VECTOR('',#9880,1.);
#9880 = DIRECTION('',(-1.,0.,0.));
#9881 = PCURVE('',#9638,#9882);
#9882 = DEFINITIONAL_REPRESENTATION('',(#9883),#9887);
#9883 = LINE('',#9884,#9885);
#9884 = CARTESIAN_POINT('',(-13.55,-15.1));
#9885 = VECTOR('',#9886,1.);
#9886 = DIRECTION('',(-1.,0.));
#9887 = ( GEOMETRIC_REPRESENTATION_CONTEXT(2) 
PARAMETRIC_REPRESENTATION_CONTEXT() REPRESENTATION_CONTEXT('2D SPACE',''
  ) );
#9888 = PCURVE('',#9068,#9889);
#9889 = DEFINITIONAL_REPRESENTATION('',(#9890),#9894);
#9890 = LINE('',#9891,#9892);
#9891 = CARTESIAN_POINT('',(13.55,-1.36));
#9892 = VECTOR('',#9893,1.);
#9893 = DIRECTION('',(-1.,0.));
#9894 = ( GEOMETRIC_REPRESENTATION_CONTEXT(2) 
PARAMETRIC_REPRESENTATION_CONTEXT() REPRESENTATION_CONTEXT('2D SPACE',''
  ) );
#9895 = ORIENTED_EDGE('',*,*,#9896,.F.);
#9896 = EDGE_CURVE('',#9897,#9874,#9899,.T.);
#9897 = VERTEX_POINT('',#9898);
#9898 = CARTESIAN_POINT('',(1.9,-9.,9.12));
#9899 = SURFACE_CURVE('',#9900,(#9905,#9912),.PCURVE_S1.);
#9900 = CIRCLE('',#9901,6.1);
#9901 = AXIS2_PLACEMENT_3D('',#9902,#9903,#9904);
#9902 = CARTESIAN_POINT('',(8.,-9.,9.12));
#9903 = DIRECTION('',(0.,0.,1.));
#9904 = DIRECTION('',(0.,-1.,0.));
#9905 = PCURVE('',#9638,#9906);
#9906 = DEFINITIONAL_REPRESENTATION('',(#9907),#9911);
#9907 = CIRCLE('',#9908,6.1);
#9908 = AXIS2_PLACEMENT_2D('',#9909,#9910);
#9909 = CARTESIAN_POINT('',(-21.,-9.));
#9910 = DIRECTION('',(0.,-1.));
#9911 = ( GEOMETRIC_REPRESENTATION_CONTEXT(2) 
PARAMETRIC_REPRESENTATION_CONTEXT() REPRESENTATION_CONTEXT('2D SPACE',''
  ) );
#9912 = PCURVE('',#9913,#9918);
#9913 = CYLINDRICAL_SURFACE('',#9914,6.1);
#9914 = AXIS2_PLACEMENT_3D('',#9915,#9916,#9917);
#9915 = CARTESIAN_POINT('',(8.,-9.,7.76));
#9916 = DIRECTION('',(0.,0.,1.));
#9917 = DIRECTION('',(0.,-1.,0.));
#9918 = DEFINITIONAL_REPRESENTATION('',(#9919),#9923);
#9919 = LINE('',#9920,#9921);
#9920 = CARTESIAN_POINT('',(-6.28318530718,1.36));
#9921 = VECTOR('',#9922,1.);
#9922 = DIRECTION('',(1.,-0.));
#9923 = ( GEOMETRIC_REPRESENTATION_CONTEXT(2) 
PARAMETRIC_REPRESENTATION_CONTEXT() REPRESENTATION_CONTEXT('2D SPACE',''
  ) );
#9924 = ORIENTED_EDGE('',*,*,#9925,.T.);
#9925 = EDGE_CURVE('',#9897,#9926,#9928,.T.);
#9926 = VERTEX_POINT('',#9927);
#9927 = CARTESIAN_POINT('',(1.9,9.,9.12));
#9928 = SURFACE_CURVE('',#9929,(#9933,#9940),.PCURVE_S1.);
#9929 = LINE('',#9930,#9931);
#9930 = CARTESIAN_POINT('',(1.9,7.55,9.12));
#9931 = VECTOR('',#9932,1.);
#9932 = DIRECTION('',(-0.,1.,0.));
#9933 = PCURVE('',#9638,#9934);
#9934 = DEFINITIONAL_REPRESENTATION('',(#9935),#9939);
#9935 = LINE('',#9936,#9937);
#9936 = CARTESIAN_POINT('',(-27.1,7.55));
#9937 = VECTOR('',#9938,1.);
#9938 = DIRECTION('',(0.,1.));
#9939 = ( GEOMETRIC_REPRESENTATION_CONTEXT(2) 
PARAMETRIC_REPRESENTATION_CONTEXT() REPRESENTATION_CONTEXT('2D SPACE',''
  ) );
#9940 = PCURVE('',#9941,#9946);
#9941 = PLANE('',#9942);
#9942 = AXIS2_PLACEMENT_3D('',#9943,#9944,#9945);
#9943 = CARTESIAN_POINT('',(1.9,15.1,7.76));
#9944 = DIRECTION('',(1.,0.,-0.));
#9945 = DIRECTION('',(0.,-1.,0.));
#9946 = DEFINITIONAL_REPRESENTATION('',(#9947),#9951);
#9947 = LINE('',#9948,#9949);
#9948 = CARTESIAN_POINT('',(7.55,-1.36));
#9949 = VECTOR('',#9950,1.);
#9950 = DIRECTION('',(-1.,-0.));
#9951 = ( GEOMETRIC_REPRESENTATION_CONTEXT(2) 
PARAMETRIC_REPRESENTATION_CONTEXT() REPRESENTATION_CONTEXT('2D SPACE',''
  ) );
#9952 = ORIENTED_EDGE('',*,*,#9953,.F.);
#9953 = EDGE_CURVE('',#9549,#9926,#9954,.T.);
#9954 = SURFACE_CURVE('',#9955,(#9960,#9967),.PCURVE_S1.);
#9955 = CIRCLE('',#9956,6.1);
#9956 = AXIS2_PLACEMENT_3D('',#9957,#9958,#9959);
#9957 = CARTESIAN_POINT('',(8.,9.,9.12));
#9958 = DIRECTION('',(0.,0.,1.));
#9959 = DIRECTION('',(-0.,1.,0.));
#9960 = PCURVE('',#9638,#9961);
#9961 = DEFINITIONAL_REPRESENTATION('',(#9962),#9966);
#9962 = CIRCLE('',#9963,6.1);
#9963 = AXIS2_PLACEMENT_2D('',#9964,#9965);
#9964 = CARTESIAN_POINT('',(-21.,9.));
#9965 = DIRECTION('',(0.,1.));
#9966 = ( GEOMETRIC_REPRESENTATION_CONTEXT(2) 
PARAMETRIC_REPRESENTATION_CONTEXT() REPRESENTATION_CONTEXT('2D SPACE',''
  ) );
#9967 = PCURVE('',#9564,#9968);
#9968 = DEFINITIONAL_REPRESENTATION('',(#9969),#9973);
#9969 = LINE('',#9970,#9971);
#9970 = CARTESIAN_POINT('',(0.,1.36));
#9971 = VECTOR('',#9972,1.);
#9972 = DIRECTION('',(1.,0.));
#9973 = ( GEOMETRIC_REPRESENTATION_CONTEXT(2) 
PARAMETRIC_REPRESENTATION_CONTEXT() REPRESENTATION_CONTEXT('2D SPACE',''
  ) );
#9974 = ORIENTED_EDGE('',*,*,#9624,.T.);
#9975 = ORIENTED_EDGE('',*,*,#9976,.F.);
#9976 = EDGE_CURVE('',#9977,#9602,#9979,.T.);
#9977 = VERTEX_POINT('',#9978);
#9978 = CARTESIAN_POINT('',(56.1,9.,9.12));
#9979 = SURFACE_CURVE('',#9980,(#9985,#9992),.PCURVE_S1.);
#9980 = CIRCLE('',#9981,6.1);
#9981 = AXIS2_PLACEMENT_3D('',#9982,#9983,#9984);
#9982 = CARTESIAN_POINT('',(50.,9.,9.12));
#9983 = DIRECTION('',(0.,0.,1.));
#9984 = DIRECTION('',(1.,0.,-0.));
#9985 = PCURVE('',#9638,#9986);
#9986 = DEFINITIONAL_REPRESENTATION('',(#9987),#9991);
#9987 = CIRCLE('',#9988,6.1);
#9988 = AXIS2_PLACEMENT_2D('',#9989,#9990);
#9989 = CARTESIAN_POINT('',(21.,9.));
#9990 = DIRECTION('',(1.,0.));
#9991 = ( GEOMETRIC_REPRESENTATION_CONTEXT(2) 
PARAMETRIC_REPRESENTATION_CONTEXT() REPRESENTATION_CONTEXT('2D SPACE',''
  ) );
#9992 = PCURVE('',#9261,#9993);
#9993 = DEFINITIONAL_REPRESENTATION('',(#9994),#9998);
#9994 = LINE('',#9995,#9996);
#9995 = CARTESIAN_POINT('',(0.,1.36));
#9996 = VECTOR('',#9997,1.);
#9997 = DIRECTION('',(1.,0.));
#9998 = ( GEOMETRIC_REPRESENTATION_CONTEXT(2) 
PARAMETRIC_REPRESENTATION_CONTEXT() REPRESENTATION_CONTEXT('2D SPACE',''
  ) );
#9999 = ORIENTED_EDGE('',*,*,#10000,.T.);
#10000 = EDGE_CURVE('',#9977,#9850,#10001,.T.);
#10001 = SURFACE_CURVE('',#10002,(#10006,#10013),.PCURVE_S1.);
#10002 = LINE('',#10003,#10004);
#10003 = CARTESIAN_POINT('',(56.1,-7.55,9.12));
#10004 = VECTOR('',#10005,1.);
#10005 = DIRECTION('',(0.,-1.,0.));
#10006 = PCURVE('',#9638,#10007);
#10007 = DEFINITIONAL_REPRESENTATION('',(#10008),#10012);
#10008 = LINE('',#10009,#10010);
#10009 = CARTESIAN_POINT('',(27.1,-7.55));
#10010 = VECTOR('',#10011,1.);
#10011 = DIRECTION('',(0.,-1.));
#10012 = ( GEOMETRIC_REPRESENTATION_CONTEXT(2) 
PARAMETRIC_REPRESENTATION_CONTEXT() REPRESENTATION_CONTEXT('2D SPACE',''
  ) );
#10013 = PCURVE('',#9289,#10014);
#10014 = DEFINITIONAL_REPRESENTATION('',(#10015),#10019);
#10015 = LINE('',#10016,#10017);
#10016 = CARTESIAN_POINT('',(7.55,-1.36));
#10017 = VECTOR('',#10018,1.);
#10018 = DIRECTION('',(-1.,0.));
#10019 = ( GEOMETRIC_REPRESENTATION_CONTEXT(2) 
PARAMETRIC_REPRESENTATION_CONTEXT() REPRESENTATION_CONTEXT('2D SPACE',''
  ) );
#10020 = ADVANCED_FACE('',(#10021),#9913,.F.);
#10021 = FACE_BOUND('',#10022,.T.);
#10022 = EDGE_LOOP('',(#10023,#10046,#10070,#10091));
#10023 = ORIENTED_EDGE('',*,*,#10024,.F.);
#10024 = EDGE_CURVE('',#10025,#9874,#10027,.T.);
#10025 = VERTEX_POINT('',#10026);
#10026 = CARTESIAN_POINT('',(8.,-15.1,7.8));
#10027 = SURFACE_CURVE('',#10028,(#10032,#10039),.PCURVE_S1.);
#10028 = LINE('',#10029,#10030);
#10029 = CARTESIAN_POINT('',(8.,-15.1,7.76));
#10030 = VECTOR('',#10031,1.);
#10031 = DIRECTION('',(0.,0.,1.));
#10032 = PCURVE('',#9913,#10033);
#10033 = DEFINITIONAL_REPRESENTATION('',(#10034),#10038);
#10034 = LINE('',#10035,#10036);
#10035 = CARTESIAN_POINT('',(-0.,0.));
#10036 = VECTOR('',#10037,1.);
#10037 = DIRECTION('',(-0.,1.));
#10038 = ( GEOMETRIC_REPRESENTATION_CONTEXT(2) 
PARAMETRIC_REPRESENTATION_CONTEXT() REPRESENTATION_CONTEXT('2D SPACE',''
  ) );
#10039 = PCURVE('',#9068,#10040);
#10040 = DEFINITIONAL_REPRESENTATION('',(#10041),#10045);
#10041 = LINE('',#10042,#10043);
#10042 = CARTESIAN_POINT('',(6.1,0.));
#10043 = VECTOR('',#10044,1.);
#10044 = DIRECTION('',(0.,-1.));
#10045 = ( GEOMETRIC_REPRESENTATION_CONTEXT(2) 
PARAMETRIC_REPRESENTATION_CONTEXT() REPRESENTATION_CONTEXT('2D SPACE',''
  ) );
#10046 = ORIENTED_EDGE('',*,*,#10047,.F.);
#10047 = EDGE_CURVE('',#10048,#10025,#10050,.T.);
#10048 = VERTEX_POINT('',#10049);
#10049 = CARTESIAN_POINT('',(1.9,-9.,7.8));
#10050 = SURFACE_CURVE('',#10051,(#10056,#10063),.PCURVE_S1.);
#10051 = CIRCLE('',#10052,6.1);
#10052 = AXIS2_PLACEMENT_3D('',#10053,#10054,#10055);
#10053 = CARTESIAN_POINT('',(8.,-9.,7.8));
#10054 = DIRECTION('',(0.,0.,1.));
#10055 = DIRECTION('',(0.,-1.,0.));
#10056 = PCURVE('',#9913,#10057);
#10057 = DEFINITIONAL_REPRESENTATION('',(#10058),#10062);
#10058 = LINE('',#10059,#10060);
#10059 = CARTESIAN_POINT('',(-6.28318530718,4.E-02));
#10060 = VECTOR('',#10061,1.);
#10061 = DIRECTION('',(1.,-0.));
#10062 = ( GEOMETRIC_REPRESENTATION_CONTEXT(2) 
PARAMETRIC_REPRESENTATION_CONTEXT() REPRESENTATION_CONTEXT('2D SPACE',''
  ) );
#10063 = PCURVE('',#9014,#10064);
#10064 = DEFINITIONAL_REPRESENTATION('',(#10065),#10069);
#10065 = CIRCLE('',#10066,6.1);
#10066 = AXIS2_PLACEMENT_2D('',#10067,#10068);
#10067 = CARTESIAN_POINT('',(-21.,-9.));
#10068 = DIRECTION('',(0.,-1.));
#10069 = ( GEOMETRIC_REPRESENTATION_CONTEXT(2) 
PARAMETRIC_REPRESENTATION_CONTEXT() REPRESENTATION_CONTEXT('2D SPACE',''
  ) );
#10070 = ORIENTED_EDGE('',*,*,#10071,.T.);
#10071 = EDGE_CURVE('',#10048,#9897,#10072,.T.);
#10072 = SURFACE_CURVE('',#10073,(#10077,#10084),.PCURVE_S1.);
#10073 = LINE('',#10074,#10075);
#10074 = CARTESIAN_POINT('',(1.9,-9.,7.76));
#10075 = VECTOR('',#10076,1.);
#10076 = DIRECTION('',(0.,0.,1.));
#10077 = PCURVE('',#9913,#10078);
#10078 = DEFINITIONAL_REPRESENTATION('',(#10079),#10083);
#10079 = LINE('',#10080,#10081);
#10080 = CARTESIAN_POINT('',(-1.570796326795,0.));
#10081 = VECTOR('',#10082,1.);
#10082 = DIRECTION('',(-0.,1.));
#10083 = ( GEOMETRIC_REPRESENTATION_CONTEXT(2) 
PARAMETRIC_REPRESENTATION_CONTEXT() REPRESENTATION_CONTEXT('2D SPACE',''
  ) );
#10084 = PCURVE('',#9941,#10085);
#10085 = DEFINITIONAL_REPRESENTATION('',(#10086),#10090);
#10086 = LINE('',#10087,#10088);
#10087 = CARTESIAN_POINT('',(24.1,0.));
#10088 = VECTOR('',#10089,1.);
#10089 = DIRECTION('',(0.,-1.));
#10090 = ( GEOMETRIC_REPRESENTATION_CONTEXT(2) 
PARAMETRIC_REPRESENTATION_CONTEXT() REPRESENTATION_CONTEXT('2D SPACE',''
  ) );
#10091 = ORIENTED_EDGE('',*,*,#9896,.T.);
#10092 = ADVANCED_FACE('',(#10093),#9941,.T.);
#10093 = FACE_BOUND('',#10094,.T.);
#10094 = EDGE_LOOP('',(#10095,#10096,#10119,#10140));
#10095 = ORIENTED_EDGE('',*,*,#10071,.F.);
#10096 = ORIENTED_EDGE('',*,*,#10097,.T.);
#10097 = EDGE_CURVE('',#10048,#10098,#10100,.T.);
#10098 = VERTEX_POINT('',#10099);
#10099 = CARTESIAN_POINT('',(1.9,9.,7.8));
#10100 = SURFACE_CURVE('',#10101,(#10105,#10112),.PCURVE_S1.);
#10101 = LINE('',#10102,#10103);
#10102 = CARTESIAN_POINT('',(1.9,7.55,7.8));
#10103 = VECTOR('',#10104,1.);
#10104 = DIRECTION('',(-0.,1.,0.));
#10105 = PCURVE('',#9941,#10106);
#10106 = DEFINITIONAL_REPRESENTATION('',(#10107),#10111);
#10107 = LINE('',#10108,#10109);
#10108 = CARTESIAN_POINT('',(7.55,-4.E-02));
#10109 = VECTOR('',#10110,1.);
#10110 = DIRECTION('',(-1.,-0.));
#10111 = ( GEOMETRIC_REPRESENTATION_CONTEXT(2) 
PARAMETRIC_REPRESENTATION_CONTEXT() REPRESENTATION_CONTEXT('2D SPACE',''
  ) );
#10112 = PCURVE('',#9014,#10113);
#10113 = DEFINITIONAL_REPRESENTATION('',(#10114),#10118);
#10114 = LINE('',#10115,#10116);
#10115 = CARTESIAN_POINT('',(-27.1,7.55));
#10116 = VECTOR('',#10117,1.);
#10117 = DIRECTION('',(0.,1.));
#10118 = ( GEOMETRIC_REPRESENTATION_CONTEXT(2) 
PARAMETRIC_REPRESENTATION_CONTEXT() REPRESENTATION_CONTEXT('2D SPACE',''
  ) );
#10119 = ORIENTED_EDGE('',*,*,#10120,.T.);
#10120 = EDGE_CURVE('',#10098,#9926,#10121,.T.);
#10121 = SURFACE_CURVE('',#10122,(#10126,#10133),.PCURVE_S1.);
#10122 = LINE('',#10123,#10124);
#10123 = CARTESIAN_POINT('',(1.9,9.,7.76));
#10124 = VECTOR('',#10125,1.);
#10125 = DIRECTION('',(0.,0.,1.));
#10126 = PCURVE('',#9941,#10127);
#10127 = DEFINITIONAL_REPRESENTATION('',(#10128),#10132);
#10128 = LINE('',#10129,#10130);
#10129 = CARTESIAN_POINT('',(6.1,0.));
#10130 = VECTOR('',#10131,1.);
#10131 = DIRECTION('',(0.,-1.));
#10132 = ( GEOMETRIC_REPRESENTATION_CONTEXT(2) 
PARAMETRIC_REPRESENTATION_CONTEXT() REPRESENTATION_CONTEXT('2D SPACE',''
  ) );
#10133 = PCURVE('',#9564,#10134);
#10134 = DEFINITIONAL_REPRESENTATION('',(#10135),#10139);
#10135 = LINE('',#10136,#10137);
#10136 = CARTESIAN_POINT('',(1.570796326795,0.));
#10137 = VECTOR('',#10138,1.);
#10138 = DIRECTION('',(0.,1.));
#10139 = ( GEOMETRIC_REPRESENTATION_CONTEXT(2) 
PARAMETRIC_REPRESENTATION_CONTEXT() REPRESENTATION_CONTEXT('2D SPACE',''
  ) );
#10140 = ORIENTED_EDGE('',*,*,#9925,.F.);
#10141 = ADVANCED_FACE('',(#10142),#9564,.F.);
#10142 = FACE_BOUND('',#10143,.F.);
#10143 = EDGE_LOOP('',(#10144,#10145,#10167,#10168));
#10144 = ORIENTED_EDGE('',*,*,#9546,.F.);
#10145 = ORIENTED_EDGE('',*,*,#10146,.T.);
#10146 = EDGE_CURVE('',#9547,#10098,#10147,.T.);
#10147 = SURFACE_CURVE('',#10148,(#10153,#10160),.PCURVE_S1.);
#10148 = CIRCLE('',#10149,6.1);
#10149 = AXIS2_PLACEMENT_3D('',#10150,#10151,#10152);
#10150 = CARTESIAN_POINT('',(8.,9.,7.8));
#10151 = DIRECTION('',(0.,0.,1.));
#10152 = DIRECTION('',(-0.,1.,0.));
#10153 = PCURVE('',#9564,#10154);
#10154 = DEFINITIONAL_REPRESENTATION('',(#10155),#10159);
#10155 = LINE('',#10156,#10157);
#10156 = CARTESIAN_POINT('',(0.,4.E-02));
#10157 = VECTOR('',#10158,1.);
#10158 = DIRECTION('',(1.,0.));
#10159 = ( GEOMETRIC_REPRESENTATION_CONTEXT(2) 
PARAMETRIC_REPRESENTATION_CONTEXT() REPRESENTATION_CONTEXT('2D SPACE',''
  ) );
#10160 = PCURVE('',#9014,#10161);
#10161 = DEFINITIONAL_REPRESENTATION('',(#10162),#10166);
#10162 = CIRCLE('',#10163,6.1);
#10163 = AXIS2_PLACEMENT_2D('',#10164,#10165);
#10164 = CARTESIAN_POINT('',(-21.,9.));
#10165 = DIRECTION('',(0.,1.));
#10166 = ( GEOMETRIC_REPRESENTATION_CONTEXT(2) 
PARAMETRIC_REPRESENTATION_CONTEXT() REPRESENTATION_CONTEXT('2D SPACE',''
  ) );
#10167 = ORIENTED_EDGE('',*,*,#10120,.T.);
#10168 = ORIENTED_EDGE('',*,*,#9953,.F.);
#10169 = ADVANCED_FACE('',(#10170),#9261,.F.);
#10170 = FACE_BOUND('',#10171,.F.);
#10171 = EDGE_LOOP('',(#10172,#10193,#10194,#10195));
#10172 = ORIENTED_EDGE('',*,*,#10173,.F.);
#10173 = EDGE_CURVE('',#9245,#9977,#10174,.T.);
#10174 = SURFACE_CURVE('',#10175,(#10179,#10186),.PCURVE_S1.);
#10175 = LINE('',#10176,#10177);
#10176 = CARTESIAN_POINT('',(56.1,9.,7.76));
#10177 = VECTOR('',#10178,1.);
#10178 = DIRECTION('',(0.,0.,1.));
#10179 = PCURVE('',#9261,#10180);
#10180 = DEFINITIONAL_REPRESENTATION('',(#10181),#10185);
#10181 = LINE('',#10182,#10183);
#10182 = CARTESIAN_POINT('',(0.,0.));
#10183 = VECTOR('',#10184,1.);
#10184 = DIRECTION('',(0.,1.));
#10185 = ( GEOMETRIC_REPRESENTATION_CONTEXT(2) 
PARAMETRIC_REPRESENTATION_CONTEXT() REPRESENTATION_CONTEXT('2D SPACE',''
  ) );
#10186 = PCURVE('',#9289,#10187);
#10187 = DEFINITIONAL_REPRESENTATION('',(#10188),#10192);
#10188 = LINE('',#10189,#10190);
#10189 = CARTESIAN_POINT('',(24.1,0.));
#10190 = VECTOR('',#10191,1.);
#10191 = DIRECTION('',(0.,-1.));
#10192 = ( GEOMETRIC_REPRESENTATION_CONTEXT(2) 
PARAMETRIC_REPRESENTATION_CONTEXT() REPRESENTATION_CONTEXT('2D SPACE',''
  ) );
#10193 = ORIENTED_EDGE('',*,*,#9244,.T.);
#10194 = ORIENTED_EDGE('',*,*,#9601,.T.);
#10195 = ORIENTED_EDGE('',*,*,#9976,.F.);
#10196 = ADVANCED_FACE('',(#10197),#9289,.T.);
#10197 = FACE_BOUND('',#10198,.T.);
#10198 = EDGE_LOOP('',(#10199,#10200,#10201,#10222));
#10199 = ORIENTED_EDGE('',*,*,#10173,.F.);
#10200 = ORIENTED_EDGE('',*,*,#9273,.T.);
#10201 = ORIENTED_EDGE('',*,*,#10202,.T.);
#10202 = EDGE_CURVE('',#9274,#9850,#10203,.T.);
#10203 = SURFACE_CURVE('',#10204,(#10208,#10215),.PCURVE_S1.);
#10204 = LINE('',#10205,#10206);
#10205 = CARTESIAN_POINT('',(56.1,-9.,7.76));
#10206 = VECTOR('',#10207,1.);
#10207 = DIRECTION('',(0.,0.,1.));
#10208 = PCURVE('',#9289,#10209);
#10209 = DEFINITIONAL_REPRESENTATION('',(#10210),#10214);
#10210 = LINE('',#10211,#10212);
#10211 = CARTESIAN_POINT('',(6.1,0.));
#10212 = VECTOR('',#10213,1.);
#10213 = DIRECTION('',(0.,-1.));
#10214 = ( GEOMETRIC_REPRESENTATION_CONTEXT(2) 
PARAMETRIC_REPRESENTATION_CONTEXT() REPRESENTATION_CONTEXT('2D SPACE',''
  ) );
#10215 = PCURVE('',#9316,#10216);
#10216 = DEFINITIONAL_REPRESENTATION('',(#10217),#10221);
#10217 = LINE('',#10218,#10219);
#10218 = CARTESIAN_POINT('',(1.570796326795,0.));
#10219 = VECTOR('',#10220,1.);
#10220 = DIRECTION('',(0.,1.));
#10221 = ( GEOMETRIC_REPRESENTATION_CONTEXT(2) 
PARAMETRIC_REPRESENTATION_CONTEXT() REPRESENTATION_CONTEXT('2D SPACE',''
  ) );
#10222 = ORIENTED_EDGE('',*,*,#10000,.F.);
#10223 = ADVANCED_FACE('',(#10224),#9316,.F.);
#10224 = FACE_BOUND('',#10225,.F.);
#10225 = EDGE_LOOP('',(#10226,#10247,#10248,#10249));
#10226 = ORIENTED_EDGE('',*,*,#10227,.F.);
#10227 = EDGE_CURVE('',#9051,#9848,#10228,.T.);
#10228 = SURFACE_CURVE('',#10229,(#10233,#10240),.PCURVE_S1.);
#10229 = LINE('',#10230,#10231);
#10230 = CARTESIAN_POINT('',(50.,-15.1,7.76));
#10231 = VECTOR('',#10232,1.);
#10232 = DIRECTION('',(0.,0.,1.));
#10233 = PCURVE('',#9316,#10234);
#10234 = DEFINITIONAL_REPRESENTATION('',(#10235),#10239);
#10235 = LINE('',#10236,#10237);
#10236 = CARTESIAN_POINT('',(0.,0.));
#10237 = VECTOR('',#10238,1.);
#10238 = DIRECTION('',(0.,1.));
#10239 = ( GEOMETRIC_REPRESENTATION_CONTEXT(2) 
PARAMETRIC_REPRESENTATION_CONTEXT() REPRESENTATION_CONTEXT('2D SPACE',''
  ) );
#10240 = PCURVE('',#9068,#10241);
#10241 = DEFINITIONAL_REPRESENTATION('',(#10242),#10246);
#10242 = LINE('',#10243,#10244);
#10243 = CARTESIAN_POINT('',(48.1,0.));
#10244 = VECTOR('',#10245,1.);
#10245 = DIRECTION('',(0.,-1.));
#10246 = ( GEOMETRIC_REPRESENTATION_CONTEXT(2) 
PARAMETRIC_REPRESENTATION_CONTEXT() REPRESENTATION_CONTEXT('2D SPACE',''
  ) );
#10247 = ORIENTED_EDGE('',*,*,#9301,.T.);
#10248 = ORIENTED_EDGE('',*,*,#10202,.T.);
#10249 = ORIENTED_EDGE('',*,*,#9847,.F.);
#10250 = ADVANCED_FACE('',(#10251),#9068,.T.);
#10251 = FACE_BOUND('',#10252,.T.);
#10252 = EDGE_LOOP('',(#10253,#10254,#10255,#10276,#10297,#10318,#10339,
    #10340));
#10253 = ORIENTED_EDGE('',*,*,#10227,.F.);
#10254 = ORIENTED_EDGE('',*,*,#9050,.T.);
#10255 = ORIENTED_EDGE('',*,*,#10256,.T.);
#10256 = EDGE_CURVE('',#9053,#10257,#10259,.T.);
#10257 = VERTEX_POINT('',#10258);
#10258 = CARTESIAN_POINT('',(35.,-15.1,7.82));
#10259 = SURFACE_CURVE('',#10260,(#10264,#10270),.PCURVE_S1.);
#10260 = LINE('',#10261,#10262);
#10261 = CARTESIAN_POINT('',(35.,-15.1,4.98));
#10262 = VECTOR('',#10263,1.);
#10263 = DIRECTION('',(0.,0.,1.));
#10264 = PCURVE('',#9068,#10265);
#10265 = DEFINITIONAL_REPRESENTATION('',(#10266),#10269);
#10266 = B_SPLINE_CURVE_WITH_KNOTS('',1,(#10267,#10268),.UNSPECIFIED.,
  .F.,.F.,(2,2),(2.82,2.84),.PIECEWISE_BEZIER_KNOTS.);
#10267 = CARTESIAN_POINT('',(33.1,-4.E-02));
#10268 = CARTESIAN_POINT('',(33.1,-6.E-02));
#10269 = ( GEOMETRIC_REPRESENTATION_CONTEXT(2) 
PARAMETRIC_REPRESENTATION_CONTEXT() REPRESENTATION_CONTEXT('2D SPACE',''
  ) );
#10270 = PCURVE('',#8931,#10271);
#10271 = DEFINITIONAL_REPRESENTATION('',(#10272),#10275);
#10272 = B_SPLINE_CURVE_WITH_KNOTS('',1,(#10273,#10274),.UNSPECIFIED.,
  .F.,.F.,(2,2),(2.82,2.84),.PIECEWISE_BEZIER_KNOTS.);
#10273 = CARTESIAN_POINT('',(5.6,-0.3));
#10274 = CARTESIAN_POINT('',(5.62,-0.3));
#10275 = ( GEOMETRIC_REPRESENTATION_CONTEXT(2) 
PARAMETRIC_REPRESENTATION_CONTEXT() REPRESENTATION_CONTEXT('2D SPACE',''
  ) );
#10276 = ORIENTED_EDGE('',*,*,#10277,.T.);
#10277 = EDGE_CURVE('',#10257,#10278,#10280,.T.);
#10278 = VERTEX_POINT('',#10279);
#10279 = CARTESIAN_POINT('',(34.,-15.1,7.82));
#10280 = SURFACE_CURVE('',#10281,(#10285,#10291),.PCURVE_S1.);
#10281 = LINE('',#10282,#10283);
#10282 = CARTESIAN_POINT('',(17.95,-15.1,7.82));
#10283 = VECTOR('',#10284,1.);
#10284 = DIRECTION('',(-1.,0.,0.));
#10285 = PCURVE('',#9068,#10286);
#10286 = DEFINITIONAL_REPRESENTATION('',(#10287),#10290);
#10287 = B_SPLINE_CURVE_WITH_KNOTS('',1,(#10288,#10289),.UNSPECIFIED.,
  .F.,.F.,(2,2),(-17.05,-16.05),.PIECEWISE_BEZIER_KNOTS.);
#10288 = CARTESIAN_POINT('',(33.1,-6.E-02));
#10289 = CARTESIAN_POINT('',(32.1,-6.E-02));
#10290 = ( GEOMETRIC_REPRESENTATION_CONTEXT(2) 
PARAMETRIC_REPRESENTATION_CONTEXT() REPRESENTATION_CONTEXT('2D SPACE',''
  ) );
#10291 = PCURVE('',#8959,#10292);
#10292 = DEFINITIONAL_REPRESENTATION('',(#10293),#10296);
#10293 = B_SPLINE_CURVE_WITH_KNOTS('',1,(#10294,#10295),.UNSPECIFIED.,
  .F.,.F.,(2,2),(-17.05,-16.05),.PIECEWISE_BEZIER_KNOTS.);
#10294 = CARTESIAN_POINT('',(1.,0.3));
#10295 = CARTESIAN_POINT('',(0.,0.3));
#10296 = ( GEOMETRIC_REPRESENTATION_CONTEXT(2) 
PARAMETRIC_REPRESENTATION_CONTEXT() REPRESENTATION_CONTEXT('2D SPACE',''
  ) );
#10297 = ORIENTED_EDGE('',*,*,#10298,.F.);
#10298 = EDGE_CURVE('',#10299,#10278,#10301,.T.);
#10299 = VERTEX_POINT('',#10300);
#10300 = CARTESIAN_POINT('',(34.,-15.1,7.8));
#10301 = SURFACE_CURVE('',#10302,(#10306,#10312),.PCURVE_S1.);
#10302 = LINE('',#10303,#10304);
#10303 = CARTESIAN_POINT('',(34.,-15.1,4.98));
#10304 = VECTOR('',#10305,1.);
#10305 = DIRECTION('',(0.,0.,1.));
#10306 = PCURVE('',#9068,#10307);
#10307 = DEFINITIONAL_REPRESENTATION('',(#10308),#10311);
#10308 = B_SPLINE_CURVE_WITH_KNOTS('',1,(#10309,#10310),.UNSPECIFIED.,
  .F.,.F.,(2,2),(2.82,2.84),.PIECEWISE_BEZIER_KNOTS.);
#10309 = CARTESIAN_POINT('',(32.1,-4.E-02));
#10310 = CARTESIAN_POINT('',(32.1,-6.E-02));
#10311 = ( GEOMETRIC_REPRESENTATION_CONTEXT(2) 
PARAMETRIC_REPRESENTATION_CONTEXT() REPRESENTATION_CONTEXT('2D SPACE',''
  ) );
#10312 = PCURVE('',#8987,#10313);
#10313 = DEFINITIONAL_REPRESENTATION('',(#10314),#10317);
#10314 = B_SPLINE_CURVE_WITH_KNOTS('',1,(#10315,#10316),.UNSPECIFIED.,
  .F.,.F.,(2,2),(2.82,2.84),.PIECEWISE_BEZIER_KNOTS.);
#10315 = CARTESIAN_POINT('',(5.6,-0.3));
#10316 = CARTESIAN_POINT('',(5.62,-0.3));
#10317 = ( GEOMETRIC_REPRESENTATION_CONTEXT(2) 
PARAMETRIC_REPRESENTATION_CONTEXT() REPRESENTATION_CONTEXT('2D SPACE',''
  ) );
#10318 = ORIENTED_EDGE('',*,*,#10319,.T.);
#10319 = EDGE_CURVE('',#10299,#10025,#10320,.T.);
#10320 = SURFACE_CURVE('',#10321,(#10325,#10332),.PCURVE_S1.);
#10321 = LINE('',#10322,#10323);
#10322 = CARTESIAN_POINT('',(15.45,-15.1,7.8));
#10323 = VECTOR('',#10324,1.);
#10324 = DIRECTION('',(-1.,0.,0.));
#10325 = PCURVE('',#9068,#10326);
#10326 = DEFINITIONAL_REPRESENTATION('',(#10327),#10331);
#10327 = LINE('',#10328,#10329);
#10328 = CARTESIAN_POINT('',(13.55,-4.E-02));
#10329 = VECTOR('',#10330,1.);
#10330 = DIRECTION('',(-1.,0.));
#10331 = ( GEOMETRIC_REPRESENTATION_CONTEXT(2) 
PARAMETRIC_REPRESENTATION_CONTEXT() REPRESENTATION_CONTEXT('2D SPACE',''
  ) );
#10332 = PCURVE('',#9014,#10333);
#10333 = DEFINITIONAL_REPRESENTATION('',(#10334),#10338);
#10334 = LINE('',#10335,#10336);
#10335 = CARTESIAN_POINT('',(-13.55,-15.1));
#10336 = VECTOR('',#10337,1.);
#10337 = DIRECTION('',(-1.,0.));
#10338 = ( GEOMETRIC_REPRESENTATION_CONTEXT(2) 
PARAMETRIC_REPRESENTATION_CONTEXT() REPRESENTATION_CONTEXT('2D SPACE',''
  ) );
#10339 = ORIENTED_EDGE('',*,*,#10024,.T.);
#10340 = ORIENTED_EDGE('',*,*,#9873,.F.);
#10341 = ADVANCED_FACE('',(#10342),#8931,.F.);
#10342 = FACE_BOUND('',#10343,.F.);
#10343 = EDGE_LOOP('',(#10344,#10345,#10346,#10347));
#10344 = ORIENTED_EDGE('',*,*,#8915,.F.);
#10345 = ORIENTED_EDGE('',*,*,#9080,.T.);
#10346 = ORIENTED_EDGE('',*,*,#10256,.T.);
#10347 = ORIENTED_EDGE('',*,*,#10348,.F.);
#10348 = EDGE_CURVE('',#8916,#10257,#10349,.T.);
#10349 = SURFACE_CURVE('',#10350,(#10354,#10361),.PCURVE_S1.);
#10350 = LINE('',#10351,#10352);
#10351 = CARTESIAN_POINT('',(35.,-15.4,7.82));
#10352 = VECTOR('',#10353,1.);
#10353 = DIRECTION('',(0.,1.,0.));
#10354 = PCURVE('',#8931,#10355);
#10355 = DEFINITIONAL_REPRESENTATION('',(#10356),#10360);
#10356 = LINE('',#10357,#10358);
#10357 = CARTESIAN_POINT('',(5.62,0.));
#10358 = VECTOR('',#10359,1.);
#10359 = DIRECTION('',(0.,-1.));
#10360 = ( GEOMETRIC_REPRESENTATION_CONTEXT(2) 
PARAMETRIC_REPRESENTATION_CONTEXT() REPRESENTATION_CONTEXT('2D SPACE',''
  ) );
#10361 = PCURVE('',#8959,#10362);
#10362 = DEFINITIONAL_REPRESENTATION('',(#10363),#10367);
#10363 = LINE('',#10364,#10365);
#10364 = CARTESIAN_POINT('',(1.,0.));
#10365 = VECTOR('',#10366,1.);
#10366 = DIRECTION('',(0.,1.));
#10367 = ( GEOMETRIC_REPRESENTATION_CONTEXT(2) 
PARAMETRIC_REPRESENTATION_CONTEXT() REPRESENTATION_CONTEXT('2D SPACE',''
  ) );
#10368 = ADVANCED_FACE('',(#10369),#8959,.F.);
#10369 = FACE_BOUND('',#10370,.F.);
#10370 = EDGE_LOOP('',(#10371,#10392,#10393,#10394));
#10371 = ORIENTED_EDGE('',*,*,#10372,.F.);
#10372 = EDGE_CURVE('',#8944,#10278,#10373,.T.);
#10373 = SURFACE_CURVE('',#10374,(#10378,#10385),.PCURVE_S1.);
#10374 = LINE('',#10375,#10376);
#10375 = CARTESIAN_POINT('',(34.,-15.4,7.82));
#10376 = VECTOR('',#10377,1.);
#10377 = DIRECTION('',(0.,1.,0.));
#10378 = PCURVE('',#8959,#10379);
#10379 = DEFINITIONAL_REPRESENTATION('',(#10380),#10384);
#10380 = LINE('',#10381,#10382);
#10381 = CARTESIAN_POINT('',(0.,0.));
#10382 = VECTOR('',#10383,1.);
#10383 = DIRECTION('',(0.,1.));
#10384 = ( GEOMETRIC_REPRESENTATION_CONTEXT(2) 
PARAMETRIC_REPRESENTATION_CONTEXT() REPRESENTATION_CONTEXT('2D SPACE',''
  ) );
#10385 = PCURVE('',#8987,#10386);
#10386 = DEFINITIONAL_REPRESENTATION('',(#10387),#10391);
#10387 = LINE('',#10388,#10389);
#10388 = CARTESIAN_POINT('',(5.62,0.));
#10389 = VECTOR('',#10390,1.);
#10390 = DIRECTION('',(0.,-1.));
#10391 = ( GEOMETRIC_REPRESENTATION_CONTEXT(2) 
PARAMETRIC_REPRESENTATION_CONTEXT() REPRESENTATION_CONTEXT('2D SPACE',''
  ) );
#10392 = ORIENTED_EDGE('',*,*,#8943,.T.);
#10393 = ORIENTED_EDGE('',*,*,#10348,.T.);
#10394 = ORIENTED_EDGE('',*,*,#10277,.T.);
#10395 = ADVANCED_FACE('',(#10396),#8987,.T.);
#10396 = FACE_BOUND('',#10397,.T.);
#10397 = EDGE_LOOP('',(#10398,#10399,#10418,#10419));
#10398 = ORIENTED_EDGE('',*,*,#8971,.F.);
#10399 = ORIENTED_EDGE('',*,*,#10400,.T.);
#10400 = EDGE_CURVE('',#8972,#10299,#10401,.T.);
#10401 = SURFACE_CURVE('',#10402,(#10406,#10412),.PCURVE_S1.);
#10402 = LINE('',#10403,#10404);
#10403 = CARTESIAN_POINT('',(34.,-7.7,7.8));
#10404 = VECTOR('',#10405,1.);
#10405 = DIRECTION('',(0.,1.,0.));
#10406 = PCURVE('',#8987,#10407);
#10407 = DEFINITIONAL_REPRESENTATION('',(#10408),#10411);
#10408 = B_SPLINE_CURVE_WITH_KNOTS('',1,(#10409,#10410),.UNSPECIFIED.,
  .F.,.F.,(2,2),(-7.7,-5.7),.PIECEWISE_BEZIER_KNOTS.);
#10409 = CARTESIAN_POINT('',(5.6,0.));
#10410 = CARTESIAN_POINT('',(5.6,-2.));
#10411 = ( GEOMETRIC_REPRESENTATION_CONTEXT(2) 
PARAMETRIC_REPRESENTATION_CONTEXT() REPRESENTATION_CONTEXT('2D SPACE',''
  ) );
#10412 = PCURVE('',#9014,#10413);
#10413 = DEFINITIONAL_REPRESENTATION('',(#10414),#10417);
#10414 = B_SPLINE_CURVE_WITH_KNOTS('',1,(#10415,#10416),.UNSPECIFIED.,
  .F.,.F.,(2,2),(-7.7,-5.7),.PIECEWISE_BEZIER_KNOTS.);
#10415 = CARTESIAN_POINT('',(5.,-15.4));
#10416 = CARTESIAN_POINT('',(5.,-13.4));
#10417 = ( GEOMETRIC_REPRESENTATION_CONTEXT(2) 
PARAMETRIC_REPRESENTATION_CONTEXT() REPRESENTATION_CONTEXT('2D SPACE',''
  ) );
#10418 = ORIENTED_EDGE('',*,*,#10298,.T.);
#10419 = ORIENTED_EDGE('',*,*,#10372,.F.);
#10420 = ADVANCED_FACE('',(#10421),#9014,.F.);
#10421 = FACE_BOUND('',#10422,.F.);
#10422 = EDGE_LOOP('',(#10423,#10424,#10425,#10426,#10427,#10428,#10429,
    #10430,#10431,#10452,#10476,#10497));
#10423 = ORIENTED_EDGE('',*,*,#8999,.F.);
#10424 = ORIENTED_EDGE('',*,*,#10400,.T.);
#10425 = ORIENTED_EDGE('',*,*,#10319,.T.);
#10426 = ORIENTED_EDGE('',*,*,#10047,.F.);
#10427 = ORIENTED_EDGE('',*,*,#10097,.T.);
#10428 = ORIENTED_EDGE('',*,*,#10146,.F.);
#10429 = ORIENTED_EDGE('',*,*,#9576,.T.);
#10430 = ORIENTED_EDGE('',*,*,#9501,.T.);
#10431 = ORIENTED_EDGE('',*,*,#10432,.F.);
#10432 = EDGE_CURVE('',#10433,#9502,#10435,.T.);
#10433 = VERTEX_POINT('',#10434);
#10434 = CARTESIAN_POINT('',(8.,15.4,7.8));
#10435 = SURFACE_CURVE('',#10436,(#10440,#10446),.PCURVE_S1.);
#10436 = LINE('',#10437,#10438);
#10437 = CARTESIAN_POINT('',(42.7,15.4,7.8));
#10438 = VECTOR('',#10439,1.);
#10439 = DIRECTION('',(1.,0.,-0.));
#10440 = PCURVE('',#9014,#10441);
#10441 = DEFINITIONAL_REPRESENTATION('',(#10442),#10445);
#10442 = B_SPLINE_CURVE_WITH_KNOTS('',1,(#10443,#10444),.UNSPECIFIED.,
  .F.,.F.,(2,2),(-34.7,7.3),.PIECEWISE_BEZIER_KNOTS.);
#10443 = CARTESIAN_POINT('',(-21.,15.4));
#10444 = CARTESIAN_POINT('',(21.,15.4));
#10445 = ( GEOMETRIC_REPRESENTATION_CONTEXT(2) 
PARAMETRIC_REPRESENTATION_CONTEXT() REPRESENTATION_CONTEXT('2D SPACE',''
  ) );
#10446 = PCURVE('',#8796,#10447);
#10447 = DEFINITIONAL_REPRESENTATION('',(#10448),#10451);
#10448 = B_SPLINE_CURVE_WITH_KNOTS('',1,(#10449,#10450),.UNSPECIFIED.,
  .F.,.F.,(2,2),(-34.7,7.3),.PIECEWISE_BEZIER_KNOTS.);
#10449 = CARTESIAN_POINT('',(48.4,-0.64));
#10450 = CARTESIAN_POINT('',(6.4,-0.64));
#10451 = ( GEOMETRIC_REPRESENTATION_CONTEXT(2) 
PARAMETRIC_REPRESENTATION_CONTEXT() REPRESENTATION_CONTEXT('2D SPACE',''
  ) );
#10452 = ORIENTED_EDGE('',*,*,#10453,.T.);
#10453 = EDGE_CURVE('',#10433,#10454,#10456,.T.);
#10454 = VERTEX_POINT('',#10455);
#10455 = CARTESIAN_POINT('',(1.6,9.,7.8));
#10456 = SURFACE_CURVE('',#10457,(#10462,#10469),.PCURVE_S1.);
#10457 = CIRCLE('',#10458,6.4);
#10458 = AXIS2_PLACEMENT_3D('',#10459,#10460,#10461);
#10459 = CARTESIAN_POINT('',(8.,9.,7.8));
#10460 = DIRECTION('',(0.,0.,1.));
#10461 = DIRECTION('',(-0.,1.,0.));
#10462 = PCURVE('',#9014,#10463);
#10463 = DEFINITIONAL_REPRESENTATION('',(#10464),#10468);
#10464 = CIRCLE('',#10465,6.4);
#10465 = AXIS2_PLACEMENT_2D('',#10466,#10467);
#10466 = CARTESIAN_POINT('',(-21.,9.));
#10467 = DIRECTION('',(0.,1.));
#10468 = ( GEOMETRIC_REPRESENTATION_CONTEXT(2) 
PARAMETRIC_REPRESENTATION_CONTEXT() REPRESENTATION_CONTEXT('2D SPACE',''
  ) );
#10469 = PCURVE('',#8768,#10470);
#10470 = DEFINITIONAL_REPRESENTATION('',(#10471),#10475);
#10471 = LINE('',#10472,#10473);
#10472 = CARTESIAN_POINT('',(0.,0.64));
#10473 = VECTOR('',#10474,1.);
#10474 = DIRECTION('',(1.,0.));
#10475 = ( GEOMETRIC_REPRESENTATION_CONTEXT(2) 
PARAMETRIC_REPRESENTATION_CONTEXT() REPRESENTATION_CONTEXT('2D SPACE',''
  ) );
#10476 = ORIENTED_EDGE('',*,*,#10477,.F.);
#10477 = EDGE_CURVE('',#10478,#10454,#10480,.T.);
#10478 = VERTEX_POINT('',#10479);
#10479 = CARTESIAN_POINT('',(1.6,-9.,7.8));
#10480 = SURFACE_CURVE('',#10481,(#10485,#10491),.PCURVE_S1.);
#10481 = LINE('',#10482,#10483);
#10482 = CARTESIAN_POINT('',(1.6,7.7,7.8));
#10483 = VECTOR('',#10484,1.);
#10484 = DIRECTION('',(-0.,1.,0.));
#10485 = PCURVE('',#9014,#10486);
#10486 = DEFINITIONAL_REPRESENTATION('',(#10487),#10490);
#10487 = B_SPLINE_CURVE_WITH_KNOTS('',1,(#10488,#10489),.UNSPECIFIED.,
  .F.,.F.,(2,2),(-16.7,1.3),.PIECEWISE_BEZIER_KNOTS.);
#10488 = CARTESIAN_POINT('',(-27.4,-9.));
#10489 = CARTESIAN_POINT('',(-27.4,9.));
#10490 = ( GEOMETRIC_REPRESENTATION_CONTEXT(2) 
PARAMETRIC_REPRESENTATION_CONTEXT() REPRESENTATION_CONTEXT('2D SPACE',''
  ) );
#10491 = PCURVE('',#8739,#10492);
#10492 = DEFINITIONAL_REPRESENTATION('',(#10493),#10496);
#10493 = B_SPLINE_CURVE_WITH_KNOTS('',1,(#10494,#10495),.UNSPECIFIED.,
  .F.,.F.,(2,2),(-16.7,1.3),.PIECEWISE_BEZIER_KNOTS.);
#10494 = CARTESIAN_POINT('',(24.4,-0.64));
#10495 = CARTESIAN_POINT('',(6.4,-0.64));
#10496 = ( GEOMETRIC_REPRESENTATION_CONTEXT(2) 
PARAMETRIC_REPRESENTATION_CONTEXT() REPRESENTATION_CONTEXT('2D SPACE',''
  ) );
#10497 = ORIENTED_EDGE('',*,*,#10498,.T.);
#10498 = EDGE_CURVE('',#10478,#9000,#10499,.T.);
#10499 = SURFACE_CURVE('',#10500,(#10505,#10512),.PCURVE_S1.);
#10500 = CIRCLE('',#10501,6.4);
#10501 = AXIS2_PLACEMENT_3D('',#10502,#10503,#10504);
#10502 = CARTESIAN_POINT('',(8.,-9.,7.8));
#10503 = DIRECTION('',(0.,0.,1.));
#10504 = DIRECTION('',(0.,-1.,0.));
#10505 = PCURVE('',#9014,#10506);
#10506 = DEFINITIONAL_REPRESENTATION('',(#10507),#10511);
#10507 = CIRCLE('',#10508,6.4);
#10508 = AXIS2_PLACEMENT_2D('',#10509,#10510);
#10509 = CARTESIAN_POINT('',(-21.,-9.));
#10510 = DIRECTION('',(0.,-1.));
#10511 = ( GEOMETRIC_REPRESENTATION_CONTEXT(2) 
PARAMETRIC_REPRESENTATION_CONTEXT() REPRESENTATION_CONTEXT('2D SPACE',''
  ) );
#10512 = PCURVE('',#8711,#10513);
#10513 = DEFINITIONAL_REPRESENTATION('',(#10514),#10518);
#10514 = LINE('',#10515,#10516);
#10515 = CARTESIAN_POINT('',(-6.28318530718,0.64));
#10516 = VECTOR('',#10517,1.);
#10517 = DIRECTION('',(1.,-0.));
#10518 = ( GEOMETRIC_REPRESENTATION_CONTEXT(2) 
PARAMETRIC_REPRESENTATION_CONTEXT() REPRESENTATION_CONTEXT('2D SPACE',''
  ) );
#10519 = ADVANCED_FACE('',(#10520),#8711,.T.);
#10520 = FACE_BOUND('',#10521,.F.);
#10521 = EDGE_LOOP('',(#10522,#10523,#10524,#10545));
#10522 = ORIENTED_EDGE('',*,*,#9025,.F.);
#10523 = ORIENTED_EDGE('',*,*,#10498,.F.);
#10524 = ORIENTED_EDGE('',*,*,#10525,.T.);
#10525 = EDGE_CURVE('',#10478,#8695,#10526,.T.);
#10526 = SURFACE_CURVE('',#10527,(#10531,#10538),.PCURVE_S1.);
#10527 = LINE('',#10528,#10529);
#10528 = CARTESIAN_POINT('',(1.6,-9.,7.16));
#10529 = VECTOR('',#10530,1.);
#10530 = DIRECTION('',(0.,0.,1.));
#10531 = PCURVE('',#8711,#10532);
#10532 = DEFINITIONAL_REPRESENTATION('',(#10533),#10537);
#10533 = LINE('',#10534,#10535);
#10534 = CARTESIAN_POINT('',(-1.570796326795,0.));
#10535 = VECTOR('',#10536,1.);
#10536 = DIRECTION('',(-0.,1.));
#10537 = ( GEOMETRIC_REPRESENTATION_CONTEXT(2) 
PARAMETRIC_REPRESENTATION_CONTEXT() REPRESENTATION_CONTEXT('2D SPACE',''
  ) );
#10538 = PCURVE('',#8739,#10539);
#10539 = DEFINITIONAL_REPRESENTATION('',(#10540),#10544);
#10540 = LINE('',#10541,#10542);
#10541 = CARTESIAN_POINT('',(24.4,0.));
#10542 = VECTOR('',#10543,1.);
#10543 = DIRECTION('',(0.,-1.));
#10544 = ( GEOMETRIC_REPRESENTATION_CONTEXT(2) 
PARAMETRIC_REPRESENTATION_CONTEXT() REPRESENTATION_CONTEXT('2D SPACE',''
  ) );
#10545 = ORIENTED_EDGE('',*,*,#8694,.T.);
#10546 = ADVANCED_FACE('',(#10547),#8739,.F.);
#10547 = FACE_BOUND('',#10548,.F.);
#10548 = EDGE_LOOP('',(#10549,#10550,#10551,#10572));
#10549 = ORIENTED_EDGE('',*,*,#10525,.F.);
#10550 = ORIENTED_EDGE('',*,*,#10477,.T.);
#10551 = ORIENTED_EDGE('',*,*,#10552,.T.);
#10552 = EDGE_CURVE('',#10454,#8724,#10553,.T.);
#10553 = SURFACE_CURVE('',#10554,(#10558,#10565),.PCURVE_S1.);
#10554 = LINE('',#10555,#10556);
#10555 = CARTESIAN_POINT('',(1.6,9.,7.16));
#10556 = VECTOR('',#10557,1.);
#10557 = DIRECTION('',(0.,0.,1.));
#10558 = PCURVE('',#8739,#10559);
#10559 = DEFINITIONAL_REPRESENTATION('',(#10560),#10564);
#10560 = LINE('',#10561,#10562);
#10561 = CARTESIAN_POINT('',(6.4,0.));
#10562 = VECTOR('',#10563,1.);
#10563 = DIRECTION('',(0.,-1.));
#10564 = ( GEOMETRIC_REPRESENTATION_CONTEXT(2) 
PARAMETRIC_REPRESENTATION_CONTEXT() REPRESENTATION_CONTEXT('2D SPACE',''
  ) );
#10565 = PCURVE('',#8768,#10566);
#10566 = DEFINITIONAL_REPRESENTATION('',(#10567),#10571);
#10567 = LINE('',#10568,#10569);
#10568 = CARTESIAN_POINT('',(1.570796326795,0.));
#10569 = VECTOR('',#10570,1.);
#10570 = DIRECTION('',(0.,1.));
#10571 = ( GEOMETRIC_REPRESENTATION_CONTEXT(2) 
PARAMETRIC_REPRESENTATION_CONTEXT() REPRESENTATION_CONTEXT('2D SPACE',''
  ) );
#10572 = ORIENTED_EDGE('',*,*,#8723,.F.);
#10573 = ADVANCED_FACE('',(#10574),#8768,.T.);
#10574 = FACE_BOUND('',#10575,.T.);
#10575 = EDGE_LOOP('',(#10576,#10597,#10598,#10599));
#10576 = ORIENTED_EDGE('',*,*,#10577,.F.);
#10577 = EDGE_CURVE('',#10433,#8752,#10578,.T.);
#10578 = SURFACE_CURVE('',#10579,(#10583,#10590),.PCURVE_S1.);
#10579 = LINE('',#10580,#10581);
#10580 = CARTESIAN_POINT('',(8.,15.4,7.16));
#10581 = VECTOR('',#10582,1.);
#10582 = DIRECTION('',(0.,0.,1.));
#10583 = PCURVE('',#8768,#10584);
#10584 = DEFINITIONAL_REPRESENTATION('',(#10585),#10589);
#10585 = LINE('',#10586,#10587);
#10586 = CARTESIAN_POINT('',(0.,0.));
#10587 = VECTOR('',#10588,1.);
#10588 = DIRECTION('',(0.,1.));
#10589 = ( GEOMETRIC_REPRESENTATION_CONTEXT(2) 
PARAMETRIC_REPRESENTATION_CONTEXT() REPRESENTATION_CONTEXT('2D SPACE',''
  ) );
#10590 = PCURVE('',#8796,#10591);
#10591 = DEFINITIONAL_REPRESENTATION('',(#10592),#10596);
#10592 = LINE('',#10593,#10594);
#10593 = CARTESIAN_POINT('',(48.4,0.));
#10594 = VECTOR('',#10595,1.);
#10595 = DIRECTION('',(0.,-1.));
#10596 = ( GEOMETRIC_REPRESENTATION_CONTEXT(2) 
PARAMETRIC_REPRESENTATION_CONTEXT() REPRESENTATION_CONTEXT('2D SPACE',''
  ) );
#10597 = ORIENTED_EDGE('',*,*,#10453,.T.);
#10598 = ORIENTED_EDGE('',*,*,#10552,.T.);
#10599 = ORIENTED_EDGE('',*,*,#8751,.F.);
#10600 = ADVANCED_FACE('',(#10601),#8796,.F.);
#10601 = FACE_BOUND('',#10602,.F.);
#10602 = EDGE_LOOP('',(#10603,#10604,#10605,#10606,#10607,#10608,#10609,
    #10630));
#10603 = ORIENTED_EDGE('',*,*,#10577,.F.);
#10604 = ORIENTED_EDGE('',*,*,#10432,.T.);
#10605 = ORIENTED_EDGE('',*,*,#9522,.T.);
#10606 = ORIENTED_EDGE('',*,*,#9455,.T.);
#10607 = ORIENTED_EDGE('',*,*,#9381,.F.);
#10608 = ORIENTED_EDGE('',*,*,#9169,.T.);
#10609 = ORIENTED_EDGE('',*,*,#10610,.T.);
#10610 = EDGE_CURVE('',#9146,#8781,#10611,.T.);
#10611 = SURFACE_CURVE('',#10612,(#10616,#10623),.PCURVE_S1.);
#10612 = LINE('',#10613,#10614);
#10613 = CARTESIAN_POINT('',(50.,15.4,7.16));
#10614 = VECTOR('',#10615,1.);
#10615 = DIRECTION('',(0.,0.,1.));
#10616 = PCURVE('',#8796,#10617);
#10617 = DEFINITIONAL_REPRESENTATION('',(#10618),#10622);
#10618 = LINE('',#10619,#10620);
#10619 = CARTESIAN_POINT('',(6.4,0.));
#10620 = VECTOR('',#10621,1.);
#10621 = DIRECTION('',(0.,-1.));
#10622 = ( GEOMETRIC_REPRESENTATION_CONTEXT(2) 
PARAMETRIC_REPRESENTATION_CONTEXT() REPRESENTATION_CONTEXT('2D SPACE',''
  ) );
#10623 = PCURVE('',#8825,#10624);
#10624 = DEFINITIONAL_REPRESENTATION('',(#10625),#10629);
#10625 = LINE('',#10626,#10627);
#10626 = CARTESIAN_POINT('',(1.570796326795,0.));
#10627 = VECTOR('',#10628,1.);
#10628 = DIRECTION('',(0.,1.));
#10629 = ( GEOMETRIC_REPRESENTATION_CONTEXT(2) 
PARAMETRIC_REPRESENTATION_CONTEXT() REPRESENTATION_CONTEXT('2D SPACE',''
  ) );
#10630 = ORIENTED_EDGE('',*,*,#8780,.F.);
#10631 = ADVANCED_FACE('',(#10632),#8825,.T.);
#10632 = FACE_BOUND('',#10633,.T.);
#10633 = EDGE_LOOP('',(#10634,#10655,#10656,#10657));
#10634 = ORIENTED_EDGE('',*,*,#10635,.F.);
#10635 = EDGE_CURVE('',#9125,#8809,#10636,.T.);
#10636 = SURFACE_CURVE('',#10637,(#10641,#10648),.PCURVE_S1.);
#10637 = LINE('',#10638,#10639);
#10638 = CARTESIAN_POINT('',(56.4,9.,7.16));
#10639 = VECTOR('',#10640,1.);
#10640 = DIRECTION('',(0.,0.,1.));
#10641 = PCURVE('',#8825,#10642);
#10642 = DEFINITIONAL_REPRESENTATION('',(#10643),#10647);
#10643 = LINE('',#10644,#10645);
#10644 = CARTESIAN_POINT('',(0.,0.));
#10645 = VECTOR('',#10646,1.);
#10646 = DIRECTION('',(0.,1.));
#10647 = ( GEOMETRIC_REPRESENTATION_CONTEXT(2) 
PARAMETRIC_REPRESENTATION_CONTEXT() REPRESENTATION_CONTEXT('2D SPACE',''
  ) );
#10648 = PCURVE('',#8851,#10649);
#10649 = DEFINITIONAL_REPRESENTATION('',(#10650),#10654);
#10650 = LINE('',#10651,#10652);
#10651 = CARTESIAN_POINT('',(24.4,0.));
#10652 = VECTOR('',#10653,1.);
#10653 = DIRECTION('',(0.,-1.));
#10654 = ( GEOMETRIC_REPRESENTATION_CONTEXT(2) 
PARAMETRIC_REPRESENTATION_CONTEXT() REPRESENTATION_CONTEXT('2D SPACE',''
  ) );
#10655 = ORIENTED_EDGE('',*,*,#9145,.T.);
#10656 = ORIENTED_EDGE('',*,*,#10610,.T.);
#10657 = ORIENTED_EDGE('',*,*,#8808,.F.);
#10658 = ADVANCED_FACE('',(#10659),#8851,.F.);
#10659 = FACE_BOUND('',#10660,.F.);
#10660 = EDGE_LOOP('',(#10661,#10662,#10663,#10684));
#10661 = ORIENTED_EDGE('',*,*,#10635,.F.);
#10662 = ORIENTED_EDGE('',*,*,#9124,.T.);
#10663 = ORIENTED_EDGE('',*,*,#10664,.T.);
#10664 = EDGE_CURVE('',#9101,#8638,#10665,.T.);
#10665 = SURFACE_CURVE('',#10666,(#10670,#10677),.PCURVE_S1.);
#10666 = LINE('',#10667,#10668);
#10667 = CARTESIAN_POINT('',(56.4,-9.,7.16));
#10668 = VECTOR('',#10669,1.);
#10669 = DIRECTION('',(0.,0.,1.));
#10670 = PCURVE('',#8851,#10671);
#10671 = DEFINITIONAL_REPRESENTATION('',(#10672),#10676);
#10672 = LINE('',#10673,#10674);
#10673 = CARTESIAN_POINT('',(6.4,0.));
#10674 = VECTOR('',#10675,1.);
#10675 = DIRECTION('',(0.,-1.));
#10676 = ( GEOMETRIC_REPRESENTATION_CONTEXT(2) 
PARAMETRIC_REPRESENTATION_CONTEXT() REPRESENTATION_CONTEXT('2D SPACE',''
  ) );
#10677 = PCURVE('',#8654,#10678);
#10678 = DEFINITIONAL_REPRESENTATION('',(#10679),#10683);
#10679 = LINE('',#10680,#10681);
#10680 = CARTESIAN_POINT('',(1.570796326795,0.));
#10681 = VECTOR('',#10682,1.);
#10682 = DIRECTION('',(0.,1.));
#10683 = ( GEOMETRIC_REPRESENTATION_CONTEXT(2) 
PARAMETRIC_REPRESENTATION_CONTEXT() REPRESENTATION_CONTEXT('2D SPACE',''
  ) );
#10684 = ORIENTED_EDGE('',*,*,#8837,.F.);
#10685 = ADVANCED_FACE('',(#10686),#8654,.T.);
#10686 = FACE_BOUND('',#10687,.T.);
#10687 = EDGE_LOOP('',(#10688,#10689,#10690,#10691));
#10688 = ORIENTED_EDGE('',*,*,#8866,.F.);
#10689 = ORIENTED_EDGE('',*,*,#9100,.T.);
#10690 = ORIENTED_EDGE('',*,*,#10664,.T.);
#10691 = ORIENTED_EDGE('',*,*,#8635,.F.);
#10692 = ADVANCED_FACE('',(#10693),#8322,.T.);
#10693 = FACE_BOUND('',#10694,.T.);
#10694 = EDGE_LOOP('',(#10695,#10696,#10717,#10718));
#10695 = ORIENTED_EDGE('',*,*,#8307,.T.);
#10696 = ORIENTED_EDGE('',*,*,#10697,.T.);
#10697 = EDGE_CURVE('',#8308,#8539,#10698,.T.);
#10698 = SURFACE_CURVE('',#10699,(#10703,#10710),.PCURVE_S1.);
#10699 = LINE('',#10700,#10701);
#10700 = CARTESIAN_POINT('',(50.,16.4,7.18));
#10701 = VECTOR('',#10702,1.);
#10702 = DIRECTION('',(0.,0.,1.));
#10703 = PCURVE('',#8322,#10704);
#10704 = DEFINITIONAL_REPRESENTATION('',(#10705),#10709);
#10705 = LINE('',#10706,#10707);
#10706 = CARTESIAN_POINT('',(7.4,0.));
#10707 = VECTOR('',#10708,1.);
#10708 = DIRECTION('',(0.,-1.));
#10709 = ( GEOMETRIC_REPRESENTATION_CONTEXT(2) 
PARAMETRIC_REPRESENTATION_CONTEXT() REPRESENTATION_CONTEXT('2D SPACE',''
  ) );
#10710 = PCURVE('',#8350,#10711);
#10711 = DEFINITIONAL_REPRESENTATION('',(#10712),#10716);
#10712 = LINE('',#10713,#10714);
#10713 = CARTESIAN_POINT('',(1.570796326795,0.));
#10714 = VECTOR('',#10715,1.);
#10715 = DIRECTION('',(0.,1.));
#10716 = ( GEOMETRIC_REPRESENTATION_CONTEXT(2) 
PARAMETRIC_REPRESENTATION_CONTEXT() REPRESENTATION_CONTEXT('2D SPACE',''
  ) );
#10717 = ORIENTED_EDGE('',*,*,#8562,.T.);
#10718 = ORIENTED_EDGE('',*,*,#8389,.F.);
#10719 = ADVANCED_FACE('',(#10720),#8267,.T.);
#10720 = FACE_BOUND('',#10721,.T.);
#10721 = EDGE_LOOP('',(#10722,#10723,#10724,#10725));
#10722 = ORIENTED_EDGE('',*,*,#8252,.T.);
#10723 = ORIENTED_EDGE('',*,*,#8413,.T.);
#10724 = ORIENTED_EDGE('',*,*,#8584,.T.);
#10725 = ORIENTED_EDGE('',*,*,#10726,.F.);
#10726 = EDGE_CURVE('',#8224,#8585,#10727,.T.);
#10727 = SURFACE_CURVE('',#10728,(#10732,#10739),.PCURVE_S1.);
#10728 = LINE('',#10729,#10730);
#10729 = CARTESIAN_POINT('',(0.6,-9.,7.18));
#10730 = VECTOR('',#10731,1.);
#10731 = DIRECTION('',(0.,0.,1.));
#10732 = PCURVE('',#8267,#10733);
#10733 = DEFINITIONAL_REPRESENTATION('',(#10734),#10738);
#10734 = LINE('',#10735,#10736);
#10735 = CARTESIAN_POINT('',(25.4,0.));
#10736 = VECTOR('',#10737,1.);
#10737 = DIRECTION('',(0.,-1.));
#10738 = ( GEOMETRIC_REPRESENTATION_CONTEXT(2) 
PARAMETRIC_REPRESENTATION_CONTEXT() REPRESENTATION_CONTEXT('2D SPACE',''
  ) );
#10739 = PCURVE('',#8240,#10740);
#10740 = DEFINITIONAL_REPRESENTATION('',(#10741),#10745);
#10741 = LINE('',#10742,#10743);
#10742 = CARTESIAN_POINT('',(-1.570796326795,0.));
#10743 = VECTOR('',#10744,1.);
#10744 = DIRECTION('',(-0.,1.));
#10745 = ( GEOMETRIC_REPRESENTATION_CONTEXT(2) 
PARAMETRIC_REPRESENTATION_CONTEXT() REPRESENTATION_CONTEXT('2D SPACE',''
  ) );
#10746 = ADVANCED_FACE('',(#10747),#8350,.F.);
#10747 = FACE_BOUND('',#10748,.F.);
#10748 = EDGE_LOOP('',(#10749,#10770,#10771,#10772));
#10749 = ORIENTED_EDGE('',*,*,#10750,.F.);
#10750 = EDGE_CURVE('',#8334,#8516,#10751,.T.);
#10751 = SURFACE_CURVE('',#10752,(#10756,#10763),.PCURVE_S1.);
#10752 = LINE('',#10753,#10754);
#10753 = CARTESIAN_POINT('',(57.4,9.,7.18));
#10754 = VECTOR('',#10755,1.);
#10755 = DIRECTION('',(0.,0.,1.));
#10756 = PCURVE('',#8350,#10757);
#10757 = DEFINITIONAL_REPRESENTATION('',(#10758),#10762);
#10758 = LINE('',#10759,#10760);
#10759 = CARTESIAN_POINT('',(0.,0.));
#10760 = VECTOR('',#10761,1.);
#10761 = DIRECTION('',(0.,1.));
#10762 = ( GEOMETRIC_REPRESENTATION_CONTEXT(2) 
PARAMETRIC_REPRESENTATION_CONTEXT() REPRESENTATION_CONTEXT('2D SPACE',''
  ) );
#10763 = PCURVE('',#8375,#10764);
#10764 = DEFINITIONAL_REPRESENTATION('',(#10765),#10769);
#10765 = LINE('',#10766,#10767);
#10766 = CARTESIAN_POINT('',(25.4,0.));
#10767 = VECTOR('',#10768,1.);
#10768 = DIRECTION('',(0.,-1.));
#10769 = ( GEOMETRIC_REPRESENTATION_CONTEXT(2) 
PARAMETRIC_REPRESENTATION_CONTEXT() REPRESENTATION_CONTEXT('2D SPACE',''
  ) );
#10770 = ORIENTED_EDGE('',*,*,#8333,.T.);
#10771 = ORIENTED_EDGE('',*,*,#10697,.T.);
#10772 = ORIENTED_EDGE('',*,*,#8538,.F.);
#10773 = ADVANCED_FACE('',(#10774),#8240,.F.);
#10774 = FACE_BOUND('',#10775,.T.);
#10775 = EDGE_LOOP('',(#10776,#10797,#10798,#10799));
#10776 = ORIENTED_EDGE('',*,*,#10777,.F.);
#10777 = EDGE_CURVE('',#8198,#8467,#10778,.T.);
#10778 = SURFACE_CURVE('',#10779,(#10783,#10790),.PCURVE_S1.);
#10779 = LINE('',#10780,#10781);
#10780 = CARTESIAN_POINT('',(8.,-16.4,7.18));
#10781 = VECTOR('',#10782,1.);
#10782 = DIRECTION('',(0.,0.,1.));
#10783 = PCURVE('',#8240,#10784);
#10784 = DEFINITIONAL_REPRESENTATION('',(#10785),#10789);
#10785 = LINE('',#10786,#10787);
#10786 = CARTESIAN_POINT('',(-0.,0.));
#10787 = VECTOR('',#10788,1.);
#10788 = DIRECTION('',(-0.,1.));
#10789 = ( GEOMETRIC_REPRESENTATION_CONTEXT(2) 
PARAMETRIC_REPRESENTATION_CONTEXT() REPRESENTATION_CONTEXT('2D SPACE',''
  ) );
#10790 = PCURVE('',#8212,#10791);
#10791 = DEFINITIONAL_REPRESENTATION('',(#10792),#10796);
#10792 = LINE('',#10793,#10794);
#10793 = CARTESIAN_POINT('',(7.4,0.));
#10794 = VECTOR('',#10795,1.);
#10795 = DIRECTION('',(0.,-1.));
#10796 = ( GEOMETRIC_REPRESENTATION_CONTEXT(2) 
PARAMETRIC_REPRESENTATION_CONTEXT() REPRESENTATION_CONTEXT('2D SPACE',''
  ) );
#10797 = ORIENTED_EDGE('',*,*,#8223,.F.);
#10798 = ORIENTED_EDGE('',*,*,#10726,.T.);
#10799 = ORIENTED_EDGE('',*,*,#8607,.F.);
#10800 = ADVANCED_FACE('',(#10801),#8375,.T.);
#10801 = FACE_BOUND('',#10802,.T.);
#10802 = EDGE_LOOP('',(#10803,#10804,#10825,#10826));
#10803 = ORIENTED_EDGE('',*,*,#8362,.T.);
#10804 = ORIENTED_EDGE('',*,*,#10805,.T.);
#10805 = EDGE_CURVE('',#8169,#8492,#10806,.T.);
#10806 = SURFACE_CURVE('',#10807,(#10811,#10818),.PCURVE_S1.);
#10807 = LINE('',#10808,#10809);
#10808 = CARTESIAN_POINT('',(57.4,-9.,7.18));
#10809 = VECTOR('',#10810,1.);
#10810 = DIRECTION('',(0.,0.,1.));
#10811 = PCURVE('',#8375,#10812);
#10812 = DEFINITIONAL_REPRESENTATION('',(#10813),#10817);
#10813 = LINE('',#10814,#10815);
#10814 = CARTESIAN_POINT('',(7.4,0.));
#10815 = VECTOR('',#10816,1.);
#10816 = DIRECTION('',(0.,-1.));
#10817 = ( GEOMETRIC_REPRESENTATION_CONTEXT(2) 
PARAMETRIC_REPRESENTATION_CONTEXT() REPRESENTATION_CONTEXT('2D SPACE',''
  ) );
#10818 = PCURVE('',#8185,#10819);
#10819 = DEFINITIONAL_REPRESENTATION('',(#10820),#10824);
#10820 = LINE('',#10821,#10822);
#10821 = CARTESIAN_POINT('',(1.570796326795,0.));
#10822 = VECTOR('',#10823,1.);
#10823 = DIRECTION('',(0.,1.));
#10824 = ( GEOMETRIC_REPRESENTATION_CONTEXT(2) 
PARAMETRIC_REPRESENTATION_CONTEXT() REPRESENTATION_CONTEXT('2D SPACE',''
  ) );
#10825 = ORIENTED_EDGE('',*,*,#8515,.T.);
#10826 = ORIENTED_EDGE('',*,*,#10750,.F.);
#10827 = ADVANCED_FACE('',(#10828),#8212,.T.);
#10828 = FACE_BOUND('',#10829,.T.);
#10829 = EDGE_LOOP('',(#10830,#10831,#10832,#10833));
#10830 = ORIENTED_EDGE('',*,*,#8197,.T.);
#10831 = ORIENTED_EDGE('',*,*,#10777,.T.);
#10832 = ORIENTED_EDGE('',*,*,#8466,.T.);
#10833 = ORIENTED_EDGE('',*,*,#10834,.F.);
#10834 = EDGE_CURVE('',#8167,#8469,#10835,.T.);
#10835 = SURFACE_CURVE('',#10836,(#10840,#10847),.PCURVE_S1.);
#10836 = LINE('',#10837,#10838);
#10837 = CARTESIAN_POINT('',(50.,-16.4,7.18));
#10838 = VECTOR('',#10839,1.);
#10839 = DIRECTION('',(0.,0.,1.));
#10840 = PCURVE('',#8212,#10841);
#10841 = DEFINITIONAL_REPRESENTATION('',(#10842),#10846);
#10842 = LINE('',#10843,#10844);
#10843 = CARTESIAN_POINT('',(49.4,0.));
#10844 = VECTOR('',#10845,1.);
#10845 = DIRECTION('',(0.,-1.));
#10846 = ( GEOMETRIC_REPRESENTATION_CONTEXT(2) 
PARAMETRIC_REPRESENTATION_CONTEXT() REPRESENTATION_CONTEXT('2D SPACE',''
  ) );
#10847 = PCURVE('',#8185,#10848);
#10848 = DEFINITIONAL_REPRESENTATION('',(#10849),#10853);
#10849 = LINE('',#10850,#10851);
#10850 = CARTESIAN_POINT('',(0.,0.));
#10851 = VECTOR('',#10852,1.);
#10852 = DIRECTION('',(0.,1.));
#10853 = ( GEOMETRIC_REPRESENTATION_CONTEXT(2) 
PARAMETRIC_REPRESENTATION_CONTEXT() REPRESENTATION_CONTEXT('2D SPACE',''
  ) );
#10854 = ADVANCED_FACE('',(#10855),#8185,.F.);
#10855 = FACE_BOUND('',#10856,.F.);
#10856 = EDGE_LOOP('',(#10857,#10858,#10859,#10860));
#10857 = ORIENTED_EDGE('',*,*,#10834,.F.);
#10858 = ORIENTED_EDGE('',*,*,#8166,.T.);
#10859 = ORIENTED_EDGE('',*,*,#10805,.T.);
#10860 = ORIENTED_EDGE('',*,*,#8491,.F.);
#10861 = ADVANCED_FACE('',(#10862),#7983,.T.);
#10862 = FACE_BOUND('',#10863,.T.);
#10863 = EDGE_LOOP('',(#10864,#10885,#10886,#10907));
#10864 = ORIENTED_EDGE('',*,*,#10865,.F.);
#10865 = EDGE_CURVE('',#7932,#9656,#10866,.T.);
#10866 = SURFACE_CURVE('',#10867,(#10871,#10878),.PCURVE_S1.);
#10867 = LINE('',#10868,#10869);
#10868 = CARTESIAN_POINT('',(50.,-16.7,7.78));
#10869 = VECTOR('',#10870,1.);
#10870 = DIRECTION('',(0.,0.,1.));
#10871 = PCURVE('',#7983,#10872);
#10872 = DEFINITIONAL_REPRESENTATION('',(#10873),#10877);
#10873 = LINE('',#10874,#10875);
#10874 = CARTESIAN_POINT('',(0.,0.));
#10875 = VECTOR('',#10876,1.);
#10876 = DIRECTION('',(0.,1.));
#10877 = ( GEOMETRIC_REPRESENTATION_CONTEXT(2) 
PARAMETRIC_REPRESENTATION_CONTEXT() REPRESENTATION_CONTEXT('2D SPACE',''
  ) );
#10878 = PCURVE('',#7954,#10879);
#10879 = DEFINITIONAL_REPRESENTATION('',(#10880),#10884);
#10880 = LINE('',#10881,#10882);
#10881 = CARTESIAN_POINT('',(49.7,0.));
#10882 = VECTOR('',#10883,1.);
#10883 = DIRECTION('',(0.,-1.));
#10884 = ( GEOMETRIC_REPRESENTATION_CONTEXT(2) 
PARAMETRIC_REPRESENTATION_CONTEXT() REPRESENTATION_CONTEXT('2D SPACE',''
  ) );
#10885 = ORIENTED_EDGE('',*,*,#7966,.T.);
#10886 = ORIENTED_EDGE('',*,*,#10887,.T.);
#10887 = EDGE_CURVE('',#7967,#9679,#10888,.T.);
#10888 = SURFACE_CURVE('',#10889,(#10893,#10900),.PCURVE_S1.);
#10889 = LINE('',#10890,#10891);
#10890 = CARTESIAN_POINT('',(57.7,-9.,7.78));
#10891 = VECTOR('',#10892,1.);
#10892 = DIRECTION('',(0.,0.,1.));
#10893 = PCURVE('',#7983,#10894);
#10894 = DEFINITIONAL_REPRESENTATION('',(#10895),#10899);
#10895 = LINE('',#10896,#10897);
#10896 = CARTESIAN_POINT('',(1.570796326795,0.));
#10897 = VECTOR('',#10898,1.);
#10898 = DIRECTION('',(0.,1.));
#10899 = ( GEOMETRIC_REPRESENTATION_CONTEXT(2) 
PARAMETRIC_REPRESENTATION_CONTEXT() REPRESENTATION_CONTEXT('2D SPACE',''
  ) );
#10900 = PCURVE('',#8011,#10901);
#10901 = DEFINITIONAL_REPRESENTATION('',(#10902),#10906);
#10902 = LINE('',#10903,#10904);
#10903 = CARTESIAN_POINT('',(7.7,0.));
#10904 = VECTOR('',#10905,1.);
#10905 = DIRECTION('',(0.,-1.));
#10906 = ( GEOMETRIC_REPRESENTATION_CONTEXT(2) 
PARAMETRIC_REPRESENTATION_CONTEXT() REPRESENTATION_CONTEXT('2D SPACE',''
  ) );
#10907 = ORIENTED_EDGE('',*,*,#9678,.F.);
#10908 = ADVANCED_FACE('',(#10909),#8011,.F.);
#10909 = FACE_BOUND('',#10910,.F.);
#10910 = EDGE_LOOP('',(#10911,#10912,#10913,#10914));
#10911 = ORIENTED_EDGE('',*,*,#7995,.T.);
#10912 = ORIENTED_EDGE('',*,*,#10887,.T.);
#10913 = ORIENTED_EDGE('',*,*,#9702,.T.);
#10914 = ORIENTED_EDGE('',*,*,#10915,.F.);
#10915 = EDGE_CURVE('',#7996,#9703,#10916,.T.);
#10916 = SURFACE_CURVE('',#10917,(#10921,#10928),.PCURVE_S1.);
#10917 = LINE('',#10918,#10919);
#10918 = CARTESIAN_POINT('',(57.7,9.,7.78));
#10919 = VECTOR('',#10920,1.);
#10920 = DIRECTION('',(0.,0.,1.));
#10921 = PCURVE('',#8011,#10922);
#10922 = DEFINITIONAL_REPRESENTATION('',(#10923),#10927);
#10923 = LINE('',#10924,#10925);
#10924 = CARTESIAN_POINT('',(25.7,0.));
#10925 = VECTOR('',#10926,1.);
#10926 = DIRECTION('',(0.,-1.));
#10927 = ( GEOMETRIC_REPRESENTATION_CONTEXT(2) 
PARAMETRIC_REPRESENTATION_CONTEXT() REPRESENTATION_CONTEXT('2D SPACE',''
  ) );
#10928 = PCURVE('',#8040,#10929);
#10929 = DEFINITIONAL_REPRESENTATION('',(#10930),#10934);
#10930 = LINE('',#10931,#10932);
#10931 = CARTESIAN_POINT('',(0.,0.));
#10932 = VECTOR('',#10933,1.);
#10933 = DIRECTION('',(0.,1.));
#10934 = ( GEOMETRIC_REPRESENTATION_CONTEXT(2) 
PARAMETRIC_REPRESENTATION_CONTEXT() REPRESENTATION_CONTEXT('2D SPACE',''
  ) );
#10935 = ADVANCED_FACE('',(#10936),#8040,.T.);
#10936 = FACE_BOUND('',#10937,.T.);
#10937 = EDGE_LOOP('',(#10938,#10939,#10940,#10961));
#10938 = ORIENTED_EDGE('',*,*,#10915,.F.);
#10939 = ORIENTED_EDGE('',*,*,#8023,.T.);
#10940 = ORIENTED_EDGE('',*,*,#10941,.T.);
#10941 = EDGE_CURVE('',#8024,#9726,#10942,.T.);
#10942 = SURFACE_CURVE('',#10943,(#10947,#10954),.PCURVE_S1.);
#10943 = LINE('',#10944,#10945);
#10944 = CARTESIAN_POINT('',(50.,16.7,7.78));
#10945 = VECTOR('',#10946,1.);
#10946 = DIRECTION('',(0.,0.,1.));
#10947 = PCURVE('',#8040,#10948);
#10948 = DEFINITIONAL_REPRESENTATION('',(#10949),#10953);
#10949 = LINE('',#10950,#10951);
#10950 = CARTESIAN_POINT('',(1.570796326795,0.));
#10951 = VECTOR('',#10952,1.);
#10952 = DIRECTION('',(0.,1.));
#10953 = ( GEOMETRIC_REPRESENTATION_CONTEXT(2) 
PARAMETRIC_REPRESENTATION_CONTEXT() REPRESENTATION_CONTEXT('2D SPACE',''
  ) );
#10954 = PCURVE('',#8068,#10955);
#10955 = DEFINITIONAL_REPRESENTATION('',(#10956),#10960);
#10956 = LINE('',#10957,#10958);
#10957 = CARTESIAN_POINT('',(7.7,0.));
#10958 = VECTOR('',#10959,1.);
#10959 = DIRECTION('',(0.,-1.));
#10960 = ( GEOMETRIC_REPRESENTATION_CONTEXT(2) 
PARAMETRIC_REPRESENTATION_CONTEXT() REPRESENTATION_CONTEXT('2D SPACE',''
  ) );
#10961 = ORIENTED_EDGE('',*,*,#9725,.F.);
#10962 = ADVANCED_FACE('',(#10963),#8068,.F.);
#10963 = FACE_BOUND('',#10964,.F.);
#10964 = EDGE_LOOP('',(#10965,#10966,#10967,#10968));
#10965 = ORIENTED_EDGE('',*,*,#8052,.T.);
#10966 = ORIENTED_EDGE('',*,*,#10941,.T.);
#10967 = ORIENTED_EDGE('',*,*,#9749,.T.);
#10968 = ORIENTED_EDGE('',*,*,#10969,.F.);
#10969 = EDGE_CURVE('',#8053,#9750,#10970,.T.);
#10970 = SURFACE_CURVE('',#10971,(#10975,#10982),.PCURVE_S1.);
#10971 = LINE('',#10972,#10973);
#10972 = CARTESIAN_POINT('',(8.,16.7,7.78));
#10973 = VECTOR('',#10974,1.);
#10974 = DIRECTION('',(0.,0.,1.));
#10975 = PCURVE('',#8068,#10976);
#10976 = DEFINITIONAL_REPRESENTATION('',(#10977),#10981);
#10977 = LINE('',#10978,#10979);
#10978 = CARTESIAN_POINT('',(49.7,0.));
#10979 = VECTOR('',#10980,1.);
#10980 = DIRECTION('',(0.,-1.));
#10981 = ( GEOMETRIC_REPRESENTATION_CONTEXT(2) 
PARAMETRIC_REPRESENTATION_CONTEXT() REPRESENTATION_CONTEXT('2D SPACE',''
  ) );
#10982 = PCURVE('',#8097,#10983);
#10983 = DEFINITIONAL_REPRESENTATION('',(#10984),#10988);
#10984 = LINE('',#10985,#10986);
#10985 = CARTESIAN_POINT('',(0.,0.));
#10986 = VECTOR('',#10987,1.);
#10987 = DIRECTION('',(0.,1.));
#10988 = ( GEOMETRIC_REPRESENTATION_CONTEXT(2) 
PARAMETRIC_REPRESENTATION_CONTEXT() REPRESENTATION_CONTEXT('2D SPACE',''
  ) );
#10989 = ADVANCED_FACE('',(#10990),#8097,.T.);
#10990 = FACE_BOUND('',#10991,.T.);
#10991 = EDGE_LOOP('',(#10992,#10993,#10994,#11015));
#10992 = ORIENTED_EDGE('',*,*,#10969,.F.);
#10993 = ORIENTED_EDGE('',*,*,#8080,.T.);
#10994 = ORIENTED_EDGE('',*,*,#10995,.T.);
#10995 = EDGE_CURVE('',#8081,#9773,#10996,.T.);
#10996 = SURFACE_CURVE('',#10997,(#11001,#11008),.PCURVE_S1.);
#10997 = LINE('',#10998,#10999);
#10998 = CARTESIAN_POINT('',(0.3,9.,7.78));
#10999 = VECTOR('',#11000,1.);
#11000 = DIRECTION('',(0.,0.,1.));
#11001 = PCURVE('',#8097,#11002);
#11002 = DEFINITIONAL_REPRESENTATION('',(#11003),#11007);
#11003 = LINE('',#11004,#11005);
#11004 = CARTESIAN_POINT('',(1.570796326795,0.));
#11005 = VECTOR('',#11006,1.);
#11006 = DIRECTION('',(0.,1.));
#11007 = ( GEOMETRIC_REPRESENTATION_CONTEXT(2) 
PARAMETRIC_REPRESENTATION_CONTEXT() REPRESENTATION_CONTEXT('2D SPACE',''
  ) );
#11008 = PCURVE('',#8125,#11009);
#11009 = DEFINITIONAL_REPRESENTATION('',(#11010),#11014);
#11010 = LINE('',#11011,#11012);
#11011 = CARTESIAN_POINT('',(7.7,0.));
#11012 = VECTOR('',#11013,1.);
#11013 = DIRECTION('',(0.,-1.));
#11014 = ( GEOMETRIC_REPRESENTATION_CONTEXT(2) 
PARAMETRIC_REPRESENTATION_CONTEXT() REPRESENTATION_CONTEXT('2D SPACE',''
  ) );
#11015 = ORIENTED_EDGE('',*,*,#9772,.F.);
#11016 = ADVANCED_FACE('',(#11017),#8125,.F.);
#11017 = FACE_BOUND('',#11018,.F.);
#11018 = EDGE_LOOP('',(#11019,#11020,#11021,#11022));
#11019 = ORIENTED_EDGE('',*,*,#8109,.T.);
#11020 = ORIENTED_EDGE('',*,*,#10995,.T.);
#11021 = ORIENTED_EDGE('',*,*,#9796,.T.);
#11022 = ORIENTED_EDGE('',*,*,#11023,.F.);
#11023 = EDGE_CURVE('',#8110,#9797,#11024,.T.);
#11024 = SURFACE_CURVE('',#11025,(#11029,#11036),.PCURVE_S1.);
#11025 = LINE('',#11026,#11027);
#11026 = CARTESIAN_POINT('',(0.3,-9.,7.78));
#11027 = VECTOR('',#11028,1.);
#11028 = DIRECTION('',(0.,0.,1.));
#11029 = PCURVE('',#8125,#11030);
#11030 = DEFINITIONAL_REPRESENTATION('',(#11031),#11035);
#11031 = LINE('',#11032,#11033);
#11032 = CARTESIAN_POINT('',(25.7,0.));
#11033 = VECTOR('',#11034,1.);
#11034 = DIRECTION('',(0.,-1.));
#11035 = ( GEOMETRIC_REPRESENTATION_CONTEXT(2) 
PARAMETRIC_REPRESENTATION_CONTEXT() REPRESENTATION_CONTEXT('2D SPACE',''
  ) );
#11036 = PCURVE('',#8152,#11037);
#11037 = DEFINITIONAL_REPRESENTATION('',(#11038),#11042);
#11038 = LINE('',#11039,#11040);
#11039 = CARTESIAN_POINT('',(-1.570796326795,0.));
#11040 = VECTOR('',#11041,1.);
#11041 = DIRECTION('',(-0.,1.));
#11042 = ( GEOMETRIC_REPRESENTATION_CONTEXT(2) 
PARAMETRIC_REPRESENTATION_CONTEXT() REPRESENTATION_CONTEXT('2D SPACE',''
  ) );
#11043 = ADVANCED_FACE('',(#11044),#8152,.T.);
#11044 = FACE_BOUND('',#11045,.F.);
#11045 = EDGE_LOOP('',(#11046,#11067,#11068,#11069));
#11046 = ORIENTED_EDGE('',*,*,#11047,.F.);
#11047 = EDGE_CURVE('',#7934,#9654,#11048,.T.);
#11048 = SURFACE_CURVE('',#11049,(#11053,#11060),.PCURVE_S1.);
#11049 = LINE('',#11050,#11051);
#11050 = CARTESIAN_POINT('',(8.,-16.7,7.78));
#11051 = VECTOR('',#11052,1.);
#11052 = DIRECTION('',(0.,0.,1.));
#11053 = PCURVE('',#8152,#11054);
#11054 = DEFINITIONAL_REPRESENTATION('',(#11055),#11059);
#11055 = LINE('',#11056,#11057);
#11056 = CARTESIAN_POINT('',(-0.,0.));
#11057 = VECTOR('',#11058,1.);
#11058 = DIRECTION('',(-0.,1.));
#11059 = ( GEOMETRIC_REPRESENTATION_CONTEXT(2) 
PARAMETRIC_REPRESENTATION_CONTEXT() REPRESENTATION_CONTEXT('2D SPACE',''
  ) );
#11060 = PCURVE('',#7954,#11061);
#11061 = DEFINITIONAL_REPRESENTATION('',(#11062),#11066);
#11062 = LINE('',#11063,#11064);
#11063 = CARTESIAN_POINT('',(7.7,0.));
#11064 = VECTOR('',#11065,1.);
#11065 = DIRECTION('',(0.,-1.));
#11066 = ( GEOMETRIC_REPRESENTATION_CONTEXT(2) 
PARAMETRIC_REPRESENTATION_CONTEXT() REPRESENTATION_CONTEXT('2D SPACE',''
  ) );
#11067 = ORIENTED_EDGE('',*,*,#8137,.F.);
#11068 = ORIENTED_EDGE('',*,*,#11023,.T.);
#11069 = ORIENTED_EDGE('',*,*,#9819,.F.);
#11070 = ADVANCED_FACE('',(#11071),#7954,.F.);
#11071 = FACE_BOUND('',#11072,.F.);
#11072 = EDGE_LOOP('',(#11073,#11074,#11075,#11076));
#11073 = ORIENTED_EDGE('',*,*,#7931,.T.);
#11074 = ORIENTED_EDGE('',*,*,#11047,.T.);
#11075 = ORIENTED_EDGE('',*,*,#9653,.T.);
#11076 = ORIENTED_EDGE('',*,*,#10865,.F.);
#11077 = ( GEOMETRIC_REPRESENTATION_CONTEXT(3) 
GLOBAL_UNCERTAINTY_ASSIGNED_CONTEXT((#11081)) 
GLOBAL_UNIT_ASSIGNED_CONTEXT((#11078,#11079,#11080)) 
REPRESENTATION_CONTEXT('Context #1',
  '3D Context with UNIT and UNCERTAINTY') );
#11078 = ( LENGTH_UNIT() NAMED_UNIT(*) SI_UNIT(.MILLI.,.METRE.) );
#11079 = ( NAMED_UNIT(*) PLANE_ANGLE_UNIT() SI_UNIT($,.RADIAN.) );
#11080 = ( NAMED_UNIT(*) SI_UNIT($,.STERADIAN.) SOLID_ANGLE_UNIT() );
#11081 = UNCERTAINTY_MEASURE_WITH_UNIT(LENGTH_MEASURE(1.E-07),#11078,
  'distance_accuracy_value','confusion accuracy');
#11082 = PRODUCT_RELATED_PRODUCT_CATEGORY('part',$,(#7));
ENDSEC;
END-ISO-10303-21;
