solid OpenSCAD_Model
  facet normal -0.85772 -0.514118 0
    outer loop
      vertex 1.17972 -11.889 0
      vertex 0.826553 -11.2998 6.5
      vertex 0.826553 -11.2998 0
    endloop
  endfacet
  facet normal -0.85772 -0.514118 0
    outer loop
      vertex 0.826553 -11.2998 6.5
      vertex 1.17972 -11.889 0
      vertex 1.17972 -11.889 6.5
    endloop
  endfacet
  facet normal 0.903996 0.427542 0
    outer loop
      vertex 45.4671 10.6788 6.5
      vertex 45.1734 11.2998 0
      vertex 45.1734 11.2998 6.5
    endloop
  endfacet
  facet normal 0.903996 0.427542 0
    outer loop
      vertex 45.1734 11.2998 0
      vertex 45.4671 10.6788 6.5
      vertex 45.4671 10.6788 0
    endloop
  endfacet
  facet normal 0.0490591 -0.998796 0
    outer loop
      vertex 39 -15 0
      vertex 39.6861 -14.9663 6.5
      vertex 39 -15 6.5
    endloop
  endfacet
  facet normal 0.0490591 -0.998796 0
    outer loop
      vertex 39.6861 -14.9663 6.5
      vertex 39 -15 0
      vertex 39.6861 -14.9663 0
    endloop
  endfacet
  facet normal -0.989179 -0.146712 0
    outer loop
      vertex 0.134506 -9.36563 0
      vertex 0.0337219 -8.68611 6.5
      vertex 0.0337219 -8.68611 0
    endloop
  endfacet
  facet normal -0.989179 -0.146712 0
    outer loop
      vertex 0.0337219 -8.68611 6.5
      vertex 0.134506 -9.36563 0
      vertex 0.134506 -9.36563 6.5
    endloop
  endfacet
  facet normal -0.51404 0.857766 0
    outer loop
      vertex 3.70023 14.1734 0
      vertex 3.11102 13.8203 6.5
      vertex 3.70023 14.1734 6.5
    endloop
  endfacet
  facet normal -0.51404 0.857766 0
    outer loop
      vertex 3.11102 13.8203 6.5
      vertex 3.70023 14.1734 0
      vertex 3.11102 13.8203 0
    endloop
  endfacet
  facet normal 0.595659 -0.803237 0
    outer loop
      vertex 42.889 -13.8203 0
      vertex 43.4408 -13.4111 6.5
      vertex 42.889 -13.8203 6.5
    endloop
  endfacet
  facet normal 0.595659 -0.803237 0
    outer loop
      vertex 43.4408 -13.4111 6.5
      vertex 42.889 -13.8203 0
      vertex 43.4408 -13.4111 0
    endloop
  endfacet
  facet normal -0.998794 -0.0490902 0
    outer loop
      vertex 0.0337219 -8.68611 0
      vertex 0 -8 6.5
      vertex 0 -8 0
    endloop
  endfacet
  facet normal -0.998794 -0.0490902 0
    outer loop
      vertex 0 -8 6.5
      vertex 0.0337219 -8.68611 0
      vertex 0.0337219 -8.68611 6.5
    endloop
  endfacet
  facet normal -0.740886 0.671631 0
    outer loop
      vertex 1.58893 12.4408 0
      vertex 2.05026 12.9497 6.5
      vertex 2.05026 12.9497 0
    endloop
  endfacet
  facet normal -0.740886 0.671631 0
    outer loop
      vertex 2.05026 12.9497 6.5
      vertex 1.58893 12.4408 0
      vertex 1.58893 12.4408 6.5
    endloop
  endfacet
  facet normal 0 -1 0
    outer loop
      vertex 7 -15 0
      vertex 39 -15 6.5
      vertex 7 -15 6.5
    endloop
  endfacet
  facet normal 0 -1 -0
    outer loop
      vertex 39 -15 6.5
      vertex 7 -15 0
      vertex 39 -15 0
    endloop
  endfacet
  facet normal 1 -0 0
    outer loop
      vertex 46 -8 6.5
      vertex 46 8 0
      vertex 46 8 6.5
    endloop
  endfacet
  facet normal 1 0 0
    outer loop
      vertex 46 8 0
      vertex 46 -8 6.5
      vertex 46 -8 0
    endloop
  endfacet
  facet normal 0.989176 -0.146734 0
    outer loop
      vertex 45.8655 -9.36563 6.5
      vertex 45.9663 -8.68611 0
      vertex 45.9663 -8.68611 6.5
    endloop
  endfacet
  facet normal 0.989176 -0.146734 0
    outer loop
      vertex 45.9663 -8.68611 0
      vertex 45.8655 -9.36563 6.5
      vertex 45.8655 -9.36563 0
    endloop
  endfacet
  facet normal -0.903995 -0.427543 0
    outer loop
      vertex 0.826553 -11.2998 0
      vertex 0.532852 -10.6788 6.5
      vertex 0.532852 -10.6788 0
    endloop
  endfacet
  facet normal -0.903995 -0.427543 0
    outer loop
      vertex 0.532852 -10.6788 6.5
      vertex 0.826553 -11.2998 0
      vertex 0.826553 -11.2998 6.5
    endloop
  endfacet
  facet normal -0.970032 0.242979 0
    outer loop
      vertex 0.134506 9.36563 0
      vertex 0.301422 10.032 6.5
      vertex 0.301422 10.032 0
    endloop
  endfacet
  facet normal -0.970032 0.242979 0
    outer loop
      vertex 0.301422 10.032 6.5
      vertex 0.134506 9.36563 0
      vertex 0.134506 9.36563 6.5
    endloop
  endfacet
  facet normal 0 1 -0
    outer loop
      vertex 39 15 0
      vertex 7 15 6.5
      vertex 39 15 6.5
    endloop
  endfacet
  facet normal 0 1 0
    outer loop
      vertex 7 15 6.5
      vertex 39 15 0
      vertex 7 15 0
    endloop
  endfacet
  facet normal -0.146734 -0.989176 0
    outer loop
      vertex 5.63437 -14.8655 0
      vertex 6.31389 -14.9663 6.5
      vertex 5.63437 -14.8655 6.5
    endloop
  endfacet
  facet normal -0.146734 -0.989176 -0
    outer loop
      vertex 6.31389 -14.9663 6.5
      vertex 5.63437 -14.8655 0
      vertex 6.31389 -14.9663 0
    endloop
  endfacet
  facet normal 0.941511 0.336982 0
    outer loop
      vertex 45.6986 10.032 6.5
      vertex 45.4671 10.6788 0
      vertex 45.4671 10.6788 6.5
    endloop
  endfacet
  facet normal 0.941511 0.336982 0
    outer loop
      vertex 45.4671 10.6788 0
      vertex 45.6986 10.032 6.5
      vertex 45.6986 10.032 0
    endloop
  endfacet
  facet normal -0.970032 -0.242979 0
    outer loop
      vertex 0.301422 -10.032 0
      vertex 0.134506 -9.36563 6.5
      vertex 0.134506 -9.36563 0
    endloop
  endfacet
  facet normal -0.970032 -0.242979 0
    outer loop
      vertex 0.134506 -9.36563 6.5
      vertex 0.301422 -10.032 0
      vertex 0.301422 -10.032 6.5
    endloop
  endfacet
  facet normal 0.970037 0.242957 0
    outer loop
      vertex 45.8655 9.36563 6.5
      vertex 45.6986 10.032 0
      vertex 45.6986 10.032 6.5
    endloop
  endfacet
  facet normal 0.970037 0.242957 0
    outer loop
      vertex 45.6986 10.032 0
      vertex 45.8655 9.36563 6.5
      vertex 45.8655 9.36563 0
    endloop
  endfacet
  facet normal -1 0 0
    outer loop
      vertex 0 8 0
      vertex 0 7.65 5.15
      vertex 0 8 6.5
    endloop
  endfacet
  facet normal -1 0 0
    outer loop
      vertex 0 8 0
      vertex 0 -7.65 5.15
      vertex 0 7.65 5.15
    endloop
  endfacet
  facet normal -1 0 0
    outer loop
      vertex 0 -8 0
      vertex 0 -7.65 5.15
      vertex 0 8 0
    endloop
  endfacet
  facet normal -1 0 0
    outer loop
      vertex 0 -8 6.5
      vertex 0 -7.65 5.15
      vertex 0 -8 0
    endloop
  endfacet
  facet normal -1 0 0
    outer loop
      vertex 0 -7.65 5.15
      vertex 0 -8 6.5
      vertex 0 -7.65 6.5
    endloop
  endfacet
  facet normal -1 -0 0
    outer loop
      vertex 0 8 6.5
      vertex 0 7.65 5.15
      vertex 0 7.65 6.5
    endloop
  endfacet
  facet normal -0.59568 0.803222 0
    outer loop
      vertex 3.11102 13.8203 0
      vertex 2.55925 13.4111 6.5
      vertex 3.11102 13.8203 6.5
    endloop
  endfacet
  facet normal -0.59568 0.803222 0
    outer loop
      vertex 2.55925 13.4111 6.5
      vertex 3.11102 13.8203 0
      vertex 2.55925 13.4111 0
    endloop
  endfacet
  facet normal -0.146734 0.989176 0
    outer loop
      vertex 6.31389 14.9663 0
      vertex 5.63437 14.8655 6.5
      vertex 6.31389 14.9663 6.5
    endloop
  endfacet
  facet normal -0.146734 0.989176 0
    outer loop
      vertex 5.63437 14.8655 6.5
      vertex 6.31389 14.9663 0
      vertex 5.63437 14.8655 0
    endloop
  endfacet
  facet normal 0.941511 -0.336982 0
    outer loop
      vertex 45.4671 -10.6788 6.5
      vertex 45.6986 -10.032 0
      vertex 45.6986 -10.032 6.5
    endloop
  endfacet
  facet normal 0.941511 -0.336982 0
    outer loop
      vertex 45.6986 -10.032 0
      vertex 45.4671 -10.6788 6.5
      vertex 45.4671 -10.6788 0
    endloop
  endfacet
  facet normal 0.970037 -0.242957 0
    outer loop
      vertex 45.6986 -10.032 6.5
      vertex 45.8655 -9.36563 0
      vertex 45.8655 -9.36563 6.5
    endloop
  endfacet
  facet normal 0.970037 -0.242957 0
    outer loop
      vertex 45.8655 -9.36563 0
      vertex 45.6986 -10.032 6.5
      vertex 45.6986 -10.032 0
    endloop
  endfacet
  facet normal -0.80323 0.595669 0
    outer loop
      vertex 1.17972 11.889 0
      vertex 1.58893 12.4408 6.5
      vertex 1.58893 12.4408 0
    endloop
  endfacet
  facet normal -0.80323 0.595669 0
    outer loop
      vertex 1.58893 12.4408 6.5
      vertex 1.17972 11.889 0
      vertex 1.17972 11.889 6.5
    endloop
  endfacet
  facet normal 0.146739 0.989175 -0
    outer loop
      vertex 40.3656 14.8655 0
      vertex 39.6861 14.9663 6.5
      vertex 40.3656 14.8655 6.5
    endloop
  endfacet
  facet normal 0.146739 0.989175 0
    outer loop
      vertex 39.6861 14.9663 6.5
      vertex 40.3656 14.8655 0
      vertex 39.6861 14.9663 0
    endloop
  endfacet
  facet normal 0.803237 -0.595659 0
    outer loop
      vertex 44.4111 -12.4408 6.5
      vertex 44.8203 -11.889 0
      vertex 44.8203 -11.889 6.5
    endloop
  endfacet
  facet normal 0.803237 -0.595659 0
    outer loop
      vertex 44.8203 -11.889 0
      vertex 44.4111 -12.4408 6.5
      vertex 44.4111 -12.4408 0
    endloop
  endfacet
  facet normal 0.803237 0.595659 0
    outer loop
      vertex 44.8203 11.889 6.5
      vertex 44.4111 12.4408 0
      vertex 44.4111 12.4408 6.5
    endloop
  endfacet
  facet normal 0.803237 0.595659 0
    outer loop
      vertex 44.4111 12.4408 0
      vertex 44.8203 11.889 6.5
      vertex 44.8203 11.889 0
    endloop
  endfacet
  facet normal 0.998796 0.0490583 0
    outer loop
      vertex 46 8 6.5
      vertex 45.9663 8.68611 0
      vertex 45.9663 8.68611 6.5
    endloop
  endfacet
  facet normal 0.998796 0.0490583 0
    outer loop
      vertex 45.9663 8.68611 0
      vertex 46 8 6.5
      vertex 46 8 0
    endloop
  endfacet
  facet normal 0.740835 0.671687 0
    outer loop
      vertex 44.4111 12.4408 6.5
      vertex 43.9497 12.9497 0
      vertex 43.9497 12.9497 6.5
    endloop
  endfacet
  facet normal 0.740835 0.671687 0
    outer loop
      vertex 43.9497 12.9497 0
      vertex 44.4111 12.4408 6.5
      vertex 44.4111 12.4408 0
    endloop
  endfacet
  facet normal -0.336986 0.94151 0
    outer loop
      vertex 4.96802 14.6986 0
      vertex 4.32123 14.4671 6.5
      vertex 4.96802 14.6986 6.5
    endloop
  endfacet
  facet normal -0.336986 0.94151 0
    outer loop
      vertex 4.32123 14.4671 6.5
      vertex 4.96802 14.6986 0
      vertex 4.32123 14.4671 0
    endloop
  endfacet
  facet normal 0.336982 -0.941511 0
    outer loop
      vertex 41.032 -14.6986 0
      vertex 41.6788 -14.4671 6.5
      vertex 41.032 -14.6986 6.5
    endloop
  endfacet
  facet normal 0.336982 -0.941511 0
    outer loop
      vertex 41.6788 -14.4671 6.5
      vertex 41.032 -14.6986 0
      vertex 41.6788 -14.4671 0
    endloop
  endfacet
  facet normal -0.998794 0.0490902 0
    outer loop
      vertex 0 8 0
      vertex 0.0337219 8.68611 6.5
      vertex 0.0337219 8.68611 0
    endloop
  endfacet
  facet normal -0.998794 0.0490902 0
    outer loop
      vertex 0.0337219 8.68611 6.5
      vertex 0 8 0
      vertex 0 8 6.5
    endloop
  endfacet
  facet normal 0.146739 -0.989175 0
    outer loop
      vertex 39.6861 -14.9663 0
      vertex 40.3656 -14.8655 6.5
      vertex 39.6861 -14.9663 6.5
    endloop
  endfacet
  facet normal 0.146739 -0.989175 0
    outer loop
      vertex 40.3656 -14.8655 6.5
      vertex 39.6861 -14.9663 0
      vertex 40.3656 -14.8655 0
    endloop
  endfacet
  facet normal 0.427542 0.903996 -0
    outer loop
      vertex 42.2998 14.1734 0
      vertex 41.6788 14.4671 6.5
      vertex 42.2998 14.1734 6.5
    endloop
  endfacet
  facet normal 0.427542 0.903996 0
    outer loop
      vertex 41.6788 14.4671 6.5
      vertex 42.2998 14.1734 0
      vertex 41.6788 14.4671 0
    endloop
  endfacet
  facet normal -0.85772 0.514118 0
    outer loop
      vertex 0.826553 11.2998 0
      vertex 1.17972 11.889 6.5
      vertex 1.17972 11.889 0
    endloop
  endfacet
  facet normal -0.85772 0.514118 0
    outer loop
      vertex 1.17972 11.889 6.5
      vertex 0.826553 11.2998 0
      vertex 0.826553 11.2998 6.5
    endloop
  endfacet
  facet normal -0.242964 0.970035 0
    outer loop
      vertex 5.63437 14.8655 0
      vertex 4.96802 14.6986 6.5
      vertex 5.63437 14.8655 6.5
    endloop
  endfacet
  facet normal -0.242964 0.970035 0
    outer loop
      vertex 4.96802 14.6986 6.5
      vertex 5.63437 14.8655 0
      vertex 4.96802 14.6986 0
    endloop
  endfacet
  facet normal -0.80323 -0.595669 0
    outer loop
      vertex 1.58893 -12.4408 0
      vertex 1.17972 -11.889 6.5
      vertex 1.17972 -11.889 0
    endloop
  endfacet
  facet normal -0.80323 -0.595669 0
    outer loop
      vertex 1.17972 -11.889 6.5
      vertex 1.58893 -12.4408 0
      vertex 1.58893 -12.4408 6.5
    endloop
  endfacet
  facet normal -0.671622 0.740894 0
    outer loop
      vertex 2.55925 13.4111 0
      vertex 2.05026 12.9497 6.5
      vertex 2.55925 13.4111 6.5
    endloop
  endfacet
  facet normal -0.671622 0.740894 0
    outer loop
      vertex 2.05026 12.9497 6.5
      vertex 2.55925 13.4111 0
      vertex 2.05026 12.9497 0
    endloop
  endfacet
  facet normal 0.242947 -0.97004 0
    outer loop
      vertex 40.3656 -14.8655 0
      vertex 41.032 -14.6986 6.5
      vertex 40.3656 -14.8655 6.5
    endloop
  endfacet
  facet normal 0.242947 -0.97004 0
    outer loop
      vertex 41.032 -14.6986 6.5
      vertex 40.3656 -14.8655 0
      vertex 41.032 -14.6986 0
    endloop
  endfacet
  facet normal 0.989176 0.146734 0
    outer loop
      vertex 45.9663 8.68611 6.5
      vertex 45.8655 9.36563 0
      vertex 45.8655 9.36563 6.5
    endloop
  endfacet
  facet normal 0.989176 0.146734 0
    outer loop
      vertex 45.8655 9.36563 0
      vertex 45.9663 8.68611 6.5
      vertex 45.9663 8.68611 0
    endloop
  endfacet
  facet normal 0.0490591 0.998796 -0
    outer loop
      vertex 39.6861 14.9663 0
      vertex 39 15 6.5
      vertex 39.6861 14.9663 6.5
    endloop
  endfacet
  facet normal 0.0490591 0.998796 0
    outer loop
      vertex 39 15 6.5
      vertex 39.6861 14.9663 0
      vertex 39 15 0
    endloop
  endfacet
  facet normal -0.242964 -0.970035 0
    outer loop
      vertex 4.96802 -14.6986 0
      vertex 5.63437 -14.8655 6.5
      vertex 4.96802 -14.6986 6.5
    endloop
  endfacet
  facet normal -0.242964 -0.970035 -0
    outer loop
      vertex 5.63437 -14.8655 6.5
      vertex 4.96802 -14.6986 0
      vertex 5.63437 -14.8655 0
    endloop
  endfacet
  facet normal -0.0490583 0.998796 0
    outer loop
      vertex 7 15 0
      vertex 6.31389 14.9663 6.5
      vertex 7 15 6.5
    endloop
  endfacet
  facet normal -0.0490583 0.998796 0
    outer loop
      vertex 6.31389 14.9663 6.5
      vertex 7 15 0
      vertex 6.31389 14.9663 0
    endloop
  endfacet
  facet normal 0.998796 -0.0490583 0
    outer loop
      vertex 45.9663 -8.68611 6.5
      vertex 46 -8 0
      vertex 46 -8 6.5
    endloop
  endfacet
  facet normal 0.998796 -0.0490583 0
    outer loop
      vertex 46 -8 0
      vertex 45.9663 -8.68611 6.5
      vertex 45.9663 -8.68611 0
    endloop
  endfacet
  facet normal 0.903996 -0.427542 0
    outer loop
      vertex 45.1734 -11.2998 6.5
      vertex 45.4671 -10.6788 0
      vertex 45.4671 -10.6788 6.5
    endloop
  endfacet
  facet normal 0.903996 -0.427542 0
    outer loop
      vertex 45.4671 -10.6788 0
      vertex 45.1734 -11.2998 6.5
      vertex 45.1734 -11.2998 0
    endloop
  endfacet
  facet normal -0.941543 -0.336891 0
    outer loop
      vertex 0.532852 -10.6788 0
      vertex 0.301422 -10.032 6.5
      vertex 0.301422 -10.032 0
    endloop
  endfacet
  facet normal -0.941543 -0.336891 0
    outer loop
      vertex 0.301422 -10.032 6.5
      vertex 0.532852 -10.6788 0
      vertex 0.532852 -10.6788 6.5
    endloop
  endfacet
  facet normal -0.989179 0.146712 0
    outer loop
      vertex 0.0337219 8.68611 0
      vertex 0.134506 9.36563 6.5
      vertex 0.134506 9.36563 0
    endloop
  endfacet
  facet normal -0.989179 0.146712 0
    outer loop
      vertex 0.134506 9.36563 6.5
      vertex 0.0337219 8.68611 0
      vertex 0.0337219 8.68611 6.5
    endloop
  endfacet
  facet normal -0.941543 0.336891 0
    outer loop
      vertex 0.301422 10.032 0
      vertex 0.532852 10.6788 6.5
      vertex 0.532852 10.6788 0
    endloop
  endfacet
  facet normal -0.941543 0.336891 0
    outer loop
      vertex 0.532852 10.6788 6.5
      vertex 0.301422 10.032 0
      vertex 0.301422 10.032 6.5
    endloop
  endfacet
  facet normal 0.671687 -0.740835 0
    outer loop
      vertex 43.4408 -13.4111 0
      vertex 43.9497 -12.9497 6.5
      vertex 43.4408 -13.4111 6.5
    endloop
  endfacet
  facet normal 0.671687 -0.740835 0
    outer loop
      vertex 43.9497 -12.9497 6.5
      vertex 43.4408 -13.4111 0
      vertex 43.9497 -12.9497 0
    endloop
  endfacet
  facet normal -0.51404 -0.857766 0
    outer loop
      vertex 3.11102 -13.8203 0
      vertex 3.70023 -14.1734 6.5
      vertex 3.11102 -13.8203 6.5
    endloop
  endfacet
  facet normal -0.51404 -0.857766 -0
    outer loop
      vertex 3.70023 -14.1734 6.5
      vertex 3.11102 -13.8203 0
      vertex 3.70023 -14.1734 0
    endloop
  endfacet
  facet normal -0.903995 0.427543 0
    outer loop
      vertex 0.532852 10.6788 0
      vertex 0.826553 11.2998 6.5
      vertex 0.826553 11.2998 0
    endloop
  endfacet
  facet normal -0.903995 0.427543 0
    outer loop
      vertex 0.826553 11.2998 6.5
      vertex 0.532852 10.6788 0
      vertex 0.532852 10.6788 6.5
    endloop
  endfacet
  facet normal 0.740835 -0.671687 0
    outer loop
      vertex 43.9497 -12.9497 6.5
      vertex 44.4111 -12.4408 0
      vertex 44.4111 -12.4408 6.5
    endloop
  endfacet
  facet normal 0.740835 -0.671687 0
    outer loop
      vertex 44.4111 -12.4408 0
      vertex 43.9497 -12.9497 6.5
      vertex 43.9497 -12.9497 0
    endloop
  endfacet
  facet normal 0 0 -1
    outer loop
      vertex 26.707 -8.77437 0
      vertex 13.293 -8.77437 0
      vertex 26.8382 -8.55552 0
    endloop
  endfacet
  facet normal 0 0 -1
    outer loop
      vertex 27.1615 8.16152 0
      vertex 13.5875 9.74516 0
      vertex 13.6 10 0
    endloop
  endfacet
  facet normal 0 0 -1
    outer loop
      vertex 13.1618 -8.55552 0
      vertex 26.8382 -8.55552 0
      vertex 13.293 -8.77437 0
    endloop
  endfacet
  facet normal 0 0 -1
    outer loop
      vertex 27.1615 8.16152 0
      vertex 13.55 9.49276 0
      vertex 13.5875 9.74516 0
    endloop
  endfacet
  facet normal 0 0 -1
    outer loop
      vertex 26.8382 -8.55552 0
      vertex 13.1618 -8.55552 0
      vertex 26.9902 -8.35058 0
    endloop
  endfacet
  facet normal 0 0 -1
    outer loop
      vertex 27.1615 8.16152 0
      vertex 13.488 9.24526 0
      vertex 13.55 9.49276 0
    endloop
  endfacet
  facet normal 0 0 -1
    outer loop
      vertex 13.0098 -8.35058 0
      vertex 26.9902 -8.35058 0
      vertex 13.1618 -8.55552 0
    endloop
  endfacet
  facet normal 0 0 -1
    outer loop
      vertex 27.1615 8.16152 0
      vertex 13.4021 9.00502 0
      vertex 13.488 9.24526 0
    endloop
  endfacet
  facet normal 0 0 -1
    outer loop
      vertex 26.9902 -8.35058 0
      vertex 13.0098 -8.35058 0
      vertex 27.1615 -8.16152 0
    endloop
  endfacet
  facet normal 0 0 -1
    outer loop
      vertex 27.1615 8.16152 0
      vertex 13.293 8.77437 0
      vertex 13.4021 9.00502 0
    endloop
  endfacet
  facet normal 0 0 -1
    outer loop
      vertex 12.8385 -8.16152 0
      vertex 27.1615 -8.16152 0
      vertex 13.0098 -8.35058 0
    endloop
  endfacet
  facet normal 0 0 -1
    outer loop
      vertex 27.1615 8.16152 0
      vertex 13.1618 8.55552 0
      vertex 13.293 8.77437 0
    endloop
  endfacet
  facet normal 0 0 -1
    outer loop
      vertex 27.1615 -8.16152 0
      vertex 12.8385 -8.16152 0
      vertex 27.1615 8.16152 0
    endloop
  endfacet
  facet normal 0 0 -1
    outer loop
      vertex 27.1615 8.16152 0
      vertex 13.0098 8.35058 0
      vertex 13.1618 8.55552 0
    endloop
  endfacet
  facet normal 0 0 -1
    outer loop
      vertex 12.8385 8.16152 0
      vertex 27.1615 8.16152 0
      vertex 12.8385 -8.16152 0
    endloop
  endfacet
  facet normal 0 0 -1
    outer loop
      vertex 27.1615 8.16152 0
      vertex 12.8385 8.16152 0
      vertex 13.0098 8.35058 0
    endloop
  endfacet
  facet normal 0 0 -1
    outer loop
      vertex 12.6494 -7.99017 0
      vertex 12.8385 8.16152 0
      vertex 12.8385 -8.16152 0
    endloop
  endfacet
  facet normal 0 0 -1
    outer loop
      vertex 12.6494 -7.99017 0
      vertex 12.6494 7.99017 0
      vertex 12.8385 8.16152 0
    endloop
  endfacet
  facet normal 0 0 -1
    outer loop
      vertex 12.4445 -7.83818 0
      vertex 12.6494 7.99017 0
      vertex 12.6494 -7.99017 0
    endloop
  endfacet
  facet normal 0 0 -1
    outer loop
      vertex 12.4445 -7.83818 0
      vertex 12.4445 7.83818 0
      vertex 12.6494 7.99017 0
    endloop
  endfacet
  facet normal 0 0 -1
    outer loop
      vertex 12.2256 -7.707 0
      vertex 12.4445 7.83818 0
      vertex 12.4445 -7.83818 0
    endloop
  endfacet
  facet normal 0 0 -1
    outer loop
      vertex 12.2256 -7.707 0
      vertex 12.2256 7.707 0
      vertex 12.4445 7.83818 0
    endloop
  endfacet
  facet normal 0 0 -1
    outer loop
      vertex 11.995 -7.59791 0
      vertex 12.2256 7.707 0
      vertex 12.2256 -7.707 0
    endloop
  endfacet
  facet normal 0 0 -1
    outer loop
      vertex 11.995 -7.59791 0
      vertex 11.995 7.59791 0
      vertex 12.2256 7.707 0
    endloop
  endfacet
  facet normal 0 0 -1
    outer loop
      vertex 7.28748 -0.254844 0
      vertex 11.995 -7.59791 0
      vertex 11.7547 -7.51195 0
    endloop
  endfacet
  facet normal 0 0 -1
    outer loop
      vertex 11.995 -7.59791 0
      vertex 7.3 0 0
      vertex 11.995 7.59791 0
    endloop
  endfacet
  facet normal 0 0 -1
    outer loop
      vertex 7.25004 -0.507235 0
      vertex 11.7547 -7.51195 0
      vertex 11.5072 -7.44996 0
    endloop
  endfacet
  facet normal 0 0 -1
    outer loop
      vertex 7.28748 0.254844 0
      vertex 11.995 7.59791 0
      vertex 7.3 0 0
    endloop
  endfacet
  facet normal 0 0 -1
    outer loop
      vertex 7.18804 -0.75474 0
      vertex 11.5072 -7.44996 0
      vertex 11.2548 -7.41252 0
    endloop
  endfacet
  facet normal 0 0 -1
    outer loop
      vertex 11.995 7.59791 0
      vertex 7.28748 0.254844 0
      vertex 11.7547 7.51195 0
    endloop
  endfacet
  facet normal 0 0 -1
    outer loop
      vertex 7.10209 -0.994976 0
      vertex 11.2548 -7.41252 0
      vertex 11 -7.4 0
    endloop
  endfacet
  facet normal 0 0 -1
    outer loop
      vertex 7.25004 0.507235 0
      vertex 11.7547 7.51195 0
      vertex 7.28748 0.254844 0
    endloop
  endfacet
  facet normal 0 0 -1
    outer loop
      vertex 6.993 -1.22563 0
      vertex 11 -7.4 0
      vertex 10.7452 -7.41252 0
    endloop
  endfacet
  facet normal 0 0 -1
    outer loop
      vertex 11.7547 7.51195 0
      vertex 7.25004 0.507235 0
      vertex 11.5072 7.44996 0
    endloop
  endfacet
  facet normal 0 0 -1
    outer loop
      vertex 6.86182 -1.44448 0
      vertex 10.7452 -7.41252 0
      vertex 10.4928 -7.44996 0
    endloop
  endfacet
  facet normal 0 0 -1
    outer loop
      vertex 7.18804 0.75474 0
      vertex 11.5072 7.44996 0
      vertex 7.25004 0.507235 0
    endloop
  endfacet
  facet normal 0 0 -1
    outer loop
      vertex 6.70983 -1.64942 0
      vertex 10.4928 -7.44996 0
      vertex 10.2453 -7.51195 0
    endloop
  endfacet
  facet normal 0 0 -1
    outer loop
      vertex 11.5072 7.44996 0
      vertex 7.18804 0.75474 0
      vertex 11.2548 7.41252 0
    endloop
  endfacet
  facet normal 0 0 -1
    outer loop
      vertex 6.53848 -1.83848 0
      vertex 10.2453 -7.51195 0
      vertex 10.005 -7.59791 0
    endloop
  endfacet
  facet normal 0 0 -1
    outer loop
      vertex 7.10209 0.994976 0
      vertex 11.2548 7.41252 0
      vertex 7.18804 0.75474 0
    endloop
  endfacet
  facet normal 0 0 -1
    outer loop
      vertex 6.34942 -2.00983 0
      vertex 10.005 -7.59791 0
      vertex 9.77437 -7.707 0
    endloop
  endfacet
  facet normal 0 0 -1
    outer loop
      vertex 11.2548 7.41252 0
      vertex 7.10209 0.994976 0
      vertex 11 7.4 0
    endloop
  endfacet
  facet normal 0 0 -1
    outer loop
      vertex 6.14448 -2.16182 0
      vertex 9.77437 -7.707 0
      vertex 9.55552 -7.83818 0
    endloop
  endfacet
  facet normal 0 0 -1
    outer loop
      vertex 6.993 1.22563 0
      vertex 11 7.4 0
      vertex 7.10209 0.994976 0
    endloop
  endfacet
  facet normal 0 0 -1
    outer loop
      vertex 5.92563 -2.29299 0
      vertex 9.55552 -7.83818 0
      vertex 9.35058 -7.99017 0
    endloop
  endfacet
  facet normal -0 0 -1
    outer loop
      vertex 11 7.4 0
      vertex 6.993 1.22563 0
      vertex 10.7452 7.41252 0
    endloop
  endfacet
  facet normal 0 0 -1
    outer loop
      vertex 5.69498 -2.40209 0
      vertex 9.35058 -7.99017 0
      vertex 9.16152 -8.16152 0
    endloop
  endfacet
  facet normal 0 0 -1
    outer loop
      vertex 6.86182 1.44448 0
      vertex 10.7452 7.41252 0
      vertex 6.993 1.22563 0
    endloop
  endfacet
  facet normal 0 0 -1
    outer loop
      vertex 5.45474 -2.48804 0
      vertex 9.16152 -8.16152 0
      vertex 8.99017 -8.35058 0
    endloop
  endfacet
  facet normal -0 0 -1
    outer loop
      vertex 10.7452 7.41252 0
      vertex 6.86182 1.44448 0
      vertex 10.4928 7.44996 0
    endloop
  endfacet
  facet normal 0 0 -1
    outer loop
      vertex 5.20723 -2.55004 0
      vertex 8.99017 -8.35058 0
      vertex 8.83818 -8.55552 0
    endloop
  endfacet
  facet normal 0 0 -1
    outer loop
      vertex 6.70983 1.64942 0
      vertex 10.4928 7.44996 0
      vertex 6.86182 1.44448 0
    endloop
  endfacet
  facet normal 0 0 -1
    outer loop
      vertex 4.95484 -2.58748 0
      vertex 8.83818 -8.55552 0
      vertex 8.707 -8.77437 0
    endloop
  endfacet
  facet normal -0 0 -1
    outer loop
      vertex 10.4928 7.44996 0
      vertex 6.70983 1.64942 0
      vertex 10.2453 7.51195 0
    endloop
  endfacet
  facet normal 0 0 -1
    outer loop
      vertex 4.7 -2.6 0
      vertex 8.707 -8.77437 0
      vertex 8.59791 -9.00502 0
    endloop
  endfacet
  facet normal 0 0 -1
    outer loop
      vertex 6.53848 1.83848 0
      vertex 10.2453 7.51195 0
      vertex 6.70983 1.64942 0
    endloop
  endfacet
  facet normal 0 0 -1
    outer loop
      vertex 0 -8 0
      vertex 8.59791 -9.00502 0
      vertex 8.51195 -9.24526 0
    endloop
  endfacet
  facet normal -0 0 -1
    outer loop
      vertex 10.2453 7.51195 0
      vertex 6.53848 1.83848 0
      vertex 10.005 7.59791 0
    endloop
  endfacet
  facet normal 0 0 -1
    outer loop
      vertex 0.0337219 -8.68611 0
      vertex 8.51195 -9.24526 0
      vertex 8.44996 -9.49276 0
    endloop
  endfacet
  facet normal 0 0 -1
    outer loop
      vertex 6.34942 2.00983 0
      vertex 10.005 7.59791 0
      vertex 6.53848 1.83848 0
    endloop
  endfacet
  facet normal 0 0 -1
    outer loop
      vertex 0.532852 -10.6788 0
      vertex 8.44996 -9.49276 0
      vertex 8.41252 -9.74516 0
    endloop
  endfacet
  facet normal -0 0 -1
    outer loop
      vertex 10.005 7.59791 0
      vertex 6.34942 2.00983 0
      vertex 9.77437 7.707 0
    endloop
  endfacet
  facet normal 0 0 -1
    outer loop
      vertex 1.17972 -11.889 0
      vertex 8.41252 -9.74516 0
      vertex 8.4 -10 0
    endloop
  endfacet
  facet normal 0 0 -1
    outer loop
      vertex 6.14448 2.16182 0
      vertex 9.77437 7.707 0
      vertex 6.34942 2.00983 0
    endloop
  endfacet
  facet normal -0 0 -1
    outer loop
      vertex 38.0675 -1.58598 0
      vertex 30.8385 -8.16152 0
      vertex 37.9213 -1.38893 0
    endloop
  endfacet
  facet normal 0 0 -1
    outer loop
      vertex 37.5 0 0
      vertex 31.5875 9.74516 0
      vertex 31.6 10 0
    endloop
  endfacet
  facet normal 0 0 -1
    outer loop
      vertex 30.6494 -7.99017 0
      vertex 37.9213 -1.38893 0
      vertex 30.8385 -8.16152 0
    endloop
  endfacet
  facet normal 0 0 -1
    outer loop
      vertex 37.5 0 0
      vertex 31.55 9.49276 0
      vertex 31.5875 9.74516 0
    endloop
  endfacet
  facet normal -0 0 -1
    outer loop
      vertex 37.9213 -1.38893 0
      vertex 30.6494 -7.99017 0
      vertex 37.7952 -1.17849 0
    endloop
  endfacet
  facet normal 0 0 -1
    outer loop
      vertex 37.5 0 0
      vertex 31.488 9.24526 0
      vertex 31.55 9.49276 0
    endloop
  endfacet
  facet normal 0 0 -1
    outer loop
      vertex 30.4445 -7.83818 0
      vertex 37.7952 -1.17849 0
      vertex 30.6494 -7.99017 0
    endloop
  endfacet
  facet normal 0 0 -1
    outer loop
      vertex 37.5 0 0
      vertex 31.4021 9.00502 0
      vertex 31.488 9.24526 0
    endloop
  endfacet
  facet normal -0 0 -1
    outer loop
      vertex 37.7952 -1.17849 0
      vertex 30.4445 -7.83818 0
      vertex 37.6903 -0.956708 0
    endloop
  endfacet
  facet normal 0 0 -1
    outer loop
      vertex 37.5 0 0
      vertex 31.293 8.77437 0
      vertex 31.4021 9.00502 0
    endloop
  endfacet
  facet normal 0 0 -1
    outer loop
      vertex 30.2256 -7.707 0
      vertex 37.6903 -0.956708 0
      vertex 30.4445 -7.83818 0
    endloop
  endfacet
  facet normal 0 0 -1
    outer loop
      vertex 37.5 0 0
      vertex 31.1618 8.55552 0
      vertex 31.293 8.77437 0
    endloop
  endfacet
  facet normal -0 0 -1
    outer loop
      vertex 37.6903 -0.956708 0
      vertex 30.2256 -7.707 0
      vertex 37.6077 -0.725711 0
    endloop
  endfacet
  facet normal 0 0 -1
    outer loop
      vertex 37.5 0 0
      vertex 31.0098 8.35058 0
      vertex 31.1618 8.55552 0
    endloop
  endfacet
  facet normal 0 0 -1
    outer loop
      vertex 29.995 -7.59791 0
      vertex 37.6077 -0.725711 0
      vertex 30.2256 -7.707 0
    endloop
  endfacet
  facet normal 0 0 -1
    outer loop
      vertex 37.5 0 0
      vertex 30.8385 8.16152 0
      vertex 31.0098 8.35058 0
    endloop
  endfacet
  facet normal -0 0 -1
    outer loop
      vertex 37.6077 -0.725711 0
      vertex 29.995 -7.59791 0
      vertex 37.548 -0.487725 0
    endloop
  endfacet
  facet normal 0 0 -1
    outer loop
      vertex 37.5 0 0
      vertex 30.6494 7.99017 0
      vertex 30.8385 8.16152 0
    endloop
  endfacet
  facet normal 0 0 -1
    outer loop
      vertex 29.7547 -7.51195 0
      vertex 37.548 -0.487725 0
      vertex 29.995 -7.59791 0
    endloop
  endfacet
  facet normal 0 0 -1
    outer loop
      vertex 37.5 0 0
      vertex 30.4445 7.83818 0
      vertex 30.6494 7.99017 0
    endloop
  endfacet
  facet normal -0 0 -1
    outer loop
      vertex 37.548 -0.487725 0
      vertex 29.7547 -7.51195 0
      vertex 37.512 -0.245043 0
    endloop
  endfacet
  facet normal 0 0 -1
    outer loop
      vertex 37.5 0 0
      vertex 30.2256 7.707 0
      vertex 30.4445 7.83818 0
    endloop
  endfacet
  facet normal 0 0 -1
    outer loop
      vertex 29.5072 -7.44996 0
      vertex 37.512 -0.245043 0
      vertex 29.7547 -7.51195 0
    endloop
  endfacet
  facet normal 0 0 -1
    outer loop
      vertex 37.5 0 0
      vertex 29.995 7.59791 0
      vertex 30.2256 7.707 0
    endloop
  endfacet
  facet normal -0 0 -1
    outer loop
      vertex 37.512 -0.245043 0
      vertex 29.5072 -7.44996 0
      vertex 37.5 0 0
    endloop
  endfacet
  facet normal 0 0 -1
    outer loop
      vertex 37.5 0 0
      vertex 29.7547 7.51195 0
      vertex 29.995 7.59791 0
    endloop
  endfacet
  facet normal 0 0 -1
    outer loop
      vertex 29.2548 -7.41252 0
      vertex 37.5 0 0
      vertex 29.5072 -7.44996 0
    endloop
  endfacet
  facet normal 0 0 -1
    outer loop
      vertex 37.5 0 0
      vertex 29.5072 7.44996 0
      vertex 29.7547 7.51195 0
    endloop
  endfacet
  facet normal 0 0 -1
    outer loop
      vertex 29.2548 7.41252 0
      vertex 37.5 0 0
      vertex 29.2548 -7.41252 0
    endloop
  endfacet
  facet normal 0 0 -1
    outer loop
      vertex 37.5 0 0
      vertex 29.2548 7.41252 0
      vertex 29.5072 7.44996 0
    endloop
  endfacet
  facet normal 0 0 -1
    outer loop
      vertex 29 -7.4 0
      vertex 29.2548 7.41252 0
      vertex 29.2548 -7.41252 0
    endloop
  endfacet
  facet normal 0 0 -1
    outer loop
      vertex 29 -7.4 0
      vertex 29 7.4 0
      vertex 29.2548 7.41252 0
    endloop
  endfacet
  facet normal 0 0 -1
    outer loop
      vertex 28.7452 -7.41252 0
      vertex 29 7.4 0
      vertex 29 -7.4 0
    endloop
  endfacet
  facet normal 0 0 -1
    outer loop
      vertex 28.7452 -7.41252 0
      vertex 28.7452 7.41252 0
      vertex 29 7.4 0
    endloop
  endfacet
  facet normal 0 0 -1
    outer loop
      vertex 28.4928 -7.44996 0
      vertex 28.7452 7.41252 0
      vertex 28.7452 -7.41252 0
    endloop
  endfacet
  facet normal 0 0 -1
    outer loop
      vertex 28.4928 -7.44996 0
      vertex 28.4928 7.44996 0
      vertex 28.7452 7.41252 0
    endloop
  endfacet
  facet normal 0 0 -1
    outer loop
      vertex 28.2453 -7.51195 0
      vertex 28.4928 7.44996 0
      vertex 28.4928 -7.44996 0
    endloop
  endfacet
  facet normal 0 0 -1
    outer loop
      vertex 28.2453 -7.51195 0
      vertex 28.2453 7.51195 0
      vertex 28.4928 7.44996 0
    endloop
  endfacet
  facet normal 0 0 -1
    outer loop
      vertex 28.005 -7.59791 0
      vertex 28.2453 7.51195 0
      vertex 28.2453 -7.51195 0
    endloop
  endfacet
  facet normal 0 0 -1
    outer loop
      vertex 28.005 -7.59791 0
      vertex 28.005 7.59791 0
      vertex 28.2453 7.51195 0
    endloop
  endfacet
  facet normal 0 0 -1
    outer loop
      vertex 27.7744 -7.707 0
      vertex 28.005 7.59791 0
      vertex 28.005 -7.59791 0
    endloop
  endfacet
  facet normal 0 0 -1
    outer loop
      vertex 27.7744 -7.707 0
      vertex 27.7744 7.707 0
      vertex 28.005 7.59791 0
    endloop
  endfacet
  facet normal 0 0 -1
    outer loop
      vertex 27.5555 -7.83818 0
      vertex 27.7744 7.707 0
      vertex 27.7744 -7.707 0
    endloop
  endfacet
  facet normal 0 0 -1
    outer loop
      vertex 27.5555 -7.83818 0
      vertex 27.5555 7.83818 0
      vertex 27.7744 7.707 0
    endloop
  endfacet
  facet normal 0 0 -1
    outer loop
      vertex 27.3506 -7.99017 0
      vertex 27.5555 7.83818 0
      vertex 27.5555 -7.83818 0
    endloop
  endfacet
  facet normal 0 0 -1
    outer loop
      vertex 27.3506 -7.99017 0
      vertex 27.3506 7.99017 0
      vertex 27.5555 7.83818 0
    endloop
  endfacet
  facet normal 0 0 -1
    outer loop
      vertex 27.1615 -8.16152 0
      vertex 27.3506 7.99017 0
      vertex 27.3506 -7.99017 0
    endloop
  endfacet
  facet normal 0 0 -1
    outer loop
      vertex 27.1615 -8.16152 0
      vertex 27.1615 8.16152 0
      vertex 27.3506 7.99017 0
    endloop
  endfacet
  facet normal 0 0 -1
    outer loop
      vertex 13.4021 -9.00502 0
      vertex 26.5979 -9.00502 0
      vertex 13.488 -9.24526 0
    endloop
  endfacet
  facet normal 0 0 -1
    outer loop
      vertex 26.5979 -9.00502 0
      vertex 13.4021 -9.00502 0
      vertex 26.707 -8.77437 0
    endloop
  endfacet
  facet normal 0 0 -1
    outer loop
      vertex 26.512 -9.24526 0
      vertex 13.488 -9.24526 0
      vertex 26.5979 -9.00502 0
    endloop
  endfacet
  facet normal 0 0 -1
    outer loop
      vertex 13.293 -8.77437 0
      vertex 26.707 -8.77437 0
      vertex 13.4021 -9.00502 0
    endloop
  endfacet
  facet normal 0 0 -1
    outer loop
      vertex 13.488 -9.24526 0
      vertex 26.512 -9.24526 0
      vertex 13.55 -9.49276 0
    endloop
  endfacet
  facet normal 0 0 -1
    outer loop
      vertex 27.1615 8.16152 0
      vertex 13.6 10 0
      vertex 26.9902 8.35058 0
    endloop
  endfacet
  facet normal 0 0 -1
    outer loop
      vertex 26.45 -9.49276 0
      vertex 13.55 -9.49276 0
      vertex 26.512 -9.24526 0
    endloop
  endfacet
  facet normal 0 0 -1
    outer loop
      vertex 26.9902 8.35058 0
      vertex 13.6 10 0
      vertex 26.8382 8.55552 0
    endloop
  endfacet
  facet normal 0 0 -1
    outer loop
      vertex 13.55 -9.49276 0
      vertex 26.45 -9.49276 0
      vertex 13.5875 -9.74516 0
    endloop
  endfacet
  facet normal 0 0 -1
    outer loop
      vertex 26.8382 8.55552 0
      vertex 13.6 10 0
      vertex 26.707 8.77437 0
    endloop
  endfacet
  facet normal 0 0 -1
    outer loop
      vertex 26.4125 -9.74516 0
      vertex 13.5875 -9.74516 0
      vertex 26.45 -9.49276 0
    endloop
  endfacet
  facet normal 0 0 -1
    outer loop
      vertex 26.707 8.77437 0
      vertex 13.6 10 0
      vertex 26.5979 9.00502 0
    endloop
  endfacet
  facet normal 0 0 -1
    outer loop
      vertex 13.5875 -9.74516 0
      vertex 26.4125 -9.74516 0
      vertex 13.6 -10 0
    endloop
  endfacet
  facet normal 0 0 -1
    outer loop
      vertex 26.5979 9.00502 0
      vertex 13.6 10 0
      vertex 26.512 9.24526 0
    endloop
  endfacet
  facet normal 0 0 -1
    outer loop
      vertex 13.6 -10 0
      vertex 26.4125 -9.74516 0
      vertex 26.4 -10 0
    endloop
  endfacet
  facet normal 0 0 -1
    outer loop
      vertex 26.512 9.24526 0
      vertex 13.6 10 0
      vertex 26.45 9.49276 0
    endloop
  endfacet
  facet normal 0 0 -1
    outer loop
      vertex 40.245 -2.48796 0
      vertex 46 -8 0
      vertex 45.9663 -8.68611 0
    endloop
  endfacet
  facet normal 0 0 -1
    outer loop
      vertex 46 -8 0
      vertex 42.5 0 0
      vertex 46 8 0
    endloop
  endfacet
  facet normal 0 0 -1
    outer loop
      vertex 40 -2.5 0
      vertex 45.9663 -8.68611 0
      vertex 45.8655 -9.36563 0
    endloop
  endfacet
  facet normal 0 0 -1
    outer loop
      vertex 42.488 0.245043 0
      vertex 46 8 0
      vertex 42.5 0 0
    endloop
  endfacet
  facet normal 0 0 -1
    outer loop
      vertex 40 -2.5 0
      vertex 45.8655 -9.36563 0
      vertex 45.6986 -10.032 0
    endloop
  endfacet
  facet normal 0 0 -1
    outer loop
      vertex 42.452 0.487725 0
      vertex 46 8 0
      vertex 42.488 0.245043 0
    endloop
  endfacet
  facet normal 0 0 -1
    outer loop
      vertex 40 -2.5 0
      vertex 45.6986 -10.032 0
      vertex 45.4671 -10.6788 0
    endloop
  endfacet
  facet normal 0 0 -1
    outer loop
      vertex 42.3923 0.725711 0
      vertex 46 8 0
      vertex 42.452 0.487725 0
    endloop
  endfacet
  facet normal 0 0 -1
    outer loop
      vertex 40 -2.5 0
      vertex 45.4671 -10.6788 0
      vertex 45.1734 -11.2998 0
    endloop
  endfacet
  facet normal 0 0 -1
    outer loop
      vertex 42.3097 0.956708 0
      vertex 46 8 0
      vertex 42.3923 0.725711 0
    endloop
  endfacet
  facet normal 0 0 -1
    outer loop
      vertex 40 -2.5 0
      vertex 45.1734 -11.2998 0
      vertex 44.8203 -11.889 0
    endloop
  endfacet
  facet normal 0 0 -1
    outer loop
      vertex 42.2048 1.17849 0
      vertex 46 8 0
      vertex 42.3097 0.956708 0
    endloop
  endfacet
  facet normal 0 0 -1
    outer loop
      vertex 40 -2.5 0
      vertex 44.8203 -11.889 0
      vertex 44.4111 -12.4408 0
    endloop
  endfacet
  facet normal 0 0 -1
    outer loop
      vertex 42.0787 1.38893 0
      vertex 46 8 0
      vertex 42.2048 1.17849 0
    endloop
  endfacet
  facet normal 0 0 -1
    outer loop
      vertex 40 -2.5 0
      vertex 44.4111 -12.4408 0
      vertex 43.9497 -12.9497 0
    endloop
  endfacet
  facet normal 0 0 -1
    outer loop
      vertex 41.9325 1.58598 0
      vertex 46 8 0
      vertex 42.0787 1.38893 0
    endloop
  endfacet
  facet normal 0 0 -1
    outer loop
      vertex 40 -2.5 0
      vertex 43.9497 -12.9497 0
      vertex 43.4408 -13.4111 0
    endloop
  endfacet
  facet normal 0 0 -1
    outer loop
      vertex 41.7678 1.76777 0
      vertex 46 8 0
      vertex 41.9325 1.58598 0
    endloop
  endfacet
  facet normal 0 0 -1
    outer loop
      vertex 39.755 -2.48796 0
      vertex 43.4408 -13.4111 0
      vertex 42.889 -13.8203 0
    endloop
  endfacet
  facet normal 0 0 -1
    outer loop
      vertex 41.586 1.93253 0
      vertex 46 8 0
      vertex 41.7678 1.76777 0
    endloop
  endfacet
  facet normal 0 0 -1
    outer loop
      vertex 41.3889 2.07867 0
      vertex 46 8 0
      vertex 41.586 1.93253 0
    endloop
  endfacet
  facet normal 0 0 -1
    outer loop
      vertex 46 -8 0
      vertex 42.488 -0.245043 0
      vertex 42.5 0 0
    endloop
  endfacet
  facet normal 0 0 -1
    outer loop
      vertex 46 -8 0
      vertex 42.452 -0.487725 0
      vertex 42.488 -0.245043 0
    endloop
  endfacet
  facet normal 0 0 -1
    outer loop
      vertex 46 -8 0
      vertex 42.3923 -0.725711 0
      vertex 42.452 -0.487725 0
    endloop
  endfacet
  facet normal 0 0 -1
    outer loop
      vertex 46 -8 0
      vertex 42.3097 -0.956708 0
      vertex 42.3923 -0.725711 0
    endloop
  endfacet
  facet normal 0 0 -1
    outer loop
      vertex 39.755 -2.48796 0
      vertex 42.889 -13.8203 0
      vertex 42.2998 -14.1734 0
    endloop
  endfacet
  facet normal 0 0 -1
    outer loop
      vertex 46 -8 0
      vertex 42.2048 -1.17849 0
      vertex 42.3097 -0.956708 0
    endloop
  endfacet
  facet normal 0 0 -1
    outer loop
      vertex 46 -8 0
      vertex 42.0787 -1.38893 0
      vertex 42.2048 -1.17849 0
    endloop
  endfacet
  facet normal 0 0 -1
    outer loop
      vertex 46 -8 0
      vertex 41.9325 -1.58598 0
      vertex 42.0787 -1.38893 0
    endloop
  endfacet
  facet normal 0 0 -1
    outer loop
      vertex 46 -8 0
      vertex 41.7678 -1.76777 0
      vertex 41.9325 -1.58598 0
    endloop
  endfacet
  facet normal 0 0 -1
    outer loop
      vertex 39.755 -2.48796 0
      vertex 42.2998 -14.1734 0
      vertex 41.6788 -14.4671 0
    endloop
  endfacet
  facet normal 0 0 -1
    outer loop
      vertex 46 -8 0
      vertex 41.586 -1.93253 0
      vertex 41.7678 -1.76777 0
    endloop
  endfacet
  facet normal 0 0 -1
    outer loop
      vertex 46 -8 0
      vertex 41.3889 -2.07867 0
      vertex 41.586 -1.93253 0
    endloop
  endfacet
  facet normal 0 0 -1
    outer loop
      vertex 46 -8 0
      vertex 41.1785 -2.2048 0
      vertex 41.3889 -2.07867 0
    endloop
  endfacet
  facet normal 0 0 -1
    outer loop
      vertex 39.755 -2.48796 0
      vertex 41.6788 -14.4671 0
      vertex 41.032 -14.6986 0
    endloop
  endfacet
  facet normal 0 0 -1
    outer loop
      vertex 46 -8 0
      vertex 40.9567 -2.3097 0
      vertex 41.1785 -2.2048 0
    endloop
  endfacet
  facet normal 0 0 -1
    outer loop
      vertex 46 -8 0
      vertex 40.7257 -2.39235 0
      vertex 40.9567 -2.3097 0
    endloop
  endfacet
  facet normal 0 0 -1
    outer loop
      vertex 46 -8 0
      vertex 40.4877 -2.45196 0
      vertex 40.7257 -2.39235 0
    endloop
  endfacet
  facet normal 0 0 -1
    outer loop
      vertex 39.755 -2.48796 0
      vertex 41.032 -14.6986 0
      vertex 40.3656 -14.8655 0
    endloop
  endfacet
  facet normal 0 0 -1
    outer loop
      vertex 46 -8 0
      vertex 40.245 -2.48796 0
      vertex 40.4877 -2.45196 0
    endloop
  endfacet
  facet normal 0 0 -1
    outer loop
      vertex 45.9663 -8.68611 0
      vertex 40 -2.5 0
      vertex 40.245 -2.48796 0
    endloop
  endfacet
  facet normal 0 0 -1
    outer loop
      vertex 43.4408 -13.4111 0
      vertex 39.755 -2.48796 0
      vertex 40 -2.5 0
    endloop
  endfacet
  facet normal 0 0 -1
    outer loop
      vertex 39.6861 -14.9663 0
      vertex 39.755 -2.48796 0
      vertex 40.3656 -14.8655 0
    endloop
  endfacet
  facet normal 0 0 -1
    outer loop
      vertex 39 -15 0
      vertex 39.755 -2.48796 0
      vertex 39.6861 -14.9663 0
    endloop
  endfacet
  facet normal -0 0 -1
    outer loop
      vertex 39.755 -2.48796 0
      vertex 39 -15 0
      vertex 39.5123 -2.45196 0
    endloop
  endfacet
  facet normal 0 0 -1
    outer loop
      vertex 31.5875 -9.74516 0
      vertex 39.5123 -2.45196 0
      vertex 39 -15 0
    endloop
  endfacet
  facet normal 0 0 -1
    outer loop
      vertex 31.5875 -9.74516 0
      vertex 39 -15 0
      vertex 31.6 -10 0
    endloop
  endfacet
  facet normal 0 0 -1
    outer loop
      vertex 31.55 -9.49276 0
      vertex 39.5123 -2.45196 0
      vertex 31.5875 -9.74516 0
    endloop
  endfacet
  facet normal -0 0 -1
    outer loop
      vertex 39.5123 -2.45196 0
      vertex 31.55 -9.49276 0
      vertex 39.2743 -2.39235 0
    endloop
  endfacet
  facet normal 0 0 -1
    outer loop
      vertex 31.488 -9.24526 0
      vertex 39.2743 -2.39235 0
      vertex 31.55 -9.49276 0
    endloop
  endfacet
  facet normal -0 0 -1
    outer loop
      vertex 39.2743 -2.39235 0
      vertex 31.488 -9.24526 0
      vertex 39.0433 -2.3097 0
    endloop
  endfacet
  facet normal 0 0 -1
    outer loop
      vertex 31.4021 -9.00502 0
      vertex 39.0433 -2.3097 0
      vertex 31.488 -9.24526 0
    endloop
  endfacet
  facet normal -0 0 -1
    outer loop
      vertex 39.0433 -2.3097 0
      vertex 31.4021 -9.00502 0
      vertex 38.8215 -2.2048 0
    endloop
  endfacet
  facet normal 0 0 -1
    outer loop
      vertex 31.293 -8.77437 0
      vertex 38.8215 -2.2048 0
      vertex 31.4021 -9.00502 0
    endloop
  endfacet
  facet normal -0 0 -1
    outer loop
      vertex 38.8215 -2.2048 0
      vertex 31.293 -8.77437 0
      vertex 38.6111 -2.07867 0
    endloop
  endfacet
  facet normal -0 0 -1
    outer loop
      vertex 38.6111 -2.07867 0
      vertex 31.293 -8.77437 0
      vertex 38.414 -1.93253 0
    endloop
  endfacet
  facet normal 0 0 -1
    outer loop
      vertex 31.1618 -8.55552 0
      vertex 38.414 -1.93253 0
      vertex 31.293 -8.77437 0
    endloop
  endfacet
  facet normal -0 0 -1
    outer loop
      vertex 38.414 -1.93253 0
      vertex 31.1618 -8.55552 0
      vertex 38.2322 -1.76777 0
    endloop
  endfacet
  facet normal -0 0 -1
    outer loop
      vertex 38.2322 -1.76777 0
      vertex 31.0098 -8.35058 0
      vertex 38.0675 -1.58598 0
    endloop
  endfacet
  facet normal 0 0 -1
    outer loop
      vertex 31.0098 -8.35058 0
      vertex 38.2322 -1.76777 0
      vertex 31.1618 -8.55552 0
    endloop
  endfacet
  facet normal 0 0 -1
    outer loop
      vertex 39 -15 0
      vertex 31.5875 -10.2548 0
      vertex 31.6 -10 0
    endloop
  endfacet
  facet normal 0 0 -1
    outer loop
      vertex 39 -15 0
      vertex 31.55 -10.5072 0
      vertex 31.5875 -10.2548 0
    endloop
  endfacet
  facet normal 0 0 -1
    outer loop
      vertex 39 -15 0
      vertex 31.488 -10.7547 0
      vertex 31.55 -10.5072 0
    endloop
  endfacet
  facet normal 0 0 -1
    outer loop
      vertex 39 -15 0
      vertex 31.4021 -10.995 0
      vertex 31.488 -10.7547 0
    endloop
  endfacet
  facet normal 0 0 -1
    outer loop
      vertex 39 -15 0
      vertex 31.293 -11.2256 0
      vertex 31.4021 -10.995 0
    endloop
  endfacet
  facet normal 0 0 -1
    outer loop
      vertex 39 -15 0
      vertex 31.1618 -11.4445 0
      vertex 31.293 -11.2256 0
    endloop
  endfacet
  facet normal 0 0 -1
    outer loop
      vertex 39 -15 0
      vertex 31.0098 -11.6494 0
      vertex 31.1618 -11.4445 0
    endloop
  endfacet
  facet normal 0 0 -1
    outer loop
      vertex 39 -15 0
      vertex 30.8385 -11.8385 0
      vertex 31.0098 -11.6494 0
    endloop
  endfacet
  facet normal 0 0 -1
    outer loop
      vertex 39 -15 0
      vertex 30.6494 -12.0098 0
      vertex 30.8385 -11.8385 0
    endloop
  endfacet
  facet normal 0 0 -1
    outer loop
      vertex 39 -15 0
      vertex 30.4445 -12.1618 0
      vertex 30.6494 -12.0098 0
    endloop
  endfacet
  facet normal 0 0 -1
    outer loop
      vertex 39 -15 0
      vertex 30.2256 -12.293 0
      vertex 30.4445 -12.1618 0
    endloop
  endfacet
  facet normal 0 0 -1
    outer loop
      vertex 39 -15 0
      vertex 29.995 -12.4021 0
      vertex 30.2256 -12.293 0
    endloop
  endfacet
  facet normal 0 0 -1
    outer loop
      vertex 39 -15 0
      vertex 29.7547 -12.488 0
      vertex 29.995 -12.4021 0
    endloop
  endfacet
  facet normal 0 0 -1
    outer loop
      vertex 39 -15 0
      vertex 29.5072 -12.55 0
      vertex 29.7547 -12.488 0
    endloop
  endfacet
  facet normal 0 0 -1
    outer loop
      vertex 39 -15 0
      vertex 29.2548 -12.5875 0
      vertex 29.5072 -12.55 0
    endloop
  endfacet
  facet normal 0 0 -1
    outer loop
      vertex 39 -15 0
      vertex 29 -12.6 0
      vertex 29.2548 -12.5875 0
    endloop
  endfacet
  facet normal 0 0 -1
    outer loop
      vertex 39 -15 0
      vertex 28.7452 -12.5875 0
      vertex 29 -12.6 0
    endloop
  endfacet
  facet normal 0 0 -1
    outer loop
      vertex 7 -15 0
      vertex 28.7452 -12.5875 0
      vertex 39 -15 0
    endloop
  endfacet
  facet normal 0 0 -1
    outer loop
      vertex 26.45 9.49276 0
      vertex 13.6 10 0
      vertex 26.4125 9.74516 0
    endloop
  endfacet
  facet normal 0 0 -1
    outer loop
      vertex 26.4125 -10.2548 0
      vertex 13.6 -10 0
      vertex 26.4 -10 0
    endloop
  endfacet
  facet normal 0 0 -1
    outer loop
      vertex 13.5875 -10.2548 0
      vertex 26.4125 -10.2548 0
      vertex 26.45 -10.5072 0
    endloop
  endfacet
  facet normal 0 0 -1
    outer loop
      vertex 13.55 -10.5072 0
      vertex 26.45 -10.5072 0
      vertex 26.512 -10.7547 0
    endloop
  endfacet
  facet normal 0 0 -1
    outer loop
      vertex 13.488 -10.7547 0
      vertex 26.512 -10.7547 0
      vertex 26.5979 -10.995 0
    endloop
  endfacet
  facet normal 0 0 -1
    outer loop
      vertex 13.4021 -10.995 0
      vertex 26.5979 -10.995 0
      vertex 26.707 -11.2256 0
    endloop
  endfacet
  facet normal 0 0 -1
    outer loop
      vertex 13.293 -11.2256 0
      vertex 26.707 -11.2256 0
      vertex 26.8382 -11.4445 0
    endloop
  endfacet
  facet normal 0 0 -1
    outer loop
      vertex 13.1618 -11.4445 0
      vertex 26.8382 -11.4445 0
      vertex 26.9902 -11.6494 0
    endloop
  endfacet
  facet normal 0 0 -1
    outer loop
      vertex 13.0098 -11.6494 0
      vertex 26.9902 -11.6494 0
      vertex 27.1615 -11.8385 0
    endloop
  endfacet
  facet normal 0 0 -1
    outer loop
      vertex 12.8385 -11.8385 0
      vertex 27.1615 -11.8385 0
      vertex 27.3506 -12.0098 0
    endloop
  endfacet
  facet normal 0 0 -1
    outer loop
      vertex 12.6494 -12.0098 0
      vertex 27.3506 -12.0098 0
      vertex 27.5555 -12.1618 0
    endloop
  endfacet
  facet normal 0 0 -1
    outer loop
      vertex 12.4445 -12.1618 0
      vertex 27.5555 -12.1618 0
      vertex 27.7744 -12.293 0
    endloop
  endfacet
  facet normal 0 0 -1
    outer loop
      vertex 12.2256 -12.293 0
      vertex 27.7744 -12.293 0
      vertex 28.005 -12.4021 0
    endloop
  endfacet
  facet normal 0 0 -1
    outer loop
      vertex 7 -15 0
      vertex 28.005 -12.4021 0
      vertex 28.2453 -12.488 0
    endloop
  endfacet
  facet normal 0 0 -1
    outer loop
      vertex 7 -15 0
      vertex 28.2453 -12.488 0
      vertex 28.4928 -12.55 0
    endloop
  endfacet
  facet normal -0 0 -1
    outer loop
      vertex 28.7452 -12.5875 0
      vertex 7 -15 0
      vertex 28.4928 -12.55 0
    endloop
  endfacet
  facet normal 0 0 -1
    outer loop
      vertex 26.4125 -10.2548 0
      vertex 13.5875 -10.2548 0
      vertex 13.6 -10 0
    endloop
  endfacet
  facet normal 0 0 -1
    outer loop
      vertex 26.45 -10.5072 0
      vertex 13.55 -10.5072 0
      vertex 13.5875 -10.2548 0
    endloop
  endfacet
  facet normal 0 0 -1
    outer loop
      vertex 26.512 -10.7547 0
      vertex 13.488 -10.7547 0
      vertex 13.55 -10.5072 0
    endloop
  endfacet
  facet normal 0 0 -1
    outer loop
      vertex 26.5979 -10.995 0
      vertex 13.4021 -10.995 0
      vertex 13.488 -10.7547 0
    endloop
  endfacet
  facet normal 0 0 -1
    outer loop
      vertex 26.707 -11.2256 0
      vertex 13.293 -11.2256 0
      vertex 13.4021 -10.995 0
    endloop
  endfacet
  facet normal 0 0 -1
    outer loop
      vertex 26.8382 -11.4445 0
      vertex 13.1618 -11.4445 0
      vertex 13.293 -11.2256 0
    endloop
  endfacet
  facet normal 0 0 -1
    outer loop
      vertex 26.9902 -11.6494 0
      vertex 13.0098 -11.6494 0
      vertex 13.1618 -11.4445 0
    endloop
  endfacet
  facet normal 0 0 -1
    outer loop
      vertex 27.1615 -11.8385 0
      vertex 12.8385 -11.8385 0
      vertex 13.0098 -11.6494 0
    endloop
  endfacet
  facet normal 0 0 -1
    outer loop
      vertex 27.3506 -12.0098 0
      vertex 12.6494 -12.0098 0
      vertex 12.8385 -11.8385 0
    endloop
  endfacet
  facet normal 0 0 -1
    outer loop
      vertex 27.5555 -12.1618 0
      vertex 12.4445 -12.1618 0
      vertex 12.6494 -12.0098 0
    endloop
  endfacet
  facet normal 0 0 -1
    outer loop
      vertex 27.7744 -12.293 0
      vertex 12.2256 -12.293 0
      vertex 12.4445 -12.1618 0
    endloop
  endfacet
  facet normal 0 0 -1
    outer loop
      vertex 28.005 -12.4021 0
      vertex 11.995 -12.4021 0
      vertex 12.2256 -12.293 0
    endloop
  endfacet
  facet normal -0 0 -1
    outer loop
      vertex 28.005 -12.4021 0
      vertex 7 -15 0
      vertex 11.995 -12.4021 0
    endloop
  endfacet
  facet normal 0 0 -1
    outer loop
      vertex 11.995 -12.4021 0
      vertex 7 -15 0
      vertex 11.7547 -12.488 0
    endloop
  endfacet
  facet normal 0 0 -1
    outer loop
      vertex 11.7547 -12.488 0
      vertex 7 -15 0
      vertex 11.5072 -12.55 0
    endloop
  endfacet
  facet normal 0 0 -1
    outer loop
      vertex 11.5072 -12.55 0
      vertex 7 -15 0
      vertex 11.2548 -12.5875 0
    endloop
  endfacet
  facet normal 0 0 -1
    outer loop
      vertex 11.2548 -12.5875 0
      vertex 7 -15 0
      vertex 11 -12.6 0
    endloop
  endfacet
  facet normal -0 0 -1
    outer loop
      vertex 9.77437 7.707 0
      vertex 6.14448 2.16182 0
      vertex 9.55552 7.83818 0
    endloop
  endfacet
  facet normal 0 0 -1
    outer loop
      vertex 2.05026 -12.9497 0
      vertex 8.4 -10 0
      vertex 8.41252 -10.2548 0
    endloop
  endfacet
  facet normal 0 0 -1
    outer loop
      vertex 11.995 -7.59791 0
      vertex 7.28748 -0.254844 0
      vertex 7.3 0 0
    endloop
  endfacet
  facet normal 0 0 -1
    outer loop
      vertex 11.7547 -7.51195 0
      vertex 7.25004 -0.507235 0
      vertex 7.28748 -0.254844 0
    endloop
  endfacet
  facet normal 0 0 -1
    outer loop
      vertex 11.5072 -7.44996 0
      vertex 7.18804 -0.75474 0
      vertex 7.25004 -0.507235 0
    endloop
  endfacet
  facet normal 0 0 -1
    outer loop
      vertex 11.2548 -7.41252 0
      vertex 7.10209 -0.994976 0
      vertex 7.18804 -0.75474 0
    endloop
  endfacet
  facet normal -0 0 -1
    outer loop
      vertex 11 -12.6 0
      vertex 7 -15 0
      vertex 10.7452 -12.5875 0
    endloop
  endfacet
  facet normal 0 0 -1
    outer loop
      vertex 7 -15 0
      vertex 10.4928 -12.55 0
      vertex 10.7452 -12.5875 0
    endloop
  endfacet
  facet normal 0 0 -1
    outer loop
      vertex 7 -15 0
      vertex 10.2453 -12.488 0
      vertex 10.4928 -12.55 0
    endloop
  endfacet
  facet normal 0 0 -1
    outer loop
      vertex 7 -15 0
      vertex 10.005 -12.4021 0
      vertex 10.2453 -12.488 0
    endloop
  endfacet
  facet normal 0 0 -1
    outer loop
      vertex 7 -15 0
      vertex 9.77437 -12.293 0
      vertex 10.005 -12.4021 0
    endloop
  endfacet
  facet normal 0 0 -1
    outer loop
      vertex 7 -15 0
      vertex 9.55552 -12.1618 0
      vertex 9.77437 -12.293 0
    endloop
  endfacet
  facet normal 0 0 -1
    outer loop
      vertex 7 -15 0
      vertex 9.35058 -12.0098 0
      vertex 9.55552 -12.1618 0
    endloop
  endfacet
  facet normal 0 0 -1
    outer loop
      vertex 7 -15 0
      vertex 9.16152 -11.8385 0
      vertex 9.35058 -12.0098 0
    endloop
  endfacet
  facet normal 0 0 -1
    outer loop
      vertex 7 -15 0
      vertex 8.99017 -11.6494 0
      vertex 9.16152 -11.8385 0
    endloop
  endfacet
  facet normal 0 0 -1
    outer loop
      vertex 7 -15 0
      vertex 8.83818 -11.4445 0
      vertex 8.99017 -11.6494 0
    endloop
  endfacet
  facet normal 0 0 -1
    outer loop
      vertex 6.31389 -14.9663 0
      vertex 8.83818 -11.4445 0
      vertex 7 -15 0
    endloop
  endfacet
  facet normal -0 0 -1
    outer loop
      vertex 8.83818 -11.4445 0
      vertex 6.31389 -14.9663 0
      vertex 8.707 -11.2256 0
    endloop
  endfacet
  facet normal 0 0 -1
    outer loop
      vertex 5.63437 -14.8655 0
      vertex 8.707 -11.2256 0
      vertex 6.31389 -14.9663 0
    endloop
  endfacet
  facet normal -0 0 -1
    outer loop
      vertex 8.707 -11.2256 0
      vertex 5.63437 -14.8655 0
      vertex 8.59791 -10.995 0
    endloop
  endfacet
  facet normal 0 0 -1
    outer loop
      vertex 4.96802 -14.6986 0
      vertex 8.59791 -10.995 0
      vertex 5.63437 -14.8655 0
    endloop
  endfacet
  facet normal -0 0 -1
    outer loop
      vertex 8.59791 -10.995 0
      vertex 4.96802 -14.6986 0
      vertex 8.51195 -10.7547 0
    endloop
  endfacet
  facet normal 0 0 -1
    outer loop
      vertex 11 -7.4 0
      vertex 6.993 -1.22563 0
      vertex 7.10209 -0.994976 0
    endloop
  endfacet
  facet normal 0 0 -1
    outer loop
      vertex 10.7452 -7.41252 0
      vertex 6.86182 -1.44448 0
      vertex 6.993 -1.22563 0
    endloop
  endfacet
  facet normal 0 0 -1
    outer loop
      vertex 10.4928 -7.44996 0
      vertex 6.70983 -1.64942 0
      vertex 6.86182 -1.44448 0
    endloop
  endfacet
  facet normal 0 0 -1
    outer loop
      vertex 10.2453 -7.51195 0
      vertex 6.53848 -1.83848 0
      vertex 6.70983 -1.64942 0
    endloop
  endfacet
  facet normal 0 0 -1
    outer loop
      vertex 10.005 -7.59791 0
      vertex 6.34942 -2.00983 0
      vertex 6.53848 -1.83848 0
    endloop
  endfacet
  facet normal 0 0 -1
    outer loop
      vertex 4.32123 -14.4671 0
      vertex 8.51195 -10.7547 0
      vertex 4.96802 -14.6986 0
    endloop
  endfacet
  facet normal 0 0 -1
    outer loop
      vertex 9.77437 -7.707 0
      vertex 6.14448 -2.16182 0
      vertex 6.34942 -2.00983 0
    endloop
  endfacet
  facet normal 0 0 -1
    outer loop
      vertex 9.55552 -7.83818 0
      vertex 5.92563 -2.29299 0
      vertex 6.14448 -2.16182 0
    endloop
  endfacet
  facet normal 0 0 -1
    outer loop
      vertex 9.35058 -7.99017 0
      vertex 5.69498 -2.40209 0
      vertex 5.92563 -2.29299 0
    endloop
  endfacet
  facet normal -0 0 -1
    outer loop
      vertex 8.51195 -10.7547 0
      vertex 4.32123 -14.4671 0
      vertex 8.44996 -10.5072 0
    endloop
  endfacet
  facet normal 0 0 -1
    outer loop
      vertex 9.16152 -8.16152 0
      vertex 5.45474 -2.48804 0
      vertex 5.69498 -2.40209 0
    endloop
  endfacet
  facet normal 0 0 -1
    outer loop
      vertex 8.99017 -8.35058 0
      vertex 5.20723 -2.55004 0
      vertex 5.45474 -2.48804 0
    endloop
  endfacet
  facet normal 0 0 -1
    outer loop
      vertex 3.70023 -14.1734 0
      vertex 8.44996 -10.5072 0
      vertex 4.32123 -14.4671 0
    endloop
  endfacet
  facet normal 0 0 -1
    outer loop
      vertex 3.11102 -13.8203 0
      vertex 8.44996 -10.5072 0
      vertex 3.70023 -14.1734 0
    endloop
  endfacet
  facet normal -0 0 -1
    outer loop
      vertex 8.44996 -10.5072 0
      vertex 3.11102 -13.8203 0
      vertex 8.41252 -10.2548 0
    endloop
  endfacet
  facet normal 0 0 -1
    outer loop
      vertex 2.55925 -13.4111 0
      vertex 8.41252 -10.2548 0
      vertex 3.11102 -13.8203 0
    endloop
  endfacet
  facet normal 0 0 -1
    outer loop
      vertex 2.05026 -12.9497 0
      vertex 8.41252 -10.2548 0
      vertex 2.55925 -13.4111 0
    endloop
  endfacet
  facet normal 0 0 -1
    outer loop
      vertex 8.4 -10 0
      vertex 2.05026 -12.9497 0
      vertex 1.58893 -12.4408 0
    endloop
  endfacet
  facet normal 0 0 -1
    outer loop
      vertex 8.4 -10 0
      vertex 1.58893 -12.4408 0
      vertex 1.17972 -11.889 0
    endloop
  endfacet
  facet normal 0 0 -1
    outer loop
      vertex 8.41252 -9.74516 0
      vertex 1.17972 -11.889 0
      vertex 0.826553 -11.2998 0
    endloop
  endfacet
  facet normal 0 0 -1
    outer loop
      vertex 8.41252 -9.74516 0
      vertex 0.826553 -11.2998 0
      vertex 0.532852 -10.6788 0
    endloop
  endfacet
  facet normal 0 0 -1
    outer loop
      vertex 8.44996 -9.49276 0
      vertex 0.532852 -10.6788 0
      vertex 0.301422 -10.032 0
    endloop
  endfacet
  facet normal 0 0 -1
    outer loop
      vertex 8.83818 -8.55552 0
      vertex 4.95484 -2.58748 0
      vertex 5.20723 -2.55004 0
    endloop
  endfacet
  facet normal -0 0 -1
    outer loop
      vertex 8.44996 -9.49276 0
      vertex 0.301422 -10.032 0
      vertex 0.134506 -9.36563 0
    endloop
  endfacet
  facet normal -0 0 -1
    outer loop
      vertex 3.47437 -2.29299 0
      vertex 0 -8 0
      vertex 3.25552 -2.16182 0
    endloop
  endfacet
  facet normal -0 0 -1
    outer loop
      vertex 3.25552 -2.16182 0
      vertex 0 -8 0
      vertex 3.05058 -2.00983 0
    endloop
  endfacet
  facet normal -0 0 -1
    outer loop
      vertex 3.05058 -2.00983 0
      vertex 0 -8 0
      vertex 2.86152 -1.83848 0
    endloop
  endfacet
  facet normal 0 0 -1
    outer loop
      vertex 8.44996 -9.49276 0
      vertex 0.134506 -9.36563 0
      vertex 0.0337219 -8.68611 0
    endloop
  endfacet
  facet normal -0 0 -1
    outer loop
      vertex 2.86152 -1.83848 0
      vertex 0 -8 0
      vertex 2.69017 -1.64942 0
    endloop
  endfacet
  facet normal -0 0 -1
    outer loop
      vertex 2.69017 -1.64942 0
      vertex 0 -8 0
      vertex 2.53818 -1.44448 0
    endloop
  endfacet
  facet normal -0 0 -1
    outer loop
      vertex 2.53818 -1.44448 0
      vertex 0 -8 0
      vertex 2.407 -1.22563 0
    endloop
  endfacet
  facet normal -0 0 -1
    outer loop
      vertex 2.407 -1.22563 0
      vertex 0 -8 0
      vertex 2.29791 -0.994976 0
    endloop
  endfacet
  facet normal -0 0 -1
    outer loop
      vertex 2.29791 -0.994976 0
      vertex 0 -8 0
      vertex 2.21196 -0.75474 0
    endloop
  endfacet
  facet normal -0 0 -1
    outer loop
      vertex 2.21196 -0.75474 0
      vertex 0 -8 0
      vertex 2.14996 -0.507235 0
    endloop
  endfacet
  facet normal -0 0 -1
    outer loop
      vertex 2.14996 -0.507235 0
      vertex 0 -8 0
      vertex 2.11252 -0.254844 0
    endloop
  endfacet
  facet normal 0 0 -1
    outer loop
      vertex 8.51195 -9.24526 0
      vertex 0.0337219 -8.68611 0
      vertex 0 -8 0
    endloop
  endfacet
  facet normal 0 0 -1
    outer loop
      vertex 41.1785 2.2048 0
      vertex 46 8 0
      vertex 41.3889 2.07867 0
    endloop
  endfacet
  facet normal 0 0 -1
    outer loop
      vertex 40.9567 2.3097 0
      vertex 46 8 0
      vertex 41.1785 2.2048 0
    endloop
  endfacet
  facet normal 0 0 -1
    outer loop
      vertex 40.7257 2.39235 0
      vertex 46 8 0
      vertex 40.9567 2.3097 0
    endloop
  endfacet
  facet normal 0 0 -1
    outer loop
      vertex 40.4877 2.45196 0
      vertex 46 8 0
      vertex 40.7257 2.39235 0
    endloop
  endfacet
  facet normal 0 0 -1
    outer loop
      vertex 40.245 2.48796 0
      vertex 46 8 0
      vertex 40.4877 2.45196 0
    endloop
  endfacet
  facet normal -0 0 -1
    outer loop
      vertex 46 8 0
      vertex 40.245 2.48796 0
      vertex 45.9663 8.68611 0
    endloop
  endfacet
  facet normal 0 0 -1
    outer loop
      vertex 40 2.5 0
      vertex 45.9663 8.68611 0
      vertex 40.245 2.48796 0
    endloop
  endfacet
  facet normal -0 0 -1
    outer loop
      vertex 45.9663 8.68611 0
      vertex 40 2.5 0
      vertex 45.8655 9.36563 0
    endloop
  endfacet
  facet normal -0 0 -1
    outer loop
      vertex 45.8655 9.36563 0
      vertex 40 2.5 0
      vertex 45.6986 10.032 0
    endloop
  endfacet
  facet normal -0 0 -1
    outer loop
      vertex 45.6986 10.032 0
      vertex 40 2.5 0
      vertex 45.4671 10.6788 0
    endloop
  endfacet
  facet normal -0 0 -1
    outer loop
      vertex 45.4671 10.6788 0
      vertex 40 2.5 0
      vertex 45.1734 11.2998 0
    endloop
  endfacet
  facet normal -0 0 -1
    outer loop
      vertex 45.1734 11.2998 0
      vertex 40 2.5 0
      vertex 44.8203 11.889 0
    endloop
  endfacet
  facet normal -0 0 -1
    outer loop
      vertex 44.8203 11.889 0
      vertex 40 2.5 0
      vertex 44.4111 12.4408 0
    endloop
  endfacet
  facet normal -0 0 -1
    outer loop
      vertex 44.4111 12.4408 0
      vertex 40 2.5 0
      vertex 43.9497 12.9497 0
    endloop
  endfacet
  facet normal -0 0 -1
    outer loop
      vertex 43.9497 12.9497 0
      vertex 40 2.5 0
      vertex 43.4408 13.4111 0
    endloop
  endfacet
  facet normal 0 0 -1
    outer loop
      vertex 39.755 2.48796 0
      vertex 43.4408 13.4111 0
      vertex 40 2.5 0
    endloop
  endfacet
  facet normal -0 0 -1
    outer loop
      vertex 43.4408 13.4111 0
      vertex 39.755 2.48796 0
      vertex 42.889 13.8203 0
    endloop
  endfacet
  facet normal -0 0 -1
    outer loop
      vertex 42.889 13.8203 0
      vertex 39.755 2.48796 0
      vertex 42.2998 14.1734 0
    endloop
  endfacet
  facet normal -0 0 -1
    outer loop
      vertex 42.2998 14.1734 0
      vertex 39.755 2.48796 0
      vertex 41.6788 14.4671 0
    endloop
  endfacet
  facet normal -0 0 -1
    outer loop
      vertex 41.6788 14.4671 0
      vertex 39.755 2.48796 0
      vertex 41.032 14.6986 0
    endloop
  endfacet
  facet normal -0 0 -1
    outer loop
      vertex 41.032 14.6986 0
      vertex 39.755 2.48796 0
      vertex 40.3656 14.8655 0
    endloop
  endfacet
  facet normal 0 0 -1
    outer loop
      vertex 39.755 2.48796 0
      vertex 39.6861 14.9663 0
      vertex 40.3656 14.8655 0
    endloop
  endfacet
  facet normal 0 0 -1
    outer loop
      vertex 39 15 0
      vertex 39.755 2.48796 0
      vertex 39.5123 2.45196 0
    endloop
  endfacet
  facet normal 0 0 -1
    outer loop
      vertex 39 15 0
      vertex 39.5123 2.45196 0
      vertex 39.2743 2.39235 0
    endloop
  endfacet
  facet normal 0 0 -1
    outer loop
      vertex 31.6 10 0
      vertex 39.2743 2.39235 0
      vertex 39.0433 2.3097 0
    endloop
  endfacet
  facet normal 0 0 -1
    outer loop
      vertex 39.755 2.48796 0
      vertex 39 15 0
      vertex 39.6861 14.9663 0
    endloop
  endfacet
  facet normal 0 0 -1
    outer loop
      vertex 31.6 10 0
      vertex 39.0433 2.3097 0
      vertex 38.8215 2.2048 0
    endloop
  endfacet
  facet normal 0 0 -1
    outer loop
      vertex 31.6 10 0
      vertex 38.8215 2.2048 0
      vertex 38.6111 2.07867 0
    endloop
  endfacet
  facet normal 0 0 -1
    outer loop
      vertex 31.6 10 0
      vertex 38.6111 2.07867 0
      vertex 38.414 1.93253 0
    endloop
  endfacet
  facet normal 0 0 -1
    outer loop
      vertex 31.6 10 0
      vertex 38.414 1.93253 0
      vertex 38.2322 1.76777 0
    endloop
  endfacet
  facet normal 0 0 -1
    outer loop
      vertex 31.6 10 0
      vertex 38.2322 1.76777 0
      vertex 38.0675 1.58598 0
    endloop
  endfacet
  facet normal 0 0 -1
    outer loop
      vertex 31.6 10 0
      vertex 38.0675 1.58598 0
      vertex 37.9213 1.38893 0
    endloop
  endfacet
  facet normal 0 0 -1
    outer loop
      vertex 31.6 10 0
      vertex 37.9213 1.38893 0
      vertex 37.7952 1.17849 0
    endloop
  endfacet
  facet normal 0 0 -1
    outer loop
      vertex 31.6 10 0
      vertex 37.7952 1.17849 0
      vertex 37.6903 0.956708 0
    endloop
  endfacet
  facet normal 0 0 -1
    outer loop
      vertex 31.6 10 0
      vertex 37.6903 0.956708 0
      vertex 37.6077 0.725711 0
    endloop
  endfacet
  facet normal 0 0 -1
    outer loop
      vertex 31.6 10 0
      vertex 37.6077 0.725711 0
      vertex 37.548 0.487725 0
    endloop
  endfacet
  facet normal 0 0 -1
    outer loop
      vertex 31.6 10 0
      vertex 37.548 0.487725 0
      vertex 37.512 0.245043 0
    endloop
  endfacet
  facet normal 0 0 -1
    outer loop
      vertex 30.8385 -8.16152 0
      vertex 38.0675 -1.58598 0
      vertex 31.0098 -8.35058 0
    endloop
  endfacet
  facet normal 0 0 -1
    outer loop
      vertex 37.5 0 0
      vertex 31.6 10 0
      vertex 37.512 0.245043 0
    endloop
  endfacet
  facet normal 0 0 -1
    outer loop
      vertex 39.2743 2.39235 0
      vertex 31.6 10 0
      vertex 39 15 0
    endloop
  endfacet
  facet normal 0 0 -1
    outer loop
      vertex 31.5875 10.2548 0
      vertex 39 15 0
      vertex 31.6 10 0
    endloop
  endfacet
  facet normal 0 0 -1
    outer loop
      vertex 31.55 10.5072 0
      vertex 39 15 0
      vertex 31.5875 10.2548 0
    endloop
  endfacet
  facet normal 0 0 -1
    outer loop
      vertex 31.488 10.7547 0
      vertex 39 15 0
      vertex 31.55 10.5072 0
    endloop
  endfacet
  facet normal 0 0 -1
    outer loop
      vertex 31.4021 10.995 0
      vertex 39 15 0
      vertex 31.488 10.7547 0
    endloop
  endfacet
  facet normal 0 0 -1
    outer loop
      vertex 31.293 11.2256 0
      vertex 39 15 0
      vertex 31.4021 10.995 0
    endloop
  endfacet
  facet normal 0 0 -1
    outer loop
      vertex 31.1618 11.4445 0
      vertex 39 15 0
      vertex 31.293 11.2256 0
    endloop
  endfacet
  facet normal 0 0 -1
    outer loop
      vertex 31.0098 11.6494 0
      vertex 39 15 0
      vertex 31.1618 11.4445 0
    endloop
  endfacet
  facet normal 0 0 -1
    outer loop
      vertex 30.8385 11.8385 0
      vertex 39 15 0
      vertex 31.0098 11.6494 0
    endloop
  endfacet
  facet normal 0 0 -1
    outer loop
      vertex 30.6494 12.0098 0
      vertex 39 15 0
      vertex 30.8385 11.8385 0
    endloop
  endfacet
  facet normal 0 0 -1
    outer loop
      vertex 30.4445 12.1618 0
      vertex 39 15 0
      vertex 30.6494 12.0098 0
    endloop
  endfacet
  facet normal 0 0 -1
    outer loop
      vertex 30.2256 12.293 0
      vertex 39 15 0
      vertex 30.4445 12.1618 0
    endloop
  endfacet
  facet normal 0 0 -1
    outer loop
      vertex 29.995 12.4021 0
      vertex 39 15 0
      vertex 30.2256 12.293 0
    endloop
  endfacet
  facet normal 0 0 -1
    outer loop
      vertex 29.7547 12.488 0
      vertex 39 15 0
      vertex 29.995 12.4021 0
    endloop
  endfacet
  facet normal 0 0 -1
    outer loop
      vertex 29.5072 12.55 0
      vertex 39 15 0
      vertex 29.7547 12.488 0
    endloop
  endfacet
  facet normal 0 0 -1
    outer loop
      vertex 29.2548 12.5875 0
      vertex 39 15 0
      vertex 29.5072 12.55 0
    endloop
  endfacet
  facet normal 0 0 -1
    outer loop
      vertex 29 12.6 0
      vertex 39 15 0
      vertex 29.2548 12.5875 0
    endloop
  endfacet
  facet normal 0 0 -1
    outer loop
      vertex 28.7452 12.5875 0
      vertex 39 15 0
      vertex 29 12.6 0
    endloop
  endfacet
  facet normal 0 0 -1
    outer loop
      vertex 7 15 0
      vertex 28.7452 12.5875 0
      vertex 28.4928 12.55 0
    endloop
  endfacet
  facet normal 0 0 -1
    outer loop
      vertex 26.4125 9.74516 0
      vertex 13.6 10 0
      vertex 26.4 10 0
    endloop
  endfacet
  facet normal 0 0 -1
    outer loop
      vertex 26.4 10 0
      vertex 13.6 10 0
      vertex 26.4125 10.2548 0
    endloop
  endfacet
  facet normal 0 0 -1
    outer loop
      vertex 13.5875 10.2548 0
      vertex 26.4125 10.2548 0
      vertex 13.6 10 0
    endloop
  endfacet
  facet normal 0 0 -1
    outer loop
      vertex 26.4125 10.2548 0
      vertex 13.5875 10.2548 0
      vertex 26.45 10.5072 0
    endloop
  endfacet
  facet normal 0 0 -1
    outer loop
      vertex 13.55 10.5072 0
      vertex 26.45 10.5072 0
      vertex 13.5875 10.2548 0
    endloop
  endfacet
  facet normal 0 0 -1
    outer loop
      vertex 26.45 10.5072 0
      vertex 13.55 10.5072 0
      vertex 26.512 10.7547 0
    endloop
  endfacet
  facet normal 0 0 -1
    outer loop
      vertex 13.488 10.7547 0
      vertex 26.512 10.7547 0
      vertex 13.55 10.5072 0
    endloop
  endfacet
  facet normal 0 0 -1
    outer loop
      vertex 26.512 10.7547 0
      vertex 13.488 10.7547 0
      vertex 26.5979 10.995 0
    endloop
  endfacet
  facet normal 0 0 -1
    outer loop
      vertex 13.4021 10.995 0
      vertex 26.5979 10.995 0
      vertex 13.488 10.7547 0
    endloop
  endfacet
  facet normal 0 0 -1
    outer loop
      vertex 26.5979 10.995 0
      vertex 13.4021 10.995 0
      vertex 26.707 11.2256 0
    endloop
  endfacet
  facet normal 0 0 -1
    outer loop
      vertex 13.293 11.2256 0
      vertex 26.707 11.2256 0
      vertex 13.4021 10.995 0
    endloop
  endfacet
  facet normal 0 0 -1
    outer loop
      vertex 26.707 11.2256 0
      vertex 13.293 11.2256 0
      vertex 26.8382 11.4445 0
    endloop
  endfacet
  facet normal 0 0 -1
    outer loop
      vertex 13.1618 11.4445 0
      vertex 26.8382 11.4445 0
      vertex 13.293 11.2256 0
    endloop
  endfacet
  facet normal 0 0 -1
    outer loop
      vertex 26.8382 11.4445 0
      vertex 13.1618 11.4445 0
      vertex 26.9902 11.6494 0
    endloop
  endfacet
  facet normal 0 0 -1
    outer loop
      vertex 13.0098 11.6494 0
      vertex 26.9902 11.6494 0
      vertex 13.1618 11.4445 0
    endloop
  endfacet
  facet normal 0 0 -1
    outer loop
      vertex 26.9902 11.6494 0
      vertex 13.0098 11.6494 0
      vertex 27.1615 11.8385 0
    endloop
  endfacet
  facet normal 0 0 -1
    outer loop
      vertex 12.8385 11.8385 0
      vertex 27.1615 11.8385 0
      vertex 13.0098 11.6494 0
    endloop
  endfacet
  facet normal 0 0 -1
    outer loop
      vertex 27.1615 11.8385 0
      vertex 12.8385 11.8385 0
      vertex 27.3506 12.0098 0
    endloop
  endfacet
  facet normal 0 0 -1
    outer loop
      vertex 12.6494 12.0098 0
      vertex 27.3506 12.0098 0
      vertex 12.8385 11.8385 0
    endloop
  endfacet
  facet normal 0 0 -1
    outer loop
      vertex 27.3506 12.0098 0
      vertex 12.6494 12.0098 0
      vertex 27.5555 12.1618 0
    endloop
  endfacet
  facet normal 0 0 -1
    outer loop
      vertex 12.4445 12.1618 0
      vertex 27.5555 12.1618 0
      vertex 12.6494 12.0098 0
    endloop
  endfacet
  facet normal 0 0 -1
    outer loop
      vertex 27.5555 12.1618 0
      vertex 12.4445 12.1618 0
      vertex 27.7744 12.293 0
    endloop
  endfacet
  facet normal 0 0 -1
    outer loop
      vertex 12.2256 12.293 0
      vertex 27.7744 12.293 0
      vertex 12.4445 12.1618 0
    endloop
  endfacet
  facet normal 0 0 -1
    outer loop
      vertex 27.7744 12.293 0
      vertex 12.2256 12.293 0
      vertex 28.005 12.4021 0
    endloop
  endfacet
  facet normal 0 0 -1
    outer loop
      vertex 11.995 12.4021 0
      vertex 28.005 12.4021 0
      vertex 12.2256 12.293 0
    endloop
  endfacet
  facet normal 0 0 -1
    outer loop
      vertex 7 15 0
      vertex 28.005 12.4021 0
      vertex 11.995 12.4021 0
    endloop
  endfacet
  facet normal 0 0 -1
    outer loop
      vertex 28.005 12.4021 0
      vertex 7 15 0
      vertex 28.2453 12.488 0
    endloop
  endfacet
  facet normal 0 0 -1
    outer loop
      vertex 28.2453 12.488 0
      vertex 7 15 0
      vertex 28.4928 12.55 0
    endloop
  endfacet
  facet normal 0 0 -1
    outer loop
      vertex 7 15 0
      vertex 11.995 12.4021 0
      vertex 11.7547 12.488 0
    endloop
  endfacet
  facet normal 0 0 -1
    outer loop
      vertex 7 15 0
      vertex 11.7547 12.488 0
      vertex 11.5072 12.55 0
    endloop
  endfacet
  facet normal 0 0 -1
    outer loop
      vertex 7 15 0
      vertex 11.5072 12.55 0
      vertex 11.2548 12.5875 0
    endloop
  endfacet
  facet normal 0 0 -1
    outer loop
      vertex 7 15 0
      vertex 11.2548 12.5875 0
      vertex 11 12.6 0
    endloop
  endfacet
  facet normal 0 0 -1
    outer loop
      vertex 7 15 0
      vertex 11 12.6 0
      vertex 10.7452 12.5875 0
    endloop
  endfacet
  facet normal 0 0 -1
    outer loop
      vertex 5.92563 2.29299 0
      vertex 9.55552 7.83818 0
      vertex 6.14448 2.16182 0
    endloop
  endfacet
  facet normal -0 0 -1
    outer loop
      vertex 9.55552 7.83818 0
      vertex 5.92563 2.29299 0
      vertex 9.35058 7.99017 0
    endloop
  endfacet
  facet normal 0 0 -1
    outer loop
      vertex 5.69498 2.40209 0
      vertex 9.35058 7.99017 0
      vertex 5.92563 2.29299 0
    endloop
  endfacet
  facet normal -0 0 -1
    outer loop
      vertex 9.35058 7.99017 0
      vertex 5.69498 2.40209 0
      vertex 9.16152 8.16152 0
    endloop
  endfacet
  facet normal 0 0 -1
    outer loop
      vertex 5.45474 2.48804 0
      vertex 9.16152 8.16152 0
      vertex 5.69498 2.40209 0
    endloop
  endfacet
  facet normal 0 0 -1
    outer loop
      vertex 28.7452 12.5875 0
      vertex 7 15 0
      vertex 39 15 0
    endloop
  endfacet
  facet normal 0 0 -1
    outer loop
      vertex 10.4928 12.55 0
      vertex 7 15 0
      vertex 10.7452 12.5875 0
    endloop
  endfacet
  facet normal 0 0 -1
    outer loop
      vertex 10.2453 12.488 0
      vertex 7 15 0
      vertex 10.4928 12.55 0
    endloop
  endfacet
  facet normal 0 0 -1
    outer loop
      vertex 10.005 12.4021 0
      vertex 7 15 0
      vertex 10.2453 12.488 0
    endloop
  endfacet
  facet normal 0 0 -1
    outer loop
      vertex 9.77437 12.293 0
      vertex 7 15 0
      vertex 10.005 12.4021 0
    endloop
  endfacet
  facet normal 0 0 -1
    outer loop
      vertex 9.55552 12.1618 0
      vertex 7 15 0
      vertex 9.77437 12.293 0
    endloop
  endfacet
  facet normal 0 0 -1
    outer loop
      vertex 9.35058 12.0098 0
      vertex 7 15 0
      vertex 9.55552 12.1618 0
    endloop
  endfacet
  facet normal 0 0 -1
    outer loop
      vertex 9.16152 11.8385 0
      vertex 7 15 0
      vertex 9.35058 12.0098 0
    endloop
  endfacet
  facet normal 0 0 -1
    outer loop
      vertex 8.99017 11.6494 0
      vertex 7 15 0
      vertex 9.16152 11.8385 0
    endloop
  endfacet
  facet normal 0 0 -1
    outer loop
      vertex 8.83818 11.4445 0
      vertex 7 15 0
      vertex 8.99017 11.6494 0
    endloop
  endfacet
  facet normal 0 0 -1
    outer loop
      vertex 6.31389 14.9663 0
      vertex 8.83818 11.4445 0
      vertex 8.707 11.2256 0
    endloop
  endfacet
  facet normal 0 0 -1
    outer loop
      vertex 5.63437 14.8655 0
      vertex 8.707 11.2256 0
      vertex 8.59791 10.995 0
    endloop
  endfacet
  facet normal 0 0 -1
    outer loop
      vertex 4.96802 14.6986 0
      vertex 8.59791 10.995 0
      vertex 8.51195 10.7547 0
    endloop
  endfacet
  facet normal 0 0 -1
    outer loop
      vertex 4.32123 14.4671 0
      vertex 8.51195 10.7547 0
      vertex 8.44996 10.5072 0
    endloop
  endfacet
  facet normal 0 0 -1
    outer loop
      vertex 3.11102 13.8203 0
      vertex 8.44996 10.5072 0
      vertex 8.41252 10.2548 0
    endloop
  endfacet
  facet normal -0 0 -1
    outer loop
      vertex 9.16152 8.16152 0
      vertex 5.45474 2.48804 0
      vertex 8.99017 8.35058 0
    endloop
  endfacet
  facet normal 0 0 -1
    outer loop
      vertex 5.20723 2.55004 0
      vertex 8.99017 8.35058 0
      vertex 5.45474 2.48804 0
    endloop
  endfacet
  facet normal -0 0 -1
    outer loop
      vertex 8.99017 8.35058 0
      vertex 5.20723 2.55004 0
      vertex 8.83818 8.55552 0
    endloop
  endfacet
  facet normal 0 0 -1
    outer loop
      vertex 4.95484 2.58748 0
      vertex 8.83818 8.55552 0
      vertex 5.20723 2.55004 0
    endloop
  endfacet
  facet normal -0 0 -1
    outer loop
      vertex 8.83818 8.55552 0
      vertex 4.95484 2.58748 0
      vertex 8.707 8.77437 0
    endloop
  endfacet
  facet normal 0 0 -1
    outer loop
      vertex 4.7 2.6 0
      vertex 8.707 8.77437 0
      vertex 4.95484 2.58748 0
    endloop
  endfacet
  facet normal -0 0 -1
    outer loop
      vertex 8.707 8.77437 0
      vertex 4.7 2.6 0
      vertex 8.59791 9.00502 0
    endloop
  endfacet
  facet normal 0 0 -1
    outer loop
      vertex 0 8 0
      vertex 8.59791 9.00502 0
      vertex 4.7 2.6 0
    endloop
  endfacet
  facet normal -0 0 -1
    outer loop
      vertex 8.59791 9.00502 0
      vertex 0 8 0
      vertex 8.51195 9.24526 0
    endloop
  endfacet
  facet normal 0 -0 -1
    outer loop
      vertex 0.0337219 8.68611 0
      vertex 8.51195 9.24526 0
      vertex 0 8 0
    endloop
  endfacet
  facet normal 0 0 -1
    outer loop
      vertex 8.83818 11.4445 0
      vertex 6.31389 14.9663 0
      vertex 7 15 0
    endloop
  endfacet
  facet normal 0 0 -1
    outer loop
      vertex 8.707 11.2256 0
      vertex 5.63437 14.8655 0
      vertex 6.31389 14.9663 0
    endloop
  endfacet
  facet normal -0 0 -1
    outer loop
      vertex 8.51195 9.24526 0
      vertex 0.0337219 8.68611 0
      vertex 8.44996 9.49276 0
    endloop
  endfacet
  facet normal 0 0 -1
    outer loop
      vertex 8.59791 10.995 0
      vertex 4.96802 14.6986 0
      vertex 5.63437 14.8655 0
    endloop
  endfacet
  facet normal 0 -0 -1
    outer loop
      vertex 0.134506 9.36563 0
      vertex 8.44996 9.49276 0
      vertex 0.0337219 8.68611 0
    endloop
  endfacet
  facet normal 0 -0 -1
    outer loop
      vertex 0.301422 10.032 0
      vertex 8.44996 9.49276 0
      vertex 0.134506 9.36563 0
    endloop
  endfacet
  facet normal 0 0 -1
    outer loop
      vertex 0 8 0
      vertex 4.7 2.6 0
      vertex 4.44516 2.58748 0
    endloop
  endfacet
  facet normal 0 0 -1
    outer loop
      vertex 8.51195 10.7547 0
      vertex 4.32123 14.4671 0
      vertex 4.96802 14.6986 0
    endloop
  endfacet
  facet normal 0 0 -1
    outer loop
      vertex 0 8 0
      vertex 4.44516 2.58748 0
      vertex 4.19276 2.55004 0
    endloop
  endfacet
  facet normal 0 0 -1
    outer loop
      vertex 0 8 0
      vertex 4.19276 2.55004 0
      vertex 3.94526 2.48804 0
    endloop
  endfacet
  facet normal 0 0 -1
    outer loop
      vertex 0 8 0
      vertex 3.94526 2.48804 0
      vertex 3.70502 2.40209 0
    endloop
  endfacet
  facet normal 0 0 -1
    outer loop
      vertex 8.44996 10.5072 0
      vertex 3.70023 14.1734 0
      vertex 4.32123 14.4671 0
    endloop
  endfacet
  facet normal 0 0 -1
    outer loop
      vertex 0 8 0
      vertex 3.70502 2.40209 0
      vertex 3.47437 2.29299 0
    endloop
  endfacet
  facet normal 0 0 -1
    outer loop
      vertex 0 8 0
      vertex 3.47437 2.29299 0
      vertex 3.25552 2.16182 0
    endloop
  endfacet
  facet normal 0 0 -1
    outer loop
      vertex 8.44996 10.5072 0
      vertex 3.11102 13.8203 0
      vertex 3.70023 14.1734 0
    endloop
  endfacet
  facet normal 0 0 -1
    outer loop
      vertex 0 8 0
      vertex 3.25552 2.16182 0
      vertex 3.05058 2.00983 0
    endloop
  endfacet
  facet normal 0 0 -1
    outer loop
      vertex 0 8 0
      vertex 3.05058 2.00983 0
      vertex 2.86152 1.83848 0
    endloop
  endfacet
  facet normal 0 0 -1
    outer loop
      vertex 0 8 0
      vertex 2.86152 1.83848 0
      vertex 2.69017 1.64942 0
    endloop
  endfacet
  facet normal 0 -0 -1
    outer loop
      vertex 0.532852 10.6788 0
      vertex 8.44996 9.49276 0
      vertex 0.301422 10.032 0
    endloop
  endfacet
  facet normal 0 0 -1
    outer loop
      vertex 0 8 0
      vertex 2.69017 1.64942 0
      vertex 2.53818 1.44448 0
    endloop
  endfacet
  facet normal 0 0 -1
    outer loop
      vertex 0 8 0
      vertex 2.53818 1.44448 0
      vertex 2.407 1.22563 0
    endloop
  endfacet
  facet normal 0 0 -1
    outer loop
      vertex 0 8 0
      vertex 2.407 1.22563 0
      vertex 2.29791 0.994976 0
    endloop
  endfacet
  facet normal 0 0 -1
    outer loop
      vertex 0 8 0
      vertex 2.29791 0.994976 0
      vertex 2.21196 0.75474 0
    endloop
  endfacet
  facet normal 0 0 -1
    outer loop
      vertex 0 8 0
      vertex 2.21196 0.75474 0
      vertex 2.14996 0.507235 0
    endloop
  endfacet
  facet normal 0 0 -1
    outer loop
      vertex 0 8 0
      vertex 2.14996 0.507235 0
      vertex 2.11252 0.254844 0
    endloop
  endfacet
  facet normal 0 0 -1
    outer loop
      vertex 0 8 0
      vertex 2.11252 0.254844 0
      vertex 2.1 0 0
    endloop
  endfacet
  facet normal 0 0 -1
    outer loop
      vertex 8.41252 10.2548 0
      vertex 2.55925 13.4111 0
      vertex 3.11102 13.8203 0
    endloop
  endfacet
  facet normal -0 0 -1
    outer loop
      vertex 2.11252 -0.254844 0
      vertex 0 -8 0
      vertex 2.1 0 0
    endloop
  endfacet
  facet normal 0 0 -1
    outer loop
      vertex 8.59791 -9.00502 0
      vertex 0 -8 0
      vertex 4.7 -2.6 0
    endloop
  endfacet
  facet normal 0 0 -1
    outer loop
      vertex 0 8 0
      vertex 2.1 0 0
      vertex 0 -8 0
    endloop
  endfacet
  facet normal 0 0 -1
    outer loop
      vertex 8.707 -8.77437 0
      vertex 4.7 -2.6 0
      vertex 4.95484 -2.58748 0
    endloop
  endfacet
  facet normal 0 0 -1
    outer loop
      vertex 8.41252 10.2548 0
      vertex 2.05026 12.9497 0
      vertex 2.55925 13.4111 0
    endloop
  endfacet
  facet normal -0 0 -1
    outer loop
      vertex 4.7 -2.6 0
      vertex 0 -8 0
      vertex 4.44516 -2.58748 0
    endloop
  endfacet
  facet normal 0 0 -1
    outer loop
      vertex 8.4 10 0
      vertex 2.05026 12.9497 0
      vertex 8.41252 10.2548 0
    endloop
  endfacet
  facet normal -0 0 -1
    outer loop
      vertex 4.44516 -2.58748 0
      vertex 0 -8 0
      vertex 4.19276 -2.55004 0
    endloop
  endfacet
  facet normal 0 -0 -1
    outer loop
      vertex 2.05026 12.9497 0
      vertex 8.4 10 0
      vertex 1.58893 12.4408 0
    endloop
  endfacet
  facet normal -0 0 -1
    outer loop
      vertex 4.19276 -2.55004 0
      vertex 0 -8 0
      vertex 3.94526 -2.48804 0
    endloop
  endfacet
  facet normal 0 -0 -1
    outer loop
      vertex 1.58893 12.4408 0
      vertex 8.4 10 0
      vertex 1.17972 11.889 0
    endloop
  endfacet
  facet normal -0 0 -1
    outer loop
      vertex 3.70502 -2.40209 0
      vertex 0 -8 0
      vertex 3.47437 -2.29299 0
    endloop
  endfacet
  facet normal 0 0 -1
    outer loop
      vertex 8.41252 9.74516 0
      vertex 1.17972 11.889 0
      vertex 8.4 10 0
    endloop
  endfacet
  facet normal -0 0 -1
    outer loop
      vertex 3.94526 -2.48804 0
      vertex 0 -8 0
      vertex 3.70502 -2.40209 0
    endloop
  endfacet
  facet normal 0 -0 -1
    outer loop
      vertex 1.17972 11.889 0
      vertex 8.41252 9.74516 0
      vertex 0.826553 11.2998 0
    endloop
  endfacet
  facet normal 0 -0 -1
    outer loop
      vertex 0.826553 11.2998 0
      vertex 8.41252 9.74516 0
      vertex 0.532852 10.6788 0
    endloop
  endfacet
  facet normal 0 0 -1
    outer loop
      vertex 8.44996 9.49276 0
      vertex 0.532852 10.6788 0
      vertex 8.41252 9.74516 0
    endloop
  endfacet
  facet normal -0.59568 -0.803222 0
    outer loop
      vertex 2.55925 -13.4111 0
      vertex 3.11102 -13.8203 6.5
      vertex 2.55925 -13.4111 6.5
    endloop
  endfacet
  facet normal -0.59568 -0.803222 -0
    outer loop
      vertex 3.11102 -13.8203 6.5
      vertex 2.55925 -13.4111 0
      vertex 3.11102 -13.8203 0
    endloop
  endfacet
  facet normal -0.671622 -0.740894 0
    outer loop
      vertex 2.05026 -12.9497 0
      vertex 2.55925 -13.4111 6.5
      vertex 2.05026 -12.9497 6.5
    endloop
  endfacet
  facet normal -0.671622 -0.740894 -0
    outer loop
      vertex 2.55925 -13.4111 6.5
      vertex 2.05026 -12.9497 0
      vertex 2.55925 -13.4111 0
    endloop
  endfacet
  facet normal -0.427542 0.903996 0
    outer loop
      vertex 4.32123 14.4671 0
      vertex 3.70023 14.1734 6.5
      vertex 4.32123 14.4671 6.5
    endloop
  endfacet
  facet normal -0.427542 0.903996 0
    outer loop
      vertex 3.70023 14.1734 6.5
      vertex 4.32123 14.4671 0
      vertex 3.70023 14.1734 0
    endloop
  endfacet
  facet normal 0.336982 0.941511 -0
    outer loop
      vertex 41.6788 14.4671 0
      vertex 41.032 14.6986 6.5
      vertex 41.6788 14.4671 6.5
    endloop
  endfacet
  facet normal 0.336982 0.941511 0
    outer loop
      vertex 41.032 14.6986 6.5
      vertex 41.6788 14.4671 0
      vertex 41.032 14.6986 0
    endloop
  endfacet
  facet normal -0.740886 -0.671631 0
    outer loop
      vertex 2.05026 -12.9497 0
      vertex 1.58893 -12.4408 6.5
      vertex 1.58893 -12.4408 0
    endloop
  endfacet
  facet normal -0.740886 -0.671631 0
    outer loop
      vertex 1.58893 -12.4408 6.5
      vertex 2.05026 -12.9497 0
      vertex 2.05026 -12.9497 6.5
    endloop
  endfacet
  facet normal 0.857763 -0.514046 0
    outer loop
      vertex 44.8203 -11.889 6.5
      vertex 45.1734 -11.2998 0
      vertex 45.1734 -11.2998 6.5
    endloop
  endfacet
  facet normal 0.857763 -0.514046 0
    outer loop
      vertex 45.1734 -11.2998 0
      vertex 44.8203 -11.889 6.5
      vertex 44.8203 -11.889 0
    endloop
  endfacet
  facet normal 0.857763 0.514046 0
    outer loop
      vertex 45.1734 11.2998 6.5
      vertex 44.8203 11.889 0
      vertex 44.8203 11.889 6.5
    endloop
  endfacet
  facet normal 0.857763 0.514046 0
    outer loop
      vertex 44.8203 11.889 0
      vertex 45.1734 11.2998 6.5
      vertex 45.1734 11.2998 0
    endloop
  endfacet
  facet normal 0.427542 -0.903996 0
    outer loop
      vertex 41.6788 -14.4671 0
      vertex 42.2998 -14.1734 6.5
      vertex 41.6788 -14.4671 6.5
    endloop
  endfacet
  facet normal 0.427542 -0.903996 0
    outer loop
      vertex 42.2998 -14.1734 6.5
      vertex 41.6788 -14.4671 0
      vertex 42.2998 -14.1734 0
    endloop
  endfacet
  facet normal -0.336986 -0.94151 0
    outer loop
      vertex 4.32123 -14.4671 0
      vertex 4.96802 -14.6986 6.5
      vertex 4.32123 -14.4671 6.5
    endloop
  endfacet
  facet normal -0.336986 -0.94151 -0
    outer loop
      vertex 4.96802 -14.6986 6.5
      vertex 4.32123 -14.4671 0
      vertex 4.96802 -14.6986 0
    endloop
  endfacet
  facet normal -0.427542 -0.903996 0
    outer loop
      vertex 3.70023 -14.1734 0
      vertex 4.32123 -14.4671 6.5
      vertex 3.70023 -14.1734 6.5
    endloop
  endfacet
  facet normal -0.427542 -0.903996 -0
    outer loop
      vertex 4.32123 -14.4671 6.5
      vertex 3.70023 -14.1734 0
      vertex 4.32123 -14.4671 0
    endloop
  endfacet
  facet normal 0.671687 0.740835 -0
    outer loop
      vertex 43.9497 12.9497 0
      vertex 43.4408 13.4111 6.5
      vertex 43.9497 12.9497 6.5
    endloop
  endfacet
  facet normal 0.671687 0.740835 0
    outer loop
      vertex 43.4408 13.4111 6.5
      vertex 43.9497 12.9497 0
      vertex 43.4408 13.4111 0
    endloop
  endfacet
  facet normal -0.0490583 -0.998796 0
    outer loop
      vertex 6.31389 -14.9663 0
      vertex 7 -15 6.5
      vertex 6.31389 -14.9663 6.5
    endloop
  endfacet
  facet normal -0.0490583 -0.998796 -0
    outer loop
      vertex 7 -15 6.5
      vertex 6.31389 -14.9663 0
      vertex 7 -15 0
    endloop
  endfacet
  facet normal 0.514046 0.857763 -0
    outer loop
      vertex 42.889 13.8203 0
      vertex 42.2998 14.1734 6.5
      vertex 42.889 13.8203 6.5
    endloop
  endfacet
  facet normal 0.514046 0.857763 0
    outer loop
      vertex 42.2998 14.1734 6.5
      vertex 42.889 13.8203 0
      vertex 42.2998 14.1734 0
    endloop
  endfacet
  facet normal 0.242947 0.97004 -0
    outer loop
      vertex 41.032 14.6986 0
      vertex 40.3656 14.8655 6.5
      vertex 41.032 14.6986 6.5
    endloop
  endfacet
  facet normal 0.242947 0.97004 0
    outer loop
      vertex 40.3656 14.8655 6.5
      vertex 41.032 14.6986 0
      vertex 40.3656 14.8655 0
    endloop
  endfacet
  facet normal -0 0 1
    outer loop
      vertex 0 -8 6.5
      vertex 1.90001 -8.00735 6.5
      vertex 1.90001 -7.65 6.5
    endloop
  endfacet
  facet normal 0 0 1
    outer loop
      vertex 1.90001 -8.00735 6.5
      vertex 1.17972 -11.889 6.5
      vertex 1.58893 -12.4408 6.5
    endloop
  endfacet
  facet normal 0 0 1
    outer loop
      vertex 1.90001 -8.00735 6.5
      vertex 0.826553 -11.2998 6.5
      vertex 1.17972 -11.889 6.5
    endloop
  endfacet
  facet normal 0 0 1
    outer loop
      vertex 1.90001 -8.00735 6.5
      vertex 0.532852 -10.6788 6.5
      vertex 0.826553 -11.2998 6.5
    endloop
  endfacet
  facet normal 0 0 1
    outer loop
      vertex 1.90001 -8.00735 6.5
      vertex 0.301422 -10.032 6.5
      vertex 0.532852 -10.6788 6.5
    endloop
  endfacet
  facet normal 0 0 1
    outer loop
      vertex 1.90001 -8.00735 6.5
      vertex 0.134506 -9.36563 6.5
      vertex 0.301422 -10.032 6.5
    endloop
  endfacet
  facet normal 0 0 1
    outer loop
      vertex 1.90001 -8.00735 6.5
      vertex 0.0337219 -8.68611 6.5
      vertex 0.134506 -9.36563 6.5
    endloop
  endfacet
  facet normal 0 0 1
    outer loop
      vertex 0 -8 6.5
      vertex 1.90001 -7.65 6.5
      vertex 0 -7.65 6.5
    endloop
  endfacet
  facet normal 0 0 1
    outer loop
      vertex 1.90001 -8.00735 6.5
      vertex 0 -8 6.5
      vertex 0.0337219 -8.68611 6.5
    endloop
  endfacet
  facet normal -0 0 1
    outer loop
      vertex 44.1 8.00735 6.5
      vertex 46 8 6.5
      vertex 45.9663 8.68611 6.5
    endloop
  endfacet
  facet normal 0 0 1
    outer loop
      vertex 46 8 6.5
      vertex 44.1 8.00735 6.5
      vertex 46 -8 6.5
    endloop
  endfacet
  facet normal 0 0 1
    outer loop
      vertex 44.0758 8.49991 6.5
      vertex 45.9663 8.68611 6.5
      vertex 45.8655 9.36563 6.5
    endloop
  endfacet
  facet normal 0 0 1
    outer loop
      vertex 44.1 -8.00735 6.5
      vertex 46 -8 6.5
      vertex 44.1 8.00735 6.5
    endloop
  endfacet
  facet normal 0 0 1
    outer loop
      vertex 44.0023 8.99503 6.5
      vertex 45.8655 9.36563 6.5
      vertex 45.6986 10.032 6.5
    endloop
  endfacet
  facet normal 0 0 1
    outer loop
      vertex 46 -8 6.5
      vertex 44.1 -8.00735 6.5
      vertex 45.9663 -8.68611 6.5
    endloop
  endfacet
  facet normal 0 0 1
    outer loop
      vertex 43.8807 9.48055 6.5
      vertex 45.6986 10.032 6.5
      vertex 45.4671 10.6788 6.5
    endloop
  endfacet
  facet normal -0 0 1
    outer loop
      vertex 44.0758 -8.49991 6.5
      vertex 45.9663 -8.68611 6.5
      vertex 44.1 -8.00735 6.5
    endloop
  endfacet
  facet normal 0 0 1
    outer loop
      vertex 43.7121 9.95181 6.5
      vertex 45.4671 10.6788 6.5
      vertex 45.1734 11.2998 6.5
    endloop
  endfacet
  facet normal 0 0 1
    outer loop
      vertex 45.9663 -8.68611 6.5
      vertex 44.0758 -8.49991 6.5
      vertex 45.8655 -9.36563 6.5
    endloop
  endfacet
  facet normal 0 0 1
    outer loop
      vertex 43.4981 10.4043 6.5
      vertex 45.1734 11.2998 6.5
      vertex 44.8203 11.889 6.5
    endloop
  endfacet
  facet normal -0 0 1
    outer loop
      vertex 44.0023 -8.99503 6.5
      vertex 45.8655 -9.36563 6.5
      vertex 44.0758 -8.49991 6.5
    endloop
  endfacet
  facet normal 0 0 1
    outer loop
      vertex 43.2408 10.8336 6.5
      vertex 44.8203 11.889 6.5
      vertex 44.4111 12.4408 6.5
    endloop
  endfacet
  facet normal 0 0 1
    outer loop
      vertex 45.8655 -9.36563 6.5
      vertex 44.0023 -8.99503 6.5
      vertex 45.6986 -10.032 6.5
    endloop
  endfacet
  facet normal -0 0 1
    outer loop
      vertex 43.8807 -9.48055 6.5
      vertex 45.6986 -10.032 6.5
      vertex 44.0023 -8.99503 6.5
    endloop
  endfacet
  facet normal 0 0 1
    outer loop
      vertex 45.9663 8.68611 6.5
      vertex 44.0758 8.49991 6.5
      vertex 44.1 8.00735 6.5
    endloop
  endfacet
  facet normal 0 0 1
    outer loop
      vertex 45.8655 9.36563 6.5
      vertex 44.0023 8.99503 6.5
      vertex 44.0758 8.49991 6.5
    endloop
  endfacet
  facet normal 0 0 1
    outer loop
      vertex 42.9426 11.2356 6.5
      vertex 44.4111 12.4408 6.5
      vertex 43.9497 12.9497 6.5
    endloop
  endfacet
  facet normal 0 0 1
    outer loop
      vertex 45.6986 10.032 6.5
      vertex 43.8807 9.48055 6.5
      vertex 44.0023 8.99503 6.5
    endloop
  endfacet
  facet normal 0 0 1
    outer loop
      vertex 45.4671 10.6788 6.5
      vertex 43.7121 9.95181 6.5
      vertex 43.8807 9.48055 6.5
    endloop
  endfacet
  facet normal 0 0 1
    outer loop
      vertex 45.1734 11.2998 6.5
      vertex 43.4981 10.4043 6.5
      vertex 43.7121 9.95181 6.5
    endloop
  endfacet
  facet normal 0 0 1
    outer loop
      vertex 42.6065 11.6065 6.5
      vertex 43.9497 12.9497 6.5
      vertex 43.4408 13.4111 6.5
    endloop
  endfacet
  facet normal 0 0 1
    outer loop
      vertex 44.8203 11.889 6.5
      vertex 43.2408 10.8336 6.5
      vertex 43.4981 10.4043 6.5
    endloop
  endfacet
  facet normal 0 0 1
    outer loop
      vertex 44.4111 12.4408 6.5
      vertex 42.9426 11.2356 6.5
      vertex 43.2408 10.8336 6.5
    endloop
  endfacet
  facet normal 0 0 1
    outer loop
      vertex 42.2356 11.9426 6.5
      vertex 43.4408 13.4111 6.5
      vertex 42.889 13.8203 6.5
    endloop
  endfacet
  facet normal 0 0 1
    outer loop
      vertex 43.9497 12.9497 6.5
      vertex 42.6065 11.6065 6.5
      vertex 42.9426 11.2356 6.5
    endloop
  endfacet
  facet normal 0 0 1
    outer loop
      vertex 41.8336 12.2408 6.5
      vertex 42.889 13.8203 6.5
      vertex 42.2998 14.1734 6.5
    endloop
  endfacet
  facet normal 0 0 1
    outer loop
      vertex 43.4408 13.4111 6.5
      vertex 42.2356 11.9426 6.5
      vertex 42.6065 11.6065 6.5
    endloop
  endfacet
  facet normal 0 0 1
    outer loop
      vertex 42.889 13.8203 6.5
      vertex 41.8336 12.2408 6.5
      vertex 42.2356 11.9426 6.5
    endloop
  endfacet
  facet normal 0 0 1
    outer loop
      vertex 41.4043 12.4981 6.5
      vertex 42.2998 14.1734 6.5
      vertex 41.6788 14.4671 6.5
    endloop
  endfacet
  facet normal 0 0 1
    outer loop
      vertex 42.2998 14.1734 6.5
      vertex 41.4043 12.4981 6.5
      vertex 41.8336 12.2408 6.5
    endloop
  endfacet
  facet normal 0 0 1
    outer loop
      vertex 40.9518 12.7121 6.5
      vertex 41.6788 14.4671 6.5
      vertex 41.032 14.6986 6.5
    endloop
  endfacet
  facet normal 0 0 1
    outer loop
      vertex 41.6788 14.4671 6.5
      vertex 40.9518 12.7121 6.5
      vertex 41.4043 12.4981 6.5
    endloop
  endfacet
  facet normal 0 0 1
    outer loop
      vertex 41.032 14.6986 6.5
      vertex 40.4805 12.8807 6.5
      vertex 40.9518 12.7121 6.5
    endloop
  endfacet
  facet normal 0 0 1
    outer loop
      vertex 40.3656 14.8655 6.5
      vertex 40.4805 12.8807 6.5
      vertex 41.032 14.6986 6.5
    endloop
  endfacet
  facet normal 0 0 1
    outer loop
      vertex 40.3656 14.8655 6.5
      vertex 39.995 13.0023 6.5
      vertex 40.4805 12.8807 6.5
    endloop
  endfacet
  facet normal 0 0 1
    outer loop
      vertex 39.6861 14.9663 6.5
      vertex 39.995 13.0023 6.5
      vertex 40.3656 14.8655 6.5
    endloop
  endfacet
  facet normal 0 0 1
    outer loop
      vertex 39.6861 14.9663 6.5
      vertex 39.4999 13.0758 6.5
      vertex 39.995 13.0023 6.5
    endloop
  endfacet
  facet normal 0 0 1
    outer loop
      vertex 39.6861 14.9663 6.5
      vertex 39.0074 13.1 6.5
      vertex 39.4999 13.0758 6.5
    endloop
  endfacet
  facet normal 0 0 1
    outer loop
      vertex 39 15 6.5
      vertex 39.0074 13.1 6.5
      vertex 39.6861 14.9663 6.5
    endloop
  endfacet
  facet normal -0 0 1
    outer loop
      vertex 7 15 6.5
      vertex 39.0074 13.1 6.5
      vertex 39 15 6.5
    endloop
  endfacet
  facet normal 0 0 1
    outer loop
      vertex 7 15 6.5
      vertex 6.99265 13.1 6.5
      vertex 39.0074 13.1 6.5
    endloop
  endfacet
  facet normal 0 0 1
    outer loop
      vertex 7 15 6.5
      vertex 6.50009 13.0758 6.5
      vertex 6.99265 13.1 6.5
    endloop
  endfacet
  facet normal -0 0 1
    outer loop
      vertex 6.31389 14.9663 6.5
      vertex 6.50009 13.0758 6.5
      vertex 7 15 6.5
    endloop
  endfacet
  facet normal 0 0 1
    outer loop
      vertex 6.31389 14.9663 6.5
      vertex 6.00497 13.0023 6.5
      vertex 6.50009 13.0758 6.5
    endloop
  endfacet
  facet normal -0 0 1
    outer loop
      vertex 5.63437 14.8655 6.5
      vertex 6.00497 13.0023 6.5
      vertex 6.31389 14.9663 6.5
    endloop
  endfacet
  facet normal 0 0 1
    outer loop
      vertex 5.63437 14.8655 6.5
      vertex 5.51945 12.8807 6.5
      vertex 6.00497 13.0023 6.5
    endloop
  endfacet
  facet normal -0 0 1
    outer loop
      vertex 4.96802 14.6986 6.5
      vertex 5.51945 12.8807 6.5
      vertex 5.63437 14.8655 6.5
    endloop
  endfacet
  facet normal 0 0 1
    outer loop
      vertex 5.51945 12.8807 6.5
      vertex 4.96802 14.6986 6.5
      vertex 5.04819 12.7121 6.5
    endloop
  endfacet
  facet normal -0 0 1
    outer loop
      vertex 4.32123 14.4671 6.5
      vertex 5.04819 12.7121 6.5
      vertex 4.96802 14.6986 6.5
    endloop
  endfacet
  facet normal 0 0 1
    outer loop
      vertex 5.04819 12.7121 6.5
      vertex 4.32123 14.4671 6.5
      vertex 4.59572 12.4981 6.5
    endloop
  endfacet
  facet normal -0 0 1
    outer loop
      vertex 3.70023 14.1734 6.5
      vertex 4.59572 12.4981 6.5
      vertex 4.32123 14.4671 6.5
    endloop
  endfacet
  facet normal 0 0 1
    outer loop
      vertex 4.59572 12.4981 6.5
      vertex 3.70023 14.1734 6.5
      vertex 4.1664 12.2408 6.5
    endloop
  endfacet
  facet normal -0 0 1
    outer loop
      vertex 3.11102 13.8203 6.5
      vertex 4.1664 12.2408 6.5
      vertex 3.70023 14.1734 6.5
    endloop
  endfacet
  facet normal 0 0 1
    outer loop
      vertex 4.1664 12.2408 6.5
      vertex 3.11102 13.8203 6.5
      vertex 3.76437 11.9426 6.5
    endloop
  endfacet
  facet normal -0 0 1
    outer loop
      vertex 2.55925 13.4111 6.5
      vertex 3.76437 11.9426 6.5
      vertex 3.11102 13.8203 6.5
    endloop
  endfacet
  facet normal 0 0 1
    outer loop
      vertex 3.76437 11.9426 6.5
      vertex 2.55925 13.4111 6.5
      vertex 3.39351 11.6065 6.5
    endloop
  endfacet
  facet normal -0 0 1
    outer loop
      vertex 2.05026 12.9497 6.5
      vertex 3.39351 11.6065 6.5
      vertex 2.55925 13.4111 6.5
    endloop
  endfacet
  facet normal 0 0 1
    outer loop
      vertex 3.39351 11.6065 6.5
      vertex 2.05026 12.9497 6.5
      vertex 3.05737 11.2356 6.5
    endloop
  endfacet
  facet normal -0 0 1
    outer loop
      vertex 1.58893 12.4408 6.5
      vertex 3.05737 11.2356 6.5
      vertex 2.05026 12.9497 6.5
    endloop
  endfacet
  facet normal 0 0 1
    outer loop
      vertex 3.05737 11.2356 6.5
      vertex 1.58893 12.4408 6.5
      vertex 2.75922 10.8336 6.5
    endloop
  endfacet
  facet normal -0 0 1
    outer loop
      vertex 1.17972 11.889 6.5
      vertex 2.75922 10.8336 6.5
      vertex 1.58893 12.4408 6.5
    endloop
  endfacet
  facet normal 0 0 1
    outer loop
      vertex 2.75922 10.8336 6.5
      vertex 1.17972 11.889 6.5
      vertex 2.50189 10.4043 6.5
    endloop
  endfacet
  facet normal -0 0 1
    outer loop
      vertex 0.826553 11.2998 6.5
      vertex 2.50189 10.4043 6.5
      vertex 1.17972 11.889 6.5
    endloop
  endfacet
  facet normal 0 0 1
    outer loop
      vertex 2.50189 10.4043 6.5
      vertex 0.826553 11.2998 6.5
      vertex 2.28789 9.95181 6.5
    endloop
  endfacet
  facet normal -0 0 1
    outer loop
      vertex 0.532852 10.6788 6.5
      vertex 2.28789 9.95181 6.5
      vertex 0.826553 11.2998 6.5
    endloop
  endfacet
  facet normal 0 0 1
    outer loop
      vertex 2.28789 9.95181 6.5
      vertex 0.532852 10.6788 6.5
      vertex 2.11926 9.48055 6.5
    endloop
  endfacet
  facet normal -0 0 1
    outer loop
      vertex 0.301422 10.032 6.5
      vertex 2.11926 9.48055 6.5
      vertex 0.532852 10.6788 6.5
    endloop
  endfacet
  facet normal 0 0 1
    outer loop
      vertex 2.11926 9.48055 6.5
      vertex 0.301422 10.032 6.5
      vertex 1.99765 8.99503 6.5
    endloop
  endfacet
  facet normal -0 0 1
    outer loop
      vertex 0.134506 9.36563 6.5
      vertex 1.99765 8.99503 6.5
      vertex 0.301422 10.032 6.5
    endloop
  endfacet
  facet normal 0 0 1
    outer loop
      vertex 1.99765 8.99503 6.5
      vertex 0.134506 9.36563 6.5
      vertex 1.92419 8.49991 6.5
    endloop
  endfacet
  facet normal -0 0 1
    outer loop
      vertex 0.0337219 8.68611 6.5
      vertex 1.92419 8.49991 6.5
      vertex 0.134506 9.36563 6.5
    endloop
  endfacet
  facet normal 0 0 1
    outer loop
      vertex 1.92419 8.49991 6.5
      vertex 0.0337219 8.68611 6.5
      vertex 1.90001 8.00735 6.5
    endloop
  endfacet
  facet normal 0 0 1
    outer loop
      vertex 0 8 6.5
      vertex 1.90001 8.00735 6.5
      vertex 0.0337219 8.68611 6.5
    endloop
  endfacet
  facet normal 0 0 1
    outer loop
      vertex 1.90001 8.00735 6.5
      vertex 0 8 6.5
      vertex 1.90001 7.65 6.5
    endloop
  endfacet
  facet normal 0 0 1
    outer loop
      vertex 1.90001 7.65 6.5
      vertex 0 8 6.5
      vertex 0 7.65 6.5
    endloop
  endfacet
  facet normal 0 0 1
    outer loop
      vertex 45.6986 -10.032 6.5
      vertex 43.8807 -9.48055 6.5
      vertex 45.4671 -10.6788 6.5
    endloop
  endfacet
  facet normal -0 0 1
    outer loop
      vertex 43.7121 -9.95181 6.5
      vertex 45.4671 -10.6788 6.5
      vertex 43.8807 -9.48055 6.5
    endloop
  endfacet
  facet normal 0 0 1
    outer loop
      vertex 45.4671 -10.6788 6.5
      vertex 43.7121 -9.95181 6.5
      vertex 45.1734 -11.2998 6.5
    endloop
  endfacet
  facet normal -0 0 1
    outer loop
      vertex 43.4981 -10.4043 6.5
      vertex 45.1734 -11.2998 6.5
      vertex 43.7121 -9.95181 6.5
    endloop
  endfacet
  facet normal 0 0 1
    outer loop
      vertex 45.1734 -11.2998 6.5
      vertex 43.4981 -10.4043 6.5
      vertex 44.8203 -11.889 6.5
    endloop
  endfacet
  facet normal -0 0 1
    outer loop
      vertex 43.2408 -10.8336 6.5
      vertex 44.8203 -11.889 6.5
      vertex 43.4981 -10.4043 6.5
    endloop
  endfacet
  facet normal 0 0 1
    outer loop
      vertex 44.8203 -11.889 6.5
      vertex 43.2408 -10.8336 6.5
      vertex 44.4111 -12.4408 6.5
    endloop
  endfacet
  facet normal -0 0 1
    outer loop
      vertex 42.9426 -11.2356 6.5
      vertex 44.4111 -12.4408 6.5
      vertex 43.2408 -10.8336 6.5
    endloop
  endfacet
  facet normal 0 0 1
    outer loop
      vertex 44.4111 -12.4408 6.5
      vertex 42.9426 -11.2356 6.5
      vertex 43.9497 -12.9497 6.5
    endloop
  endfacet
  facet normal -0 0 1
    outer loop
      vertex 42.6065 -11.6065 6.5
      vertex 43.9497 -12.9497 6.5
      vertex 42.9426 -11.2356 6.5
    endloop
  endfacet
  facet normal 0 0 1
    outer loop
      vertex 43.9497 -12.9497 6.5
      vertex 42.6065 -11.6065 6.5
      vertex 43.4408 -13.4111 6.5
    endloop
  endfacet
  facet normal -0 0 1
    outer loop
      vertex 42.2356 -11.9426 6.5
      vertex 43.4408 -13.4111 6.5
      vertex 42.6065 -11.6065 6.5
    endloop
  endfacet
  facet normal 0 0 1
    outer loop
      vertex 43.4408 -13.4111 6.5
      vertex 42.2356 -11.9426 6.5
      vertex 42.889 -13.8203 6.5
    endloop
  endfacet
  facet normal -0 0 1
    outer loop
      vertex 41.8336 -12.2408 6.5
      vertex 42.889 -13.8203 6.5
      vertex 42.2356 -11.9426 6.5
    endloop
  endfacet
  facet normal 0 0 1
    outer loop
      vertex 42.889 -13.8203 6.5
      vertex 41.8336 -12.2408 6.5
      vertex 42.2998 -14.1734 6.5
    endloop
  endfacet
  facet normal -0 0 1
    outer loop
      vertex 41.4043 -12.4981 6.5
      vertex 42.2998 -14.1734 6.5
      vertex 41.8336 -12.2408 6.5
    endloop
  endfacet
  facet normal 0 0 1
    outer loop
      vertex 42.2998 -14.1734 6.5
      vertex 41.4043 -12.4981 6.5
      vertex 41.6788 -14.4671 6.5
    endloop
  endfacet
  facet normal -0 0 1
    outer loop
      vertex 40.9518 -12.7121 6.5
      vertex 41.6788 -14.4671 6.5
      vertex 41.4043 -12.4981 6.5
    endloop
  endfacet
  facet normal 0 0 1
    outer loop
      vertex 41.6788 -14.4671 6.5
      vertex 40.9518 -12.7121 6.5
      vertex 41.032 -14.6986 6.5
    endloop
  endfacet
  facet normal -0 0 1
    outer loop
      vertex 40.4805 -12.8807 6.5
      vertex 41.032 -14.6986 6.5
      vertex 40.9518 -12.7121 6.5
    endloop
  endfacet
  facet normal 0 0 1
    outer loop
      vertex 40.4805 -12.8807 6.5
      vertex 40.3656 -14.8655 6.5
      vertex 41.032 -14.6986 6.5
    endloop
  endfacet
  facet normal -0 0 1
    outer loop
      vertex 39.995 -13.0023 6.5
      vertex 40.3656 -14.8655 6.5
      vertex 40.4805 -12.8807 6.5
    endloop
  endfacet
  facet normal 0 0 1
    outer loop
      vertex 39.995 -13.0023 6.5
      vertex 39.6861 -14.9663 6.5
      vertex 40.3656 -14.8655 6.5
    endloop
  endfacet
  facet normal -0 0 1
    outer loop
      vertex 39.4999 -13.0758 6.5
      vertex 39.6861 -14.9663 6.5
      vertex 39.995 -13.0023 6.5
    endloop
  endfacet
  facet normal -0 0 1
    outer loop
      vertex 39.0074 -13.1 6.5
      vertex 39.6861 -14.9663 6.5
      vertex 39.4999 -13.0758 6.5
    endloop
  endfacet
  facet normal 0 0 1
    outer loop
      vertex 39.0074 -13.1 6.5
      vertex 39 -15 6.5
      vertex 39.6861 -14.9663 6.5
    endloop
  endfacet
  facet normal 0 0 1
    outer loop
      vertex 39.0074 -13.1 6.5
      vertex 7 -15 6.5
      vertex 39 -15 6.5
    endloop
  endfacet
  facet normal -0 0 1
    outer loop
      vertex 6.99265 -13.1 6.5
      vertex 7 -15 6.5
      vertex 39.0074 -13.1 6.5
    endloop
  endfacet
  facet normal 0 0 1
    outer loop
      vertex 6.50009 -13.0758 6.5
      vertex 7 -15 6.5
      vertex 6.99265 -13.1 6.5
    endloop
  endfacet
  facet normal 0 0 1
    outer loop
      vertex 6.50009 -13.0758 6.5
      vertex 6.31389 -14.9663 6.5
      vertex 7 -15 6.5
    endloop
  endfacet
  facet normal 0 0 1
    outer loop
      vertex 6.00497 -13.0023 6.5
      vertex 6.31389 -14.9663 6.5
      vertex 6.50009 -13.0758 6.5
    endloop
  endfacet
  facet normal 0 0 1
    outer loop
      vertex 6.00497 -13.0023 6.5
      vertex 5.63437 -14.8655 6.5
      vertex 6.31389 -14.9663 6.5
    endloop
  endfacet
  facet normal 0 0 1
    outer loop
      vertex 5.51945 -12.8807 6.5
      vertex 5.63437 -14.8655 6.5
      vertex 6.00497 -13.0023 6.5
    endloop
  endfacet
  facet normal 0 0 1
    outer loop
      vertex 4.96802 -14.6986 6.5
      vertex 5.51945 -12.8807 6.5
      vertex 5.04819 -12.7121 6.5
    endloop
  endfacet
  facet normal 0 0 1
    outer loop
      vertex 5.51945 -12.8807 6.5
      vertex 4.96802 -14.6986 6.5
      vertex 5.63437 -14.8655 6.5
    endloop
  endfacet
  facet normal 0 0 1
    outer loop
      vertex 4.32123 -14.4671 6.5
      vertex 5.04819 -12.7121 6.5
      vertex 4.59572 -12.4981 6.5
    endloop
  endfacet
  facet normal 0 0 1
    outer loop
      vertex 5.04819 -12.7121 6.5
      vertex 4.32123 -14.4671 6.5
      vertex 4.96802 -14.6986 6.5
    endloop
  endfacet
  facet normal 0 0 1
    outer loop
      vertex 3.70023 -14.1734 6.5
      vertex 4.59572 -12.4981 6.5
      vertex 4.1664 -12.2408 6.5
    endloop
  endfacet
  facet normal 0 0 1
    outer loop
      vertex 3.11102 -13.8203 6.5
      vertex 4.1664 -12.2408 6.5
      vertex 3.76437 -11.9426 6.5
    endloop
  endfacet
  facet normal 0 0 1
    outer loop
      vertex 4.59572 -12.4981 6.5
      vertex 3.70023 -14.1734 6.5
      vertex 4.32123 -14.4671 6.5
    endloop
  endfacet
  facet normal 0 0 1
    outer loop
      vertex 2.55925 -13.4111 6.5
      vertex 3.76437 -11.9426 6.5
      vertex 3.39351 -11.6065 6.5
    endloop
  endfacet
  facet normal 0 0 1
    outer loop
      vertex 4.1664 -12.2408 6.5
      vertex 3.11102 -13.8203 6.5
      vertex 3.70023 -14.1734 6.5
    endloop
  endfacet
  facet normal 0 0 1
    outer loop
      vertex 2.05026 -12.9497 6.5
      vertex 3.39351 -11.6065 6.5
      vertex 3.05737 -11.2356 6.5
    endloop
  endfacet
  facet normal 0 0 1
    outer loop
      vertex 1.58893 -12.4408 6.5
      vertex 3.05737 -11.2356 6.5
      vertex 2.75922 -10.8336 6.5
    endloop
  endfacet
  facet normal 0 0 1
    outer loop
      vertex 3.76437 -11.9426 6.5
      vertex 2.55925 -13.4111 6.5
      vertex 3.11102 -13.8203 6.5
    endloop
  endfacet
  facet normal 0 0 1
    outer loop
      vertex 1.58893 -12.4408 6.5
      vertex 2.75922 -10.8336 6.5
      vertex 2.50189 -10.4043 6.5
    endloop
  endfacet
  facet normal 0 0 1
    outer loop
      vertex 1.58893 -12.4408 6.5
      vertex 2.50189 -10.4043 6.5
      vertex 2.28789 -9.95181 6.5
    endloop
  endfacet
  facet normal 0 0 1
    outer loop
      vertex 1.58893 -12.4408 6.5
      vertex 2.28789 -9.95181 6.5
      vertex 2.11926 -9.48055 6.5
    endloop
  endfacet
  facet normal 0 0 1
    outer loop
      vertex 3.39351 -11.6065 6.5
      vertex 2.05026 -12.9497 6.5
      vertex 2.55925 -13.4111 6.5
    endloop
  endfacet
  facet normal 0 0 1
    outer loop
      vertex 1.58893 -12.4408 6.5
      vertex 2.11926 -9.48055 6.5
      vertex 1.99765 -8.99503 6.5
    endloop
  endfacet
  facet normal 0 0 1
    outer loop
      vertex 1.58893 -12.4408 6.5
      vertex 1.99765 -8.99503 6.5
      vertex 1.92419 -8.49991 6.5
    endloop
  endfacet
  facet normal 0 0 1
    outer loop
      vertex 1.58893 -12.4408 6.5
      vertex 1.92419 -8.49991 6.5
      vertex 1.90001 -8.00735 6.5
    endloop
  endfacet
  facet normal 0 0 1
    outer loop
      vertex 3.05737 -11.2356 6.5
      vertex 1.58893 -12.4408 6.5
      vertex 2.05026 -12.9497 6.5
    endloop
  endfacet
  facet normal 0 0 1
    outer loop
      vertex 42.5 4.89441 6.5
      vertex 42.488 0.245043 6.5
      vertex 42.5 0.000310598 6.5
    endloop
  endfacet
  facet normal 0 0 1
    outer loop
      vertex 42.5 4.89441 6.5
      vertex 42.452 0.487725 6.5
      vertex 42.488 0.245043 6.5
    endloop
  endfacet
  facet normal 0 0 1
    outer loop
      vertex 42.5 4.89441 6.5
      vertex 42.3923 0.725711 6.5
      vertex 42.452 0.487725 6.5
    endloop
  endfacet
  facet normal 0 0 1
    outer loop
      vertex 42.5 4.89441 6.5
      vertex 42.3097 0.956708 6.5
      vertex 42.3923 0.725711 6.5
    endloop
  endfacet
  facet normal 0 0 1
    outer loop
      vertex 42.5 4.89441 6.5
      vertex 42.2048 1.17849 6.5
      vertex 42.3097 0.956708 6.5
    endloop
  endfacet
  facet normal 0 0 1
    outer loop
      vertex 40.9567 2.3097 6.5
      vertex 42.5 4.89441 6.5
      vertex 42.1048 5.08134 6.5
    endloop
  endfacet
  facet normal 0 0 1
    outer loop
      vertex 42.5 4.89441 6.5
      vertex 42.0787 1.38893 6.5
      vertex 42.2048 1.17849 6.5
    endloop
  endfacet
  facet normal 0 0 1
    outer loop
      vertex 42.5 4.89441 6.5
      vertex 41.9325 1.58598 6.5
      vertex 42.0787 1.38893 6.5
    endloop
  endfacet
  facet normal 0 0 1
    outer loop
      vertex 42.5 4.89441 6.5
      vertex 41.7678 1.76777 6.5
      vertex 41.9325 1.58598 6.5
    endloop
  endfacet
  facet normal 0 0 1
    outer loop
      vertex 40.9567 2.3097 6.5
      vertex 42.1048 5.08134 6.5
      vertex 41.5966 5.26317 6.5
    endloop
  endfacet
  facet normal 0 0 1
    outer loop
      vertex 42.5 4.89441 6.5
      vertex 41.586 1.93253 6.5
      vertex 41.7678 1.76777 6.5
    endloop
  endfacet
  facet normal 0 0 1
    outer loop
      vertex 42.5 4.89441 6.5
      vertex 41.3889 2.07867 6.5
      vertex 41.586 1.93253 6.5
    endloop
  endfacet
  facet normal 0 0 1
    outer loop
      vertex 42.5 4.89441 6.5
      vertex 41.1785 2.2048 6.5
      vertex 41.3889 2.07867 6.5
    endloop
  endfacet
  facet normal 0 0 1
    outer loop
      vertex 40.7257 2.39235 6.5
      vertex 41.5966 5.26317 6.5
      vertex 41.073 5.39432 6.5
    endloop
  endfacet
  facet normal 0 0 1
    outer loop
      vertex 42.5 4.89441 6.5
      vertex 40.9567 2.3097 6.5
      vertex 41.1785 2.2048 6.5
    endloop
  endfacet
  facet normal 0 0 1
    outer loop
      vertex 41.5966 5.26317 6.5
      vertex 40.7257 2.39235 6.5
      vertex 40.9567 2.3097 6.5
    endloop
  endfacet
  facet normal 0 0 1
    outer loop
      vertex 40.4877 2.45196 6.5
      vertex 41.073 5.39432 6.5
      vertex 40.5391 5.47352 6.5
    endloop
  endfacet
  facet normal 0 0 1
    outer loop
      vertex 41.073 5.39432 6.5
      vertex 40.4877 2.45196 6.5
      vertex 40.7257 2.39235 6.5
    endloop
  endfacet
  facet normal 0 0 1
    outer loop
      vertex 40.5391 5.47352 6.5
      vertex 40.245 2.48796 6.5
      vertex 40.4877 2.45196 6.5
    endloop
  endfacet
  facet normal 0 0 1
    outer loop
      vertex 40 5.5 6.5
      vertex 40.245 2.48796 6.5
      vertex 40.5391 5.47352 6.5
    endloop
  endfacet
  facet normal 0 0 1
    outer loop
      vertex 40 5.5 6.5
      vertex 40 2.5 6.5
      vertex 40.245 2.48796 6.5
    endloop
  endfacet
  facet normal 0 0 1
    outer loop
      vertex 40 5.5 6.5
      vertex 39.755 2.48796 6.5
      vertex 40 2.5 6.5
    endloop
  endfacet
  facet normal -0 0 1
    outer loop
      vertex 39.4609 5.47352 6.5
      vertex 39.755 2.48796 6.5
      vertex 40 5.5 6.5
    endloop
  endfacet
  facet normal 0 0 1
    outer loop
      vertex 39.755 2.48796 6.5
      vertex 39.4609 5.47352 6.5
      vertex 39.5123 2.45196 6.5
    endloop
  endfacet
  facet normal -0 0 1
    outer loop
      vertex 38.927 5.39432 6.5
      vertex 39.5123 2.45196 6.5
      vertex 39.4609 5.47352 6.5
    endloop
  endfacet
  facet normal 0 0 1
    outer loop
      vertex 39.5123 2.45196 6.5
      vertex 38.927 5.39432 6.5
      vertex 39.2743 2.39235 6.5
    endloop
  endfacet
  facet normal -0 0 1
    outer loop
      vertex 38.4034 5.26317 6.5
      vertex 39.2743 2.39235 6.5
      vertex 38.927 5.39432 6.5
    endloop
  endfacet
  facet normal 0 0 1
    outer loop
      vertex 39.2743 2.39235 6.5
      vertex 38.4034 5.26317 6.5
      vertex 39.0433 2.3097 6.5
    endloop
  endfacet
  facet normal -0 0 1
    outer loop
      vertex 37.8952 5.08134 6.5
      vertex 39.0433 2.3097 6.5
      vertex 38.4034 5.26317 6.5
    endloop
  endfacet
  facet normal 0 0 1
    outer loop
      vertex 39.0433 2.3097 6.5
      vertex 37.8952 5.08134 6.5
      vertex 38.8215 2.2048 6.5
    endloop
  endfacet
  facet normal -0 0 1
    outer loop
      vertex 37.4073 4.85057 6.5
      vertex 38.8215 2.2048 6.5
      vertex 37.8952 5.08134 6.5
    endloop
  endfacet
  facet normal 0 0 1
    outer loop
      vertex 38.8215 2.2048 6.5
      vertex 37.4073 4.85057 6.5
      vertex 38.6111 2.07867 6.5
    endloop
  endfacet
  facet normal -0 0 1
    outer loop
      vertex 36.9444 4.57308 6.5
      vertex 38.6111 2.07867 6.5
      vertex 37.4073 4.85057 6.5
    endloop
  endfacet
  facet normal 0 0 1
    outer loop
      vertex 38.6111 2.07867 6.5
      vertex 36.9444 4.57308 6.5
      vertex 38.414 1.93253 6.5
    endloop
  endfacet
  facet normal -0 0 1
    outer loop
      vertex 36.5108 4.25156 6.5
      vertex 38.414 1.93253 6.5
      vertex 36.9444 4.57308 6.5
    endloop
  endfacet
  facet normal 0 0 1
    outer loop
      vertex 38.414 1.93253 6.5
      vertex 36.5108 4.25156 6.5
      vertex 38.2322 1.76777 6.5
    endloop
  endfacet
  facet normal -0 0 1
    outer loop
      vertex 36.1109 3.88909 6.5
      vertex 38.2322 1.76777 6.5
      vertex 36.5108 4.25156 6.5
    endloop
  endfacet
  facet normal 0 0 1
    outer loop
      vertex 38.2322 1.76777 6.5
      vertex 36.1109 3.88909 6.5
      vertex 38.0675 1.58598 6.5
    endloop
  endfacet
  facet normal -0 0 1
    outer loop
      vertex 35.7484 3.48916 6.5
      vertex 38.0675 1.58598 6.5
      vertex 36.1109 3.88909 6.5
    endloop
  endfacet
  facet normal 0 0 1
    outer loop
      vertex 38.0675 1.58598 6.5
      vertex 35.7484 3.48916 6.5
      vertex 37.9213 1.38893 6.5
    endloop
  endfacet
  facet normal 0 0 1
    outer loop
      vertex 37.9213 1.38893 6.5
      vertex 35.4269 3.05564 6.5
      vertex 37.7952 1.17849 6.5
    endloop
  endfacet
  facet normal -0 0 1
    outer loop
      vertex 35.4269 3.05564 6.5
      vertex 37.9213 1.38893 6.5
      vertex 35.7484 3.48916 6.5
    endloop
  endfacet
  facet normal -0 0 1
    outer loop
      vertex 42.488 -0.245043 6.5
      vertex 42.5 -4.89441 6.5
      vertex 42.5 -0.000310598 6.5
    endloop
  endfacet
  facet normal -0 0 1
    outer loop
      vertex 42.452 -0.487725 6.5
      vertex 42.5 -4.89441 6.5
      vertex 42.488 -0.245043 6.5
    endloop
  endfacet
  facet normal -0 0 1
    outer loop
      vertex 42.3923 -0.725711 6.5
      vertex 42.5 -4.89441 6.5
      vertex 42.452 -0.487725 6.5
    endloop
  endfacet
  facet normal -0 0 1
    outer loop
      vertex 42.3097 -0.956708 6.5
      vertex 42.5 -4.89441 6.5
      vertex 42.3923 -0.725711 6.5
    endloop
  endfacet
  facet normal -0 0 1
    outer loop
      vertex 42.2048 -1.17849 6.5
      vertex 42.5 -4.89441 6.5
      vertex 42.3097 -0.956708 6.5
    endloop
  endfacet
  facet normal -0 0 1
    outer loop
      vertex 42.0787 -1.38893 6.5
      vertex 42.5 -4.89441 6.5
      vertex 42.2048 -1.17849 6.5
    endloop
  endfacet
  facet normal -0 0 1
    outer loop
      vertex 41.9325 -1.58598 6.5
      vertex 42.5 -4.89441 6.5
      vertex 42.0787 -1.38893 6.5
    endloop
  endfacet
  facet normal -0 0 1
    outer loop
      vertex 41.7678 -1.76777 6.5
      vertex 42.5 -4.89441 6.5
      vertex 41.9325 -1.58598 6.5
    endloop
  endfacet
  facet normal -0 0 1
    outer loop
      vertex 41.586 -1.93253 6.5
      vertex 42.5 -4.89441 6.5
      vertex 41.7678 -1.76777 6.5
    endloop
  endfacet
  facet normal -0 0 1
    outer loop
      vertex 41.3889 -2.07867 6.5
      vertex 42.5 -4.89441 6.5
      vertex 41.586 -1.93253 6.5
    endloop
  endfacet
  facet normal -0 0 1
    outer loop
      vertex 41.1785 -2.2048 6.5
      vertex 42.5 -4.89441 6.5
      vertex 41.3889 -2.07867 6.5
    endloop
  endfacet
  facet normal -0 0 1
    outer loop
      vertex 40.9567 -2.3097 6.5
      vertex 42.5 -4.89441 6.5
      vertex 41.1785 -2.2048 6.5
    endloop
  endfacet
  facet normal 0 0 1
    outer loop
      vertex 42.5 -4.89441 6.5
      vertex 40.9567 -2.3097 6.5
      vertex 42.1048 -5.08134 6.5
    endloop
  endfacet
  facet normal 0 0 1
    outer loop
      vertex 42.1048 -5.08134 6.5
      vertex 40.9567 -2.3097 6.5
      vertex 41.5966 -5.26317 6.5
    endloop
  endfacet
  facet normal -0 0 1
    outer loop
      vertex 40.7257 -2.39235 6.5
      vertex 41.5966 -5.26317 6.5
      vertex 40.9567 -2.3097 6.5
    endloop
  endfacet
  facet normal 0 0 1
    outer loop
      vertex 41.5966 -5.26317 6.5
      vertex 40.7257 -2.39235 6.5
      vertex 41.073 -5.39432 6.5
    endloop
  endfacet
  facet normal -0 0 1
    outer loop
      vertex 40.4877 -2.45196 6.5
      vertex 41.073 -5.39432 6.5
      vertex 40.7257 -2.39235 6.5
    endloop
  endfacet
  facet normal 0 0 1
    outer loop
      vertex 41.073 -5.39432 6.5
      vertex 40.4877 -2.45196 6.5
      vertex 40.5391 -5.47352 6.5
    endloop
  endfacet
  facet normal -0 0 1
    outer loop
      vertex 40.245 -2.48796 6.5
      vertex 40.5391 -5.47352 6.5
      vertex 40.4877 -2.45196 6.5
    endloop
  endfacet
  facet normal -0 0 1
    outer loop
      vertex 40 -2.5 6.5
      vertex 40.5391 -5.47352 6.5
      vertex 40.245 -2.48796 6.5
    endloop
  endfacet
  facet normal 0 0 1
    outer loop
      vertex 40 -2.5 6.5
      vertex 40 -5.5 6.5
      vertex 40.5391 -5.47352 6.5
    endloop
  endfacet
  facet normal 0 0 1
    outer loop
      vertex 39.755 -2.48796 6.5
      vertex 40 -5.5 6.5
      vertex 40 -2.5 6.5
    endloop
  endfacet
  facet normal 0 0 1
    outer loop
      vertex 39.4609 -5.47352 6.5
      vertex 39.755 -2.48796 6.5
      vertex 39.5123 -2.45196 6.5
    endloop
  endfacet
  facet normal 0 0 1
    outer loop
      vertex 39.755 -2.48796 6.5
      vertex 39.4609 -5.47352 6.5
      vertex 40 -5.5 6.5
    endloop
  endfacet
  facet normal 0 0 1
    outer loop
      vertex 38.927 -5.39432 6.5
      vertex 39.5123 -2.45196 6.5
      vertex 39.2743 -2.39235 6.5
    endloop
  endfacet
  facet normal 0 0 1
    outer loop
      vertex 38.4034 -5.26317 6.5
      vertex 39.2743 -2.39235 6.5
      vertex 39.0433 -2.3097 6.5
    endloop
  endfacet
  facet normal 0 0 1
    outer loop
      vertex 39.5123 -2.45196 6.5
      vertex 38.927 -5.39432 6.5
      vertex 39.4609 -5.47352 6.5
    endloop
  endfacet
  facet normal 0 0 1
    outer loop
      vertex 37.8952 -5.08134 6.5
      vertex 39.0433 -2.3097 6.5
      vertex 38.8215 -2.2048 6.5
    endloop
  endfacet
  facet normal 0 0 1
    outer loop
      vertex 37.4073 -4.85057 6.5
      vertex 38.8215 -2.2048 6.5
      vertex 38.6111 -2.07867 6.5
    endloop
  endfacet
  facet normal 0 0 1
    outer loop
      vertex 36.9444 -4.57308 6.5
      vertex 38.6111 -2.07867 6.5
      vertex 38.414 -1.93253 6.5
    endloop
  endfacet
  facet normal 0 0 1
    outer loop
      vertex 39.2743 -2.39235 6.5
      vertex 38.4034 -5.26317 6.5
      vertex 38.927 -5.39432 6.5
    endloop
  endfacet
  facet normal 0 0 1
    outer loop
      vertex 36.5108 -4.25156 6.5
      vertex 38.414 -1.93253 6.5
      vertex 38.2322 -1.76777 6.5
    endloop
  endfacet
  facet normal 0 0 1
    outer loop
      vertex 36.1109 -3.88909 6.5
      vertex 38.2322 -1.76777 6.5
      vertex 38.0675 -1.58598 6.5
    endloop
  endfacet
  facet normal 0 0 1
    outer loop
      vertex 35.7484 -3.48916 6.5
      vertex 38.0675 -1.58598 6.5
      vertex 37.9213 -1.38893 6.5
    endloop
  endfacet
  facet normal 0 0 1
    outer loop
      vertex 39.0433 -2.3097 6.5
      vertex 37.8952 -5.08134 6.5
      vertex 38.4034 -5.26317 6.5
    endloop
  endfacet
  facet normal 0 0 1
    outer loop
      vertex 35.4269 -3.05564 6.5
      vertex 37.9213 -1.38893 6.5
      vertex 37.7952 -1.17849 6.5
    endloop
  endfacet
  facet normal 0 0 1
    outer loop
      vertex 35.1494 -2.59268 6.5
      vertex 37.7952 -1.17849 6.5
      vertex 37.6903 -0.956708 6.5
    endloop
  endfacet
  facet normal 0 0 1
    outer loop
      vertex 34.9187 -2.10476 6.5
      vertex 37.6903 -0.956708 6.5
      vertex 37.6077 -0.725711 6.5
    endloop
  endfacet
  facet normal 0 0 1
    outer loop
      vertex 34.7368 -1.59657 6.5
      vertex 37.6077 -0.725711 6.5
      vertex 37.548 -0.487725 6.5
    endloop
  endfacet
  facet normal 0 0 1
    outer loop
      vertex 34.6057 -1.073 6.5
      vertex 37.548 -0.487725 6.5
      vertex 37.512 -0.245043 6.5
    endloop
  endfacet
  facet normal 0 0 1
    outer loop
      vertex 38.8215 -2.2048 6.5
      vertex 37.4073 -4.85057 6.5
      vertex 37.8952 -5.08134 6.5
    endloop
  endfacet
  facet normal 0 0 1
    outer loop
      vertex 34.5265 -0.539094 6.5
      vertex 37.512 -0.245043 6.5
      vertex 37.5 0 6.5
    endloop
  endfacet
  facet normal -0 0 1
    outer loop
      vertex 35.1494 2.59268 6.5
      vertex 37.7952 1.17849 6.5
      vertex 35.4269 3.05564 6.5
    endloop
  endfacet
  facet normal 0 0 1
    outer loop
      vertex 37.7952 1.17849 6.5
      vertex 35.1494 2.59268 6.5
      vertex 37.6903 0.956708 6.5
    endloop
  endfacet
  facet normal 0 0 1
    outer loop
      vertex 38.6111 -2.07867 6.5
      vertex 36.9444 -4.57308 6.5
      vertex 37.4073 -4.85057 6.5
    endloop
  endfacet
  facet normal -0 0 1
    outer loop
      vertex 34.9187 2.10476 6.5
      vertex 37.6903 0.956708 6.5
      vertex 35.1494 2.59268 6.5
    endloop
  endfacet
  facet normal 0 0 1
    outer loop
      vertex 38.414 -1.93253 6.5
      vertex 36.5108 -4.25156 6.5
      vertex 36.9444 -4.57308 6.5
    endloop
  endfacet
  facet normal 0 0 1
    outer loop
      vertex 37.6903 0.956708 6.5
      vertex 34.9187 2.10476 6.5
      vertex 37.6077 0.725711 6.5
    endloop
  endfacet
  facet normal 0 0 1
    outer loop
      vertex 38.2322 -1.76777 6.5
      vertex 36.1109 -3.88909 6.5
      vertex 36.5108 -4.25156 6.5
    endloop
  endfacet
  facet normal -0 0 1
    outer loop
      vertex 34.7368 1.59657 6.5
      vertex 37.6077 0.725711 6.5
      vertex 34.9187 2.10476 6.5
    endloop
  endfacet
  facet normal 0 0 1
    outer loop
      vertex 38.0675 -1.58598 6.5
      vertex 35.7484 -3.48916 6.5
      vertex 36.1109 -3.88909 6.5
    endloop
  endfacet
  facet normal 0 0 1
    outer loop
      vertex 37.6077 0.725711 6.5
      vertex 34.7368 1.59657 6.5
      vertex 37.548 0.487725 6.5
    endloop
  endfacet
  facet normal 0 0 1
    outer loop
      vertex 37.9213 -1.38893 6.5
      vertex 35.4269 -3.05564 6.5
      vertex 35.7484 -3.48916 6.5
    endloop
  endfacet
  facet normal -0 0 1
    outer loop
      vertex 34.6057 1.073 6.5
      vertex 37.548 0.487725 6.5
      vertex 34.7368 1.59657 6.5
    endloop
  endfacet
  facet normal 0 0 1
    outer loop
      vertex 37.7952 -1.17849 6.5
      vertex 35.1494 -2.59268 6.5
      vertex 35.4269 -3.05564 6.5
    endloop
  endfacet
  facet normal 0 0 1
    outer loop
      vertex 37.548 0.487725 6.5
      vertex 34.6057 1.073 6.5
      vertex 37.512 0.245043 6.5
    endloop
  endfacet
  facet normal 0 0 1
    outer loop
      vertex 37.6903 -0.956708 6.5
      vertex 34.9187 -2.10476 6.5
      vertex 35.1494 -2.59268 6.5
    endloop
  endfacet
  facet normal -0 0 1
    outer loop
      vertex 34.5265 0.539094 6.5
      vertex 37.512 0.245043 6.5
      vertex 34.6057 1.073 6.5
    endloop
  endfacet
  facet normal 0 0 1
    outer loop
      vertex 37.6077 -0.725711 6.5
      vertex 34.7368 -1.59657 6.5
      vertex 34.9187 -2.10476 6.5
    endloop
  endfacet
  facet normal 0 0 1
    outer loop
      vertex 37.512 0.245043 6.5
      vertex 34.5265 0.539094 6.5
      vertex 37.5 0 6.5
    endloop
  endfacet
  facet normal 0 0 1
    outer loop
      vertex 37.548 -0.487725 6.5
      vertex 34.6057 -1.073 6.5
      vertex 34.7368 -1.59657 6.5
    endloop
  endfacet
  facet normal 0 0 1
    outer loop
      vertex 34.5 0 6.5
      vertex 37.5 0 6.5
      vertex 34.5265 0.539094 6.5
    endloop
  endfacet
  facet normal 0 0 1
    outer loop
      vertex 37.512 -0.245043 6.5
      vertex 34.5265 -0.539094 6.5
      vertex 34.6057 -1.073 6.5
    endloop
  endfacet
  facet normal 0 0 1
    outer loop
      vertex 37.5 0 6.5
      vertex 34.5 0 6.5
      vertex 34.5265 -0.539094 6.5
    endloop
  endfacet
  facet normal 0 0 1
    outer loop
      vertex 8.18315 0.34306 6.5
      vertex 8.18315 -0.34306 6.5
      vertex 8.2 0 6.5
    endloop
  endfacet
  facet normal 0 0 1
    outer loop
      vertex 8.13275 0.682816 6.5
      vertex 8.18315 -0.34306 6.5
      vertex 8.18315 0.34306 6.5
    endloop
  endfacet
  facet normal 0 0 1
    outer loop
      vertex 8.13275 0.682816 6.5
      vertex 8.13275 -0.682816 6.5
      vertex 8.18315 -0.34306 6.5
    endloop
  endfacet
  facet normal 0 0 1
    outer loop
      vertex 8.04929 1.016 6.5
      vertex 8.13275 -0.682816 6.5
      vertex 8.13275 0.682816 6.5
    endloop
  endfacet
  facet normal 0 0 1
    outer loop
      vertex 8.04929 1.016 6.5
      vertex 8.04929 -1.016 6.5
      vertex 8.13275 -0.682816 6.5
    endloop
  endfacet
  facet normal 0 0 1
    outer loop
      vertex 7.93358 1.33939 6.5
      vertex 8.04929 -1.016 6.5
      vertex 8.04929 1.016 6.5
    endloop
  endfacet
  facet normal 0 0 1
    outer loop
      vertex 7.93358 1.33939 6.5
      vertex 7.93358 -1.33939 6.5
      vertex 8.04929 -1.016 6.5
    endloop
  endfacet
  facet normal 0 0 1
    outer loop
      vertex 7.78672 1.64989 6.5
      vertex 7.93358 -1.33939 6.5
      vertex 7.93358 1.33939 6.5
    endloop
  endfacet
  facet normal 0 0 1
    outer loop
      vertex 7.78672 1.64989 6.5
      vertex 7.78672 -1.64989 6.5
      vertex 7.93358 -1.33939 6.5
    endloop
  endfacet
  facet normal 0 0 1
    outer loop
      vertex 7.5 2.09301 6.5
      vertex 7.78672 1.64989 6.5
      vertex 7.61014 1.9445 6.5
    endloop
  endfacet
  facet normal 0 0 1
    outer loop
      vertex 7.78672 1.64989 6.5
      vertex 7.5 2.09301 6.5
      vertex 7.78672 -1.64989 6.5
    endloop
  endfacet
  facet normal 0 0 1
    outer loop
      vertex 7.5 -2.09301 6.5
      vertex 7.78672 -1.64989 6.5
      vertex 7.5 2.09301 6.5
    endloop
  endfacet
  facet normal 0 0 1
    outer loop
      vertex 7.78672 -1.64989 6.5
      vertex 7.5 -2.09301 6.5
      vertex 7.61014 -1.9445 6.5
    endloop
  endfacet
  facet normal 0 0 1
    outer loop
      vertex 14.1846 -9.68635 6.5
      vertex 12.2937 -9.87258 6.5
      vertex 12.3 -10 6.5
    endloop
  endfacet
  facet normal 0 0 1
    outer loop
      vertex 12.7778 -7.3393 6.5
      vertex 12.275 -9.74638 6.5
      vertex 12.2937 -9.87258 6.5
    endloop
  endfacet
  facet normal 0 0 1
    outer loop
      vertex 12.7778 -7.3393 6.5
      vertex 12.244 -9.62263 6.5
      vertex 12.275 -9.74638 6.5
    endloop
  endfacet
  facet normal 0 0 1
    outer loop
      vertex 11.6128 -8.8535 6.5
      vertex 12.5085 -7.17785 6.5
      vertex 12.2246 -7.04358 6.5
    endloop
  endfacet
  facet normal 0 0 1
    outer loop
      vertex 12.7778 -7.3393 6.5
      vertex 12.201 -9.50251 6.5
      vertex 12.244 -9.62263 6.5
    endloop
  endfacet
  facet normal 0 0 1
    outer loop
      vertex 12.7778 -7.3393 6.5
      vertex 12.1465 -9.38718 6.5
      vertex 12.201 -9.50251 6.5
    endloop
  endfacet
  facet normal 0 0 1
    outer loop
      vertex 12.7778 -7.3393 6.5
      vertex 12.0809 -9.27776 6.5
      vertex 12.1465 -9.38718 6.5
    endloop
  endfacet
  facet normal 0 0 1
    outer loop
      vertex 12.7778 -7.3393 6.5
      vertex 12.0049 -9.17529 6.5
      vertex 12.0809 -9.27776 6.5
    endloop
  endfacet
  facet normal 0 0 1
    outer loop
      vertex 11.4975 -8.79896 6.5
      vertex 12.2246 -7.04358 6.5
      vertex 11.9289 -6.93779 6.5
    endloop
  endfacet
  facet normal 0 0 1
    outer loop
      vertex 12.7778 -7.3393 6.5
      vertex 11.9192 -9.08076 6.5
      vertex 12.0049 -9.17529 6.5
    endloop
  endfacet
  facet normal 0 0 1
    outer loop
      vertex 12.7778 -7.3393 6.5
      vertex 11.8247 -8.99509 6.5
      vertex 11.9192 -9.08076 6.5
    endloop
  endfacet
  facet normal 0 0 1
    outer loop
      vertex 12.7778 -7.3393 6.5
      vertex 11.7222 -8.91909 6.5
      vertex 11.8247 -8.99509 6.5
    endloop
  endfacet
  facet normal 0 0 1
    outer loop
      vertex 11.3774 -8.75598 6.5
      vertex 11.9289 -6.93779 6.5
      vertex 11.6243 -6.86149 6.5
    endloop
  endfacet
  facet normal 0 0 1
    outer loop
      vertex 12.5085 -7.17785 6.5
      vertex 11.6128 -8.8535 6.5
      vertex 11.7222 -8.91909 6.5
    endloop
  endfacet
  facet normal 0 0 1
    outer loop
      vertex 12.2246 -7.04358 6.5
      vertex 11.4975 -8.79896 6.5
      vertex 11.6128 -8.8535 6.5
    endloop
  endfacet
  facet normal 0 0 1
    outer loop
      vertex 11.9289 -6.93779 6.5
      vertex 11.3774 -8.75598 6.5
      vertex 11.4975 -8.79896 6.5
    endloop
  endfacet
  facet normal 0 0 1
    outer loop
      vertex 11.2536 -8.72498 6.5
      vertex 11.6243 -6.86149 6.5
      vertex 11.3137 -6.81541 6.5
    endloop
  endfacet
  facet normal 0 0 1
    outer loop
      vertex 11.6243 -6.86149 6.5
      vertex 11.2536 -8.72498 6.5
      vertex 11.3774 -8.75598 6.5
    endloop
  endfacet
  facet normal 0 0 1
    outer loop
      vertex 11.3137 -6.81541 6.5
      vertex 11.1274 -8.70626 6.5
      vertex 11.2536 -8.72498 6.5
    endloop
  endfacet
  facet normal 0 0 1
    outer loop
      vertex 11 -6.8 6.5
      vertex 11.1274 -8.70626 6.5
      vertex 11.3137 -6.81541 6.5
    endloop
  endfacet
  facet normal 0 0 1
    outer loop
      vertex 11 -6.8 6.5
      vertex 11 -8.7 6.5
      vertex 11.1274 -8.70626 6.5
    endloop
  endfacet
  facet normal 0 0 1
    outer loop
      vertex 11 -6.8 6.5
      vertex 10.8726 -8.70626 6.5
      vertex 11 -8.7 6.5
    endloop
  endfacet
  facet normal -0 0 1
    outer loop
      vertex 10.6863 -6.81541 6.5
      vertex 10.8726 -8.70626 6.5
      vertex 11 -6.8 6.5
    endloop
  endfacet
  facet normal 0 0 1
    outer loop
      vertex 10.8726 -8.70626 6.5
      vertex 10.6863 -6.81541 6.5
      vertex 10.7464 -8.72498 6.5
    endloop
  endfacet
  facet normal -0 0 1
    outer loop
      vertex 10.3757 -6.86149 6.5
      vertex 10.7464 -8.72498 6.5
      vertex 10.6863 -6.81541 6.5
    endloop
  endfacet
  facet normal 0 0 1
    outer loop
      vertex 10.7464 -8.72498 6.5
      vertex 10.3757 -6.86149 6.5
      vertex 10.6226 -8.75598 6.5
    endloop
  endfacet
  facet normal -0 0 1
    outer loop
      vertex 10.0711 -6.93779 6.5
      vertex 10.6226 -8.75598 6.5
      vertex 10.3757 -6.86149 6.5
    endloop
  endfacet
  facet normal 0 0 1
    outer loop
      vertex 10.6226 -8.75598 6.5
      vertex 10.0711 -6.93779 6.5
      vertex 10.5025 -8.79896 6.5
    endloop
  endfacet
  facet normal -0 0 1
    outer loop
      vertex 9.77541 -7.04358 6.5
      vertex 10.5025 -8.79896 6.5
      vertex 10.0711 -6.93779 6.5
    endloop
  endfacet
  facet normal 0 0 1
    outer loop
      vertex 10.5025 -8.79896 6.5
      vertex 9.77541 -7.04358 6.5
      vertex 10.3872 -8.8535 6.5
    endloop
  endfacet
  facet normal -0 0 1
    outer loop
      vertex 9.49153 -7.17785 6.5
      vertex 10.3872 -8.8535 6.5
      vertex 9.77541 -7.04358 6.5
    endloop
  endfacet
  facet normal 0 0 1
    outer loop
      vertex 10.3872 -8.8535 6.5
      vertex 9.49153 -7.17785 6.5
      vertex 10.2778 -8.91909 6.5
    endloop
  endfacet
  facet normal -0 0 1
    outer loop
      vertex 9.22217 -7.3393 6.5
      vertex 10.2778 -8.91909 6.5
      vertex 9.49153 -7.17785 6.5
    endloop
  endfacet
  facet normal 0 0 1
    outer loop
      vertex 10.2778 -8.91909 6.5
      vertex 9.22217 -7.3393 6.5
      vertex 10.1753 -8.99509 6.5
    endloop
  endfacet
  facet normal -0 0 1
    outer loop
      vertex 8.96994 -7.52637 6.5
      vertex 10.1753 -8.99509 6.5
      vertex 9.22217 -7.3393 6.5
    endloop
  endfacet
  facet normal 0 0 1
    outer loop
      vertex 10.1753 -8.99509 6.5
      vertex 8.96994 -7.52637 6.5
      vertex 10.0808 -9.08076 6.5
    endloop
  endfacet
  facet normal -0 0 1
    outer loop
      vertex 8.73726 -7.73726 6.5
      vertex 10.0808 -9.08076 6.5
      vertex 8.96994 -7.52637 6.5
    endloop
  endfacet
  facet normal 0 0 1
    outer loop
      vertex 10.0808 -9.08076 6.5
      vertex 8.73726 -7.73726 6.5
      vertex 9.99509 -9.17529 6.5
    endloop
  endfacet
  facet normal -0 0 1
    outer loop
      vertex 8.52637 -7.96994 6.5
      vertex 9.99509 -9.17529 6.5
      vertex 8.73726 -7.73726 6.5
    endloop
  endfacet
  facet normal 0 0 1
    outer loop
      vertex 9.99509 -9.17529 6.5
      vertex 8.52637 -7.96994 6.5
      vertex 9.91909 -9.27776 6.5
    endloop
  endfacet
  facet normal -0 0 1
    outer loop
      vertex 8.3393 -8.22217 6.5
      vertex 9.91909 -9.27776 6.5
      vertex 8.52637 -7.96994 6.5
    endloop
  endfacet
  facet normal 0 0 1
    outer loop
      vertex 9.91909 -9.27776 6.5
      vertex 8.3393 -8.22217 6.5
      vertex 9.8535 -9.38718 6.5
    endloop
  endfacet
  facet normal 0 0 1
    outer loop
      vertex 12.3 -10 6.5
      vertex 14.2 -10 6.5
      vertex 14.1846 -9.68635 6.5
    endloop
  endfacet
  facet normal 0 0 1
    outer loop
      vertex 12.2937 -9.87258 6.5
      vertex 14.1846 -9.68635 6.5
      vertex 14.1385 -9.37571 6.5
    endloop
  endfacet
  facet normal 0 0 1
    outer loop
      vertex 14.2 -10 6.5
      vertex 12.3 -10 6.5
      vertex 14.1846 -10.3137 6.5
    endloop
  endfacet
  facet normal 0 0 1
    outer loop
      vertex 12.2937 -9.87258 6.5
      vertex 14.1385 -9.37571 6.5
      vertex 14.0622 -9.07109 6.5
    endloop
  endfacet
  facet normal -0 0 1
    outer loop
      vertex 12.2937 -10.1274 6.5
      vertex 14.1846 -10.3137 6.5
      vertex 12.3 -10 6.5
    endloop
  endfacet
  facet normal 0 0 1
    outer loop
      vertex 12.2937 -9.87258 6.5
      vertex 14.0622 -9.07109 6.5
      vertex 13.9564 -8.77541 6.5
    endloop
  endfacet
  facet normal 0 0 1
    outer loop
      vertex 14.1846 -10.3137 6.5
      vertex 12.2937 -10.1274 6.5
      vertex 14.1385 -10.6243 6.5
    endloop
  endfacet
  facet normal -0 0 1
    outer loop
      vertex 12.275 -10.2536 6.5
      vertex 14.1385 -10.6243 6.5
      vertex 12.2937 -10.1274 6.5
    endloop
  endfacet
  facet normal 0 0 1
    outer loop
      vertex 12.2937 -9.87258 6.5
      vertex 13.9564 -8.77541 6.5
      vertex 13.8221 -8.49153 6.5
    endloop
  endfacet
  facet normal 0 0 1
    outer loop
      vertex 12.2937 -9.87258 6.5
      vertex 13.8221 -8.49153 6.5
      vertex 13.6607 -8.22217 6.5
    endloop
  endfacet
  facet normal 0 0 1
    outer loop
      vertex 12.2937 -9.87258 6.5
      vertex 13.6607 -8.22217 6.5
      vertex 13.4736 -7.96994 6.5
    endloop
  endfacet
  facet normal 0 0 1
    outer loop
      vertex 12.2937 -9.87258 6.5
      vertex 13.4736 -7.96994 6.5
      vertex 13.2627 -7.73726 6.5
    endloop
  endfacet
  facet normal 0 0 1
    outer loop
      vertex 12.2937 -9.87258 6.5
      vertex 13.2627 -7.73726 6.5
      vertex 13.0301 -7.52637 6.5
    endloop
  endfacet
  facet normal 0 0 1
    outer loop
      vertex 12.2937 -9.87258 6.5
      vertex 13.0301 -7.52637 6.5
      vertex 12.7778 -7.3393 6.5
    endloop
  endfacet
  facet normal 0 0 1
    outer loop
      vertex 11.7222 -8.91909 6.5
      vertex 12.7778 -7.3393 6.5
      vertex 12.5085 -7.17785 6.5
    endloop
  endfacet
  facet normal 0 0 1
    outer loop
      vertex 14.1385 -10.6243 6.5
      vertex 12.275 -10.2536 6.5
      vertex 14.0622 -10.9289 6.5
    endloop
  endfacet
  facet normal -0 0 1
    outer loop
      vertex 12.244 -10.3774 6.5
      vertex 14.0622 -10.9289 6.5
      vertex 12.275 -10.2536 6.5
    endloop
  endfacet
  facet normal 0 0 1
    outer loop
      vertex 14.0622 -10.9289 6.5
      vertex 12.244 -10.3774 6.5
      vertex 13.9564 -11.2246 6.5
    endloop
  endfacet
  facet normal -0 0 1
    outer loop
      vertex 12.201 -10.4975 6.5
      vertex 13.9564 -11.2246 6.5
      vertex 12.244 -10.3774 6.5
    endloop
  endfacet
  facet normal 0 0 1
    outer loop
      vertex 13.9564 -11.2246 6.5
      vertex 12.201 -10.4975 6.5
      vertex 13.8262 -11.5 6.5
    endloop
  endfacet
  facet normal -0 0 1
    outer loop
      vertex 12.1465 -10.6128 6.5
      vertex 13.8262 -11.5 6.5
      vertex 12.201 -10.4975 6.5
    endloop
  endfacet
  facet normal -0 0 1
    outer loop
      vertex 12.0809 -10.7222 6.5
      vertex 13.8262 -11.5 6.5
      vertex 12.1465 -10.6128 6.5
    endloop
  endfacet
  facet normal -0 0 1
    outer loop
      vertex 12.0049 -10.8247 6.5
      vertex 13.8262 -11.5 6.5
      vertex 12.0809 -10.7222 6.5
    endloop
  endfacet
  facet normal -0 0 1
    outer loop
      vertex 11.9192 -10.9192 6.5
      vertex 13.8262 -11.5 6.5
      vertex 12.0049 -10.8247 6.5
    endloop
  endfacet
  facet normal -0 0 1
    outer loop
      vertex 11.8247 -11.0049 6.5
      vertex 13.8262 -11.5 6.5
      vertex 11.9192 -10.9192 6.5
    endloop
  endfacet
  facet normal -0 0 1
    outer loop
      vertex 11.7222 -11.0809 6.5
      vertex 13.8262 -11.5 6.5
      vertex 11.8247 -11.0049 6.5
    endloop
  endfacet
  facet normal -0 0 1
    outer loop
      vertex 11.6128 -11.1465 6.5
      vertex 13.8262 -11.5 6.5
      vertex 11.7222 -11.0809 6.5
    endloop
  endfacet
  facet normal -0 0 1
    outer loop
      vertex 11.4975 -11.201 6.5
      vertex 13.8262 -11.5 6.5
      vertex 11.6128 -11.1465 6.5
    endloop
  endfacet
  facet normal -0 0 1
    outer loop
      vertex 11.3774 -11.244 6.5
      vertex 13.8262 -11.5 6.5
      vertex 11.4975 -11.201 6.5
    endloop
  endfacet
  facet normal -0 0 1
    outer loop
      vertex 11.2536 -11.275 6.5
      vertex 13.8262 -11.5 6.5
      vertex 11.3774 -11.244 6.5
    endloop
  endfacet
  facet normal -0 0 1
    outer loop
      vertex 11.1274 -11.2937 6.5
      vertex 13.8262 -11.5 6.5
      vertex 11.2536 -11.275 6.5
    endloop
  endfacet
  facet normal -0 0 1
    outer loop
      vertex 11 -11.3 6.5
      vertex 13.8262 -11.5 6.5
      vertex 11.1274 -11.2937 6.5
    endloop
  endfacet
  facet normal 0 0 1
    outer loop
      vertex 8.17384 -11.5 6.5
      vertex 11 -11.3 6.5
      vertex 10.8726 -11.2937 6.5
    endloop
  endfacet
  facet normal -0 0 1
    outer loop
      vertex 8.17785 -8.49153 6.5
      vertex 9.8535 -9.38718 6.5
      vertex 8.3393 -8.22217 6.5
    endloop
  endfacet
  facet normal 0 0 1
    outer loop
      vertex 9.8535 -9.38718 6.5
      vertex 8.17785 -8.49153 6.5
      vertex 9.79896 -9.50251 6.5
    endloop
  endfacet
  facet normal -0 0 1
    outer loop
      vertex 8.04358 -8.77541 6.5
      vertex 9.79896 -9.50251 6.5
      vertex 8.17785 -8.49153 6.5
    endloop
  endfacet
  facet normal 0 0 1
    outer loop
      vertex 9.79896 -9.50251 6.5
      vertex 8.04358 -8.77541 6.5
      vertex 9.75598 -9.62263 6.5
    endloop
  endfacet
  facet normal -0 0 1
    outer loop
      vertex 7.93779 -9.07109 6.5
      vertex 9.75598 -9.62263 6.5
      vertex 8.04358 -8.77541 6.5
    endloop
  endfacet
  facet normal 0 0 1
    outer loop
      vertex 9.75598 -9.62263 6.5
      vertex 7.93779 -9.07109 6.5
      vertex 9.72498 -9.74638 6.5
    endloop
  endfacet
  facet normal -0 0 1
    outer loop
      vertex 7.86149 -9.37571 6.5
      vertex 9.72498 -9.74638 6.5
      vertex 7.93779 -9.07109 6.5
    endloop
  endfacet
  facet normal 0 0 1
    outer loop
      vertex 9.72498 -9.74638 6.5
      vertex 7.86149 -9.37571 6.5
      vertex 9.70626 -9.87258 6.5
    endloop
  endfacet
  facet normal -0 0 1
    outer loop
      vertex 7.81541 -9.68635 6.5
      vertex 9.70626 -9.87258 6.5
      vertex 7.86149 -9.37571 6.5
    endloop
  endfacet
  facet normal 0 0 1
    outer loop
      vertex 9.70626 -9.87258 6.5
      vertex 7.81541 -9.68635 6.5
      vertex 9.7 -10 6.5
    endloop
  endfacet
  facet normal 0 0 1
    outer loop
      vertex 7.8 -10 6.5
      vertex 9.7 -10 6.5
      vertex 7.81541 -9.68635 6.5
    endloop
  endfacet
  facet normal 0 0 1
    outer loop
      vertex 9.7 -10 6.5
      vertex 7.8 -10 6.5
      vertex 9.70626 -10.1274 6.5
    endloop
  endfacet
  facet normal 0 -0 1
    outer loop
      vertex 7.81541 -10.3137 6.5
      vertex 9.70626 -10.1274 6.5
      vertex 7.8 -10 6.5
    endloop
  endfacet
  facet normal 0 0 1
    outer loop
      vertex 11 -11.3 6.5
      vertex 8.17384 -11.5 6.5
      vertex 13.8262 -11.5 6.5
    endloop
  endfacet
  facet normal 0 0 1
    outer loop
      vertex 10.7464 -11.275 6.5
      vertex 8.17384 -11.5 6.5
      vertex 10.8726 -11.2937 6.5
    endloop
  endfacet
  facet normal 0 0 1
    outer loop
      vertex 10.6226 -11.244 6.5
      vertex 8.17384 -11.5 6.5
      vertex 10.7464 -11.275 6.5
    endloop
  endfacet
  facet normal 0 0 1
    outer loop
      vertex 10.5025 -11.201 6.5
      vertex 8.17384 -11.5 6.5
      vertex 10.6226 -11.244 6.5
    endloop
  endfacet
  facet normal 0 0 1
    outer loop
      vertex 10.3872 -11.1465 6.5
      vertex 8.17384 -11.5 6.5
      vertex 10.5025 -11.201 6.5
    endloop
  endfacet
  facet normal 0 0 1
    outer loop
      vertex 10.2778 -11.0809 6.5
      vertex 8.17384 -11.5 6.5
      vertex 10.3872 -11.1465 6.5
    endloop
  endfacet
  facet normal 0 0 1
    outer loop
      vertex 10.1753 -11.0049 6.5
      vertex 8.17384 -11.5 6.5
      vertex 10.2778 -11.0809 6.5
    endloop
  endfacet
  facet normal 0 0 1
    outer loop
      vertex 10.0808 -10.9192 6.5
      vertex 8.17384 -11.5 6.5
      vertex 10.1753 -11.0049 6.5
    endloop
  endfacet
  facet normal 0 0 1
    outer loop
      vertex 9.99509 -10.8247 6.5
      vertex 8.17384 -11.5 6.5
      vertex 10.0808 -10.9192 6.5
    endloop
  endfacet
  facet normal 0 0 1
    outer loop
      vertex 9.70626 -10.1274 6.5
      vertex 7.81541 -10.3137 6.5
      vertex 9.72498 -10.2536 6.5
    endloop
  endfacet
  facet normal 0 -0 1
    outer loop
      vertex 7.86149 -10.6243 6.5
      vertex 9.72498 -10.2536 6.5
      vertex 7.81541 -10.3137 6.5
    endloop
  endfacet
  facet normal 0 0 1
    outer loop
      vertex 9.91909 -10.7222 6.5
      vertex 8.17384 -11.5 6.5
      vertex 9.99509 -10.8247 6.5
    endloop
  endfacet
  facet normal 0 0 1
    outer loop
      vertex 9.72498 -10.2536 6.5
      vertex 7.86149 -10.6243 6.5
      vertex 9.75598 -10.3774 6.5
    endloop
  endfacet
  facet normal 0 0 1
    outer loop
      vertex 9.8535 -10.6128 6.5
      vertex 8.17384 -11.5 6.5
      vertex 9.91909 -10.7222 6.5
    endloop
  endfacet
  facet normal 0 -0 1
    outer loop
      vertex 7.93779 -10.9289 6.5
      vertex 9.75598 -10.3774 6.5
      vertex 7.86149 -10.6243 6.5
    endloop
  endfacet
  facet normal 0 -0 1
    outer loop
      vertex 8.17384 -11.5 6.5
      vertex 9.8535 -10.6128 6.5
      vertex 8.04358 -11.2246 6.5
    endloop
  endfacet
  facet normal 0 0 1
    outer loop
      vertex 9.75598 -10.3774 6.5
      vertex 7.93779 -10.9289 6.5
      vertex 9.79896 -10.4975 6.5
    endloop
  endfacet
  facet normal 0 0 1
    outer loop
      vertex 9.79896 -10.4975 6.5
      vertex 8.04358 -11.2246 6.5
      vertex 9.8535 -10.6128 6.5
    endloop
  endfacet
  facet normal 0 -0 1
    outer loop
      vertex 8.04358 -11.2246 6.5
      vertex 9.79896 -10.4975 6.5
      vertex 7.93779 -10.9289 6.5
    endloop
  endfacet
  facet normal 0 0 1
    outer loop
      vertex 32.1846 -9.68635 6.5
      vertex 30.2937 -9.87258 6.5
      vertex 30.3 -10 6.5
    endloop
  endfacet
  facet normal 0 0 1
    outer loop
      vertex 30.7778 -7.3393 6.5
      vertex 30.275 -9.74638 6.5
      vertex 30.2937 -9.87258 6.5
    endloop
  endfacet
  facet normal 0 0 1
    outer loop
      vertex 30.7778 -7.3393 6.5
      vertex 30.244 -9.62263 6.5
      vertex 30.275 -9.74638 6.5
    endloop
  endfacet
  facet normal 0 0 1
    outer loop
      vertex 29.6128 -8.8535 6.5
      vertex 30.5085 -7.17785 6.5
      vertex 30.2246 -7.04358 6.5
    endloop
  endfacet
  facet normal 0 0 1
    outer loop
      vertex 30.7778 -7.3393 6.5
      vertex 30.201 -9.50251 6.5
      vertex 30.244 -9.62263 6.5
    endloop
  endfacet
  facet normal 0 0 1
    outer loop
      vertex 30.7778 -7.3393 6.5
      vertex 30.1465 -9.38718 6.5
      vertex 30.201 -9.50251 6.5
    endloop
  endfacet
  facet normal 0 0 1
    outer loop
      vertex 30.7778 -7.3393 6.5
      vertex 30.0809 -9.27776 6.5
      vertex 30.1465 -9.38718 6.5
    endloop
  endfacet
  facet normal 0 0 1
    outer loop
      vertex 30.7778 -7.3393 6.5
      vertex 30.0049 -9.17529 6.5
      vertex 30.0809 -9.27776 6.5
    endloop
  endfacet
  facet normal 0 0 1
    outer loop
      vertex 29.4975 -8.79896 6.5
      vertex 30.2246 -7.04358 6.5
      vertex 29.9289 -6.93779 6.5
    endloop
  endfacet
  facet normal 0 0 1
    outer loop
      vertex 30.7778 -7.3393 6.5
      vertex 29.9192 -9.08076 6.5
      vertex 30.0049 -9.17529 6.5
    endloop
  endfacet
  facet normal 0 0 1
    outer loop
      vertex 30.7778 -7.3393 6.5
      vertex 29.8247 -8.99509 6.5
      vertex 29.9192 -9.08076 6.5
    endloop
  endfacet
  facet normal 0 0 1
    outer loop
      vertex 30.7778 -7.3393 6.5
      vertex 29.7222 -8.91909 6.5
      vertex 29.8247 -8.99509 6.5
    endloop
  endfacet
  facet normal 0 0 1
    outer loop
      vertex 29.3774 -8.75598 6.5
      vertex 29.9289 -6.93779 6.5
      vertex 29.6243 -6.86149 6.5
    endloop
  endfacet
  facet normal 0 0 1
    outer loop
      vertex 30.5085 -7.17785 6.5
      vertex 29.6128 -8.8535 6.5
      vertex 29.7222 -8.91909 6.5
    endloop
  endfacet
  facet normal 0 0 1
    outer loop
      vertex 30.2246 -7.04358 6.5
      vertex 29.4975 -8.79896 6.5
      vertex 29.6128 -8.8535 6.5
    endloop
  endfacet
  facet normal 0 0 1
    outer loop
      vertex 29.9289 -6.93779 6.5
      vertex 29.3774 -8.75598 6.5
      vertex 29.4975 -8.79896 6.5
    endloop
  endfacet
  facet normal 0 0 1
    outer loop
      vertex 29.2536 -8.72498 6.5
      vertex 29.6243 -6.86149 6.5
      vertex 29.3137 -6.81541 6.5
    endloop
  endfacet
  facet normal 0 0 1
    outer loop
      vertex 29.6243 -6.86149 6.5
      vertex 29.2536 -8.72498 6.5
      vertex 29.3774 -8.75598 6.5
    endloop
  endfacet
  facet normal 0 0 1
    outer loop
      vertex 29.3137 -6.81541 6.5
      vertex 29.1274 -8.70626 6.5
      vertex 29.2536 -8.72498 6.5
    endloop
  endfacet
  facet normal 0 0 1
    outer loop
      vertex 29 -6.8 6.5
      vertex 29.1274 -8.70626 6.5
      vertex 29.3137 -6.81541 6.5
    endloop
  endfacet
  facet normal 0 0 1
    outer loop
      vertex 29 -6.8 6.5
      vertex 29 -8.7 6.5
      vertex 29.1274 -8.70626 6.5
    endloop
  endfacet
  facet normal 0 0 1
    outer loop
      vertex 29 -6.8 6.5
      vertex 28.8726 -8.70626 6.5
      vertex 29 -8.7 6.5
    endloop
  endfacet
  facet normal -0 0 1
    outer loop
      vertex 28.6863 -6.81541 6.5
      vertex 28.8726 -8.70626 6.5
      vertex 29 -6.8 6.5
    endloop
  endfacet
  facet normal 0 0 1
    outer loop
      vertex 28.8726 -8.70626 6.5
      vertex 28.6863 -6.81541 6.5
      vertex 28.7464 -8.72498 6.5
    endloop
  endfacet
  facet normal -0 0 1
    outer loop
      vertex 28.3757 -6.86149 6.5
      vertex 28.7464 -8.72498 6.5
      vertex 28.6863 -6.81541 6.5
    endloop
  endfacet
  facet normal 0 0 1
    outer loop
      vertex 28.7464 -8.72498 6.5
      vertex 28.3757 -6.86149 6.5
      vertex 28.6226 -8.75598 6.5
    endloop
  endfacet
  facet normal -0 0 1
    outer loop
      vertex 28.0711 -6.93779 6.5
      vertex 28.6226 -8.75598 6.5
      vertex 28.3757 -6.86149 6.5
    endloop
  endfacet
  facet normal 0 0 1
    outer loop
      vertex 28.6226 -8.75598 6.5
      vertex 28.0711 -6.93779 6.5
      vertex 28.5025 -8.79896 6.5
    endloop
  endfacet
  facet normal -0 0 1
    outer loop
      vertex 27.7754 -7.04358 6.5
      vertex 28.5025 -8.79896 6.5
      vertex 28.0711 -6.93779 6.5
    endloop
  endfacet
  facet normal 0 0 1
    outer loop
      vertex 28.5025 -8.79896 6.5
      vertex 27.7754 -7.04358 6.5
      vertex 28.3872 -8.8535 6.5
    endloop
  endfacet
  facet normal -0 0 1
    outer loop
      vertex 27.4915 -7.17785 6.5
      vertex 28.3872 -8.8535 6.5
      vertex 27.7754 -7.04358 6.5
    endloop
  endfacet
  facet normal 0 0 1
    outer loop
      vertex 28.3872 -8.8535 6.5
      vertex 27.4915 -7.17785 6.5
      vertex 28.2778 -8.91909 6.5
    endloop
  endfacet
  facet normal -0 0 1
    outer loop
      vertex 27.2222 -7.3393 6.5
      vertex 28.2778 -8.91909 6.5
      vertex 27.4915 -7.17785 6.5
    endloop
  endfacet
  facet normal 0 0 1
    outer loop
      vertex 28.2778 -8.91909 6.5
      vertex 27.2222 -7.3393 6.5
      vertex 28.1753 -8.99509 6.5
    endloop
  endfacet
  facet normal -0 0 1
    outer loop
      vertex 26.9699 -7.52637 6.5
      vertex 28.1753 -8.99509 6.5
      vertex 27.2222 -7.3393 6.5
    endloop
  endfacet
  facet normal 0 0 1
    outer loop
      vertex 28.1753 -8.99509 6.5
      vertex 26.9699 -7.52637 6.5
      vertex 28.0808 -9.08076 6.5
    endloop
  endfacet
  facet normal -0 0 1
    outer loop
      vertex 26.7373 -7.73726 6.5
      vertex 28.0808 -9.08076 6.5
      vertex 26.9699 -7.52637 6.5
    endloop
  endfacet
  facet normal 0 0 1
    outer loop
      vertex 28.0808 -9.08076 6.5
      vertex 26.7373 -7.73726 6.5
      vertex 27.9951 -9.17529 6.5
    endloop
  endfacet
  facet normal -0 0 1
    outer loop
      vertex 26.5264 -7.96994 6.5
      vertex 27.9951 -9.17529 6.5
      vertex 26.7373 -7.73726 6.5
    endloop
  endfacet
  facet normal 0 0 1
    outer loop
      vertex 27.9951 -9.17529 6.5
      vertex 26.5264 -7.96994 6.5
      vertex 27.9191 -9.27776 6.5
    endloop
  endfacet
  facet normal -0 0 1
    outer loop
      vertex 26.3393 -8.22217 6.5
      vertex 27.9191 -9.27776 6.5
      vertex 26.5264 -7.96994 6.5
    endloop
  endfacet
  facet normal 0 0 1
    outer loop
      vertex 27.9191 -9.27776 6.5
      vertex 26.3393 -8.22217 6.5
      vertex 27.8535 -9.38718 6.5
    endloop
  endfacet
  facet normal 0 0 1
    outer loop
      vertex 30.3 -10 6.5
      vertex 32.2 -10 6.5
      vertex 32.1846 -9.68635 6.5
    endloop
  endfacet
  facet normal 0 0 1
    outer loop
      vertex 30.2937 -9.87258 6.5
      vertex 32.1846 -9.68635 6.5
      vertex 32.1385 -9.37571 6.5
    endloop
  endfacet
  facet normal 0 0 1
    outer loop
      vertex 32.2 -10 6.5
      vertex 30.3 -10 6.5
      vertex 32.1846 -10.3137 6.5
    endloop
  endfacet
  facet normal 0 0 1
    outer loop
      vertex 30.2937 -9.87258 6.5
      vertex 32.1385 -9.37571 6.5
      vertex 32.0622 -9.07109 6.5
    endloop
  endfacet
  facet normal -0 0 1
    outer loop
      vertex 30.2937 -10.1274 6.5
      vertex 32.1846 -10.3137 6.5
      vertex 30.3 -10 6.5
    endloop
  endfacet
  facet normal 0 0 1
    outer loop
      vertex 30.2937 -9.87258 6.5
      vertex 32.0622 -9.07109 6.5
      vertex 31.9564 -8.77541 6.5
    endloop
  endfacet
  facet normal 0 0 1
    outer loop
      vertex 32.1846 -10.3137 6.5
      vertex 30.2937 -10.1274 6.5
      vertex 32.1385 -10.6243 6.5
    endloop
  endfacet
  facet normal -0 0 1
    outer loop
      vertex 30.275 -10.2536 6.5
      vertex 32.1385 -10.6243 6.5
      vertex 30.2937 -10.1274 6.5
    endloop
  endfacet
  facet normal 0 0 1
    outer loop
      vertex 30.2937 -9.87258 6.5
      vertex 31.9564 -8.77541 6.5
      vertex 31.8221 -8.49153 6.5
    endloop
  endfacet
  facet normal 0 0 1
    outer loop
      vertex 30.2937 -9.87258 6.5
      vertex 31.8221 -8.49153 6.5
      vertex 31.6607 -8.22217 6.5
    endloop
  endfacet
  facet normal 0 0 1
    outer loop
      vertex 30.2937 -9.87258 6.5
      vertex 31.6607 -8.22217 6.5
      vertex 31.4736 -7.96994 6.5
    endloop
  endfacet
  facet normal 0 0 1
    outer loop
      vertex 30.2937 -9.87258 6.5
      vertex 31.4736 -7.96994 6.5
      vertex 31.2627 -7.73726 6.5
    endloop
  endfacet
  facet normal 0 0 1
    outer loop
      vertex 30.2937 -9.87258 6.5
      vertex 31.2627 -7.73726 6.5
      vertex 31.0301 -7.52637 6.5
    endloop
  endfacet
  facet normal 0 0 1
    outer loop
      vertex 30.2937 -9.87258 6.5
      vertex 31.0301 -7.52637 6.5
      vertex 30.7778 -7.3393 6.5
    endloop
  endfacet
  facet normal 0 0 1
    outer loop
      vertex 29.7222 -8.91909 6.5
      vertex 30.7778 -7.3393 6.5
      vertex 30.5085 -7.17785 6.5
    endloop
  endfacet
  facet normal 0 0 1
    outer loop
      vertex 32.1385 -10.6243 6.5
      vertex 30.275 -10.2536 6.5
      vertex 32.0622 -10.9289 6.5
    endloop
  endfacet
  facet normal -0 0 1
    outer loop
      vertex 30.244 -10.3774 6.5
      vertex 32.0622 -10.9289 6.5
      vertex 30.275 -10.2536 6.5
    endloop
  endfacet
  facet normal 0 0 1
    outer loop
      vertex 32.0622 -10.9289 6.5
      vertex 30.244 -10.3774 6.5
      vertex 31.9564 -11.2246 6.5
    endloop
  endfacet
  facet normal -0 0 1
    outer loop
      vertex 30.201 -10.4975 6.5
      vertex 31.9564 -11.2246 6.5
      vertex 30.244 -10.3774 6.5
    endloop
  endfacet
  facet normal 0 0 1
    outer loop
      vertex 31.9564 -11.2246 6.5
      vertex 30.201 -10.4975 6.5
      vertex 31.8262 -11.5 6.5
    endloop
  endfacet
  facet normal -0 0 1
    outer loop
      vertex 30.1465 -10.6128 6.5
      vertex 31.8262 -11.5 6.5
      vertex 30.201 -10.4975 6.5
    endloop
  endfacet
  facet normal -0 0 1
    outer loop
      vertex 30.0809 -10.7222 6.5
      vertex 31.8262 -11.5 6.5
      vertex 30.1465 -10.6128 6.5
    endloop
  endfacet
  facet normal -0 0 1
    outer loop
      vertex 30.0049 -10.8247 6.5
      vertex 31.8262 -11.5 6.5
      vertex 30.0809 -10.7222 6.5
    endloop
  endfacet
  facet normal -0 0 1
    outer loop
      vertex 29.9192 -10.9192 6.5
      vertex 31.8262 -11.5 6.5
      vertex 30.0049 -10.8247 6.5
    endloop
  endfacet
  facet normal -0 0 1
    outer loop
      vertex 29.8247 -11.0049 6.5
      vertex 31.8262 -11.5 6.5
      vertex 29.9192 -10.9192 6.5
    endloop
  endfacet
  facet normal -0 0 1
    outer loop
      vertex 29.7222 -11.0809 6.5
      vertex 31.8262 -11.5 6.5
      vertex 29.8247 -11.0049 6.5
    endloop
  endfacet
  facet normal -0 0 1
    outer loop
      vertex 29.6128 -11.1465 6.5
      vertex 31.8262 -11.5 6.5
      vertex 29.7222 -11.0809 6.5
    endloop
  endfacet
  facet normal -0 0 1
    outer loop
      vertex 29.4975 -11.201 6.5
      vertex 31.8262 -11.5 6.5
      vertex 29.6128 -11.1465 6.5
    endloop
  endfacet
  facet normal -0 0 1
    outer loop
      vertex 29.3774 -11.244 6.5
      vertex 31.8262 -11.5 6.5
      vertex 29.4975 -11.201 6.5
    endloop
  endfacet
  facet normal -0 0 1
    outer loop
      vertex 29.2536 -11.275 6.5
      vertex 31.8262 -11.5 6.5
      vertex 29.3774 -11.244 6.5
    endloop
  endfacet
  facet normal -0 0 1
    outer loop
      vertex 29.1274 -11.2937 6.5
      vertex 31.8262 -11.5 6.5
      vertex 29.2536 -11.275 6.5
    endloop
  endfacet
  facet normal -0 0 1
    outer loop
      vertex 29 -11.3 6.5
      vertex 31.8262 -11.5 6.5
      vertex 29.1274 -11.2937 6.5
    endloop
  endfacet
  facet normal 0 0 1
    outer loop
      vertex 26.1738 -11.5 6.5
      vertex 29 -11.3 6.5
      vertex 28.8726 -11.2937 6.5
    endloop
  endfacet
  facet normal -0 0 1
    outer loop
      vertex 26.1779 -8.49153 6.5
      vertex 27.8535 -9.38718 6.5
      vertex 26.3393 -8.22217 6.5
    endloop
  endfacet
  facet normal 0 0 1
    outer loop
      vertex 27.8535 -9.38718 6.5
      vertex 26.1779 -8.49153 6.5
      vertex 27.799 -9.50251 6.5
    endloop
  endfacet
  facet normal -0 0 1
    outer loop
      vertex 26.0436 -8.77541 6.5
      vertex 27.799 -9.50251 6.5
      vertex 26.1779 -8.49153 6.5
    endloop
  endfacet
  facet normal 0 0 1
    outer loop
      vertex 27.799 -9.50251 6.5
      vertex 26.0436 -8.77541 6.5
      vertex 27.756 -9.62263 6.5
    endloop
  endfacet
  facet normal -0 0 1
    outer loop
      vertex 25.9378 -9.07109 6.5
      vertex 27.756 -9.62263 6.5
      vertex 26.0436 -8.77541 6.5
    endloop
  endfacet
  facet normal 0 0 1
    outer loop
      vertex 27.756 -9.62263 6.5
      vertex 25.9378 -9.07109 6.5
      vertex 27.725 -9.74638 6.5
    endloop
  endfacet
  facet normal -0 0 1
    outer loop
      vertex 25.8615 -9.37571 6.5
      vertex 27.725 -9.74638 6.5
      vertex 25.9378 -9.07109 6.5
    endloop
  endfacet
  facet normal 0 0 1
    outer loop
      vertex 27.725 -9.74638 6.5
      vertex 25.8615 -9.37571 6.5
      vertex 27.7063 -9.87258 6.5
    endloop
  endfacet
  facet normal -0 0 1
    outer loop
      vertex 25.8154 -9.68635 6.5
      vertex 27.7063 -9.87258 6.5
      vertex 25.8615 -9.37571 6.5
    endloop
  endfacet
  facet normal 0 0 1
    outer loop
      vertex 27.7063 -9.87258 6.5
      vertex 25.8154 -9.68635 6.5
      vertex 27.7 -10 6.5
    endloop
  endfacet
  facet normal 0 0 1
    outer loop
      vertex 25.8 -10 6.5
      vertex 27.7 -10 6.5
      vertex 25.8154 -9.68635 6.5
    endloop
  endfacet
  facet normal 0 0 1
    outer loop
      vertex 27.7 -10 6.5
      vertex 25.8 -10 6.5
      vertex 27.7063 -10.1274 6.5
    endloop
  endfacet
  facet normal 0 -0 1
    outer loop
      vertex 25.8154 -10.3137 6.5
      vertex 27.7063 -10.1274 6.5
      vertex 25.8 -10 6.5
    endloop
  endfacet
  facet normal 0 0 1
    outer loop
      vertex 29 -11.3 6.5
      vertex 26.1738 -11.5 6.5
      vertex 31.8262 -11.5 6.5
    endloop
  endfacet
  facet normal 0 0 1
    outer loop
      vertex 28.7464 -11.275 6.5
      vertex 26.1738 -11.5 6.5
      vertex 28.8726 -11.2937 6.5
    endloop
  endfacet
  facet normal 0 0 1
    outer loop
      vertex 28.6226 -11.244 6.5
      vertex 26.1738 -11.5 6.5
      vertex 28.7464 -11.275 6.5
    endloop
  endfacet
  facet normal 0 0 1
    outer loop
      vertex 28.5025 -11.201 6.5
      vertex 26.1738 -11.5 6.5
      vertex 28.6226 -11.244 6.5
    endloop
  endfacet
  facet normal 0 0 1
    outer loop
      vertex 28.3872 -11.1465 6.5
      vertex 26.1738 -11.5 6.5
      vertex 28.5025 -11.201 6.5
    endloop
  endfacet
  facet normal 0 0 1
    outer loop
      vertex 28.2778 -11.0809 6.5
      vertex 26.1738 -11.5 6.5
      vertex 28.3872 -11.1465 6.5
    endloop
  endfacet
  facet normal 0 0 1
    outer loop
      vertex 28.1753 -11.0049 6.5
      vertex 26.1738 -11.5 6.5
      vertex 28.2778 -11.0809 6.5
    endloop
  endfacet
  facet normal 0 0 1
    outer loop
      vertex 28.0808 -10.9192 6.5
      vertex 26.1738 -11.5 6.5
      vertex 28.1753 -11.0049 6.5
    endloop
  endfacet
  facet normal 0 0 1
    outer loop
      vertex 27.9951 -10.8247 6.5
      vertex 26.1738 -11.5 6.5
      vertex 28.0808 -10.9192 6.5
    endloop
  endfacet
  facet normal 0 0 1
    outer loop
      vertex 27.7063 -10.1274 6.5
      vertex 25.8154 -10.3137 6.5
      vertex 27.725 -10.2536 6.5
    endloop
  endfacet
  facet normal 0 -0 1
    outer loop
      vertex 25.8615 -10.6243 6.5
      vertex 27.725 -10.2536 6.5
      vertex 25.8154 -10.3137 6.5
    endloop
  endfacet
  facet normal 0 0 1
    outer loop
      vertex 27.9191 -10.7222 6.5
      vertex 26.1738 -11.5 6.5
      vertex 27.9951 -10.8247 6.5
    endloop
  endfacet
  facet normal 0 0 1
    outer loop
      vertex 27.725 -10.2536 6.5
      vertex 25.8615 -10.6243 6.5
      vertex 27.756 -10.3774 6.5
    endloop
  endfacet
  facet normal 0 0 1
    outer loop
      vertex 27.8535 -10.6128 6.5
      vertex 26.1738 -11.5 6.5
      vertex 27.9191 -10.7222 6.5
    endloop
  endfacet
  facet normal 0 -0 1
    outer loop
      vertex 25.9378 -10.9289 6.5
      vertex 27.756 -10.3774 6.5
      vertex 25.8615 -10.6243 6.5
    endloop
  endfacet
  facet normal 0 -0 1
    outer loop
      vertex 26.1738 -11.5 6.5
      vertex 27.8535 -10.6128 6.5
      vertex 26.0436 -11.2246 6.5
    endloop
  endfacet
  facet normal 0 0 1
    outer loop
      vertex 27.756 -10.3774 6.5
      vertex 25.9378 -10.9289 6.5
      vertex 27.799 -10.4975 6.5
    endloop
  endfacet
  facet normal 0 0 1
    outer loop
      vertex 27.799 -10.4975 6.5
      vertex 26.0436 -11.2246 6.5
      vertex 27.8535 -10.6128 6.5
    endloop
  endfacet
  facet normal 0 -0 1
    outer loop
      vertex 26.0436 -11.2246 6.5
      vertex 27.799 -10.4975 6.5
      vertex 25.9378 -10.9289 6.5
    endloop
  endfacet
  facet normal 0 0 1
    outer loop
      vertex 12.3 10 6.5
      vertex 14.2 10 6.5
      vertex 14.1846 10.3137 6.5
    endloop
  endfacet
  facet normal 0 0 1
    outer loop
      vertex 12.2937 10.1274 6.5
      vertex 14.1846 10.3137 6.5
      vertex 14.1385 10.6243 6.5
    endloop
  endfacet
  facet normal 0 0 1
    outer loop
      vertex 14.2 10 6.5
      vertex 12.3 10 6.5
      vertex 14.1846 9.68635 6.5
    endloop
  endfacet
  facet normal 0 0 1
    outer loop
      vertex 12.275 10.2536 6.5
      vertex 14.1385 10.6243 6.5
      vertex 14.0622 10.9289 6.5
    endloop
  endfacet
  facet normal -0 0 1
    outer loop
      vertex 12.2937 9.87258 6.5
      vertex 14.1846 9.68635 6.5
      vertex 12.3 10 6.5
    endloop
  endfacet
  facet normal 0 0 1
    outer loop
      vertex 12.244 10.3774 6.5
      vertex 14.0622 10.9289 6.5
      vertex 13.9564 11.2246 6.5
    endloop
  endfacet
  facet normal 0 0 1
    outer loop
      vertex 14.1846 9.68635 6.5
      vertex 12.2937 9.87258 6.5
      vertex 14.1385 9.37571 6.5
    endloop
  endfacet
  facet normal 0 0 1
    outer loop
      vertex 12.201 10.4975 6.5
      vertex 13.9564 11.2246 6.5
      vertex 13.8262 11.5 6.5
    endloop
  endfacet
  facet normal -0 0 1
    outer loop
      vertex 12.275 9.74638 6.5
      vertex 14.1385 9.37571 6.5
      vertex 12.2937 9.87258 6.5
    endloop
  endfacet
  facet normal 0 0 1
    outer loop
      vertex 14.1385 9.37571 6.5
      vertex 12.275 9.74638 6.5
      vertex 14.0622 9.07109 6.5
    endloop
  endfacet
  facet normal 0 0 1
    outer loop
      vertex 14.0622 9.07109 6.5
      vertex 12.244 9.62263 6.5
      vertex 13.9564 8.77541 6.5
    endloop
  endfacet
  facet normal -0 0 1
    outer loop
      vertex 12.201 9.50251 6.5
      vertex 13.9564 8.77541 6.5
      vertex 12.244 9.62263 6.5
    endloop
  endfacet
  facet normal -0 0 1
    outer loop
      vertex 12.1465 9.38718 6.5
      vertex 13.8221 8.49153 6.5
      vertex 12.201 9.50251 6.5
    endloop
  endfacet
  facet normal 0 0 1
    outer loop
      vertex 13.8221 8.49153 6.5
      vertex 12.1465 9.38718 6.5
      vertex 13.6607 8.22217 6.5
    endloop
  endfacet
  facet normal 0 0 1
    outer loop
      vertex 13.6607 8.22217 6.5
      vertex 12.0809 9.27776 6.5
      vertex 13.4736 7.96994 6.5
    endloop
  endfacet
  facet normal -0 0 1
    outer loop
      vertex 12.244 9.62263 6.5
      vertex 14.0622 9.07109 6.5
      vertex 12.275 9.74638 6.5
    endloop
  endfacet
  facet normal 0 0 1
    outer loop
      vertex 14.1846 10.3137 6.5
      vertex 12.2937 10.1274 6.5
      vertex 12.3 10 6.5
    endloop
  endfacet
  facet normal 0 0 1
    outer loop
      vertex 14.1385 10.6243 6.5
      vertex 12.275 10.2536 6.5
      vertex 12.2937 10.1274 6.5
    endloop
  endfacet
  facet normal 0 0 1
    outer loop
      vertex 14.0622 10.9289 6.5
      vertex 12.244 10.3774 6.5
      vertex 12.275 10.2536 6.5
    endloop
  endfacet
  facet normal 0 0 1
    outer loop
      vertex 13.9564 11.2246 6.5
      vertex 12.201 10.4975 6.5
      vertex 12.244 10.3774 6.5
    endloop
  endfacet
  facet normal 0 0 1
    outer loop
      vertex 13.8262 11.5 6.5
      vertex 12.1465 10.6128 6.5
      vertex 12.201 10.4975 6.5
    endloop
  endfacet
  facet normal 0 0 1
    outer loop
      vertex 13.8262 11.5 6.5
      vertex 12.0809 10.7222 6.5
      vertex 12.1465 10.6128 6.5
    endloop
  endfacet
  facet normal 0 0 1
    outer loop
      vertex 13.8262 11.5 6.5
      vertex 12.0049 10.8247 6.5
      vertex 12.0809 10.7222 6.5
    endloop
  endfacet
  facet normal 0 0 1
    outer loop
      vertex 13.8262 11.5 6.5
      vertex 11.9192 10.9192 6.5
      vertex 12.0049 10.8247 6.5
    endloop
  endfacet
  facet normal 0 0 1
    outer loop
      vertex 13.8262 11.5 6.5
      vertex 11.8247 11.0049 6.5
      vertex 11.9192 10.9192 6.5
    endloop
  endfacet
  facet normal 0 0 1
    outer loop
      vertex 13.8262 11.5 6.5
      vertex 11.7222 11.0809 6.5
      vertex 11.8247 11.0049 6.5
    endloop
  endfacet
  facet normal 0 0 1
    outer loop
      vertex 13.8262 11.5 6.5
      vertex 11.6128 11.1465 6.5
      vertex 11.7222 11.0809 6.5
    endloop
  endfacet
  facet normal 0 0 1
    outer loop
      vertex 13.8262 11.5 6.5
      vertex 11.4975 11.201 6.5
      vertex 11.6128 11.1465 6.5
    endloop
  endfacet
  facet normal 0 0 1
    outer loop
      vertex 13.8262 11.5 6.5
      vertex 11.3774 11.244 6.5
      vertex 11.4975 11.201 6.5
    endloop
  endfacet
  facet normal 0 0 1
    outer loop
      vertex 13.8262 11.5 6.5
      vertex 11.2536 11.275 6.5
      vertex 11.3774 11.244 6.5
    endloop
  endfacet
  facet normal 0 0 1
    outer loop
      vertex 13.8262 11.5 6.5
      vertex 11.1274 11.2937 6.5
      vertex 11.2536 11.275 6.5
    endloop
  endfacet
  facet normal 0 0 1
    outer loop
      vertex 13.8262 11.5 6.5
      vertex 11 11.3 6.5
      vertex 11.1274 11.2937 6.5
    endloop
  endfacet
  facet normal -0 0 1
    outer loop
      vertex 8.17384 11.5 6.5
      vertex 11 11.3 6.5
      vertex 13.8262 11.5 6.5
    endloop
  endfacet
  facet normal 0 0 1
    outer loop
      vertex 7.8 10 6.5
      vertex 9.7 10 6.5
      vertex 9.70626 10.1274 6.5
    endloop
  endfacet
  facet normal 0 0 1
    outer loop
      vertex 9.7 10 6.5
      vertex 9.22217 7.3393 6.5
      vertex 9.49153 7.17785 6.5
    endloop
  endfacet
  facet normal 0 0 1
    outer loop
      vertex 7.81541 10.3137 6.5
      vertex 9.70626 10.1274 6.5
      vertex 9.72498 10.2536 6.5
    endloop
  endfacet
  facet normal 0 0 1
    outer loop
      vertex 9.7 10 6.5
      vertex 8.96994 7.52637 6.5
      vertex 9.22217 7.3393 6.5
    endloop
  endfacet
  facet normal 0 0 1
    outer loop
      vertex 7.86149 10.6243 6.5
      vertex 9.72498 10.2536 6.5
      vertex 9.75598 10.3774 6.5
    endloop
  endfacet
  facet normal 0 0 1
    outer loop
      vertex 9.7 10 6.5
      vertex 8.73726 7.73726 6.5
      vertex 8.96994 7.52637 6.5
    endloop
  endfacet
  facet normal 0 0 1
    outer loop
      vertex 7.93779 10.9289 6.5
      vertex 9.75598 10.3774 6.5
      vertex 9.79896 10.4975 6.5
    endloop
  endfacet
  facet normal 0 0 1
    outer loop
      vertex 9.7 10 6.5
      vertex 8.52637 7.96994 6.5
      vertex 8.73726 7.73726 6.5
    endloop
  endfacet
  facet normal 0 0 1
    outer loop
      vertex 8.04358 11.2246 6.5
      vertex 9.79896 10.4975 6.5
      vertex 9.8535 10.6128 6.5
    endloop
  endfacet
  facet normal 0 0 1
    outer loop
      vertex 9.7 10 6.5
      vertex 8.3393 8.22217 6.5
      vertex 8.52637 7.96994 6.5
    endloop
  endfacet
  facet normal 0 0 1
    outer loop
      vertex 8.17384 11.5 6.5
      vertex 9.8535 10.6128 6.5
      vertex 9.91909 10.7222 6.5
    endloop
  endfacet
  facet normal 0 0 1
    outer loop
      vertex 9.7 10 6.5
      vertex 8.17785 8.49153 6.5
      vertex 8.3393 8.22217 6.5
    endloop
  endfacet
  facet normal 0 0 1
    outer loop
      vertex 8.17384 11.5 6.5
      vertex 9.91909 10.7222 6.5
      vertex 9.99509 10.8247 6.5
    endloop
  endfacet
  facet normal 0 0 1
    outer loop
      vertex 11 11.3 6.5
      vertex 8.17384 11.5 6.5
      vertex 10.8726 11.2937 6.5
    endloop
  endfacet
  facet normal 0 0 1
    outer loop
      vertex 8.17384 11.5 6.5
      vertex 10.7464 11.275 6.5
      vertex 10.8726 11.2937 6.5
    endloop
  endfacet
  facet normal 0 0 1
    outer loop
      vertex 8.17384 11.5 6.5
      vertex 10.6226 11.244 6.5
      vertex 10.7464 11.275 6.5
    endloop
  endfacet
  facet normal 0 0 1
    outer loop
      vertex 8.17384 11.5 6.5
      vertex 10.5025 11.201 6.5
      vertex 10.6226 11.244 6.5
    endloop
  endfacet
  facet normal 0 0 1
    outer loop
      vertex 8.17384 11.5 6.5
      vertex 10.3872 11.1465 6.5
      vertex 10.5025 11.201 6.5
    endloop
  endfacet
  facet normal 0 0 1
    outer loop
      vertex 8.17384 11.5 6.5
      vertex 10.2778 11.0809 6.5
      vertex 10.3872 11.1465 6.5
    endloop
  endfacet
  facet normal 0 0 1
    outer loop
      vertex 8.17384 11.5 6.5
      vertex 10.1753 11.0049 6.5
      vertex 10.2778 11.0809 6.5
    endloop
  endfacet
  facet normal 0 0 1
    outer loop
      vertex 8.17384 11.5 6.5
      vertex 10.0808 10.9192 6.5
      vertex 10.1753 11.0049 6.5
    endloop
  endfacet
  facet normal 0 0 1
    outer loop
      vertex 8.17384 11.5 6.5
      vertex 9.99509 10.8247 6.5
      vertex 10.0808 10.9192 6.5
    endloop
  endfacet
  facet normal 0 0 1
    outer loop
      vertex 9.8535 10.6128 6.5
      vertex 8.17384 11.5 6.5
      vertex 8.04358 11.2246 6.5
    endloop
  endfacet
  facet normal 0 0 1
    outer loop
      vertex 9.79896 10.4975 6.5
      vertex 8.04358 11.2246 6.5
      vertex 7.93779 10.9289 6.5
    endloop
  endfacet
  facet normal 0 0 1
    outer loop
      vertex 9.7 10 6.5
      vertex 8.04358 8.77541 6.5
      vertex 8.17785 8.49153 6.5
    endloop
  endfacet
  facet normal 0 0 1
    outer loop
      vertex 9.75598 10.3774 6.5
      vertex 7.93779 10.9289 6.5
      vertex 7.86149 10.6243 6.5
    endloop
  endfacet
  facet normal 0 0 1
    outer loop
      vertex 9.7 10 6.5
      vertex 7.93779 9.07109 6.5
      vertex 8.04358 8.77541 6.5
    endloop
  endfacet
  facet normal 0 0 1
    outer loop
      vertex 9.72498 10.2536 6.5
      vertex 7.86149 10.6243 6.5
      vertex 7.81541 10.3137 6.5
    endloop
  endfacet
  facet normal 0 0 1
    outer loop
      vertex 9.7 10 6.5
      vertex 7.86149 9.37571 6.5
      vertex 7.93779 9.07109 6.5
    endloop
  endfacet
  facet normal 0 0 1
    outer loop
      vertex 9.70626 10.1274 6.5
      vertex 7.81541 10.3137 6.5
      vertex 7.8 10 6.5
    endloop
  endfacet
  facet normal 0 0 1
    outer loop
      vertex 9.7 10 6.5
      vertex 7.81541 9.68635 6.5
      vertex 7.86149 9.37571 6.5
    endloop
  endfacet
  facet normal 0 0 1
    outer loop
      vertex 9.7 10 6.5
      vertex 7.8 10 6.5
      vertex 7.81541 9.68635 6.5
    endloop
  endfacet
  facet normal 0 0 1
    outer loop
      vertex 13.9564 8.77541 6.5
      vertex 12.201 9.50251 6.5
      vertex 13.8221 8.49153 6.5
    endloop
  endfacet
  facet normal -0 0 1
    outer loop
      vertex 12.0809 9.27776 6.5
      vertex 13.6607 8.22217 6.5
      vertex 12.1465 9.38718 6.5
    endloop
  endfacet
  facet normal -0 0 1
    outer loop
      vertex 12.0049 9.17529 6.5
      vertex 13.4736 7.96994 6.5
      vertex 12.0809 9.27776 6.5
    endloop
  endfacet
  facet normal 0 0 1
    outer loop
      vertex 13.4736 7.96994 6.5
      vertex 12.0049 9.17529 6.5
      vertex 13.2627 7.73726 6.5
    endloop
  endfacet
  facet normal -0 0 1
    outer loop
      vertex 11.9192 9.08076 6.5
      vertex 13.2627 7.73726 6.5
      vertex 12.0049 9.17529 6.5
    endloop
  endfacet
  facet normal 0 0 1
    outer loop
      vertex 13.2627 7.73726 6.5
      vertex 11.9192 9.08076 6.5
      vertex 13.0301 7.52637 6.5
    endloop
  endfacet
  facet normal -0 0 1
    outer loop
      vertex 11.8247 8.99509 6.5
      vertex 13.0301 7.52637 6.5
      vertex 11.9192 9.08076 6.5
    endloop
  endfacet
  facet normal 0 0 1
    outer loop
      vertex 13.0301 7.52637 6.5
      vertex 11.8247 8.99509 6.5
      vertex 12.7778 7.3393 6.5
    endloop
  endfacet
  facet normal -0 0 1
    outer loop
      vertex 11.7222 8.91909 6.5
      vertex 12.7778 7.3393 6.5
      vertex 11.8247 8.99509 6.5
    endloop
  endfacet
  facet normal 0 0 1
    outer loop
      vertex 12.7778 7.3393 6.5
      vertex 11.7222 8.91909 6.5
      vertex 12.5085 7.17785 6.5
    endloop
  endfacet
  facet normal -0 0 1
    outer loop
      vertex 11.6128 8.8535 6.5
      vertex 12.5085 7.17785 6.5
      vertex 11.7222 8.91909 6.5
    endloop
  endfacet
  facet normal 0 0 1
    outer loop
      vertex 12.5085 7.17785 6.5
      vertex 11.6128 8.8535 6.5
      vertex 12.2246 7.04358 6.5
    endloop
  endfacet
  facet normal -0 0 1
    outer loop
      vertex 11.4975 8.79896 6.5
      vertex 12.2246 7.04358 6.5
      vertex 11.6128 8.8535 6.5
    endloop
  endfacet
  facet normal 0 0 1
    outer loop
      vertex 12.2246 7.04358 6.5
      vertex 11.4975 8.79896 6.5
      vertex 11.9289 6.93779 6.5
    endloop
  endfacet
  facet normal -0 0 1
    outer loop
      vertex 11.3774 8.75598 6.5
      vertex 11.9289 6.93779 6.5
      vertex 11.4975 8.79896 6.5
    endloop
  endfacet
  facet normal 0 0 1
    outer loop
      vertex 11.9289 6.93779 6.5
      vertex 11.3774 8.75598 6.5
      vertex 11.6243 6.86149 6.5
    endloop
  endfacet
  facet normal -0 0 1
    outer loop
      vertex 11.2536 8.72498 6.5
      vertex 11.6243 6.86149 6.5
      vertex 11.3774 8.75598 6.5
    endloop
  endfacet
  facet normal 0 0 1
    outer loop
      vertex 11.6243 6.86149 6.5
      vertex 11.2536 8.72498 6.5
      vertex 11.3137 6.81541 6.5
    endloop
  endfacet
  facet normal -0 0 1
    outer loop
      vertex 11.1274 8.70626 6.5
      vertex 11.3137 6.81541 6.5
      vertex 11.2536 8.72498 6.5
    endloop
  endfacet
  facet normal -0 0 1
    outer loop
      vertex 11 8.7 6.5
      vertex 11.3137 6.81541 6.5
      vertex 11.1274 8.70626 6.5
    endloop
  endfacet
  facet normal 0 0 1
    outer loop
      vertex 11 8.7 6.5
      vertex 11 6.8 6.5
      vertex 11.3137 6.81541 6.5
    endloop
  endfacet
  facet normal 0 0 1
    outer loop
      vertex 10.8726 8.70626 6.5
      vertex 11 6.8 6.5
      vertex 11 8.7 6.5
    endloop
  endfacet
  facet normal 0 0 1
    outer loop
      vertex 10.6863 6.81541 6.5
      vertex 10.8726 8.70626 6.5
      vertex 10.7464 8.72498 6.5
    endloop
  endfacet
  facet normal 0 0 1
    outer loop
      vertex 10.8726 8.70626 6.5
      vertex 10.6863 6.81541 6.5
      vertex 11 6.8 6.5
    endloop
  endfacet
  facet normal 0 0 1
    outer loop
      vertex 10.3757 6.86149 6.5
      vertex 10.7464 8.72498 6.5
      vertex 10.6226 8.75598 6.5
    endloop
  endfacet
  facet normal 0 0 1
    outer loop
      vertex 10.0711 6.93779 6.5
      vertex 10.6226 8.75598 6.5
      vertex 10.5025 8.79896 6.5
    endloop
  endfacet
  facet normal 0 0 1
    outer loop
      vertex 9.77541 7.04358 6.5
      vertex 10.5025 8.79896 6.5
      vertex 10.3872 8.8535 6.5
    endloop
  endfacet
  facet normal 0 0 1
    outer loop
      vertex 10.7464 8.72498 6.5
      vertex 10.3757 6.86149 6.5
      vertex 10.6863 6.81541 6.5
    endloop
  endfacet
  facet normal 0 0 1
    outer loop
      vertex 9.49153 7.17785 6.5
      vertex 10.3872 8.8535 6.5
      vertex 10.2778 8.91909 6.5
    endloop
  endfacet
  facet normal 0 0 1
    outer loop
      vertex 9.49153 7.17785 6.5
      vertex 10.2778 8.91909 6.5
      vertex 10.1753 8.99509 6.5
    endloop
  endfacet
  facet normal 0 0 1
    outer loop
      vertex 9.49153 7.17785 6.5
      vertex 10.1753 8.99509 6.5
      vertex 10.0808 9.08076 6.5
    endloop
  endfacet
  facet normal 0 0 1
    outer loop
      vertex 10.6226 8.75598 6.5
      vertex 10.0711 6.93779 6.5
      vertex 10.3757 6.86149 6.5
    endloop
  endfacet
  facet normal 0 0 1
    outer loop
      vertex 9.49153 7.17785 6.5
      vertex 10.0808 9.08076 6.5
      vertex 9.99509 9.17529 6.5
    endloop
  endfacet
  facet normal 0 0 1
    outer loop
      vertex 9.49153 7.17785 6.5
      vertex 9.99509 9.17529 6.5
      vertex 9.91909 9.27776 6.5
    endloop
  endfacet
  facet normal 0 0 1
    outer loop
      vertex 9.49153 7.17785 6.5
      vertex 9.91909 9.27776 6.5
      vertex 9.8535 9.38718 6.5
    endloop
  endfacet
  facet normal 0 0 1
    outer loop
      vertex 9.49153 7.17785 6.5
      vertex 9.8535 9.38718 6.5
      vertex 9.79896 9.50251 6.5
    endloop
  endfacet
  facet normal 0 0 1
    outer loop
      vertex 10.5025 8.79896 6.5
      vertex 9.77541 7.04358 6.5
      vertex 10.0711 6.93779 6.5
    endloop
  endfacet
  facet normal 0 0 1
    outer loop
      vertex 9.49153 7.17785 6.5
      vertex 9.79896 9.50251 6.5
      vertex 9.75598 9.62263 6.5
    endloop
  endfacet
  facet normal 0 0 1
    outer loop
      vertex 9.49153 7.17785 6.5
      vertex 9.75598 9.62263 6.5
      vertex 9.72498 9.74638 6.5
    endloop
  endfacet
  facet normal 0 0 1
    outer loop
      vertex 9.49153 7.17785 6.5
      vertex 9.72498 9.74638 6.5
      vertex 9.70626 9.87258 6.5
    endloop
  endfacet
  facet normal 0 0 1
    outer loop
      vertex 9.49153 7.17785 6.5
      vertex 9.70626 9.87258 6.5
      vertex 9.7 10 6.5
    endloop
  endfacet
  facet normal 0 0 1
    outer loop
      vertex 10.3872 8.8535 6.5
      vertex 9.49153 7.17785 6.5
      vertex 9.77541 7.04358 6.5
    endloop
  endfacet
  facet normal 0 0 1
    outer loop
      vertex 30.3 10 6.5
      vertex 32.2 10 6.5
      vertex 32.1846 10.3137 6.5
    endloop
  endfacet
  facet normal 0 0 1
    outer loop
      vertex 30.2937 10.1274 6.5
      vertex 32.1846 10.3137 6.5
      vertex 32.1385 10.6243 6.5
    endloop
  endfacet
  facet normal 0 0 1
    outer loop
      vertex 32.2 10 6.5
      vertex 30.3 10 6.5
      vertex 32.1846 9.68635 6.5
    endloop
  endfacet
  facet normal 0 0 1
    outer loop
      vertex 30.275 10.2536 6.5
      vertex 32.1385 10.6243 6.5
      vertex 32.0622 10.9289 6.5
    endloop
  endfacet
  facet normal -0 0 1
    outer loop
      vertex 30.2937 9.87258 6.5
      vertex 32.1846 9.68635 6.5
      vertex 30.3 10 6.5
    endloop
  endfacet
  facet normal 0 0 1
    outer loop
      vertex 30.244 10.3774 6.5
      vertex 32.0622 10.9289 6.5
      vertex 31.9564 11.2246 6.5
    endloop
  endfacet
  facet normal 0 0 1
    outer loop
      vertex 32.1846 9.68635 6.5
      vertex 30.2937 9.87258 6.5
      vertex 32.1385 9.37571 6.5
    endloop
  endfacet
  facet normal 0 0 1
    outer loop
      vertex 30.201 10.4975 6.5
      vertex 31.9564 11.2246 6.5
      vertex 31.8262 11.5 6.5
    endloop
  endfacet
  facet normal -0 0 1
    outer loop
      vertex 30.275 9.74638 6.5
      vertex 32.1385 9.37571 6.5
      vertex 30.2937 9.87258 6.5
    endloop
  endfacet
  facet normal 0 0 1
    outer loop
      vertex 32.1385 9.37571 6.5
      vertex 30.275 9.74638 6.5
      vertex 32.0622 9.07109 6.5
    endloop
  endfacet
  facet normal 0 0 1
    outer loop
      vertex 32.0622 9.07109 6.5
      vertex 30.244 9.62263 6.5
      vertex 31.9564 8.77541 6.5
    endloop
  endfacet
  facet normal -0 0 1
    outer loop
      vertex 30.201 9.50251 6.5
      vertex 31.9564 8.77541 6.5
      vertex 30.244 9.62263 6.5
    endloop
  endfacet
  facet normal -0 0 1
    outer loop
      vertex 30.1465 9.38718 6.5
      vertex 31.8221 8.49153 6.5
      vertex 30.201 9.50251 6.5
    endloop
  endfacet
  facet normal 0 0 1
    outer loop
      vertex 31.8221 8.49153 6.5
      vertex 30.1465 9.38718 6.5
      vertex 31.6607 8.22217 6.5
    endloop
  endfacet
  facet normal 0 0 1
    outer loop
      vertex 31.6607 8.22217 6.5
      vertex 30.0809 9.27776 6.5
      vertex 31.4736 7.96994 6.5
    endloop
  endfacet
  facet normal -0 0 1
    outer loop
      vertex 30.244 9.62263 6.5
      vertex 32.0622 9.07109 6.5
      vertex 30.275 9.74638 6.5
    endloop
  endfacet
  facet normal 0 0 1
    outer loop
      vertex 32.1846 10.3137 6.5
      vertex 30.2937 10.1274 6.5
      vertex 30.3 10 6.5
    endloop
  endfacet
  facet normal 0 0 1
    outer loop
      vertex 32.1385 10.6243 6.5
      vertex 30.275 10.2536 6.5
      vertex 30.2937 10.1274 6.5
    endloop
  endfacet
  facet normal 0 0 1
    outer loop
      vertex 32.0622 10.9289 6.5
      vertex 30.244 10.3774 6.5
      vertex 30.275 10.2536 6.5
    endloop
  endfacet
  facet normal 0 0 1
    outer loop
      vertex 31.9564 11.2246 6.5
      vertex 30.201 10.4975 6.5
      vertex 30.244 10.3774 6.5
    endloop
  endfacet
  facet normal 0 0 1
    outer loop
      vertex 31.8262 11.5 6.5
      vertex 30.1465 10.6128 6.5
      vertex 30.201 10.4975 6.5
    endloop
  endfacet
  facet normal 0 0 1
    outer loop
      vertex 31.8262 11.5 6.5
      vertex 30.0809 10.7222 6.5
      vertex 30.1465 10.6128 6.5
    endloop
  endfacet
  facet normal 0 0 1
    outer loop
      vertex 31.8262 11.5 6.5
      vertex 30.0049 10.8247 6.5
      vertex 30.0809 10.7222 6.5
    endloop
  endfacet
  facet normal 0 0 1
    outer loop
      vertex 31.8262 11.5 6.5
      vertex 29.9192 10.9192 6.5
      vertex 30.0049 10.8247 6.5
    endloop
  endfacet
  facet normal 0 0 1
    outer loop
      vertex 31.8262 11.5 6.5
      vertex 29.8247 11.0049 6.5
      vertex 29.9192 10.9192 6.5
    endloop
  endfacet
  facet normal 0 0 1
    outer loop
      vertex 31.8262 11.5 6.5
      vertex 29.7222 11.0809 6.5
      vertex 29.8247 11.0049 6.5
    endloop
  endfacet
  facet normal 0 0 1
    outer loop
      vertex 31.8262 11.5 6.5
      vertex 29.6128 11.1465 6.5
      vertex 29.7222 11.0809 6.5
    endloop
  endfacet
  facet normal 0 0 1
    outer loop
      vertex 31.8262 11.5 6.5
      vertex 29.4975 11.201 6.5
      vertex 29.6128 11.1465 6.5
    endloop
  endfacet
  facet normal 0 0 1
    outer loop
      vertex 31.8262 11.5 6.5
      vertex 29.3774 11.244 6.5
      vertex 29.4975 11.201 6.5
    endloop
  endfacet
  facet normal 0 0 1
    outer loop
      vertex 31.8262 11.5 6.5
      vertex 29.2536 11.275 6.5
      vertex 29.3774 11.244 6.5
    endloop
  endfacet
  facet normal 0 0 1
    outer loop
      vertex 31.8262 11.5 6.5
      vertex 29.1274 11.2937 6.5
      vertex 29.2536 11.275 6.5
    endloop
  endfacet
  facet normal 0 0 1
    outer loop
      vertex 31.8262 11.5 6.5
      vertex 29 11.3 6.5
      vertex 29.1274 11.2937 6.5
    endloop
  endfacet
  facet normal -0 0 1
    outer loop
      vertex 26.1738 11.5 6.5
      vertex 29 11.3 6.5
      vertex 31.8262 11.5 6.5
    endloop
  endfacet
  facet normal 0 0 1
    outer loop
      vertex 25.8 10 6.5
      vertex 27.7 10 6.5
      vertex 27.7063 10.1274 6.5
    endloop
  endfacet
  facet normal 0 0 1
    outer loop
      vertex 27.7 10 6.5
      vertex 27.2222 7.3393 6.5
      vertex 27.4915 7.17785 6.5
    endloop
  endfacet
  facet normal 0 0 1
    outer loop
      vertex 25.8154 10.3137 6.5
      vertex 27.7063 10.1274 6.5
      vertex 27.725 10.2536 6.5
    endloop
  endfacet
  facet normal 0 0 1
    outer loop
      vertex 27.7 10 6.5
      vertex 26.9699 7.52637 6.5
      vertex 27.2222 7.3393 6.5
    endloop
  endfacet
  facet normal 0 0 1
    outer loop
      vertex 25.8615 10.6243 6.5
      vertex 27.725 10.2536 6.5
      vertex 27.756 10.3774 6.5
    endloop
  endfacet
  facet normal 0 0 1
    outer loop
      vertex 27.7 10 6.5
      vertex 26.7373 7.73726 6.5
      vertex 26.9699 7.52637 6.5
    endloop
  endfacet
  facet normal 0 0 1
    outer loop
      vertex 25.9378 10.9289 6.5
      vertex 27.756 10.3774 6.5
      vertex 27.799 10.4975 6.5
    endloop
  endfacet
  facet normal 0 0 1
    outer loop
      vertex 27.7 10 6.5
      vertex 26.5264 7.96994 6.5
      vertex 26.7373 7.73726 6.5
    endloop
  endfacet
  facet normal 0 0 1
    outer loop
      vertex 26.0436 11.2246 6.5
      vertex 27.799 10.4975 6.5
      vertex 27.8535 10.6128 6.5
    endloop
  endfacet
  facet normal 0 0 1
    outer loop
      vertex 27.7 10 6.5
      vertex 26.3393 8.22217 6.5
      vertex 26.5264 7.96994 6.5
    endloop
  endfacet
  facet normal 0 0 1
    outer loop
      vertex 26.1738 11.5 6.5
      vertex 27.8535 10.6128 6.5
      vertex 27.9191 10.7222 6.5
    endloop
  endfacet
  facet normal 0 0 1
    outer loop
      vertex 27.7 10 6.5
      vertex 26.1779 8.49153 6.5
      vertex 26.3393 8.22217 6.5
    endloop
  endfacet
  facet normal 0 0 1
    outer loop
      vertex 26.1738 11.5 6.5
      vertex 27.9191 10.7222 6.5
      vertex 27.9951 10.8247 6.5
    endloop
  endfacet
  facet normal 0 0 1
    outer loop
      vertex 29 11.3 6.5
      vertex 26.1738 11.5 6.5
      vertex 28.8726 11.2937 6.5
    endloop
  endfacet
  facet normal 0 0 1
    outer loop
      vertex 26.1738 11.5 6.5
      vertex 28.7464 11.275 6.5
      vertex 28.8726 11.2937 6.5
    endloop
  endfacet
  facet normal 0 0 1
    outer loop
      vertex 26.1738 11.5 6.5
      vertex 28.6226 11.244 6.5
      vertex 28.7464 11.275 6.5
    endloop
  endfacet
  facet normal 0 0 1
    outer loop
      vertex 26.1738 11.5 6.5
      vertex 28.5025 11.201 6.5
      vertex 28.6226 11.244 6.5
    endloop
  endfacet
  facet normal 0 0 1
    outer loop
      vertex 26.1738 11.5 6.5
      vertex 28.3872 11.1465 6.5
      vertex 28.5025 11.201 6.5
    endloop
  endfacet
  facet normal 0 0 1
    outer loop
      vertex 26.1738 11.5 6.5
      vertex 28.2778 11.0809 6.5
      vertex 28.3872 11.1465 6.5
    endloop
  endfacet
  facet normal 0 0 1
    outer loop
      vertex 26.1738 11.5 6.5
      vertex 28.1753 11.0049 6.5
      vertex 28.2778 11.0809 6.5
    endloop
  endfacet
  facet normal 0 0 1
    outer loop
      vertex 26.1738 11.5 6.5
      vertex 28.0808 10.9192 6.5
      vertex 28.1753 11.0049 6.5
    endloop
  endfacet
  facet normal 0 0 1
    outer loop
      vertex 26.1738 11.5 6.5
      vertex 27.9951 10.8247 6.5
      vertex 28.0808 10.9192 6.5
    endloop
  endfacet
  facet normal 0 0 1
    outer loop
      vertex 27.8535 10.6128 6.5
      vertex 26.1738 11.5 6.5
      vertex 26.0436 11.2246 6.5
    endloop
  endfacet
  facet normal 0 0 1
    outer loop
      vertex 27.799 10.4975 6.5
      vertex 26.0436 11.2246 6.5
      vertex 25.9378 10.9289 6.5
    endloop
  endfacet
  facet normal 0 0 1
    outer loop
      vertex 27.7 10 6.5
      vertex 26.0436 8.77541 6.5
      vertex 26.1779 8.49153 6.5
    endloop
  endfacet
  facet normal 0 0 1
    outer loop
      vertex 27.756 10.3774 6.5
      vertex 25.9378 10.9289 6.5
      vertex 25.8615 10.6243 6.5
    endloop
  endfacet
  facet normal 0 0 1
    outer loop
      vertex 27.7 10 6.5
      vertex 25.9378 9.07109 6.5
      vertex 26.0436 8.77541 6.5
    endloop
  endfacet
  facet normal 0 0 1
    outer loop
      vertex 27.725 10.2536 6.5
      vertex 25.8615 10.6243 6.5
      vertex 25.8154 10.3137 6.5
    endloop
  endfacet
  facet normal 0 0 1
    outer loop
      vertex 27.7 10 6.5
      vertex 25.8615 9.37571 6.5
      vertex 25.9378 9.07109 6.5
    endloop
  endfacet
  facet normal 0 0 1
    outer loop
      vertex 27.7063 10.1274 6.5
      vertex 25.8154 10.3137 6.5
      vertex 25.8 10 6.5
    endloop
  endfacet
  facet normal 0 0 1
    outer loop
      vertex 27.7 10 6.5
      vertex 25.8154 9.68635 6.5
      vertex 25.8615 9.37571 6.5
    endloop
  endfacet
  facet normal 0 0 1
    outer loop
      vertex 27.7 10 6.5
      vertex 25.8 10 6.5
      vertex 25.8154 9.68635 6.5
    endloop
  endfacet
  facet normal 0 0 1
    outer loop
      vertex 31.9564 8.77541 6.5
      vertex 30.201 9.50251 6.5
      vertex 31.8221 8.49153 6.5
    endloop
  endfacet
  facet normal -0 0 1
    outer loop
      vertex 30.0809 9.27776 6.5
      vertex 31.6607 8.22217 6.5
      vertex 30.1465 9.38718 6.5
    endloop
  endfacet
  facet normal -0 0 1
    outer loop
      vertex 30.0049 9.17529 6.5
      vertex 31.4736 7.96994 6.5
      vertex 30.0809 9.27776 6.5
    endloop
  endfacet
  facet normal 0 0 1
    outer loop
      vertex 31.4736 7.96994 6.5
      vertex 30.0049 9.17529 6.5
      vertex 31.2627 7.73726 6.5
    endloop
  endfacet
  facet normal -0 0 1
    outer loop
      vertex 29.9192 9.08076 6.5
      vertex 31.2627 7.73726 6.5
      vertex 30.0049 9.17529 6.5
    endloop
  endfacet
  facet normal 0 0 1
    outer loop
      vertex 31.2627 7.73726 6.5
      vertex 29.9192 9.08076 6.5
      vertex 31.0301 7.52637 6.5
    endloop
  endfacet
  facet normal -0 0 1
    outer loop
      vertex 29.8247 8.99509 6.5
      vertex 31.0301 7.52637 6.5
      vertex 29.9192 9.08076 6.5
    endloop
  endfacet
  facet normal 0 0 1
    outer loop
      vertex 31.0301 7.52637 6.5
      vertex 29.8247 8.99509 6.5
      vertex 30.7778 7.3393 6.5
    endloop
  endfacet
  facet normal -0 0 1
    outer loop
      vertex 29.7222 8.91909 6.5
      vertex 30.7778 7.3393 6.5
      vertex 29.8247 8.99509 6.5
    endloop
  endfacet
  facet normal 0 0 1
    outer loop
      vertex 30.7778 7.3393 6.5
      vertex 29.7222 8.91909 6.5
      vertex 30.5085 7.17785 6.5
    endloop
  endfacet
  facet normal -0 0 1
    outer loop
      vertex 29.6128 8.8535 6.5
      vertex 30.5085 7.17785 6.5
      vertex 29.7222 8.91909 6.5
    endloop
  endfacet
  facet normal 0 0 1
    outer loop
      vertex 30.5085 7.17785 6.5
      vertex 29.6128 8.8535 6.5
      vertex 30.2246 7.04358 6.5
    endloop
  endfacet
  facet normal -0 0 1
    outer loop
      vertex 29.4975 8.79896 6.5
      vertex 30.2246 7.04358 6.5
      vertex 29.6128 8.8535 6.5
    endloop
  endfacet
  facet normal 0 0 1
    outer loop
      vertex 30.2246 7.04358 6.5
      vertex 29.4975 8.79896 6.5
      vertex 29.9289 6.93779 6.5
    endloop
  endfacet
  facet normal -0 0 1
    outer loop
      vertex 29.3774 8.75598 6.5
      vertex 29.9289 6.93779 6.5
      vertex 29.4975 8.79896 6.5
    endloop
  endfacet
  facet normal 0 0 1
    outer loop
      vertex 29.9289 6.93779 6.5
      vertex 29.3774 8.75598 6.5
      vertex 29.6243 6.86149 6.5
    endloop
  endfacet
  facet normal -0 0 1
    outer loop
      vertex 29.2536 8.72498 6.5
      vertex 29.6243 6.86149 6.5
      vertex 29.3774 8.75598 6.5
    endloop
  endfacet
  facet normal 0 0 1
    outer loop
      vertex 29.6243 6.86149 6.5
      vertex 29.2536 8.72498 6.5
      vertex 29.3137 6.81541 6.5
    endloop
  endfacet
  facet normal -0 0 1
    outer loop
      vertex 29.1274 8.70626 6.5
      vertex 29.3137 6.81541 6.5
      vertex 29.2536 8.72498 6.5
    endloop
  endfacet
  facet normal -0 0 1
    outer loop
      vertex 29 8.7 6.5
      vertex 29.3137 6.81541 6.5
      vertex 29.1274 8.70626 6.5
    endloop
  endfacet
  facet normal 0 0 1
    outer loop
      vertex 29 8.7 6.5
      vertex 29 6.8 6.5
      vertex 29.3137 6.81541 6.5
    endloop
  endfacet
  facet normal 0 0 1
    outer loop
      vertex 28.8726 8.70626 6.5
      vertex 29 6.8 6.5
      vertex 29 8.7 6.5
    endloop
  endfacet
  facet normal 0 0 1
    outer loop
      vertex 28.6863 6.81541 6.5
      vertex 28.8726 8.70626 6.5
      vertex 28.7464 8.72498 6.5
    endloop
  endfacet
  facet normal 0 0 1
    outer loop
      vertex 28.8726 8.70626 6.5
      vertex 28.6863 6.81541 6.5
      vertex 29 6.8 6.5
    endloop
  endfacet
  facet normal 0 0 1
    outer loop
      vertex 28.3757 6.86149 6.5
      vertex 28.7464 8.72498 6.5
      vertex 28.6226 8.75598 6.5
    endloop
  endfacet
  facet normal 0 0 1
    outer loop
      vertex 28.0711 6.93779 6.5
      vertex 28.6226 8.75598 6.5
      vertex 28.5025 8.79896 6.5
    endloop
  endfacet
  facet normal 0 0 1
    outer loop
      vertex 27.7754 7.04358 6.5
      vertex 28.5025 8.79896 6.5
      vertex 28.3872 8.8535 6.5
    endloop
  endfacet
  facet normal 0 0 1
    outer loop
      vertex 28.7464 8.72498 6.5
      vertex 28.3757 6.86149 6.5
      vertex 28.6863 6.81541 6.5
    endloop
  endfacet
  facet normal 0 0 1
    outer loop
      vertex 27.4915 7.17785 6.5
      vertex 28.3872 8.8535 6.5
      vertex 28.2778 8.91909 6.5
    endloop
  endfacet
  facet normal 0 0 1
    outer loop
      vertex 27.4915 7.17785 6.5
      vertex 28.2778 8.91909 6.5
      vertex 28.1753 8.99509 6.5
    endloop
  endfacet
  facet normal 0 0 1
    outer loop
      vertex 27.4915 7.17785 6.5
      vertex 28.1753 8.99509 6.5
      vertex 28.0808 9.08076 6.5
    endloop
  endfacet
  facet normal 0 0 1
    outer loop
      vertex 28.6226 8.75598 6.5
      vertex 28.0711 6.93779 6.5
      vertex 28.3757 6.86149 6.5
    endloop
  endfacet
  facet normal 0 0 1
    outer loop
      vertex 27.4915 7.17785 6.5
      vertex 28.0808 9.08076 6.5
      vertex 27.9951 9.17529 6.5
    endloop
  endfacet
  facet normal 0 0 1
    outer loop
      vertex 27.4915 7.17785 6.5
      vertex 27.9951 9.17529 6.5
      vertex 27.9191 9.27776 6.5
    endloop
  endfacet
  facet normal 0 0 1
    outer loop
      vertex 27.4915 7.17785 6.5
      vertex 27.9191 9.27776 6.5
      vertex 27.8535 9.38718 6.5
    endloop
  endfacet
  facet normal 0 0 1
    outer loop
      vertex 27.4915 7.17785 6.5
      vertex 27.8535 9.38718 6.5
      vertex 27.799 9.50251 6.5
    endloop
  endfacet
  facet normal 0 0 1
    outer loop
      vertex 28.5025 8.79896 6.5
      vertex 27.7754 7.04358 6.5
      vertex 28.0711 6.93779 6.5
    endloop
  endfacet
  facet normal 0 0 1
    outer loop
      vertex 27.4915 7.17785 6.5
      vertex 27.799 9.50251 6.5
      vertex 27.756 9.62263 6.5
    endloop
  endfacet
  facet normal 0 0 1
    outer loop
      vertex 27.4915 7.17785 6.5
      vertex 27.756 9.62263 6.5
      vertex 27.725 9.74638 6.5
    endloop
  endfacet
  facet normal 0 0 1
    outer loop
      vertex 27.4915 7.17785 6.5
      vertex 27.725 9.74638 6.5
      vertex 27.7063 9.87258 6.5
    endloop
  endfacet
  facet normal 0 0 1
    outer loop
      vertex 27.4915 7.17785 6.5
      vertex 27.7063 9.87258 6.5
      vertex 27.7 10 6.5
    endloop
  endfacet
  facet normal 0 0 1
    outer loop
      vertex 28.3872 8.8535 6.5
      vertex 27.4915 7.17785 6.5
      vertex 27.7754 7.04358 6.5
    endloop
  endfacet
  facet normal 0.595659 0.803237 -0
    outer loop
      vertex 43.4408 13.4111 0
      vertex 42.889 13.8203 6.5
      vertex 43.4408 13.4111 6.5
    endloop
  endfacet
  facet normal 0.595659 0.803237 0
    outer loop
      vertex 42.889 13.8203 6.5
      vertex 43.4408 13.4111 0
      vertex 42.889 13.8203 0
    endloop
  endfacet
  facet normal 0.514046 -0.857763 0
    outer loop
      vertex 42.2998 -14.1734 0
      vertex 42.889 -13.8203 6.5
      vertex 42.2998 -14.1734 6.5
    endloop
  endfacet
  facet normal 0.514046 -0.857763 0
    outer loop
      vertex 42.889 -13.8203 6.5
      vertex 42.2998 -14.1734 0
      vertex 42.889 -13.8203 0
    endloop
  endfacet
  facet normal 0.989173 0.146754 0
    outer loop
      vertex 2.29224 -8.93643 5.5
      vertex 2.22311 -8.47047 2.2
      vertex 2.22311 -8.47047 5.5
    endloop
  endfacet
  facet normal 0.989173 0.146754 0
    outer loop
      vertex 2.22311 -8.47047 2.2
      vertex 2.29224 -8.93643 5.5
      vertex 2.29224 -8.93643 2.2
    endloop
  endfacet
  facet normal 0.998797 0.0490408 0
    outer loop
      vertex 2.22311 -8.47047 5.5
      vertex 2.20001 -8 2.2
      vertex 2.20001 -8 5.5
    endloop
  endfacet
  facet normal 0.998797 0.0490408 0
    outer loop
      vertex 2.20001 -8 2.2
      vertex 2.22311 -8.47047 5.5
      vertex 2.22311 -8.47047 2.2
    endloop
  endfacet
  facet normal -0.671541 0.740967 0
    outer loop
      vertex 42.3941 -11.3941 2.2
      vertex 42.0451 -11.7104 5.5
      vertex 42.3941 -11.3941 5.5
    endloop
  endfacet
  facet normal -0.671541 0.740967 0
    outer loop
      vertex 42.0451 -11.7104 5.5
      vertex 42.3941 -11.3941 2.2
      vertex 42.0451 -11.7104 2.2
    endloop
  endfacet
  facet normal -0.14671 0.98918 0
    outer loop
      vertex 39.9364 -12.7078 2.2
      vertex 39.4705 -12.7769 5.5
      vertex 39.9364 -12.7078 5.5
    endloop
  endfacet
  facet normal -0.14671 0.98918 0
    outer loop
      vertex 39.4705 -12.7769 5.5
      vertex 39.9364 -12.7078 2.2
      vertex 39.4705 -12.7769 2.2
    endloop
  endfacet
  facet normal 0.941544 -0.336889 0
    outer loop
      vertex 2.40669 9.39336 5.5
      vertex 2.56538 9.83687 2.2
      vertex 2.56538 9.83687 5.5
    endloop
  endfacet
  facet normal 0.941544 -0.336889 0
    outer loop
      vertex 2.56538 9.83687 2.2
      vertex 2.40669 9.39336 5.5
      vertex 2.40669 9.39336 2.2
    endloop
  endfacet
  facet normal 0.514155 -0.857697 0
    outer loop
      vertex 4.33327 11.991 2.2
      vertex 4.7373 12.2332 5.5
      vertex 4.33327 11.991 5.5
    endloop
  endfacet
  facet normal 0.514155 -0.857697 0
    outer loop
      vertex 4.7373 12.2332 5.5
      vertex 4.33327 11.991 2.2
      vertex 4.7373 12.2332 2.2
    endloop
  endfacet
  facet normal -0.243035 -0.970018 0
    outer loop
      vertex 39.9364 12.7078 2.2
      vertex 40.3934 12.5933 5.5
      vertex 39.9364 12.7078 5.5
    endloop
  endfacet
  facet normal -0.243035 -0.970018 -0
    outer loop
      vertex 40.3934 12.5933 5.5
      vertex 39.9364 12.7078 2.2
      vertex 40.3934 12.5933 2.2
    endloop
  endfacet
  facet normal -0.998797 0.0490408 0
    outer loop
      vertex 43.7769 -8.47047 2.2
      vertex 43.8 -8 5.5
      vertex 43.8 -8 2.2
    endloop
  endfacet
  facet normal -0.998797 0.0490408 0
    outer loop
      vertex 43.8 -8 5.5
      vertex 43.7769 -8.47047 2.2
      vertex 43.7769 -8.47047 5.5
    endloop
  endfacet
  facet normal 0.24307 0.970009 -0
    outer loop
      vertex 6.06357 -12.7078 2.2
      vertex 5.60664 -12.5933 5.5
      vertex 6.06357 -12.7078 5.5
    endloop
  endfacet
  facet normal 0.24307 0.970009 0
    outer loop
      vertex 5.60664 -12.5933 5.5
      vertex 6.06357 -12.7078 2.2
      vertex 5.60664 -12.5933 2.2
    endloop
  endfacet
  facet normal -0.970009 -0.24307 0
    outer loop
      vertex 43.7078 8.93643 2.2
      vertex 43.5933 9.39336 5.5
      vertex 43.5933 9.39336 2.2
    endloop
  endfacet
  facet normal -0.970009 -0.24307 0
    outer loop
      vertex 43.5933 9.39336 5.5
      vertex 43.7078 8.93643 2.2
      vertex 43.7078 8.93643 5.5
    endloop
  endfacet
  facet normal -0.427575 0.90398 0
    outer loop
      vertex 41.2627 -12.2332 2.2
      vertex 40.8369 -12.4346 5.5
      vertex 41.2627 -12.2332 5.5
    endloop
  endfacet
  facet normal -0.427575 0.90398 0
    outer loop
      vertex 40.8369 -12.4346 5.5
      vertex 41.2627 -12.2332 2.2
      vertex 40.8369 -12.4346 2.2
    endloop
  endfacet
  facet normal 0.514155 0.857697 -0
    outer loop
      vertex 4.7373 -12.2332 2.2
      vertex 4.33327 -11.991 5.5
      vertex 4.7373 -12.2332 5.5
    endloop
  endfacet
  facet normal 0.514155 0.857697 0
    outer loop
      vertex 4.33327 -11.991 5.5
      vertex 4.7373 -12.2332 2.2
      vertex 4.33327 -11.991 2.2
    endloop
  endfacet
  facet normal -0.740967 -0.671541 0
    outer loop
      vertex 42.7104 11.0451 2.2
      vertex 42.3941 11.3941 5.5
      vertex 42.3941 11.3941 2.2
    endloop
  endfacet
  facet normal -0.740967 -0.671541 0
    outer loop
      vertex 42.3941 11.3941 5.5
      vertex 42.7104 11.0451 2.2
      vertex 42.7104 11.0451 5.5
    endloop
  endfacet
  facet normal -0.514184 0.85768 0
    outer loop
      vertex 41.6667 -11.991 2.2
      vertex 41.2627 -12.2332 5.5
      vertex 41.6667 -11.991 5.5
    endloop
  endfacet
  facet normal -0.514184 0.85768 0
    outer loop
      vertex 41.2627 -12.2332 5.5
      vertex 41.6667 -11.991 2.2
      vertex 41.2627 -12.2332 2.2
    endloop
  endfacet
  facet normal 0.998797 -0.0490408 0
    outer loop
      vertex 2.20001 8 5.5
      vertex 2.22311 8.47047 2.2
      vertex 2.22311 8.47047 5.5
    endloop
  endfacet
  facet normal 0.998797 -0.0490408 0
    outer loop
      vertex 2.22311 8.47047 2.2
      vertex 2.20001 8 5.5
      vertex 2.20001 8 2.2
    endloop
  endfacet
  facet normal 1 0 0
    outer loop
      vertex 2.20001 -7.65 5.5
      vertex 2.20001 -8 5.5
      vertex 2.20001 -7.65 5.15
    endloop
  endfacet
  facet normal 1 -0 0
    outer loop
      vertex 2.20001 -7.65 5.15
      vertex 2.20001 -2.44717 2.2
      vertex 2.20001 -2.44717 5.15
    endloop
  endfacet
  facet normal 1 0 0
    outer loop
      vertex 2.20001 -7.65 5.15
      vertex 2.20001 -8 2.2
      vertex 2.20001 -2.44717 2.2
    endloop
  endfacet
  facet normal 1 0 0
    outer loop
      vertex 2.20001 -8 2.2
      vertex 2.20001 -7.65 5.15
      vertex 2.20001 -8 5.5
    endloop
  endfacet
  facet normal 1 0 0
    outer loop
      vertex 2.20001 7.65 5.15
      vertex 2.20001 8 5.5
      vertex 2.20001 7.65 5.5
    endloop
  endfacet
  facet normal 1 0 0
    outer loop
      vertex 2.20001 8 5.5
      vertex 2.20001 7.65 5.15
      vertex 2.20001 8 2.2
    endloop
  endfacet
  facet normal 1 0 0
    outer loop
      vertex 2.20001 2.44717 2.2
      vertex 2.20001 7.65 5.15
      vertex 2.20001 2.44717 5.15
    endloop
  endfacet
  facet normal 1 0 0
    outer loop
      vertex 2.20001 7.65 5.15
      vertex 2.20001 2.44717 2.2
      vertex 2.20001 8 2.2
    endloop
  endfacet
  facet normal -0.998797 -0.0490408 0
    outer loop
      vertex 43.8 8 2.2
      vertex 43.7769 8.47047 5.5
      vertex 43.7769 8.47047 2.2
    endloop
  endfacet
  facet normal -0.998797 -0.0490408 0
    outer loop
      vertex 43.7769 8.47047 5.5
      vertex 43.8 8 2.2
      vertex 43.8 8 5.5
    endloop
  endfacet
  facet normal -0.740967 0.671541 0
    outer loop
      vertex 42.3941 -11.3941 2.2
      vertex 42.7104 -11.0451 5.5
      vertex 42.7104 -11.0451 2.2
    endloop
  endfacet
  facet normal -0.740967 0.671541 0
    outer loop
      vertex 42.7104 -11.0451 5.5
      vertex 42.3941 -11.3941 2.2
      vertex 42.3941 -11.3941 5.5
    endloop
  endfacet
  facet normal -0.989182 -0.146692 0
    outer loop
      vertex 43.7769 8.47047 2.2
      vertex 43.7078 8.93643 5.5
      vertex 43.7078 8.93643 2.2
    endloop
  endfacet
  facet normal -0.989182 -0.146692 0
    outer loop
      vertex 43.7078 8.93643 5.5
      vertex 43.7769 8.47047 2.2
      vertex 43.7769 8.47047 5.5
    endloop
  endfacet
  facet normal -0.903991 -0.427551 0
    outer loop
      vertex 43.4346 9.83687 2.2
      vertex 43.2332 10.2627 5.5
      vertex 43.2332 10.2627 2.2
    endloop
  endfacet
  facet normal -0.903991 -0.427551 0
    outer loop
      vertex 43.2332 10.2627 5.5
      vertex 43.4346 9.83687 2.2
      vertex 43.4346 9.83687 5.5
    endloop
  endfacet
  facet normal 0 -1 0
    outer loop
      vertex 7 12.8 2.2
      vertex 9.45456 12.8 5.5
      vertex 7 12.8 5.5
    endloop
  endfacet
  facet normal 0 -1 -0
    outer loop
      vertex 9.45456 12.8 5.5
      vertex 7 12.8 2.2
      vertex 9.45456 12.8 2.2
    endloop
  endfacet
  facet normal 0 -1 0
    outer loop
      vertex 30.5454 12.8 2.2
      vertex 39 12.8 5.5
      vertex 30.5454 12.8 5.5
    endloop
  endfacet
  facet normal 0 -1 -0
    outer loop
      vertex 39 12.8 5.5
      vertex 30.5454 12.8 2.2
      vertex 39 12.8 2.2
    endloop
  endfacet
  facet normal 0 -1 0
    outer loop
      vertex 12.5454 12.8 2.2
      vertex 27.4546 12.8 5.5
      vertex 12.5454 12.8 5.5
    endloop
  endfacet
  facet normal 0 -1 -0
    outer loop
      vertex 27.4546 12.8 5.5
      vertex 12.5454 12.8 2.2
      vertex 27.4546 12.8 2.2
    endloop
  endfacet
  facet normal 0.24307 -0.970009 0
    outer loop
      vertex 5.60664 12.5933 2.2
      vertex 6.06357 12.7078 5.5
      vertex 5.60664 12.5933 5.5
    endloop
  endfacet
  facet normal 0.24307 -0.970009 0
    outer loop
      vertex 6.06357 12.7078 5.5
      vertex 5.60664 12.5933 2.2
      vertex 6.06357 12.7078 2.2
    endloop
  endfacet
  facet normal -0.803249 0.595644 0
    outer loop
      vertex 42.7104 -11.0451 2.2
      vertex 42.991 -10.6667 5.5
      vertex 42.991 -10.6667 2.2
    endloop
  endfacet
  facet normal -0.803249 0.595644 0
    outer loop
      vertex 42.991 -10.6667 5.5
      vertex 42.7104 -11.0451 2.2
      vertex 42.7104 -11.0451 5.5
    endloop
  endfacet
  facet normal -0.0490376 -0.998797 0
    outer loop
      vertex 39 12.8 2.2
      vertex 39.4705 12.7769 5.5
      vertex 39 12.8 5.5
    endloop
  endfacet
  facet normal -0.0490376 -0.998797 -0
    outer loop
      vertex 39.4705 12.7769 5.5
      vertex 39 12.8 2.2
      vertex 39.4705 12.7769 2.2
    endloop
  endfacet
  facet normal 0.0490408 -0.998797 0
    outer loop
      vertex 6.52953 12.7769 2.2
      vertex 7 12.8 5.5
      vertex 6.52953 12.7769 5.5
    endloop
  endfacet
  facet normal 0.0490408 -0.998797 0
    outer loop
      vertex 7 12.8 5.5
      vertex 6.52953 12.7769 2.2
      vertex 7 12.8 2.2
    endloop
  endfacet
  facet normal -0.671541 -0.740967 0
    outer loop
      vertex 42.0451 11.7104 2.2
      vertex 42.3941 11.3941 5.5
      vertex 42.0451 11.7104 5.5
    endloop
  endfacet
  facet normal -0.671541 -0.740967 -0
    outer loop
      vertex 42.3941 11.3941 5.5
      vertex 42.0451 11.7104 2.2
      vertex 42.3941 11.3941 2.2
    endloop
  endfacet
  facet normal 0.595705 -0.803204 0
    outer loop
      vertex 3.95493 11.7104 2.2
      vertex 4.33327 11.991 5.5
      vertex 3.95493 11.7104 5.5
    endloop
  endfacet
  facet normal 0.595705 -0.803204 0
    outer loop
      vertex 4.33327 11.991 5.5
      vertex 3.95493 11.7104 2.2
      vertex 4.33327 11.991 2.2
    endloop
  endfacet
  facet normal 0.427551 -0.903991 0
    outer loop
      vertex 4.7373 12.2332 2.2
      vertex 5.16313 12.4346 5.5
      vertex 4.7373 12.2332 5.5
    endloop
  endfacet
  facet normal 0.427551 -0.903991 0
    outer loop
      vertex 5.16313 12.4346 5.5
      vertex 4.7373 12.2332 2.2
      vertex 5.16313 12.4346 2.2
    endloop
  endfacet
  facet normal -0.336915 0.941535 0
    outer loop
      vertex 40.8369 -12.4346 2.2
      vertex 40.3934 -12.5933 5.5
      vertex 40.8369 -12.4346 5.5
    endloop
  endfacet
  facet normal -0.336915 0.941535 0
    outer loop
      vertex 40.3934 -12.5933 5.5
      vertex 40.8369 -12.4346 2.2
      vertex 40.3934 -12.5933 2.2
    endloop
  endfacet
  facet normal -0.970009 0.24307 0
    outer loop
      vertex 43.5933 -9.39336 2.2
      vertex 43.7078 -8.93643 5.5
      vertex 43.7078 -8.93643 2.2
    endloop
  endfacet
  facet normal -0.970009 0.24307 0
    outer loop
      vertex 43.7078 -8.93643 5.5
      vertex 43.5933 -9.39336 2.2
      vertex 43.5933 -9.39336 5.5
    endloop
  endfacet
  facet normal -0.941538 -0.336908 0
    outer loop
      vertex 43.5933 9.39336 2.2
      vertex 43.4346 9.83687 5.5
      vertex 43.4346 9.83687 2.2
    endloop
  endfacet
  facet normal -0.941538 -0.336908 0
    outer loop
      vertex 43.4346 9.83687 5.5
      vertex 43.5933 9.39336 2.2
      vertex 43.5933 9.39336 5.5
    endloop
  endfacet
  facet normal 0.740914 0.6716 0
    outer loop
      vertex 3.6059 -11.3941 5.5
      vertex 3.28955 -11.0451 2.2
      vertex 3.28955 -11.0451 5.5
    endloop
  endfacet
  facet normal 0.740914 0.6716 0
    outer loop
      vertex 3.28955 -11.0451 2.2
      vertex 3.6059 -11.3941 5.5
      vertex 3.6059 -11.3941 2.2
    endloop
  endfacet
  facet normal 0.0490408 0.998797 -0
    outer loop
      vertex 7 -12.8 2.2
      vertex 6.52953 -12.7769 5.5
      vertex 7 -12.8 5.5
    endloop
  endfacet
  facet normal 0.0490408 0.998797 0
    outer loop
      vertex 6.52953 -12.7769 5.5
      vertex 7 -12.8 2.2
      vertex 6.52953 -12.7769 2.2
    endloop
  endfacet
  facet normal 0 1 -0
    outer loop
      vertex 9.45456 -12.8 2.2
      vertex 7 -12.8 5.5
      vertex 9.45456 -12.8 5.5
    endloop
  endfacet
  facet normal 0 1 0
    outer loop
      vertex 7 -12.8 5.5
      vertex 9.45456 -12.8 2.2
      vertex 7 -12.8 2.2
    endloop
  endfacet
  facet normal 0 1 -0
    outer loop
      vertex 39 -12.8 2.2
      vertex 30.5454 -12.8 5.5
      vertex 39 -12.8 5.5
    endloop
  endfacet
  facet normal 0 1 0
    outer loop
      vertex 30.5454 -12.8 5.5
      vertex 39 -12.8 2.2
      vertex 30.5454 -12.8 2.2
    endloop
  endfacet
  facet normal 0 1 -0
    outer loop
      vertex 27.4546 -12.8 2.2
      vertex 12.5454 -12.8 5.5
      vertex 27.4546 -12.8 5.5
    endloop
  endfacet
  facet normal 0 1 0
    outer loop
      vertex 12.5454 -12.8 5.5
      vertex 27.4546 -12.8 2.2
      vertex 12.5454 -12.8 2.2
    endloop
  endfacet
  facet normal 0.803259 -0.59563 0
    outer loop
      vertex 3.00896 10.6667 5.5
      vertex 3.28955 11.0451 2.2
      vertex 3.28955 11.0451 5.5
    endloop
  endfacet
  facet normal 0.803259 -0.59563 0
    outer loop
      vertex 3.28955 11.0451 2.2
      vertex 3.00896 10.6667 5.5
      vertex 3.00896 10.6667 2.2
    endloop
  endfacet
  facet normal -0.336915 -0.941535 0
    outer loop
      vertex 40.3934 12.5933 2.2
      vertex 40.8369 12.4346 5.5
      vertex 40.3934 12.5933 5.5
    endloop
  endfacet
  facet normal -0.336915 -0.941535 -0
    outer loop
      vertex 40.8369 12.4346 5.5
      vertex 40.3934 12.5933 2.2
      vertex 40.8369 12.4346 2.2
    endloop
  endfacet
  facet normal -0.0490376 0.998797 0
    outer loop
      vertex 39.4705 -12.7769 2.2
      vertex 39 -12.8 5.5
      vertex 39.4705 -12.7769 5.5
    endloop
  endfacet
  facet normal -0.0490376 0.998797 0
    outer loop
      vertex 39 -12.8 5.5
      vertex 39.4705 -12.7769 2.2
      vertex 39 -12.8 2.2
    endloop
  endfacet
  facet normal 0.803259 0.59563 0
    outer loop
      vertex 3.28955 -11.0451 5.5
      vertex 3.00896 -10.6667 2.2
      vertex 3.00896 -10.6667 5.5
    endloop
  endfacet
  facet normal 0.803259 0.59563 0
    outer loop
      vertex 3.00896 -10.6667 2.2
      vertex 3.28955 -11.0451 5.5
      vertex 3.28955 -11.0451 2.2
    endloop
  endfacet
  facet normal -0.595644 0.803249 0
    outer loop
      vertex 42.0451 -11.7104 2.2
      vertex 41.6667 -11.991 5.5
      vertex 42.0451 -11.7104 5.5
    endloop
  endfacet
  facet normal -0.595644 0.803249 0
    outer loop
      vertex 41.6667 -11.991 5.5
      vertex 42.0451 -11.7104 2.2
      vertex 41.6667 -11.991 2.2
    endloop
  endfacet
  facet normal 0.67151 -0.740996 0
    outer loop
      vertex 3.6059 11.3941 2.2
      vertex 3.95493 11.7104 5.5
      vertex 3.6059 11.3941 5.5
    endloop
  endfacet
  facet normal 0.67151 -0.740996 0
    outer loop
      vertex 3.95493 11.7104 5.5
      vertex 3.6059 11.3941 2.2
      vertex 3.95493 11.7104 2.2
    endloop
  endfacet
  facet normal 0.740914 -0.6716 0
    outer loop
      vertex 3.28955 11.0451 5.5
      vertex 3.6059 11.3941 2.2
      vertex 3.6059 11.3941 5.5
    endloop
  endfacet
  facet normal 0.740914 -0.6716 0
    outer loop
      vertex 3.6059 11.3941 2.2
      vertex 3.28955 11.0451 5.5
      vertex 3.28955 11.0451 2.2
    endloop
  endfacet
  facet normal -0.85768 -0.514184 0
    outer loop
      vertex 43.2332 10.2627 2.2
      vertex 42.991 10.6667 5.5
      vertex 42.991 10.6667 2.2
    endloop
  endfacet
  facet normal -0.85768 -0.514184 0
    outer loop
      vertex 42.991 10.6667 5.5
      vertex 43.2332 10.2627 2.2
      vertex 43.2332 10.2627 5.5
    endloop
  endfacet
  facet normal -0.941538 0.336908 0
    outer loop
      vertex 43.4346 -9.83687 2.2
      vertex 43.5933 -9.39336 5.5
      vertex 43.5933 -9.39336 2.2
    endloop
  endfacet
  facet normal -0.941538 0.336908 0
    outer loop
      vertex 43.5933 -9.39336 5.5
      vertex 43.4346 -9.83687 2.2
      vertex 43.4346 -9.83687 5.5
    endloop
  endfacet
  facet normal -1 0 0
    outer loop
      vertex 43.8 3.96984 2.2
      vertex 43.8 8 5.5
      vertex 43.8 8 2.2
    endloop
  endfacet
  facet normal -1 -0 0
    outer loop
      vertex 43.8 8 5.5
      vertex 43.8 3.96984 2.2
      vertex 43.8 3.96984 5.5
    endloop
  endfacet
  facet normal -1 0 0
    outer loop
      vertex 43.8 -8 2.2
      vertex 43.8 -3.96984 5.5
      vertex 43.8 -3.96984 2.2
    endloop
  endfacet
  facet normal -1 -0 0
    outer loop
      vertex 43.8 -3.96984 5.5
      vertex 43.8 -8 2.2
      vertex 43.8 -8 5.5
    endloop
  endfacet
  facet normal -0.803249 -0.595644 0
    outer loop
      vertex 42.991 10.6667 2.2
      vertex 42.7104 11.0451 5.5
      vertex 42.7104 11.0451 2.2
    endloop
  endfacet
  facet normal -0.803249 -0.595644 0
    outer loop
      vertex 42.7104 11.0451 5.5
      vertex 42.991 10.6667 2.2
      vertex 42.991 10.6667 5.5
    endloop
  endfacet
  facet normal 0.857699 0.514152 0
    outer loop
      vertex 3.00896 -10.6667 5.5
      vertex 2.76678 -10.2627 2.2
      vertex 2.76678 -10.2627 5.5
    endloop
  endfacet
  facet normal 0.857699 0.514152 0
    outer loop
      vertex 2.76678 -10.2627 2.2
      vertex 3.00896 -10.6667 5.5
      vertex 3.00896 -10.6667 2.2
    endloop
  endfacet
  facet normal 0.595705 0.803204 -0
    outer loop
      vertex 4.33327 -11.991 2.2
      vertex 3.95493 -11.7104 5.5
      vertex 4.33327 -11.991 5.5
    endloop
  endfacet
  facet normal 0.595705 0.803204 0
    outer loop
      vertex 3.95493 -11.7104 5.5
      vertex 4.33327 -11.991 2.2
      vertex 3.95493 -11.7104 2.2
    endloop
  endfacet
  facet normal 0.989173 -0.146754 0
    outer loop
      vertex 2.22311 8.47047 5.5
      vertex 2.29224 8.93643 2.2
      vertex 2.29224 8.93643 5.5
    endloop
  endfacet
  facet normal 0.989173 -0.146754 0
    outer loop
      vertex 2.29224 8.93643 2.2
      vertex 2.22311 8.47047 5.5
      vertex 2.22311 8.47047 2.2
    endloop
  endfacet
  facet normal 0.903991 -0.427551 0
    outer loop
      vertex 2.56538 9.83687 5.5
      vertex 2.76678 10.2627 2.2
      vertex 2.76678 10.2627 5.5
    endloop
  endfacet
  facet normal 0.903991 -0.427551 0
    outer loop
      vertex 2.76678 10.2627 2.2
      vertex 2.56538 9.83687 5.5
      vertex 2.56538 9.83687 2.2
    endloop
  endfacet
  facet normal 0.903991 0.427551 0
    outer loop
      vertex 2.76678 -10.2627 5.5
      vertex 2.56538 -9.83687 2.2
      vertex 2.56538 -9.83687 5.5
    endloop
  endfacet
  facet normal 0.903991 0.427551 0
    outer loop
      vertex 2.56538 -9.83687 2.2
      vertex 2.76678 -10.2627 5.5
      vertex 2.76678 -10.2627 2.2
    endloop
  endfacet
  facet normal -0.514184 -0.85768 0
    outer loop
      vertex 41.2627 12.2332 2.2
      vertex 41.6667 11.991 5.5
      vertex 41.2627 12.2332 5.5
    endloop
  endfacet
  facet normal -0.514184 -0.85768 -0
    outer loop
      vertex 41.6667 11.991 5.5
      vertex 41.2627 12.2332 2.2
      vertex 41.6667 11.991 2.2
    endloop
  endfacet
  facet normal 0.146692 -0.989182 0
    outer loop
      vertex 6.06357 12.7078 2.2
      vertex 6.52953 12.7769 5.5
      vertex 6.06357 12.7078 5.5
    endloop
  endfacet
  facet normal 0.146692 -0.989182 0
    outer loop
      vertex 6.52953 12.7769 5.5
      vertex 6.06357 12.7078 2.2
      vertex 6.52953 12.7769 2.2
    endloop
  endfacet
  facet normal -0.243035 0.970018 0
    outer loop
      vertex 40.3934 -12.5933 2.2
      vertex 39.9364 -12.7078 5.5
      vertex 40.3934 -12.5933 5.5
    endloop
  endfacet
  facet normal -0.243035 0.970018 0
    outer loop
      vertex 39.9364 -12.7078 5.5
      vertex 40.3934 -12.5933 2.2
      vertex 39.9364 -12.7078 2.2
    endloop
  endfacet
  facet normal -0.427575 -0.90398 0
    outer loop
      vertex 40.8369 12.4346 2.2
      vertex 41.2627 12.2332 5.5
      vertex 40.8369 12.4346 5.5
    endloop
  endfacet
  facet normal -0.427575 -0.90398 -0
    outer loop
      vertex 41.2627 12.2332 5.5
      vertex 40.8369 12.4346 2.2
      vertex 41.2627 12.2332 2.2
    endloop
  endfacet
  facet normal 0.857699 -0.514152 0
    outer loop
      vertex 2.76678 10.2627 5.5
      vertex 3.00896 10.6667 2.2
      vertex 3.00896 10.6667 5.5
    endloop
  endfacet
  facet normal 0.857699 -0.514152 0
    outer loop
      vertex 3.00896 10.6667 2.2
      vertex 2.76678 10.2627 5.5
      vertex 2.76678 10.2627 2.2
    endloop
  endfacet
  facet normal -0.595644 -0.803249 0
    outer loop
      vertex 41.6667 11.991 2.2
      vertex 42.0451 11.7104 5.5
      vertex 41.6667 11.991 5.5
    endloop
  endfacet
  facet normal -0.595644 -0.803249 -0
    outer loop
      vertex 42.0451 11.7104 5.5
      vertex 41.6667 11.991 2.2
      vertex 42.0451 11.7104 2.2
    endloop
  endfacet
  facet normal -0.903991 0.427551 0
    outer loop
      vertex 43.2332 -10.2627 2.2
      vertex 43.4346 -9.83687 5.5
      vertex 43.4346 -9.83687 2.2
    endloop
  endfacet
  facet normal -0.903991 0.427551 0
    outer loop
      vertex 43.4346 -9.83687 5.5
      vertex 43.2332 -10.2627 2.2
      vertex 43.2332 -10.2627 5.5
    endloop
  endfacet
  facet normal -0.85768 0.514184 0
    outer loop
      vertex 42.991 -10.6667 2.2
      vertex 43.2332 -10.2627 5.5
      vertex 43.2332 -10.2627 2.2
    endloop
  endfacet
  facet normal -0.85768 0.514184 0
    outer loop
      vertex 43.2332 -10.2627 5.5
      vertex 42.991 -10.6667 2.2
      vertex 42.991 -10.6667 5.5
    endloop
  endfacet
  facet normal 0.336908 -0.941538 0
    outer loop
      vertex 5.16313 12.4346 2.2
      vertex 5.60664 12.5933 5.5
      vertex 5.16313 12.4346 5.5
    endloop
  endfacet
  facet normal 0.336908 -0.941538 0
    outer loop
      vertex 5.60664 12.5933 5.5
      vertex 5.16313 12.4346 2.2
      vertex 5.60664 12.5933 2.2
    endloop
  endfacet
  facet normal 0.970034 0.24297 0
    outer loop
      vertex 2.40669 -9.39336 5.5
      vertex 2.29224 -8.93643 2.2
      vertex 2.29224 -8.93643 5.5
    endloop
  endfacet
  facet normal 0.970034 0.24297 0
    outer loop
      vertex 2.29224 -8.93643 2.2
      vertex 2.40669 -9.39336 5.5
      vertex 2.40669 -9.39336 2.2
    endloop
  endfacet
  facet normal -0.14671 -0.98918 0
    outer loop
      vertex 39.4705 12.7769 2.2
      vertex 39.9364 12.7078 5.5
      vertex 39.4705 12.7769 5.5
    endloop
  endfacet
  facet normal -0.14671 -0.98918 -0
    outer loop
      vertex 39.9364 12.7078 5.5
      vertex 39.4705 12.7769 2.2
      vertex 39.9364 12.7078 2.2
    endloop
  endfacet
  facet normal -0.989182 0.146692 0
    outer loop
      vertex 43.7078 -8.93643 2.2
      vertex 43.7769 -8.47047 5.5
      vertex 43.7769 -8.47047 2.2
    endloop
  endfacet
  facet normal -0.989182 0.146692 0
    outer loop
      vertex 43.7769 -8.47047 5.5
      vertex 43.7078 -8.93643 2.2
      vertex 43.7078 -8.93643 5.5
    endloop
  endfacet
  facet normal 0.146692 0.989182 -0
    outer loop
      vertex 6.52953 -12.7769 2.2
      vertex 6.06357 -12.7078 5.5
      vertex 6.52953 -12.7769 5.5
    endloop
  endfacet
  facet normal 0.146692 0.989182 0
    outer loop
      vertex 6.06357 -12.7078 5.5
      vertex 6.52953 -12.7769 2.2
      vertex 6.06357 -12.7078 2.2
    endloop
  endfacet
  facet normal 0.970034 -0.24297 0
    outer loop
      vertex 2.29224 8.93643 5.5
      vertex 2.40669 9.39336 2.2
      vertex 2.40669 9.39336 5.5
    endloop
  endfacet
  facet normal 0.970034 -0.24297 0
    outer loop
      vertex 2.40669 9.39336 2.2
      vertex 2.29224 8.93643 5.5
      vertex 2.29224 8.93643 2.2
    endloop
  endfacet
  facet normal 0.427551 0.903991 -0
    outer loop
      vertex 5.16313 -12.4346 2.2
      vertex 4.7373 -12.2332 5.5
      vertex 5.16313 -12.4346 5.5
    endloop
  endfacet
  facet normal 0.427551 0.903991 0
    outer loop
      vertex 4.7373 -12.2332 5.5
      vertex 5.16313 -12.4346 2.2
      vertex 4.7373 -12.2332 2.2
    endloop
  endfacet
  facet normal 0.336908 0.941538 -0
    outer loop
      vertex 5.60664 -12.5933 2.2
      vertex 5.16313 -12.4346 5.5
      vertex 5.60664 -12.5933 5.5
    endloop
  endfacet
  facet normal 0.336908 0.941538 0
    outer loop
      vertex 5.16313 -12.4346 5.5
      vertex 5.60664 -12.5933 2.2
      vertex 5.16313 -12.4346 2.2
    endloop
  endfacet
  facet normal 0 0 1
    outer loop
      vertex 10.6863 6.81541 2.2
      vertex 7.61014 1.9445 2.2
      vertex 7.78672 1.64989 2.2
    endloop
  endfacet
  facet normal 0 0 1
    outer loop
      vertex 7.81541 9.68635 2.2
      vertex 7.40554 2.22038 2.2
      vertex 7.61014 1.9445 2.2
    endloop
  endfacet
  facet normal 0 0 1
    outer loop
      vertex 4.33327 11.991 2.2
      vertex 7.8 10 2.2
      vertex 7.81541 10.3137 2.2
    endloop
  endfacet
  facet normal 0 0 1
    outer loop
      vertex 7.81541 9.68635 2.2
      vertex 7.17487 2.47487 2.2
      vertex 7.40554 2.22038 2.2
    endloop
  endfacet
  facet normal -0 0 1
    outer loop
      vertex 7 12.8 2.2
      vertex 9.22217 12.6607 2.2
      vertex 9.45456 12.8 2.2
    endloop
  endfacet
  facet normal 0 0 1
    outer loop
      vertex 7 12.8 2.2
      vertex 8.96994 12.4736 2.2
      vertex 9.22217 12.6607 2.2
    endloop
  endfacet
  facet normal 0 0 1
    outer loop
      vertex 7 12.8 2.2
      vertex 8.73726 12.2627 2.2
      vertex 8.96994 12.4736 2.2
    endloop
  endfacet
  facet normal 0 0 1
    outer loop
      vertex 7 12.8 2.2
      vertex 8.52637 12.0301 2.2
      vertex 8.73726 12.2627 2.2
    endloop
  endfacet
  facet normal 0 0 1
    outer loop
      vertex 7 12.8 2.2
      vertex 8.3393 11.7778 2.2
      vertex 8.52637 12.0301 2.2
    endloop
  endfacet
  facet normal 0 0 1
    outer loop
      vertex 7 12.8 2.2
      vertex 8.17785 11.5085 2.2
      vertex 8.3393 11.7778 2.2
    endloop
  endfacet
  facet normal 0 0 1
    outer loop
      vertex 7 12.8 2.2
      vertex 8.04358 11.2246 2.2
      vertex 8.17785 11.5085 2.2
    endloop
  endfacet
  facet normal -0 0 1
    outer loop
      vertex 6.52953 12.7769 2.2
      vertex 8.04358 11.2246 2.2
      vertex 7 12.8 2.2
    endloop
  endfacet
  facet normal 0 0 1
    outer loop
      vertex 8.04358 11.2246 2.2
      vertex 6.52953 12.7769 2.2
      vertex 7.93779 10.9289 2.2
    endloop
  endfacet
  facet normal -0 0 1
    outer loop
      vertex 6.06357 12.7078 2.2
      vertex 7.93779 10.9289 2.2
      vertex 6.52953 12.7769 2.2
    endloop
  endfacet
  facet normal 0 0 1
    outer loop
      vertex 7.93779 10.9289 2.2
      vertex 6.06357 12.7078 2.2
      vertex 7.86149 10.6243 2.2
    endloop
  endfacet
  facet normal 0 0 1
    outer loop
      vertex 7.81541 9.68635 2.2
      vertex 6.92038 2.70554 2.2
      vertex 7.17487 2.47487 2.2
    endloop
  endfacet
  facet normal 0 0 1
    outer loop
      vertex 7.81541 9.68635 2.2
      vertex 6.6445 2.91014 2.2
      vertex 6.92038 2.70554 2.2
    endloop
  endfacet
  facet normal -0 0 1
    outer loop
      vertex 5.60664 12.5933 2.2
      vertex 7.86149 10.6243 2.2
      vertex 6.06357 12.7078 2.2
    endloop
  endfacet
  facet normal 0 0 1
    outer loop
      vertex 7.81541 9.68635 2.2
      vertex 6.34989 3.08672 2.2
      vertex 6.6445 2.91014 2.2
    endloop
  endfacet
  facet normal -0 0 1
    outer loop
      vertex 5.16313 12.4346 2.2
      vertex 7.86149 10.6243 2.2
      vertex 5.60664 12.5933 2.2
    endloop
  endfacet
  facet normal 0 0 1
    outer loop
      vertex 7.81541 9.68635 2.2
      vertex 6.03939 3.23358 2.2
      vertex 6.34989 3.08672 2.2
    endloop
  endfacet
  facet normal 0 0 1
    outer loop
      vertex 7.81541 9.68635 2.2
      vertex 5.716 3.34929 2.2
      vertex 6.03939 3.23358 2.2
    endloop
  endfacet
  facet normal 0 0 1
    outer loop
      vertex 7.86149 10.6243 2.2
      vertex 5.16313 12.4346 2.2
      vertex 7.81541 10.3137 2.2
    endloop
  endfacet
  facet normal -0 0 1
    outer loop
      vertex 4.7373 12.2332 2.2
      vertex 7.81541 10.3137 2.2
      vertex 5.16313 12.4346 2.2
    endloop
  endfacet
  facet normal 0 0 1
    outer loop
      vertex 7.81541 9.68635 2.2
      vertex 2.20001 8 2.2
      vertex 5.04306 3.48315 2.2
    endloop
  endfacet
  facet normal 0 0 1
    outer loop
      vertex 7.81541 9.68635 2.2
      vertex 5.38282 3.43275 2.2
      vertex 5.716 3.34929 2.2
    endloop
  endfacet
  facet normal -0 0 1
    outer loop
      vertex 4.33327 11.991 2.2
      vertex 7.81541 10.3137 2.2
      vertex 4.7373 12.2332 2.2
    endloop
  endfacet
  facet normal 0 0 1
    outer loop
      vertex 7.81541 9.68635 2.2
      vertex 5.04306 3.48315 2.2
      vertex 5.38282 3.43275 2.2
    endloop
  endfacet
  facet normal 0 0 1
    outer loop
      vertex 5.04306 3.48315 2.2
      vertex 2.20001 8 2.2
      vertex 4.7 3.5 2.2
    endloop
  endfacet
  facet normal 0 0 1
    outer loop
      vertex 7.8 10 2.2
      vertex 4.33327 11.991 2.2
      vertex 3.95493 11.7104 2.2
    endloop
  endfacet
  facet normal 0 0 1
    outer loop
      vertex 4.7 3.5 2.2
      vertex 2.20001 8 2.2
      vertex 4.35694 3.48315 2.2
    endloop
  endfacet
  facet normal 0 0 1
    outer loop
      vertex 7.8 10 2.2
      vertex 3.95493 11.7104 2.2
      vertex 3.6059 11.3941 2.2
    endloop
  endfacet
  facet normal 0 0 1
    outer loop
      vertex 4.35694 3.48315 2.2
      vertex 2.20001 8 2.2
      vertex 4.01718 3.43275 2.2
    endloop
  endfacet
  facet normal 0 0 1
    outer loop
      vertex 7.81541 9.68635 2.2
      vertex 3.6059 11.3941 2.2
      vertex 3.28955 11.0451 2.2
    endloop
  endfacet
  facet normal 0 0 1
    outer loop
      vertex 4.01718 3.43275 2.2
      vertex 2.20001 8 2.2
      vertex 3.684 3.34929 2.2
    endloop
  endfacet
  facet normal 0 0 1
    outer loop
      vertex 7.81541 9.68635 2.2
      vertex 3.28955 11.0451 2.2
      vertex 3.00896 10.6667 2.2
    endloop
  endfacet
  facet normal 0 0 1
    outer loop
      vertex 3.684 3.34929 2.2
      vertex 2.20001 8 2.2
      vertex 3.36061 3.23358 2.2
    endloop
  endfacet
  facet normal 0 0 1
    outer loop
      vertex 7.81541 9.68635 2.2
      vertex 3.00896 10.6667 2.2
      vertex 2.76678 10.2627 2.2
    endloop
  endfacet
  facet normal 0 0 1
    outer loop
      vertex 7.81541 9.68635 2.2
      vertex 2.76678 10.2627 2.2
      vertex 2.56538 9.83687 2.2
    endloop
  endfacet
  facet normal 0 0 1
    outer loop
      vertex 3.36061 3.23358 2.2
      vertex 2.20001 8 2.2
      vertex 3.05011 3.08672 2.2
    endloop
  endfacet
  facet normal 0 0 1
    outer loop
      vertex 7.81541 9.68635 2.2
      vertex 2.56538 9.83687 2.2
      vertex 2.40669 9.39336 2.2
    endloop
  endfacet
  facet normal 0 0 1
    outer loop
      vertex 3.05011 3.08672 2.2
      vertex 2.20001 8 2.2
      vertex 2.7555 2.91014 2.2
    endloop
  endfacet
  facet normal 0 0 1
    outer loop
      vertex 7.81541 9.68635 2.2
      vertex 2.40669 9.39336 2.2
      vertex 2.29224 8.93643 2.2
    endloop
  endfacet
  facet normal 0 0 1
    outer loop
      vertex 7.81541 9.68635 2.2
      vertex 2.29224 8.93643 2.2
      vertex 2.22311 8.47047 2.2
    endloop
  endfacet
  facet normal 0 0 1
    outer loop
      vertex 2.7555 2.91014 2.2
      vertex 2.20001 8 2.2
      vertex 2.47962 2.70554 2.2
    endloop
  endfacet
  facet normal 0 0 1
    outer loop
      vertex 7.81541 9.68635 2.2
      vertex 2.22311 8.47047 2.2
      vertex 2.20001 8 2.2
    endloop
  endfacet
  facet normal 0 0 1
    outer loop
      vertex 2.47962 2.70554 2.2
      vertex 2.20001 8 2.2
      vertex 2.22513 2.47487 2.2
    endloop
  endfacet
  facet normal 0 0 1
    outer loop
      vertex 2.22513 2.47487 2.2
      vertex 2.20001 8 2.2
      vertex 2.20001 2.44717 2.2
    endloop
  endfacet
  facet normal 0 0 1
    outer loop
      vertex 26.1779 8.49153 2.2
      vertex 13.8221 8.49153 2.2
      vertex 26.3393 8.22217 2.2
    endloop
  endfacet
  facet normal 0 0 1
    outer loop
      vertex 26.7373 -7.73726 2.2
      vertex 14.1846 -9.68635 2.2
      vertex 14.2 -10 2.2
    endloop
  endfacet
  facet normal 0 0 1
    outer loop
      vertex 13.6607 8.22217 2.2
      vertex 26.3393 8.22217 2.2
      vertex 13.8221 8.49153 2.2
    endloop
  endfacet
  facet normal 0 0 1
    outer loop
      vertex 26.7373 -7.73726 2.2
      vertex 14.1385 -9.37571 2.2
      vertex 14.1846 -9.68635 2.2
    endloop
  endfacet
  facet normal 0 0 1
    outer loop
      vertex 26.3393 8.22217 2.2
      vertex 13.6607 8.22217 2.2
      vertex 26.5264 7.96994 2.2
    endloop
  endfacet
  facet normal 0 0 1
    outer loop
      vertex 26.7373 -7.73726 2.2
      vertex 14.0622 -9.07109 2.2
      vertex 14.1385 -9.37571 2.2
    endloop
  endfacet
  facet normal 0 0 1
    outer loop
      vertex 13.4736 7.96994 2.2
      vertex 26.5264 7.96994 2.2
      vertex 13.6607 8.22217 2.2
    endloop
  endfacet
  facet normal 0 0 1
    outer loop
      vertex 26.7373 -7.73726 2.2
      vertex 13.9564 -8.77541 2.2
      vertex 14.0622 -9.07109 2.2
    endloop
  endfacet
  facet normal 0 0 1
    outer loop
      vertex 26.5264 7.96994 2.2
      vertex 13.4736 7.96994 2.2
      vertex 26.7373 7.73726 2.2
    endloop
  endfacet
  facet normal 0 0 1
    outer loop
      vertex 26.7373 -7.73726 2.2
      vertex 13.8221 -8.49153 2.2
      vertex 13.9564 -8.77541 2.2
    endloop
  endfacet
  facet normal 0 0 1
    outer loop
      vertex 13.2627 7.73726 2.2
      vertex 26.7373 7.73726 2.2
      vertex 13.4736 7.96994 2.2
    endloop
  endfacet
  facet normal 0 0 1
    outer loop
      vertex 26.7373 -7.73726 2.2
      vertex 13.6607 -8.22217 2.2
      vertex 13.8221 -8.49153 2.2
    endloop
  endfacet
  facet normal 0 0 1
    outer loop
      vertex 26.7373 7.73726 2.2
      vertex 13.2627 7.73726 2.2
      vertex 26.7373 -7.73726 2.2
    endloop
  endfacet
  facet normal 0 0 1
    outer loop
      vertex 26.7373 -7.73726 2.2
      vertex 13.4736 -7.96994 2.2
      vertex 13.6607 -8.22217 2.2
    endloop
  endfacet
  facet normal 0 0 1
    outer loop
      vertex 13.2627 -7.73726 2.2
      vertex 26.7373 -7.73726 2.2
      vertex 13.2627 7.73726 2.2
    endloop
  endfacet
  facet normal 0 0 1
    outer loop
      vertex 26.7373 -7.73726 2.2
      vertex 13.2627 -7.73726 2.2
      vertex 13.4736 -7.96994 2.2
    endloop
  endfacet
  facet normal -0 0 1
    outer loop
      vertex 13.0301 7.52637 2.2
      vertex 13.2627 -7.73726 2.2
      vertex 13.2627 7.73726 2.2
    endloop
  endfacet
  facet normal 0 0 1
    outer loop
      vertex 13.0301 7.52637 2.2
      vertex 13.0301 -7.52637 2.2
      vertex 13.2627 -7.73726 2.2
    endloop
  endfacet
  facet normal -0 0 1
    outer loop
      vertex 12.7778 7.3393 2.2
      vertex 13.0301 -7.52637 2.2
      vertex 13.0301 7.52637 2.2
    endloop
  endfacet
  facet normal 0 0 1
    outer loop
      vertex 12.7778 7.3393 2.2
      vertex 12.7778 -7.3393 2.2
      vertex 13.0301 -7.52637 2.2
    endloop
  endfacet
  facet normal -0 0 1
    outer loop
      vertex 12.5085 7.17785 2.2
      vertex 12.7778 -7.3393 2.2
      vertex 12.7778 7.3393 2.2
    endloop
  endfacet
  facet normal 0 0 1
    outer loop
      vertex 12.5085 7.17785 2.2
      vertex 12.5085 -7.17785 2.2
      vertex 12.7778 -7.3393 2.2
    endloop
  endfacet
  facet normal 0 0 1
    outer loop
      vertex 8.2 0 2.2
      vertex 12.5085 7.17785 2.2
      vertex 12.2246 7.04358 2.2
    endloop
  endfacet
  facet normal 0 0 1
    outer loop
      vertex 12.5085 7.17785 2.2
      vertex 8.2 0 2.2
      vertex 12.5085 -7.17785 2.2
    endloop
  endfacet
  facet normal 0 0 1
    outer loop
      vertex 8.18315 0.34306 2.2
      vertex 12.2246 7.04358 2.2
      vertex 11.9289 6.93779 2.2
    endloop
  endfacet
  facet normal 0 0 1
    outer loop
      vertex 12.5085 -7.17785 2.2
      vertex 8.2 0 2.2
      vertex 12.2246 -7.04358 2.2
    endloop
  endfacet
  facet normal 0 0 1
    outer loop
      vertex 8.13275 0.682816 2.2
      vertex 11.9289 6.93779 2.2
      vertex 11.6243 6.86149 2.2
    endloop
  endfacet
  facet normal -0 0 1
    outer loop
      vertex 8.18315 -0.34306 2.2
      vertex 12.2246 -7.04358 2.2
      vertex 8.2 0 2.2
    endloop
  endfacet
  facet normal 0 0 1
    outer loop
      vertex 8.04929 1.016 2.2
      vertex 11.6243 6.86149 2.2
      vertex 11.3137 6.81541 2.2
    endloop
  endfacet
  facet normal 0 0 1
    outer loop
      vertex 12.2246 -7.04358 2.2
      vertex 8.18315 -0.34306 2.2
      vertex 11.9289 -6.93779 2.2
    endloop
  endfacet
  facet normal 0 0 1
    outer loop
      vertex 7.93358 1.33939 2.2
      vertex 11.3137 6.81541 2.2
      vertex 11 6.8 2.2
    endloop
  endfacet
  facet normal -0 0 1
    outer loop
      vertex 8.13275 -0.682816 2.2
      vertex 11.9289 -6.93779 2.2
      vertex 8.18315 -0.34306 2.2
    endloop
  endfacet
  facet normal 0 0 1
    outer loop
      vertex 7.78672 1.64989 2.2
      vertex 11 6.8 2.2
      vertex 10.6863 6.81541 2.2
    endloop
  endfacet
  facet normal 0 0 1
    outer loop
      vertex 11.9289 -6.93779 2.2
      vertex 8.13275 -0.682816 2.2
      vertex 11.6243 -6.86149 2.2
    endloop
  endfacet
  facet normal 0 0 1
    outer loop
      vertex 7.61014 1.9445 2.2
      vertex 10.6863 6.81541 2.2
      vertex 10.3757 6.86149 2.2
    endloop
  endfacet
  facet normal -0 0 1
    outer loop
      vertex 8.04929 -1.016 2.2
      vertex 11.6243 -6.86149 2.2
      vertex 8.13275 -0.682816 2.2
    endloop
  endfacet
  facet normal 0 0 1
    outer loop
      vertex 7.61014 1.9445 2.2
      vertex 10.3757 6.86149 2.2
      vertex 10.0711 6.93779 2.2
    endloop
  endfacet
  facet normal 0 0 1
    outer loop
      vertex 11.6243 -6.86149 2.2
      vertex 8.04929 -1.016 2.2
      vertex 11.3137 -6.81541 2.2
    endloop
  endfacet
  facet normal 0 0 1
    outer loop
      vertex 7.61014 1.9445 2.2
      vertex 10.0711 6.93779 2.2
      vertex 9.77541 7.04358 2.2
    endloop
  endfacet
  facet normal -0 0 1
    outer loop
      vertex 7.93358 -1.33939 2.2
      vertex 11.3137 -6.81541 2.2
      vertex 8.04929 -1.016 2.2
    endloop
  endfacet
  facet normal 0 0 1
    outer loop
      vertex 7.61014 1.9445 2.2
      vertex 9.77541 7.04358 2.2
      vertex 9.49153 7.17785 2.2
    endloop
  endfacet
  facet normal 0 0 1
    outer loop
      vertex 11.3137 -6.81541 2.2
      vertex 7.93358 -1.33939 2.2
      vertex 11 -6.8 2.2
    endloop
  endfacet
  facet normal 0 0 1
    outer loop
      vertex 7.61014 1.9445 2.2
      vertex 9.49153 7.17785 2.2
      vertex 9.22217 7.3393 2.2
    endloop
  endfacet
  facet normal -0 0 1
    outer loop
      vertex 7.78672 -1.64989 2.2
      vertex 11 -6.8 2.2
      vertex 7.93358 -1.33939 2.2
    endloop
  endfacet
  facet normal 0 0 1
    outer loop
      vertex 7.61014 1.9445 2.2
      vertex 9.22217 7.3393 2.2
      vertex 8.96994 7.52637 2.2
    endloop
  endfacet
  facet normal 0 0 1
    outer loop
      vertex 11 -6.8 2.2
      vertex 7.78672 -1.64989 2.2
      vertex 10.6863 -6.81541 2.2
    endloop
  endfacet
  facet normal 0 0 1
    outer loop
      vertex 7.61014 1.9445 2.2
      vertex 8.96994 7.52637 2.2
      vertex 8.73726 7.73726 2.2
    endloop
  endfacet
  facet normal -0 0 1
    outer loop
      vertex 7.61014 -1.9445 2.2
      vertex 10.6863 -6.81541 2.2
      vertex 7.78672 -1.64989 2.2
    endloop
  endfacet
  facet normal 0 0 1
    outer loop
      vertex 7.61014 1.9445 2.2
      vertex 8.73726 7.73726 2.2
      vertex 8.52637 7.96994 2.2
    endloop
  endfacet
  facet normal 0 0 1
    outer loop
      vertex 10.6863 -6.81541 2.2
      vertex 7.61014 -1.9445 2.2
      vertex 10.3757 -6.86149 2.2
    endloop
  endfacet
  facet normal 0 0 1
    outer loop
      vertex 7.61014 1.9445 2.2
      vertex 8.52637 7.96994 2.2
      vertex 8.3393 8.22217 2.2
    endloop
  endfacet
  facet normal -0 0 1
    outer loop
      vertex 7.40554 -2.22038 2.2
      vertex 10.3757 -6.86149 2.2
      vertex 7.61014 -1.9445 2.2
    endloop
  endfacet
  facet normal 0 0 1
    outer loop
      vertex 10.3757 -6.86149 2.2
      vertex 7.40554 -2.22038 2.2
      vertex 10.0711 -6.93779 2.2
    endloop
  endfacet
  facet normal 0 0 1
    outer loop
      vertex 12.2246 7.04358 2.2
      vertex 8.18315 0.34306 2.2
      vertex 8.2 0 2.2
    endloop
  endfacet
  facet normal 0 0 1
    outer loop
      vertex 7.61014 1.9445 2.2
      vertex 8.3393 8.22217 2.2
      vertex 8.17785 8.49153 2.2
    endloop
  endfacet
  facet normal 0 0 1
    outer loop
      vertex 11.9289 6.93779 2.2
      vertex 8.13275 0.682816 2.2
      vertex 8.18315 0.34306 2.2
    endloop
  endfacet
  facet normal 0 0 1
    outer loop
      vertex 11.6243 6.86149 2.2
      vertex 8.04929 1.016 2.2
      vertex 8.13275 0.682816 2.2
    endloop
  endfacet
  facet normal 0 0 1
    outer loop
      vertex 7.61014 1.9445 2.2
      vertex 8.17785 8.49153 2.2
      vertex 8.04358 8.77541 2.2
    endloop
  endfacet
  facet normal 0 0 1
    outer loop
      vertex 7.61014 1.9445 2.2
      vertex 8.04358 8.77541 2.2
      vertex 7.93779 9.07109 2.2
    endloop
  endfacet
  facet normal 0 0 1
    outer loop
      vertex 11.3137 6.81541 2.2
      vertex 7.93358 1.33939 2.2
      vertex 8.04929 1.016 2.2
    endloop
  endfacet
  facet normal 0 0 1
    outer loop
      vertex 7.61014 1.9445 2.2
      vertex 7.93779 9.07109 2.2
      vertex 7.86149 9.37571 2.2
    endloop
  endfacet
  facet normal 0 0 1
    outer loop
      vertex 7.61014 1.9445 2.2
      vertex 7.86149 9.37571 2.2
      vertex 7.81541 9.68635 2.2
    endloop
  endfacet
  facet normal 0 0 1
    outer loop
      vertex 3.6059 11.3941 2.2
      vertex 7.81541 9.68635 2.2
      vertex 7.8 10 2.2
    endloop
  endfacet
  facet normal 0 0 1
    outer loop
      vertex 11 6.8 2.2
      vertex 7.78672 1.64989 2.2
      vertex 7.93358 1.33939 2.2
    endloop
  endfacet
  facet normal 0 0 1
    outer loop
      vertex 25.8615 -9.37571 2.2
      vertex 14.2 -10 2.2
      vertex 25.8154 -9.68635 2.2
    endloop
  endfacet
  facet normal 0 0 1
    outer loop
      vertex 25.8154 10.3137 2.2
      vertex 14.2 10 2.2
      vertex 25.8 10 2.2
    endloop
  endfacet
  facet normal 0 0 1
    outer loop
      vertex 14.1846 10.3137 2.2
      vertex 25.8154 10.3137 2.2
      vertex 25.8615 10.6243 2.2
    endloop
  endfacet
  facet normal 0 0 1
    outer loop
      vertex 14.1385 10.6243 2.2
      vertex 25.8615 10.6243 2.2
      vertex 25.9378 10.9289 2.2
    endloop
  endfacet
  facet normal 0 0 1
    outer loop
      vertex 14.0622 10.9289 2.2
      vertex 25.9378 10.9289 2.2
      vertex 26.0436 11.2246 2.2
    endloop
  endfacet
  facet normal 0 0 1
    outer loop
      vertex 13.9564 11.2246 2.2
      vertex 26.0436 11.2246 2.2
      vertex 26.1779 11.5085 2.2
    endloop
  endfacet
  facet normal 0 0 1
    outer loop
      vertex 13.8221 11.5085 2.2
      vertex 26.1779 11.5085 2.2
      vertex 26.3393 11.7778 2.2
    endloop
  endfacet
  facet normal 0 0 1
    outer loop
      vertex 13.6607 11.7778 2.2
      vertex 26.3393 11.7778 2.2
      vertex 26.5264 12.0301 2.2
    endloop
  endfacet
  facet normal 0 0 1
    outer loop
      vertex 13.4736 12.0301 2.2
      vertex 26.5264 12.0301 2.2
      vertex 26.7373 12.2627 2.2
    endloop
  endfacet
  facet normal 0 0 1
    outer loop
      vertex 13.2627 12.2627 2.2
      vertex 26.7373 12.2627 2.2
      vertex 26.9699 12.4736 2.2
    endloop
  endfacet
  facet normal 0 0 1
    outer loop
      vertex 13.0301 12.4736 2.2
      vertex 26.9699 12.4736 2.2
      vertex 27.2222 12.6607 2.2
    endloop
  endfacet
  facet normal 0 0 1
    outer loop
      vertex 12.7778 12.6607 2.2
      vertex 27.2222 12.6607 2.2
      vertex 27.4546 12.8 2.2
    endloop
  endfacet
  facet normal 0 0 1
    outer loop
      vertex 25.8154 10.3137 2.2
      vertex 14.1846 10.3137 2.2
      vertex 14.2 10 2.2
    endloop
  endfacet
  facet normal 0 0 1
    outer loop
      vertex 25.8615 10.6243 2.2
      vertex 14.1385 10.6243 2.2
      vertex 14.1846 10.3137 2.2
    endloop
  endfacet
  facet normal 0 0 1
    outer loop
      vertex 25.9378 10.9289 2.2
      vertex 14.0622 10.9289 2.2
      vertex 14.1385 10.6243 2.2
    endloop
  endfacet
  facet normal 0 0 1
    outer loop
      vertex 26.0436 11.2246 2.2
      vertex 13.9564 11.2246 2.2
      vertex 14.0622 10.9289 2.2
    endloop
  endfacet
  facet normal 0 0 1
    outer loop
      vertex 26.1779 11.5085 2.2
      vertex 13.8221 11.5085 2.2
      vertex 13.9564 11.2246 2.2
    endloop
  endfacet
  facet normal 0 0 1
    outer loop
      vertex 26.3393 11.7778 2.2
      vertex 13.6607 11.7778 2.2
      vertex 13.8221 11.5085 2.2
    endloop
  endfacet
  facet normal 0 0 1
    outer loop
      vertex 26.5264 12.0301 2.2
      vertex 13.4736 12.0301 2.2
      vertex 13.6607 11.7778 2.2
    endloop
  endfacet
  facet normal 0 0 1
    outer loop
      vertex 26.7373 12.2627 2.2
      vertex 13.2627 12.2627 2.2
      vertex 13.4736 12.0301 2.2
    endloop
  endfacet
  facet normal 0 0 1
    outer loop
      vertex 26.9699 12.4736 2.2
      vertex 13.0301 12.4736 2.2
      vertex 13.2627 12.2627 2.2
    endloop
  endfacet
  facet normal 0 0 1
    outer loop
      vertex 27.2222 12.6607 2.2
      vertex 12.7778 12.6607 2.2
      vertex 13.0301 12.4736 2.2
    endloop
  endfacet
  facet normal 0 -0 1
    outer loop
      vertex 12.7778 12.6607 2.2
      vertex 27.4546 12.8 2.2
      vertex 12.5454 12.8 2.2
    endloop
  endfacet
  facet normal -0 0 1
    outer loop
      vertex 31.0301 7.52637 2.2
      vertex 35.7484 3.48916 2.2
      vertex 31.2627 7.73726 2.2
    endloop
  endfacet
  facet normal 0 0 1
    outer loop
      vertex 34.5 0 2.2
      vertex 32.1846 -9.68635 2.2
      vertex 32.2 -10 2.2
    endloop
  endfacet
  facet normal 0 0 1
    outer loop
      vertex 35.7484 3.48916 2.2
      vertex 31.0301 7.52637 2.2
      vertex 35.4269 3.05564 2.2
    endloop
  endfacet
  facet normal 0 0 1
    outer loop
      vertex 34.5 0 2.2
      vertex 32.1385 -9.37571 2.2
      vertex 32.1846 -9.68635 2.2
    endloop
  endfacet
  facet normal -0 0 1
    outer loop
      vertex 30.7778 7.3393 2.2
      vertex 35.4269 3.05564 2.2
      vertex 31.0301 7.52637 2.2
    endloop
  endfacet
  facet normal 0 0 1
    outer loop
      vertex 34.5 0 2.2
      vertex 32.0622 -9.07109 2.2
      vertex 32.1385 -9.37571 2.2
    endloop
  endfacet
  facet normal 0 0 1
    outer loop
      vertex 35.4269 3.05564 2.2
      vertex 30.7778 7.3393 2.2
      vertex 35.1494 2.59268 2.2
    endloop
  endfacet
  facet normal 0 0 1
    outer loop
      vertex 34.5 0 2.2
      vertex 31.9564 -8.77541 2.2
      vertex 32.0622 -9.07109 2.2
    endloop
  endfacet
  facet normal -0 0 1
    outer loop
      vertex 30.5085 7.17785 2.2
      vertex 35.1494 2.59268 2.2
      vertex 30.7778 7.3393 2.2
    endloop
  endfacet
  facet normal 0 0 1
    outer loop
      vertex 34.5 0 2.2
      vertex 31.8221 -8.49153 2.2
      vertex 31.9564 -8.77541 2.2
    endloop
  endfacet
  facet normal -0 0 1
    outer loop
      vertex 30.2246 7.04358 2.2
      vertex 35.1494 2.59268 2.2
      vertex 30.5085 7.17785 2.2
    endloop
  endfacet
  facet normal 0 0 1
    outer loop
      vertex 34.5 0 2.2
      vertex 31.6607 -8.22217 2.2
      vertex 31.8221 -8.49153 2.2
    endloop
  endfacet
  facet normal 0 0 1
    outer loop
      vertex 35.1494 2.59268 2.2
      vertex 30.2246 7.04358 2.2
      vertex 34.9187 2.10476 2.2
    endloop
  endfacet
  facet normal 0 0 1
    outer loop
      vertex 34.5 0 2.2
      vertex 31.4736 -7.96994 2.2
      vertex 31.6607 -8.22217 2.2
    endloop
  endfacet
  facet normal -0 0 1
    outer loop
      vertex 29.9289 6.93779 2.2
      vertex 34.9187 2.10476 2.2
      vertex 30.2246 7.04358 2.2
    endloop
  endfacet
  facet normal 0 0 1
    outer loop
      vertex 34.5 0 2.2
      vertex 31.2627 -7.73726 2.2
      vertex 31.4736 -7.96994 2.2
    endloop
  endfacet
  facet normal 0 0 1
    outer loop
      vertex 34.9187 2.10476 2.2
      vertex 29.9289 6.93779 2.2
      vertex 34.7368 1.59657 2.2
    endloop
  endfacet
  facet normal 0 0 1
    outer loop
      vertex 34.5 0 2.2
      vertex 31.0301 -7.52637 2.2
      vertex 31.2627 -7.73726 2.2
    endloop
  endfacet
  facet normal -0 0 1
    outer loop
      vertex 29.6243 6.86149 2.2
      vertex 34.7368 1.59657 2.2
      vertex 29.9289 6.93779 2.2
    endloop
  endfacet
  facet normal 0 0 1
    outer loop
      vertex 34.5 0 2.2
      vertex 30.7778 -7.3393 2.2
      vertex 31.0301 -7.52637 2.2
    endloop
  endfacet
  facet normal 0 0 1
    outer loop
      vertex 34.7368 1.59657 2.2
      vertex 29.6243 6.86149 2.2
      vertex 34.6057 1.073 2.2
    endloop
  endfacet
  facet normal 0 0 1
    outer loop
      vertex 34.5 0 2.2
      vertex 30.5085 -7.17785 2.2
      vertex 30.7778 -7.3393 2.2
    endloop
  endfacet
  facet normal -0 0 1
    outer loop
      vertex 29.3137 6.81541 2.2
      vertex 34.6057 1.073 2.2
      vertex 29.6243 6.86149 2.2
    endloop
  endfacet
  facet normal 0 0 1
    outer loop
      vertex 34.5 0 2.2
      vertex 30.2246 -7.04358 2.2
      vertex 30.5085 -7.17785 2.2
    endloop
  endfacet
  facet normal 0 0 1
    outer loop
      vertex 34.6057 1.073 2.2
      vertex 29.3137 6.81541 2.2
      vertex 34.5265 0.539094 2.2
    endloop
  endfacet
  facet normal 0 0 1
    outer loop
      vertex 34.5 0 2.2
      vertex 29.9289 -6.93779 2.2
      vertex 30.2246 -7.04358 2.2
    endloop
  endfacet
  facet normal -0 0 1
    outer loop
      vertex 29 6.8 2.2
      vertex 34.5265 0.539094 2.2
      vertex 29.3137 6.81541 2.2
    endloop
  endfacet
  facet normal 0 0 1
    outer loop
      vertex 34.5 0 2.2
      vertex 29.6243 -6.86149 2.2
      vertex 29.9289 -6.93779 2.2
    endloop
  endfacet
  facet normal 0 0 1
    outer loop
      vertex 28.6863 6.81541 2.2
      vertex 34.5265 0.539094 2.2
      vertex 29 6.8 2.2
    endloop
  endfacet
  facet normal 0 0 1
    outer loop
      vertex 34.5 0 2.2
      vertex 29.3137 -6.81541 2.2
      vertex 29.6243 -6.86149 2.2
    endloop
  endfacet
  facet normal 0 0 1
    outer loop
      vertex 34.5265 0.539094 2.2
      vertex 28.6863 6.81541 2.2
      vertex 34.5 0 2.2
    endloop
  endfacet
  facet normal 0 0 1
    outer loop
      vertex 34.5 0 2.2
      vertex 29 -6.8 2.2
      vertex 29.3137 -6.81541 2.2
    endloop
  endfacet
  facet normal 0 0 1
    outer loop
      vertex 28.6863 -6.81541 2.2
      vertex 34.5 0 2.2
      vertex 28.6863 6.81541 2.2
    endloop
  endfacet
  facet normal 0 0 1
    outer loop
      vertex 34.5 0 2.2
      vertex 28.6863 -6.81541 2.2
      vertex 29 -6.8 2.2
    endloop
  endfacet
  facet normal 0 0 1
    outer loop
      vertex 28.3757 6.86149 2.2
      vertex 28.6863 -6.81541 2.2
      vertex 28.6863 6.81541 2.2
    endloop
  endfacet
  facet normal 0 0 1
    outer loop
      vertex 28.3757 6.86149 2.2
      vertex 28.3757 -6.86149 2.2
      vertex 28.6863 -6.81541 2.2
    endloop
  endfacet
  facet normal 0 0 1
    outer loop
      vertex 28.0711 6.93779 2.2
      vertex 28.3757 -6.86149 2.2
      vertex 28.3757 6.86149 2.2
    endloop
  endfacet
  facet normal 0 0 1
    outer loop
      vertex 28.0711 6.93779 2.2
      vertex 28.0711 -6.93779 2.2
      vertex 28.3757 -6.86149 2.2
    endloop
  endfacet
  facet normal 0 0 1
    outer loop
      vertex 27.7754 7.04358 2.2
      vertex 28.0711 -6.93779 2.2
      vertex 28.0711 6.93779 2.2
    endloop
  endfacet
  facet normal 0 0 1
    outer loop
      vertex 27.7754 7.04358 2.2
      vertex 27.7754 -7.04358 2.2
      vertex 28.0711 -6.93779 2.2
    endloop
  endfacet
  facet normal 0 0 1
    outer loop
      vertex 27.4915 7.17785 2.2
      vertex 27.7754 -7.04358 2.2
      vertex 27.7754 7.04358 2.2
    endloop
  endfacet
  facet normal 0 0 1
    outer loop
      vertex 27.4915 7.17785 2.2
      vertex 27.4915 -7.17785 2.2
      vertex 27.7754 -7.04358 2.2
    endloop
  endfacet
  facet normal 0 0 1
    outer loop
      vertex 27.2222 7.3393 2.2
      vertex 27.4915 -7.17785 2.2
      vertex 27.4915 7.17785 2.2
    endloop
  endfacet
  facet normal 0 0 1
    outer loop
      vertex 27.2222 7.3393 2.2
      vertex 27.2222 -7.3393 2.2
      vertex 27.4915 -7.17785 2.2
    endloop
  endfacet
  facet normal 0 0 1
    outer loop
      vertex 26.9699 7.52637 2.2
      vertex 27.2222 -7.3393 2.2
      vertex 27.2222 7.3393 2.2
    endloop
  endfacet
  facet normal 0 0 1
    outer loop
      vertex 26.9699 7.52637 2.2
      vertex 26.9699 -7.52637 2.2
      vertex 27.2222 -7.3393 2.2
    endloop
  endfacet
  facet normal 0 0 1
    outer loop
      vertex 26.7373 7.73726 2.2
      vertex 26.9699 -7.52637 2.2
      vertex 26.9699 7.52637 2.2
    endloop
  endfacet
  facet normal 0 0 1
    outer loop
      vertex 26.7373 7.73726 2.2
      vertex 26.7373 -7.73726 2.2
      vertex 26.9699 -7.52637 2.2
    endloop
  endfacet
  facet normal 0 0 1
    outer loop
      vertex 13.9564 8.77541 2.2
      vertex 26.0436 8.77541 2.2
      vertex 14.0622 9.07109 2.2
    endloop
  endfacet
  facet normal 0 0 1
    outer loop
      vertex 26.0436 8.77541 2.2
      vertex 13.9564 8.77541 2.2
      vertex 26.1779 8.49153 2.2
    endloop
  endfacet
  facet normal 0 0 1
    outer loop
      vertex 25.9378 9.07109 2.2
      vertex 14.0622 9.07109 2.2
      vertex 26.0436 8.77541 2.2
    endloop
  endfacet
  facet normal 0 0 1
    outer loop
      vertex 13.8221 8.49153 2.2
      vertex 26.1779 8.49153 2.2
      vertex 13.9564 8.77541 2.2
    endloop
  endfacet
  facet normal 0 0 1
    outer loop
      vertex 14.0622 9.07109 2.2
      vertex 25.9378 9.07109 2.2
      vertex 14.1385 9.37571 2.2
    endloop
  endfacet
  facet normal 0 0 1
    outer loop
      vertex 26.7373 -7.73726 2.2
      vertex 14.2 -10 2.2
      vertex 26.5264 -7.96994 2.2
    endloop
  endfacet
  facet normal 0 0 1
    outer loop
      vertex 25.8615 9.37571 2.2
      vertex 14.1385 9.37571 2.2
      vertex 25.9378 9.07109 2.2
    endloop
  endfacet
  facet normal 0 0 1
    outer loop
      vertex 26.5264 -7.96994 2.2
      vertex 14.2 -10 2.2
      vertex 26.3393 -8.22217 2.2
    endloop
  endfacet
  facet normal 0 0 1
    outer loop
      vertex 14.1385 9.37571 2.2
      vertex 25.8615 9.37571 2.2
      vertex 14.1846 9.68635 2.2
    endloop
  endfacet
  facet normal 0 0 1
    outer loop
      vertex 26.3393 -8.22217 2.2
      vertex 14.2 -10 2.2
      vertex 26.1779 -8.49153 2.2
    endloop
  endfacet
  facet normal 0 0 1
    outer loop
      vertex 25.8154 9.68635 2.2
      vertex 14.1846 9.68635 2.2
      vertex 25.8615 9.37571 2.2
    endloop
  endfacet
  facet normal 0 0 1
    outer loop
      vertex 26.1779 -8.49153 2.2
      vertex 14.2 -10 2.2
      vertex 26.0436 -8.77541 2.2
    endloop
  endfacet
  facet normal 0 0 1
    outer loop
      vertex 14.1846 9.68635 2.2
      vertex 25.8154 9.68635 2.2
      vertex 14.2 10 2.2
    endloop
  endfacet
  facet normal 0 0 1
    outer loop
      vertex 26.0436 -8.77541 2.2
      vertex 14.2 -10 2.2
      vertex 25.9378 -9.07109 2.2
    endloop
  endfacet
  facet normal -0 0 1
    outer loop
      vertex 14.2 10 2.2
      vertex 25.8154 9.68635 2.2
      vertex 25.8 10 2.2
    endloop
  endfacet
  facet normal 0 0 1
    outer loop
      vertex 25.9378 -9.07109 2.2
      vertex 14.2 -10 2.2
      vertex 25.8615 -9.37571 2.2
    endloop
  endfacet
  facet normal 0 0 1
    outer loop
      vertex 40.5391 5.47352 2.2
      vertex 43.8 8 2.2
      vertex 43.7769 8.47047 2.2
    endloop
  endfacet
  facet normal 0 0 1
    outer loop
      vertex 40.5391 5.47352 2.2
      vertex 43.7769 8.47047 2.2
      vertex 43.7078 8.93643 2.2
    endloop
  endfacet
  facet normal 0 0 1
    outer loop
      vertex 40.5391 5.47352 2.2
      vertex 43.7078 8.93643 2.2
      vertex 43.5933 9.39336 2.2
    endloop
  endfacet
  facet normal 0 0 1
    outer loop
      vertex 43.8 8 2.2
      vertex 43.4892 4.25156 2.2
      vertex 43.8 3.96984 2.2
    endloop
  endfacet
  facet normal 0 0 1
    outer loop
      vertex 40.5391 5.47352 2.2
      vertex 43.5933 9.39336 2.2
      vertex 43.4346 9.83687 2.2
    endloop
  endfacet
  facet normal 0 0 1
    outer loop
      vertex 40.5391 5.47352 2.2
      vertex 43.4346 9.83687 2.2
      vertex 43.2332 10.2627 2.2
    endloop
  endfacet
  facet normal 0 0 1
    outer loop
      vertex 43.8 8 2.2
      vertex 43.0556 4.57308 2.2
      vertex 43.4892 4.25156 2.2
    endloop
  endfacet
  facet normal 0 0 1
    outer loop
      vertex 40 5.5 2.2
      vertex 43.2332 10.2627 2.2
      vertex 42.991 10.6667 2.2
    endloop
  endfacet
  facet normal 0 0 1
    outer loop
      vertex 40 5.5 2.2
      vertex 42.991 10.6667 2.2
      vertex 42.7104 11.0451 2.2
    endloop
  endfacet
  facet normal 0 0 1
    outer loop
      vertex 43.8 8 2.2
      vertex 42.5927 4.85057 2.2
      vertex 43.0556 4.57308 2.2
    endloop
  endfacet
  facet normal 0 0 1
    outer loop
      vertex 40 5.5 2.2
      vertex 42.7104 11.0451 2.2
      vertex 42.3941 11.3941 2.2
    endloop
  endfacet
  facet normal 0 0 1
    outer loop
      vertex 43.8 8 2.2
      vertex 42.1048 5.08134 2.2
      vertex 42.5927 4.85057 2.2
    endloop
  endfacet
  facet normal 0 0 1
    outer loop
      vertex 40 5.5 2.2
      vertex 42.3941 11.3941 2.2
      vertex 42.0451 11.7104 2.2
    endloop
  endfacet
  facet normal 0 0 1
    outer loop
      vertex 40 5.5 2.2
      vertex 42.0451 11.7104 2.2
      vertex 41.6667 11.991 2.2
    endloop
  endfacet
  facet normal 0 0 1
    outer loop
      vertex 43.8 8 2.2
      vertex 41.5966 5.26317 2.2
      vertex 42.1048 5.08134 2.2
    endloop
  endfacet
  facet normal 0 0 1
    outer loop
      vertex 40 5.5 2.2
      vertex 41.6667 11.991 2.2
      vertex 41.2627 12.2332 2.2
    endloop
  endfacet
  facet normal 0 0 1
    outer loop
      vertex 43.8 8 2.2
      vertex 41.073 5.39432 2.2
      vertex 41.5966 5.26317 2.2
    endloop
  endfacet
  facet normal 0 0 1
    outer loop
      vertex 39.4609 5.47352 2.2
      vertex 41.2627 12.2332 2.2
      vertex 40.8369 12.4346 2.2
    endloop
  endfacet
  facet normal 0 0 1
    outer loop
      vertex 43.8 8 2.2
      vertex 40.5391 5.47352 2.2
      vertex 41.073 5.39432 2.2
    endloop
  endfacet
  facet normal 0 0 1
    outer loop
      vertex 39.4609 5.47352 2.2
      vertex 40.8369 12.4346 2.2
      vertex 40.3934 12.5933 2.2
    endloop
  endfacet
  facet normal 0 0 1
    outer loop
      vertex 43.2332 10.2627 2.2
      vertex 40 5.5 2.2
      vertex 40.5391 5.47352 2.2
    endloop
  endfacet
  facet normal 0 0 1
    outer loop
      vertex 39.4609 5.47352 2.2
      vertex 40.3934 12.5933 2.2
      vertex 39.9364 12.7078 2.2
    endloop
  endfacet
  facet normal 0 0 1
    outer loop
      vertex 39.4609 5.47352 2.2
      vertex 39.9364 12.7078 2.2
      vertex 39.4705 12.7769 2.2
    endloop
  endfacet
  facet normal 0 0 1
    outer loop
      vertex 41.2627 12.2332 2.2
      vertex 39.4609 5.47352 2.2
      vertex 40 5.5 2.2
    endloop
  endfacet
  facet normal 0 0 1
    outer loop
      vertex 39 12.8 2.2
      vertex 39.4609 5.47352 2.2
      vertex 39.4705 12.7769 2.2
    endloop
  endfacet
  facet normal 0 0 1
    outer loop
      vertex 39 12.8 2.2
      vertex 38.927 5.39432 2.2
      vertex 39.4609 5.47352 2.2
    endloop
  endfacet
  facet normal 0 0 1
    outer loop
      vertex 39 12.8 2.2
      vertex 38.4034 5.26317 2.2
      vertex 38.927 5.39432 2.2
    endloop
  endfacet
  facet normal 0 0 1
    outer loop
      vertex 39 12.8 2.2
      vertex 37.8952 5.08134 2.2
      vertex 38.4034 5.26317 2.2
    endloop
  endfacet
  facet normal 0 0 1
    outer loop
      vertex 32.1846 9.68635 2.2
      vertex 39 12.8 2.2
      vertex 32.2 10 2.2
    endloop
  endfacet
  facet normal 0 0 1
    outer loop
      vertex 39 12.8 2.2
      vertex 32.1846 9.68635 2.2
      vertex 37.8952 5.08134 2.2
    endloop
  endfacet
  facet normal -0 0 1
    outer loop
      vertex 32.1385 9.37571 2.2
      vertex 37.8952 5.08134 2.2
      vertex 32.1846 9.68635 2.2
    endloop
  endfacet
  facet normal 0 0 1
    outer loop
      vertex 37.8952 5.08134 2.2
      vertex 32.1385 9.37571 2.2
      vertex 37.4073 4.85057 2.2
    endloop
  endfacet
  facet normal -0 0 1
    outer loop
      vertex 32.0622 9.07109 2.2
      vertex 37.4073 4.85057 2.2
      vertex 32.1385 9.37571 2.2
    endloop
  endfacet
  facet normal 0 0 1
    outer loop
      vertex 37.4073 4.85057 2.2
      vertex 32.0622 9.07109 2.2
      vertex 36.9444 4.57308 2.2
    endloop
  endfacet
  facet normal -0 0 1
    outer loop
      vertex 31.9564 8.77541 2.2
      vertex 36.9444 4.57308 2.2
      vertex 32.0622 9.07109 2.2
    endloop
  endfacet
  facet normal -0 0 1
    outer loop
      vertex 31.8221 8.49153 2.2
      vertex 36.9444 4.57308 2.2
      vertex 31.9564 8.77541 2.2
    endloop
  endfacet
  facet normal 0 0 1
    outer loop
      vertex 36.1109 3.88909 2.2
      vertex 31.4736 7.96994 2.2
      vertex 35.7484 3.48916 2.2
    endloop
  endfacet
  facet normal -0 0 1
    outer loop
      vertex 31.4736 7.96994 2.2
      vertex 36.1109 3.88909 2.2
      vertex 31.6607 8.22217 2.2
    endloop
  endfacet
  facet normal 0 0 1
    outer loop
      vertex 36.5108 4.25156 2.2
      vertex 31.6607 8.22217 2.2
      vertex 36.1109 3.88909 2.2
    endloop
  endfacet
  facet normal -0 0 1
    outer loop
      vertex 31.6607 8.22217 2.2
      vertex 36.5108 4.25156 2.2
      vertex 31.8221 8.49153 2.2
    endloop
  endfacet
  facet normal 0 0 1
    outer loop
      vertex 36.9444 4.57308 2.2
      vertex 31.8221 8.49153 2.2
      vertex 36.5108 4.25156 2.2
    endloop
  endfacet
  facet normal 0 0 1
    outer loop
      vertex 39 12.8 2.2
      vertex 32.1846 10.3137 2.2
      vertex 32.2 10 2.2
    endloop
  endfacet
  facet normal 0 0 1
    outer loop
      vertex 39 12.8 2.2
      vertex 32.1385 10.6243 2.2
      vertex 32.1846 10.3137 2.2
    endloop
  endfacet
  facet normal 0 0 1
    outer loop
      vertex 39 12.8 2.2
      vertex 32.0622 10.9289 2.2
      vertex 32.1385 10.6243 2.2
    endloop
  endfacet
  facet normal 0 0 1
    outer loop
      vertex 39 12.8 2.2
      vertex 31.9564 11.2246 2.2
      vertex 32.0622 10.9289 2.2
    endloop
  endfacet
  facet normal 0 0 1
    outer loop
      vertex 39 12.8 2.2
      vertex 31.8221 11.5085 2.2
      vertex 31.9564 11.2246 2.2
    endloop
  endfacet
  facet normal 0 0 1
    outer loop
      vertex 39 12.8 2.2
      vertex 31.6607 11.7778 2.2
      vertex 31.8221 11.5085 2.2
    endloop
  endfacet
  facet normal 0 0 1
    outer loop
      vertex 39 12.8 2.2
      vertex 31.4736 12.0301 2.2
      vertex 31.6607 11.7778 2.2
    endloop
  endfacet
  facet normal 0 0 1
    outer loop
      vertex 39 12.8 2.2
      vertex 31.2627 12.2627 2.2
      vertex 31.4736 12.0301 2.2
    endloop
  endfacet
  facet normal 0 0 1
    outer loop
      vertex 39 12.8 2.2
      vertex 31.0301 12.4736 2.2
      vertex 31.2627 12.2627 2.2
    endloop
  endfacet
  facet normal 0 0 1
    outer loop
      vertex 39 12.8 2.2
      vertex 30.7778 12.6607 2.2
      vertex 31.0301 12.4736 2.2
    endloop
  endfacet
  facet normal 0 -0 1
    outer loop
      vertex 30.7778 12.6607 2.2
      vertex 39 12.8 2.2
      vertex 30.5454 12.8 2.2
    endloop
  endfacet
  facet normal -0 0 1
    outer loop
      vertex 43.4892 -4.25156 2.2
      vertex 43.8 -8 2.2
      vertex 43.8 -3.96984 2.2
    endloop
  endfacet
  facet normal -0 0 1
    outer loop
      vertex 43.0556 -4.57308 2.2
      vertex 43.8 -8 2.2
      vertex 43.4892 -4.25156 2.2
    endloop
  endfacet
  facet normal -0 0 1
    outer loop
      vertex 42.5927 -4.85057 2.2
      vertex 43.8 -8 2.2
      vertex 43.0556 -4.57308 2.2
    endloop
  endfacet
  facet normal -0 0 1
    outer loop
      vertex 42.1048 -5.08134 2.2
      vertex 43.8 -8 2.2
      vertex 42.5927 -4.85057 2.2
    endloop
  endfacet
  facet normal -0 0 1
    outer loop
      vertex 41.5966 -5.26317 2.2
      vertex 43.8 -8 2.2
      vertex 42.1048 -5.08134 2.2
    endloop
  endfacet
  facet normal -0 0 1
    outer loop
      vertex 41.073 -5.39432 2.2
      vertex 43.8 -8 2.2
      vertex 41.5966 -5.26317 2.2
    endloop
  endfacet
  facet normal -0 0 1
    outer loop
      vertex 40.5391 -5.47352 2.2
      vertex 43.8 -8 2.2
      vertex 41.073 -5.39432 2.2
    endloop
  endfacet
  facet normal 0 0 1
    outer loop
      vertex 43.8 -8 2.2
      vertex 40.5391 -5.47352 2.2
      vertex 43.7769 -8.47047 2.2
    endloop
  endfacet
  facet normal 0 0 1
    outer loop
      vertex 43.7769 -8.47047 2.2
      vertex 40.5391 -5.47352 2.2
      vertex 43.7078 -8.93643 2.2
    endloop
  endfacet
  facet normal 0 0 1
    outer loop
      vertex 43.7078 -8.93643 2.2
      vertex 40.5391 -5.47352 2.2
      vertex 43.5933 -9.39336 2.2
    endloop
  endfacet
  facet normal 0 0 1
    outer loop
      vertex 43.5933 -9.39336 2.2
      vertex 40.5391 -5.47352 2.2
      vertex 43.4346 -9.83687 2.2
    endloop
  endfacet
  facet normal 0 0 1
    outer loop
      vertex 43.4346 -9.83687 2.2
      vertex 40.5391 -5.47352 2.2
      vertex 43.2332 -10.2627 2.2
    endloop
  endfacet
  facet normal -0 0 1
    outer loop
      vertex 40 -5.5 2.2
      vertex 43.2332 -10.2627 2.2
      vertex 40.5391 -5.47352 2.2
    endloop
  endfacet
  facet normal 0 0 1
    outer loop
      vertex 43.2332 -10.2627 2.2
      vertex 40 -5.5 2.2
      vertex 42.991 -10.6667 2.2
    endloop
  endfacet
  facet normal 0 0 1
    outer loop
      vertex 42.991 -10.6667 2.2
      vertex 40 -5.5 2.2
      vertex 42.7104 -11.0451 2.2
    endloop
  endfacet
  facet normal 0 0 1
    outer loop
      vertex 42.7104 -11.0451 2.2
      vertex 40 -5.5 2.2
      vertex 42.3941 -11.3941 2.2
    endloop
  endfacet
  facet normal 0 0 1
    outer loop
      vertex 42.3941 -11.3941 2.2
      vertex 40 -5.5 2.2
      vertex 42.0451 -11.7104 2.2
    endloop
  endfacet
  facet normal 0 0 1
    outer loop
      vertex 42.0451 -11.7104 2.2
      vertex 40 -5.5 2.2
      vertex 41.6667 -11.991 2.2
    endloop
  endfacet
  facet normal 0 0 1
    outer loop
      vertex 41.6667 -11.991 2.2
      vertex 40 -5.5 2.2
      vertex 41.2627 -12.2332 2.2
    endloop
  endfacet
  facet normal 0 0 1
    outer loop
      vertex 39.4609 -5.47352 2.2
      vertex 41.2627 -12.2332 2.2
      vertex 40 -5.5 2.2
    endloop
  endfacet
  facet normal 0 0 1
    outer loop
      vertex 41.2627 -12.2332 2.2
      vertex 39.4609 -5.47352 2.2
      vertex 40.8369 -12.4346 2.2
    endloop
  endfacet
  facet normal 0 0 1
    outer loop
      vertex 40.8369 -12.4346 2.2
      vertex 39.4609 -5.47352 2.2
      vertex 40.3934 -12.5933 2.2
    endloop
  endfacet
  facet normal 0 0 1
    outer loop
      vertex 40.3934 -12.5933 2.2
      vertex 39.4609 -5.47352 2.2
      vertex 39.9364 -12.7078 2.2
    endloop
  endfacet
  facet normal 0 0 1
    outer loop
      vertex 39.9364 -12.7078 2.2
      vertex 39.4609 -5.47352 2.2
      vertex 39.4705 -12.7769 2.2
    endloop
  endfacet
  facet normal 0 0 1
    outer loop
      vertex 39.4609 -5.47352 2.2
      vertex 39 -12.8 2.2
      vertex 39.4705 -12.7769 2.2
    endloop
  endfacet
  facet normal 0 0 1
    outer loop
      vertex 38.927 -5.39432 2.2
      vertex 39 -12.8 2.2
      vertex 39.4609 -5.47352 2.2
    endloop
  endfacet
  facet normal 0 0 1
    outer loop
      vertex 38.4034 -5.26317 2.2
      vertex 39 -12.8 2.2
      vertex 38.927 -5.39432 2.2
    endloop
  endfacet
  facet normal 0 0 1
    outer loop
      vertex 37.8952 -5.08134 2.2
      vertex 39 -12.8 2.2
      vertex 38.4034 -5.26317 2.2
    endloop
  endfacet
  facet normal 0 0 1
    outer loop
      vertex 32.2 -10 2.2
      vertex 37.8952 -5.08134 2.2
      vertex 37.4073 -4.85057 2.2
    endloop
  endfacet
  facet normal 0 0 1
    outer loop
      vertex 32.2 -10 2.2
      vertex 37.4073 -4.85057 2.2
      vertex 36.9444 -4.57308 2.2
    endloop
  endfacet
  facet normal 0 0 1
    outer loop
      vertex 32.2 -10 2.2
      vertex 36.9444 -4.57308 2.2
      vertex 36.5108 -4.25156 2.2
    endloop
  endfacet
  facet normal 0 0 1
    outer loop
      vertex 32.2 -10 2.2
      vertex 36.5108 -4.25156 2.2
      vertex 36.1109 -3.88909 2.2
    endloop
  endfacet
  facet normal 0 0 1
    outer loop
      vertex 32.2 -10 2.2
      vertex 36.1109 -3.88909 2.2
      vertex 35.7484 -3.48916 2.2
    endloop
  endfacet
  facet normal 0 0 1
    outer loop
      vertex 32.2 -10 2.2
      vertex 35.7484 -3.48916 2.2
      vertex 35.4269 -3.05564 2.2
    endloop
  endfacet
  facet normal 0 0 1
    outer loop
      vertex 32.2 -10 2.2
      vertex 35.4269 -3.05564 2.2
      vertex 35.1494 -2.59268 2.2
    endloop
  endfacet
  facet normal 0 0 1
    outer loop
      vertex 32.2 -10 2.2
      vertex 35.1494 -2.59268 2.2
      vertex 34.9187 -2.10476 2.2
    endloop
  endfacet
  facet normal -0 0 1
    outer loop
      vertex 31.2627 7.73726 2.2
      vertex 35.7484 3.48916 2.2
      vertex 31.4736 7.96994 2.2
    endloop
  endfacet
  facet normal 0 0 1
    outer loop
      vertex 34.5 0 2.2
      vertex 32.2 -10 2.2
      vertex 34.5265 -0.539094 2.2
    endloop
  endfacet
  facet normal 0 0 1
    outer loop
      vertex 34.5265 -0.539094 2.2
      vertex 32.2 -10 2.2
      vertex 34.6057 -1.073 2.2
    endloop
  endfacet
  facet normal 0 0 1
    outer loop
      vertex 32.2 -10 2.2
      vertex 34.7368 -1.59657 2.2
      vertex 34.6057 -1.073 2.2
    endloop
  endfacet
  facet normal 0 0 1
    outer loop
      vertex 32.2 -10 2.2
      vertex 34.9187 -2.10476 2.2
      vertex 34.7368 -1.59657 2.2
    endloop
  endfacet
  facet normal 0 0 1
    outer loop
      vertex 37.8952 -5.08134 2.2
      vertex 32.2 -10 2.2
      vertex 39 -12.8 2.2
    endloop
  endfacet
  facet normal -0 0 1
    outer loop
      vertex 32.1846 -10.3137 2.2
      vertex 39 -12.8 2.2
      vertex 32.2 -10 2.2
    endloop
  endfacet
  facet normal -0 0 1
    outer loop
      vertex 32.1385 -10.6243 2.2
      vertex 39 -12.8 2.2
      vertex 32.1846 -10.3137 2.2
    endloop
  endfacet
  facet normal -0 0 1
    outer loop
      vertex 32.0622 -10.9289 2.2
      vertex 39 -12.8 2.2
      vertex 32.1385 -10.6243 2.2
    endloop
  endfacet
  facet normal -0 0 1
    outer loop
      vertex 31.9564 -11.2246 2.2
      vertex 39 -12.8 2.2
      vertex 32.0622 -10.9289 2.2
    endloop
  endfacet
  facet normal -0 0 1
    outer loop
      vertex 31.8221 -11.5085 2.2
      vertex 39 -12.8 2.2
      vertex 31.9564 -11.2246 2.2
    endloop
  endfacet
  facet normal -0 0 1
    outer loop
      vertex 31.6607 -11.7778 2.2
      vertex 39 -12.8 2.2
      vertex 31.8221 -11.5085 2.2
    endloop
  endfacet
  facet normal -0 0 1
    outer loop
      vertex 31.4736 -12.0301 2.2
      vertex 39 -12.8 2.2
      vertex 31.6607 -11.7778 2.2
    endloop
  endfacet
  facet normal -0 0 1
    outer loop
      vertex 31.2627 -12.2627 2.2
      vertex 39 -12.8 2.2
      vertex 31.4736 -12.0301 2.2
    endloop
  endfacet
  facet normal -0 0 1
    outer loop
      vertex 31.0301 -12.4736 2.2
      vertex 39 -12.8 2.2
      vertex 31.2627 -12.2627 2.2
    endloop
  endfacet
  facet normal -0 0 1
    outer loop
      vertex 30.7778 -12.6607 2.2
      vertex 39 -12.8 2.2
      vertex 31.0301 -12.4736 2.2
    endloop
  endfacet
  facet normal 0 0 1
    outer loop
      vertex 39 -12.8 2.2
      vertex 30.7778 -12.6607 2.2
      vertex 30.5454 -12.8 2.2
    endloop
  endfacet
  facet normal 0 0 1
    outer loop
      vertex 25.8154 -9.68635 2.2
      vertex 14.2 -10 2.2
      vertex 25.8 -10 2.2
    endloop
  endfacet
  facet normal 0 0 1
    outer loop
      vertex 25.8 -10 2.2
      vertex 14.2 -10 2.2
      vertex 25.8154 -10.3137 2.2
    endloop
  endfacet
  facet normal 0 0 1
    outer loop
      vertex 14.1846 -10.3137 2.2
      vertex 25.8154 -10.3137 2.2
      vertex 14.2 -10 2.2
    endloop
  endfacet
  facet normal 0 0 1
    outer loop
      vertex 25.8154 -10.3137 2.2
      vertex 14.1846 -10.3137 2.2
      vertex 25.8615 -10.6243 2.2
    endloop
  endfacet
  facet normal 0 0 1
    outer loop
      vertex 14.1385 -10.6243 2.2
      vertex 25.8615 -10.6243 2.2
      vertex 14.1846 -10.3137 2.2
    endloop
  endfacet
  facet normal 0 0 1
    outer loop
      vertex 25.8615 -10.6243 2.2
      vertex 14.1385 -10.6243 2.2
      vertex 25.9378 -10.9289 2.2
    endloop
  endfacet
  facet normal 0 0 1
    outer loop
      vertex 14.0622 -10.9289 2.2
      vertex 25.9378 -10.9289 2.2
      vertex 14.1385 -10.6243 2.2
    endloop
  endfacet
  facet normal 0 0 1
    outer loop
      vertex 25.9378 -10.9289 2.2
      vertex 14.0622 -10.9289 2.2
      vertex 26.0436 -11.2246 2.2
    endloop
  endfacet
  facet normal 0 0 1
    outer loop
      vertex 13.9564 -11.2246 2.2
      vertex 26.0436 -11.2246 2.2
      vertex 14.0622 -10.9289 2.2
    endloop
  endfacet
  facet normal 0 0 1
    outer loop
      vertex 26.0436 -11.2246 2.2
      vertex 13.9564 -11.2246 2.2
      vertex 26.1779 -11.5085 2.2
    endloop
  endfacet
  facet normal 0 0 1
    outer loop
      vertex 13.8221 -11.5085 2.2
      vertex 26.1779 -11.5085 2.2
      vertex 13.9564 -11.2246 2.2
    endloop
  endfacet
  facet normal 0 0 1
    outer loop
      vertex 26.1779 -11.5085 2.2
      vertex 13.8221 -11.5085 2.2
      vertex 26.3393 -11.7778 2.2
    endloop
  endfacet
  facet normal 0 0 1
    outer loop
      vertex 13.6607 -11.7778 2.2
      vertex 26.3393 -11.7778 2.2
      vertex 13.8221 -11.5085 2.2
    endloop
  endfacet
  facet normal 0 0 1
    outer loop
      vertex 26.3393 -11.7778 2.2
      vertex 13.6607 -11.7778 2.2
      vertex 26.5264 -12.0301 2.2
    endloop
  endfacet
  facet normal 0 0 1
    outer loop
      vertex 13.4736 -12.0301 2.2
      vertex 26.5264 -12.0301 2.2
      vertex 13.6607 -11.7778 2.2
    endloop
  endfacet
  facet normal 0 0 1
    outer loop
      vertex 26.5264 -12.0301 2.2
      vertex 13.4736 -12.0301 2.2
      vertex 26.7373 -12.2627 2.2
    endloop
  endfacet
  facet normal 0 0 1
    outer loop
      vertex 13.2627 -12.2627 2.2
      vertex 26.7373 -12.2627 2.2
      vertex 13.4736 -12.0301 2.2
    endloop
  endfacet
  facet normal 0 0 1
    outer loop
      vertex 26.7373 -12.2627 2.2
      vertex 13.2627 -12.2627 2.2
      vertex 26.9699 -12.4736 2.2
    endloop
  endfacet
  facet normal 0 0 1
    outer loop
      vertex 13.0301 -12.4736 2.2
      vertex 26.9699 -12.4736 2.2
      vertex 13.2627 -12.2627 2.2
    endloop
  endfacet
  facet normal 0 0 1
    outer loop
      vertex 26.9699 -12.4736 2.2
      vertex 13.0301 -12.4736 2.2
      vertex 27.2222 -12.6607 2.2
    endloop
  endfacet
  facet normal 0 0 1
    outer loop
      vertex 12.7778 -12.6607 2.2
      vertex 27.2222 -12.6607 2.2
      vertex 13.0301 -12.4736 2.2
    endloop
  endfacet
  facet normal 0 0 1
    outer loop
      vertex 27.2222 -12.6607 2.2
      vertex 12.7778 -12.6607 2.2
      vertex 27.4546 -12.8 2.2
    endloop
  endfacet
  facet normal 0 0 1
    outer loop
      vertex 27.4546 -12.8 2.2
      vertex 12.7778 -12.6607 2.2
      vertex 12.5454 -12.8 2.2
    endloop
  endfacet
  facet normal -0 0 1
    outer loop
      vertex 7.17487 -2.47487 2.2
      vertex 10.0711 -6.93779 2.2
      vertex 7.40554 -2.22038 2.2
    endloop
  endfacet
  facet normal 0 0 1
    outer loop
      vertex 10.0711 -6.93779 2.2
      vertex 7.17487 -2.47487 2.2
      vertex 9.77541 -7.04358 2.2
    endloop
  endfacet
  facet normal -0 0 1
    outer loop
      vertex 6.92038 -2.70554 2.2
      vertex 9.77541 -7.04358 2.2
      vertex 7.17487 -2.47487 2.2
    endloop
  endfacet
  facet normal 0 0 1
    outer loop
      vertex 9.77541 -7.04358 2.2
      vertex 6.92038 -2.70554 2.2
      vertex 9.49153 -7.17785 2.2
    endloop
  endfacet
  facet normal -0 0 1
    outer loop
      vertex 6.6445 -2.91014 2.2
      vertex 9.49153 -7.17785 2.2
      vertex 6.92038 -2.70554 2.2
    endloop
  endfacet
  facet normal 0 0 1
    outer loop
      vertex 9.49153 -7.17785 2.2
      vertex 6.6445 -2.91014 2.2
      vertex 9.22217 -7.3393 2.2
    endloop
  endfacet
  facet normal -0 0 1
    outer loop
      vertex 6.34989 -3.08672 2.2
      vertex 9.22217 -7.3393 2.2
      vertex 6.6445 -2.91014 2.2
    endloop
  endfacet
  facet normal 0 0 1
    outer loop
      vertex 9.22217 -7.3393 2.2
      vertex 6.34989 -3.08672 2.2
      vertex 8.96994 -7.52637 2.2
    endloop
  endfacet
  facet normal -0 0 1
    outer loop
      vertex 6.03939 -3.23358 2.2
      vertex 8.96994 -7.52637 2.2
      vertex 6.34989 -3.08672 2.2
    endloop
  endfacet
  facet normal 0 0 1
    outer loop
      vertex 8.96994 -7.52637 2.2
      vertex 6.03939 -3.23358 2.2
      vertex 8.73726 -7.73726 2.2
    endloop
  endfacet
  facet normal -0 0 1
    outer loop
      vertex 5.716 -3.34929 2.2
      vertex 8.73726 -7.73726 2.2
      vertex 6.03939 -3.23358 2.2
    endloop
  endfacet
  facet normal 0 0 1
    outer loop
      vertex 8.73726 -7.73726 2.2
      vertex 5.716 -3.34929 2.2
      vertex 8.52637 -7.96994 2.2
    endloop
  endfacet
  facet normal -0 0 1
    outer loop
      vertex 5.38282 -3.43275 2.2
      vertex 8.52637 -7.96994 2.2
      vertex 5.716 -3.34929 2.2
    endloop
  endfacet
  facet normal 0 0 1
    outer loop
      vertex 8.52637 -7.96994 2.2
      vertex 5.38282 -3.43275 2.2
      vertex 8.3393 -8.22217 2.2
    endloop
  endfacet
  facet normal -0 0 1
    outer loop
      vertex 5.04306 -3.48315 2.2
      vertex 8.3393 -8.22217 2.2
      vertex 5.38282 -3.43275 2.2
    endloop
  endfacet
  facet normal 0 0 1
    outer loop
      vertex 9.22217 -12.6607 2.2
      vertex 7 -12.8 2.2
      vertex 9.45456 -12.8 2.2
    endloop
  endfacet
  facet normal 0 0 1
    outer loop
      vertex 8.96994 -12.4736 2.2
      vertex 7 -12.8 2.2
      vertex 9.22217 -12.6607 2.2
    endloop
  endfacet
  facet normal 0 0 1
    outer loop
      vertex 8.73726 -12.2627 2.2
      vertex 7 -12.8 2.2
      vertex 8.96994 -12.4736 2.2
    endloop
  endfacet
  facet normal 0 0 1
    outer loop
      vertex 8.52637 -12.0301 2.2
      vertex 7 -12.8 2.2
      vertex 8.73726 -12.2627 2.2
    endloop
  endfacet
  facet normal 0 0 1
    outer loop
      vertex 8.3393 -11.7778 2.2
      vertex 7 -12.8 2.2
      vertex 8.52637 -12.0301 2.2
    endloop
  endfacet
  facet normal 0 0 1
    outer loop
      vertex 8.17785 -11.5085 2.2
      vertex 7 -12.8 2.2
      vertex 8.3393 -11.7778 2.2
    endloop
  endfacet
  facet normal 0 0 1
    outer loop
      vertex 8.04358 -11.2246 2.2
      vertex 7 -12.8 2.2
      vertex 8.17785 -11.5085 2.2
    endloop
  endfacet
  facet normal 0 0 1
    outer loop
      vertex 6.52953 -12.7769 2.2
      vertex 8.04358 -11.2246 2.2
      vertex 7.93779 -10.9289 2.2
    endloop
  endfacet
  facet normal 0 0 1
    outer loop
      vertex 6.06357 -12.7078 2.2
      vertex 7.93779 -10.9289 2.2
      vertex 7.86149 -10.6243 2.2
    endloop
  endfacet
  facet normal 0 0 1
    outer loop
      vertex 5.16313 -12.4346 2.2
      vertex 7.86149 -10.6243 2.2
      vertex 7.81541 -10.3137 2.2
    endloop
  endfacet
  facet normal 0 0 1
    outer loop
      vertex 8.3393 -8.22217 2.2
      vertex 5.04306 -3.48315 2.2
      vertex 8.17785 -8.49153 2.2
    endloop
  endfacet
  facet normal -0 0 1
    outer loop
      vertex 2.20001 -8 2.2
      vertex 8.17785 -8.49153 2.2
      vertex 5.04306 -3.48315 2.2
    endloop
  endfacet
  facet normal 0 0 1
    outer loop
      vertex 8.17785 -8.49153 2.2
      vertex 2.20001 -8 2.2
      vertex 8.04358 -8.77541 2.2
    endloop
  endfacet
  facet normal 0 0 1
    outer loop
      vertex 8.04358 -8.77541 2.2
      vertex 2.20001 -8 2.2
      vertex 7.93779 -9.07109 2.2
    endloop
  endfacet
  facet normal -0 -0 1
    outer loop
      vertex 2.22311 -8.47047 2.2
      vertex 7.93779 -9.07109 2.2
      vertex 2.20001 -8 2.2
    endloop
  endfacet
  facet normal -0 -0 1
    outer loop
      vertex 2.29224 -8.93643 2.2
      vertex 7.93779 -9.07109 2.2
      vertex 2.22311 -8.47047 2.2
    endloop
  endfacet
  facet normal 0 0 1
    outer loop
      vertex 8.04358 -11.2246 2.2
      vertex 6.52953 -12.7769 2.2
      vertex 7 -12.8 2.2
    endloop
  endfacet
  facet normal 0 0 1
    outer loop
      vertex 7.93779 -10.9289 2.2
      vertex 6.06357 -12.7078 2.2
      vertex 6.52953 -12.7769 2.2
    endloop
  endfacet
  facet normal 0 0 1
    outer loop
      vertex 7.86149 -10.6243 2.2
      vertex 5.60664 -12.5933 2.2
      vertex 6.06357 -12.7078 2.2
    endloop
  endfacet
  facet normal 0 0 1
    outer loop
      vertex 7.93779 -9.07109 2.2
      vertex 2.40669 -9.39336 2.2
      vertex 7.86149 -9.37571 2.2
    endloop
  endfacet
  facet normal 0 0 1
    outer loop
      vertex 7.86149 -10.6243 2.2
      vertex 5.16313 -12.4346 2.2
      vertex 5.60664 -12.5933 2.2
    endloop
  endfacet
  facet normal 0 -0 1
    outer loop
      vertex 2.40669 -9.39336 2.2
      vertex 7.93779 -9.07109 2.2
      vertex 2.29224 -8.93643 2.2
    endloop
  endfacet
  facet normal 0 -0 1
    outer loop
      vertex 2.56538 -9.83687 2.2
      vertex 7.86149 -9.37571 2.2
      vertex 2.40669 -9.39336 2.2
    endloop
  endfacet
  facet normal 0 0 1
    outer loop
      vertex 2.20001 -8 2.2
      vertex 5.04306 -3.48315 2.2
      vertex 4.7 -3.5 2.2
    endloop
  endfacet
  facet normal 0 0 1
    outer loop
      vertex 2.20001 -8 2.2
      vertex 4.7 -3.5 2.2
      vertex 4.35694 -3.48315 2.2
    endloop
  endfacet
  facet normal 0 0 1
    outer loop
      vertex 7.81541 -10.3137 2.2
      vertex 4.7373 -12.2332 2.2
      vertex 5.16313 -12.4346 2.2
    endloop
  endfacet
  facet normal 0 0 1
    outer loop
      vertex 2.20001 -8 2.2
      vertex 4.35694 -3.48315 2.2
      vertex 4.01718 -3.43275 2.2
    endloop
  endfacet
  facet normal 0 0 1
    outer loop
      vertex 7.81541 -10.3137 2.2
      vertex 4.33327 -11.991 2.2
      vertex 4.7373 -12.2332 2.2
    endloop
  endfacet
  facet normal 0 0 1
    outer loop
      vertex 2.20001 -8 2.2
      vertex 4.01718 -3.43275 2.2
      vertex 3.684 -3.34929 2.2
    endloop
  endfacet
  facet normal 0 0 1
    outer loop
      vertex 7.8 -10 2.2
      vertex 4.33327 -11.991 2.2
      vertex 7.81541 -10.3137 2.2
    endloop
  endfacet
  facet normal 0 0 1
    outer loop
      vertex 2.20001 -8 2.2
      vertex 3.684 -3.34929 2.2
      vertex 3.36061 -3.23358 2.2
    endloop
  endfacet
  facet normal 0 -0 1
    outer loop
      vertex 4.33327 -11.991 2.2
      vertex 7.8 -10 2.2
      vertex 3.95493 -11.7104 2.2
    endloop
  endfacet
  facet normal 0 0 1
    outer loop
      vertex 2.20001 -8 2.2
      vertex 3.36061 -3.23358 2.2
      vertex 3.05011 -3.08672 2.2
    endloop
  endfacet
  facet normal 0 -0 1
    outer loop
      vertex 3.95493 -11.7104 2.2
      vertex 7.8 -10 2.2
      vertex 3.6059 -11.3941 2.2
    endloop
  endfacet
  facet normal 0 0 1
    outer loop
      vertex 7.81541 -9.68635 2.2
      vertex 3.6059 -11.3941 2.2
      vertex 7.8 -10 2.2
    endloop
  endfacet
  facet normal 0 0 1
    outer loop
      vertex 2.20001 -8 2.2
      vertex 3.05011 -3.08672 2.2
      vertex 2.7555 -2.91014 2.2
    endloop
  endfacet
  facet normal 0 -0 1
    outer loop
      vertex 3.6059 -11.3941 2.2
      vertex 7.81541 -9.68635 2.2
      vertex 3.28955 -11.0451 2.2
    endloop
  endfacet
  facet normal 0 0 1
    outer loop
      vertex 2.20001 -8 2.2
      vertex 2.7555 -2.91014 2.2
      vertex 2.47962 -2.70554 2.2
    endloop
  endfacet
  facet normal 0 -0 1
    outer loop
      vertex 3.28955 -11.0451 2.2
      vertex 7.81541 -9.68635 2.2
      vertex 3.00896 -10.6667 2.2
    endloop
  endfacet
  facet normal 0 0 1
    outer loop
      vertex 7.86149 -9.37571 2.2
      vertex 3.00896 -10.6667 2.2
      vertex 7.81541 -9.68635 2.2
    endloop
  endfacet
  facet normal 0 0 1
    outer loop
      vertex 2.20001 -8 2.2
      vertex 2.47962 -2.70554 2.2
      vertex 2.22513 -2.47487 2.2
    endloop
  endfacet
  facet normal 0 -0 1
    outer loop
      vertex 3.00896 -10.6667 2.2
      vertex 7.86149 -9.37571 2.2
      vertex 2.76678 -10.2627 2.2
    endloop
  endfacet
  facet normal 0 0 1
    outer loop
      vertex 2.20001 -8 2.2
      vertex 2.22513 -2.47487 2.2
      vertex 2.20001 -2.44717 2.2
    endloop
  endfacet
  facet normal 0 -0 1
    outer loop
      vertex 2.76678 -10.2627 2.2
      vertex 7.86149 -9.37571 2.2
      vertex 2.56538 -9.83687 2.2
    endloop
  endfacet
  facet normal 0.67151 0.740996 -0
    outer loop
      vertex 3.95493 -11.7104 2.2
      vertex 3.6059 -11.3941 5.5
      vertex 3.95493 -11.7104 5.5
    endloop
  endfacet
  facet normal 0.67151 0.740996 0
    outer loop
      vertex 3.6059 -11.3941 5.5
      vertex 3.95493 -11.7104 2.2
      vertex 3.6059 -11.3941 2.2
    endloop
  endfacet
  facet normal 0.941544 0.336889 0
    outer loop
      vertex 2.56538 -9.83687 5.5
      vertex 2.40669 -9.39336 2.2
      vertex 2.40669 -9.39336 5.5
    endloop
  endfacet
  facet normal 0.941544 0.336889 0
    outer loop
      vertex 2.40669 -9.39336 2.2
      vertex 2.56538 -9.83687 5.5
      vertex 2.56538 -9.83687 2.2
    endloop
  endfacet
  facet normal 0.803236 -0.595661 0
    outer loop
      vertex 13.4736 -12.0301 5.5
      vertex 13.6607 -11.7778 2.2
      vertex 13.6607 -11.7778 5.5
    endloop
  endfacet
  facet normal 0.803236 -0.595661 0
    outer loop
      vertex 13.6607 -11.7778 2.2
      vertex 13.4736 -12.0301 5.5
      vertex 13.4736 -12.0301 2.2
    endloop
  endfacet
  facet normal 0.989167 0.146796 0
    outer loop
      vertex 14.1846 -9.68635 6.5
      vertex 14.1385 -9.37571 2.2
      vertex 14.1385 -9.37571 6.5
    endloop
  endfacet
  facet normal 0.989167 0.146796 0
    outer loop
      vertex 14.1385 -9.37571 2.2
      vertex 14.1846 -9.68635 6.5
      vertex 14.1846 -9.68635 2.2
    endloop
  endfacet
  facet normal -0.740949 0.671561 0
    outer loop
      vertex 8.52637 -7.96994 2.2
      vertex 8.73726 -7.73726 6.5
      vertex 8.73726 -7.73726 2.2
    endloop
  endfacet
  facet normal -0.740949 0.671561 0
    outer loop
      vertex 8.73726 -7.73726 6.5
      vertex 8.52637 -7.96994 2.2
      vertex 8.52637 -7.96994 6.5
    endloop
  endfacet
  facet normal -0.857676 -0.514191 0
    outer loop
      vertex 8.3393 -11.7778 2.2
      vertex 8.17785 -11.5085 5.5
      vertex 8.17785 -11.5085 2.2
    endloop
  endfacet
  facet normal -0.857676 -0.514191 0
    outer loop
      vertex 8.17785 -11.5085 5.5
      vertex 8.3393 -11.7778 2.2
      vertex 8.3393 -11.7778 5.5
    endloop
  endfacet
  facet normal -0.998795 0.049072 0
    outer loop
      vertex 7.8 -10 2.2
      vertex 7.81541 -9.68635 6.5
      vertex 7.81541 -9.68635 2.2
    endloop
  endfacet
  facet normal -0.998795 0.049072 0
    outer loop
      vertex 7.81541 -9.68635 6.5
      vertex 7.8 -10 2.2
      vertex 7.8 -10 6.5
    endloop
  endfacet
  facet normal -0.242985 0.97003 0
    outer loop
      vertex 10.3757 -6.86149 2.2
      vertex 10.0711 -6.93779 6.5
      vertex 10.3757 -6.86149 6.5
    endloop
  endfacet
  facet normal -0.242985 0.97003 0
    outer loop
      vertex 10.0711 -6.93779 6.5
      vertex 10.3757 -6.86149 2.2
      vertex 10.0711 -6.93779 2.2
    endloop
  endfacet
  facet normal 0.514116 -0.857721 0
    outer loop
      vertex 12.5454 -12.8 2.2
      vertex 12.7778 -12.6607 5.5
      vertex 12.5454 -12.8 5.5
    endloop
  endfacet
  facet normal 0.514116 -0.857721 0
    outer loop
      vertex 12.7778 -12.6607 5.5
      vertex 12.5454 -12.8 2.2
      vertex 12.7778 -12.6607 2.2
    endloop
  endfacet
  facet normal 0.336853 0.941557 -0
    outer loop
      vertex 12.2246 -7.04358 2.2
      vertex 11.9289 -6.93779 6.5
      vertex 12.2246 -7.04358 6.5
    endloop
  endfacet
  facet normal 0.336853 0.941557 0
    outer loop
      vertex 11.9289 -6.93779 6.5
      vertex 12.2246 -7.04358 2.2
      vertex 11.9289 -6.93779 2.2
    endloop
  endfacet
  facet normal -0.97003 -0.242985 0
    outer loop
      vertex 7.93779 -10.9289 2.2
      vertex 7.86149 -10.6243 6.5
      vertex 7.86149 -10.6243 2.2
    endloop
  endfacet
  facet normal -0.97003 -0.242985 0
    outer loop
      vertex 7.86149 -10.6243 6.5
      vertex 7.93779 -10.9289 2.2
      vertex 7.93779 -10.9289 6.5
    endloop
  endfacet
  facet normal 0.998797 0.0490402 0
    outer loop
      vertex 14.2 -10 6.5
      vertex 14.1846 -9.68635 2.2
      vertex 14.1846 -9.68635 6.5
    endloop
  endfacet
  facet normal 0.998797 0.0490402 0
    outer loop
      vertex 14.1846 -9.68635 2.2
      vertex 14.2 -10 6.5
      vertex 14.2 -10 2.2
    endloop
  endfacet
  facet normal -0.803281 -0.5956 0
    outer loop
      vertex 8.52637 -12.0301 2.2
      vertex 8.3393 -11.7778 5.5
      vertex 8.3393 -11.7778 2.2
    endloop
  endfacet
  facet normal -0.803281 -0.5956 0
    outer loop
      vertex 8.3393 -11.7778 5.5
      vertex 8.52637 -12.0301 2.2
      vertex 8.52637 -12.0301 5.5
    endloop
  endfacet
  facet normal -0.998796 -0.0490642 0
    outer loop
      vertex 7.81541 -10.3137 2.2
      vertex 7.8 -10 6.5
      vertex 7.8 -10 2.2
    endloop
  endfacet
  facet normal -0.998796 -0.0490642 0
    outer loop
      vertex 7.8 -10 6.5
      vertex 7.81541 -10.3137 2.2
      vertex 7.81541 -10.3137 6.5
    endloop
  endfacet
  facet normal 0.970034 0.24297 0
    outer loop
      vertex 14.1385 -9.37571 6.5
      vertex 14.0622 -9.07109 2.2
      vertex 14.0622 -9.07109 6.5
    endloop
  endfacet
  facet normal 0.970034 0.24297 0
    outer loop
      vertex 14.0622 -9.07109 2.2
      vertex 14.1385 -9.37571 6.5
      vertex 14.1385 -9.37571 2.2
    endloop
  endfacet
  facet normal -0.94155 0.336873 0
    outer loop
      vertex 7.93779 -9.07109 2.2
      vertex 8.04358 -8.77541 6.5
      vertex 8.04358 -8.77541 2.2
    endloop
  endfacet
  facet normal -0.94155 0.336873 0
    outer loop
      vertex 8.04358 -8.77541 6.5
      vertex 7.93779 -9.07109 2.2
      vertex 7.93779 -9.07109 6.5
    endloop
  endfacet
  facet normal -0.336863 0.941554 0
    outer loop
      vertex 10.0711 -6.93779 2.2
      vertex 9.77541 -7.04358 6.5
      vertex 10.0711 -6.93779 6.5
    endloop
  endfacet
  facet normal -0.336863 0.941554 0
    outer loop
      vertex 9.77541 -7.04358 6.5
      vertex 10.0711 -6.93779 2.2
      vertex 9.77541 -7.04358 2.2
    endloop
  endfacet
  facet normal -0.0490642 0.998796 0
    outer loop
      vertex 11 -6.8 2.2
      vertex 10.6863 -6.81541 6.5
      vertex 11 -6.8 6.5
    endloop
  endfacet
  facet normal -0.0490642 0.998796 0
    outer loop
      vertex 10.6863 -6.81541 6.5
      vertex 11 -6.8 2.2
      vertex 10.6863 -6.81541 2.2
    endloop
  endfacet
  facet normal 0.5956 0.803281 -0
    outer loop
      vertex 13.0301 -7.52637 2.2
      vertex 12.7778 -7.3393 6.5
      vertex 13.0301 -7.52637 6.5
    endloop
  endfacet
  facet normal 0.5956 0.803281 0
    outer loop
      vertex 12.7778 -7.3393 6.5
      vertex 13.0301 -7.52637 2.2
      vertex 12.7778 -7.3393 2.2
    endloop
  endfacet
  facet normal 0.998797 -0.0490324 0
    outer loop
      vertex 14.1846 -10.3137 6.5
      vertex 14.2 -10 2.2
      vertex 14.2 -10 6.5
    endloop
  endfacet
  facet normal 0.998797 -0.0490324 0
    outer loop
      vertex 14.2 -10 2.2
      vertex 14.1846 -10.3137 6.5
      vertex 14.1846 -10.3137 2.2
    endloop
  endfacet
  facet normal 0.904058 -0.427409 0
    outer loop
      vertex 13.8262 -11.5 5.5
      vertex 13.9564 -11.2246 6.5
      vertex 13.8262 -11.5 6.5
    endloop
  endfacet
  facet normal 0.904058 -0.427409 0
    outer loop
      vertex 13.9564 -11.2246 6.5
      vertex 13.8262 -11.5 5.5
      vertex 13.9564 -11.2246 2.2
    endloop
  endfacet
  facet normal 0.900695 -0.434453 0
    outer loop
      vertex 13.8221 -11.5085 2.2
      vertex 13.8262 -11.5 5.5
      vertex 13.8221 -11.5085 5.5
    endloop
  endfacet
  facet normal 0.903958 -0.427621 -2.16517e-05
    outer loop
      vertex 13.8262 -11.5 5.5
      vertex 13.8221 -11.5085 2.2
      vertex 13.9564 -11.2246 2.2
    endloop
  endfacet
  facet normal 0.903947 0.427646 0
    outer loop
      vertex 13.9564 -8.77541 6.5
      vertex 13.8221 -8.49153 2.2
      vertex 13.8221 -8.49153 6.5
    endloop
  endfacet
  facet normal 0.903947 0.427646 0
    outer loop
      vertex 13.8221 -8.49153 2.2
      vertex 13.9564 -8.77541 6.5
      vertex 13.9564 -8.77541 2.2
    endloop
  endfacet
  facet normal 0.857746 -0.514074 0
    outer loop
      vertex 13.6607 -11.7778 5.5
      vertex 13.8221 -11.5085 2.2
      vertex 13.8221 -11.5085 5.5
    endloop
  endfacet
  facet normal 0.857746 -0.514074 0
    outer loop
      vertex 13.8221 -11.5085 2.2
      vertex 13.6607 -11.7778 5.5
      vertex 13.6607 -11.7778 2.2
    endloop
  endfacet
  facet normal 0.514191 0.857676 -0
    outer loop
      vertex 12.7778 -7.3393 2.2
      vertex 12.5085 -7.17785 6.5
      vertex 12.7778 -7.3393 6.5
    endloop
  endfacet
  facet normal 0.514191 0.857676 0
    outer loop
      vertex 12.5085 -7.17785 6.5
      vertex 12.7778 -7.3393 2.2
      vertex 12.5085 -7.17785 2.2
    endloop
  endfacet
  facet normal -0.146752 0.989173 0
    outer loop
      vertex 10.6863 -6.81541 2.2
      vertex 10.3757 -6.86149 6.5
      vertex 10.6863 -6.81541 6.5
    endloop
  endfacet
  facet normal -0.146752 0.989173 0
    outer loop
      vertex 10.3757 -6.86149 6.5
      vertex 10.6863 -6.81541 2.2
      vertex 10.3757 -6.86149 2.2
    endloop
  endfacet
  facet normal 0.146752 0.989173 -0
    outer loop
      vertex 11.6243 -6.86149 2.2
      vertex 11.3137 -6.81541 6.5
      vertex 11.6243 -6.86149 6.5
    endloop
  endfacet
  facet normal 0.146752 0.989173 0
    outer loop
      vertex 11.3137 -6.81541 6.5
      vertex 11.6243 -6.86149 2.2
      vertex 11.3137 -6.81541 2.2
    endloop
  endfacet
  facet normal -0.740834 -0.671688 0
    outer loop
      vertex 8.73726 -12.2627 2.2
      vertex 8.52637 -12.0301 5.5
      vertex 8.52637 -12.0301 2.2
    endloop
  endfacet
  facet normal -0.740834 -0.671688 0
    outer loop
      vertex 8.52637 -12.0301 5.5
      vertex 8.73726 -12.2627 2.2
      vertex 8.73726 -12.2627 5.5
    endloop
  endfacet
  facet normal 0.427543 0.903995 -0
    outer loop
      vertex 12.5085 -7.17785 2.2
      vertex 12.2246 -7.04358 6.5
      vertex 12.5085 -7.17785 6.5
    endloop
  endfacet
  facet normal 0.427543 0.903995 0
    outer loop
      vertex 12.2246 -7.04358 6.5
      vertex 12.5085 -7.17785 2.2
      vertex 12.2246 -7.04358 2.2
    endloop
  endfacet
  facet normal -0.989173 -0.146752 0
    outer loop
      vertex 7.86149 -10.6243 2.2
      vertex 7.81541 -10.3137 6.5
      vertex 7.81541 -10.3137 2.2
    endloop
  endfacet
  facet normal -0.989173 -0.146752 0
    outer loop
      vertex 7.81541 -10.3137 6.5
      vertex 7.86149 -10.6243 2.2
      vertex 7.86149 -10.6243 6.5
    endloop
  endfacet
  facet normal 0.740933 0.671578 0
    outer loop
      vertex 13.4736 -7.96994 6.5
      vertex 13.2627 -7.73726 2.2
      vertex 13.2627 -7.73726 6.5
    endloop
  endfacet
  facet normal 0.740933 0.671578 0
    outer loop
      vertex 13.2627 -7.73726 2.2
      vertex 13.4736 -7.96994 6.5
      vertex 13.4736 -7.96994 2.2
    endloop
  endfacet
  facet normal 0.94154 0.336901 0
    outer loop
      vertex 14.0622 -9.07109 6.5
      vertex 13.9564 -8.77541 2.2
      vertex 13.9564 -8.77541 6.5
    endloop
  endfacet
  facet normal 0.94154 0.336901 0
    outer loop
      vertex 13.9564 -8.77541 2.2
      vertex 14.0622 -9.07109 6.5
      vertex 14.0622 -9.07109 2.2
    endloop
  endfacet
  facet normal 0.989164 -0.146814 0
    outer loop
      vertex 14.1385 -10.6243 6.5
      vertex 14.1846 -10.3137 2.2
      vertex 14.1846 -10.3137 6.5
    endloop
  endfacet
  facet normal 0.989164 -0.146814 0
    outer loop
      vertex 14.1846 -10.3137 2.2
      vertex 14.1385 -10.6243 6.5
      vertex 14.1385 -10.6243 2.2
    endloop
  endfacet
  facet normal -0.941557 -0.336853 0
    outer loop
      vertex 8.04358 -11.2246 2.2
      vertex 7.93779 -10.9289 6.5
      vertex 7.93779 -10.9289 2.2
    endloop
  endfacet
  facet normal -0.941557 -0.336853 0
    outer loop
      vertex 7.93779 -10.9289 6.5
      vertex 8.04358 -11.2246 2.2
      vertex 8.04358 -11.2246 6.5
    endloop
  endfacet
  facet normal -0.803202 0.595706 0
    outer loop
      vertex 8.3393 -8.22217 2.2
      vertex 8.52637 -7.96994 6.5
      vertex 8.52637 -7.96994 2.2
    endloop
  endfacet
  facet normal -0.803202 0.595706 0
    outer loop
      vertex 8.52637 -7.96994 6.5
      vertex 8.3393 -8.22217 2.2
      vertex 8.3393 -8.22217 6.5
    endloop
  endfacet
  facet normal -0.970034 0.24297 0
    outer loop
      vertex 7.86149 -9.37571 2.2
      vertex 7.93779 -9.07109 6.5
      vertex 7.93779 -9.07109 2.2
    endloop
  endfacet
  facet normal -0.970034 0.24297 0
    outer loop
      vertex 7.93779 -9.07109 6.5
      vertex 7.86149 -9.37571 2.2
      vertex 7.86149 -9.37571 6.5
    endloop
  endfacet
  facet normal -0.671578 -0.740933 0
    outer loop
      vertex 8.73726 -12.2627 2.2
      vertex 8.96994 -12.4736 5.5
      vertex 8.73726 -12.2627 5.5
    endloop
  endfacet
  facet normal -0.671578 -0.740933 -0
    outer loop
      vertex 8.96994 -12.4736 5.5
      vertex 8.73726 -12.2627 2.2
      vertex 8.96994 -12.4736 2.2
    endloop
  endfacet
  facet normal -0.989176 0.146733 0
    outer loop
      vertex 7.81541 -9.68635 2.2
      vertex 7.86149 -9.37571 6.5
      vertex 7.86149 -9.37571 2.2
    endloop
  endfacet
  facet normal -0.989176 0.146733 0
    outer loop
      vertex 7.86149 -9.37571 6.5
      vertex 7.81541 -9.68635 2.2
      vertex 7.81541 -9.68635 6.5
    endloop
  endfacet
  facet normal 0.671688 0.740834 -0
    outer loop
      vertex 13.2627 -7.73726 2.2
      vertex 13.0301 -7.52637 6.5
      vertex 13.2627 -7.73726 6.5
    endloop
  endfacet
  facet normal 0.671688 0.740834 0
    outer loop
      vertex 13.0301 -7.52637 6.5
      vertex 13.2627 -7.73726 2.2
      vertex 13.0301 -7.52637 2.2
    endloop
  endfacet
  facet normal 0.857796 0.51399 0
    outer loop
      vertex 13.8221 -8.49153 6.5
      vertex 13.6607 -8.22217 2.2
      vertex 13.6607 -8.22217 6.5
    endloop
  endfacet
  facet normal 0.857796 0.51399 0
    outer loop
      vertex 13.6607 -8.22217 2.2
      vertex 13.8221 -8.49153 6.5
      vertex 13.8221 -8.49153 2.2
    endloop
  endfacet
  facet normal -0.595706 0.803202 0
    outer loop
      vertex 9.22217 -7.3393 2.2
      vertex 8.96994 -7.52637 6.5
      vertex 9.22217 -7.3393 6.5
    endloop
  endfacet
  facet normal -0.595706 0.803202 0
    outer loop
      vertex 8.96994 -7.52637 6.5
      vertex 9.22217 -7.3393 2.2
      vertex 8.96994 -7.52637 2.2
    endloop
  endfacet
  facet normal -0.671561 0.740949 0
    outer loop
      vertex 8.96994 -7.52637 2.2
      vertex 8.73726 -7.73726 6.5
      vertex 8.96994 -7.52637 6.5
    endloop
  endfacet
  facet normal -0.671561 0.740949 0
    outer loop
      vertex 8.73726 -7.73726 6.5
      vertex 8.96994 -7.52637 2.2
      vertex 8.73726 -7.73726 2.2
    endloop
  endfacet
  facet normal 0.803157 0.595768 0
    outer loop
      vertex 13.6607 -8.22217 6.5
      vertex 13.4736 -7.96994 2.2
      vertex 13.4736 -7.96994 6.5
    endloop
  endfacet
  facet normal 0.803157 0.595768 0
    outer loop
      vertex 13.4736 -7.96994 2.2
      vertex 13.6607 -8.22217 6.5
      vertex 13.6607 -8.22217 2.2
    endloop
  endfacet
  facet normal 0.671705 -0.740819 0
    outer loop
      vertex 13.0301 -12.4736 2.2
      vertex 13.2627 -12.2627 5.5
      vertex 13.0301 -12.4736 5.5
    endloop
  endfacet
  facet normal 0.671705 -0.740819 0
    outer loop
      vertex 13.2627 -12.2627 5.5
      vertex 13.0301 -12.4736 2.2
      vertex 13.2627 -12.2627 2.2
    endloop
  endfacet
  facet normal 0.740819 -0.671705 0
    outer loop
      vertex 13.2627 -12.2627 5.5
      vertex 13.4736 -12.0301 2.2
      vertex 13.4736 -12.0301 5.5
    endloop
  endfacet
  facet normal 0.740819 -0.671705 0
    outer loop
      vertex 13.4736 -12.0301 2.2
      vertex 13.2627 -12.2627 5.5
      vertex 13.2627 -12.2627 2.2
    endloop
  endfacet
  facet normal 0.97003 -0.242985 0
    outer loop
      vertex 14.0622 -10.9289 6.5
      vertex 14.1385 -10.6243 2.2
      vertex 14.1385 -10.6243 6.5
    endloop
  endfacet
  facet normal 0.97003 -0.242985 0
    outer loop
      vertex 14.1385 -10.6243 2.2
      vertex 14.0622 -10.9289 6.5
      vertex 14.0622 -10.9289 2.2
    endloop
  endfacet
  facet normal -0.903983 0.427567 0
    outer loop
      vertex 8.04358 -8.77541 2.2
      vertex 8.17785 -8.49153 6.5
      vertex 8.17785 -8.49153 2.2
    endloop
  endfacet
  facet normal -0.903983 0.427567 0
    outer loop
      vertex 8.17785 -8.49153 6.5
      vertex 8.04358 -8.77541 2.2
      vertex 8.04358 -8.77541 6.5
    endloop
  endfacet
  facet normal 0.242985 0.97003 -0
    outer loop
      vertex 11.9289 -6.93779 2.2
      vertex 11.6243 -6.86149 6.5
      vertex 11.9289 -6.93779 6.5
    endloop
  endfacet
  facet normal 0.242985 0.97003 0
    outer loop
      vertex 11.6243 -6.86149 6.5
      vertex 11.9289 -6.93779 2.2
      vertex 11.6243 -6.86149 2.2
    endloop
  endfacet
  facet normal 0.595661 -0.803236 0
    outer loop
      vertex 12.7778 -12.6607 2.2
      vertex 13.0301 -12.4736 5.5
      vertex 12.7778 -12.6607 5.5
    endloop
  endfacet
  facet normal 0.595661 -0.803236 0
    outer loop
      vertex 13.0301 -12.4736 5.5
      vertex 12.7778 -12.6607 2.2
      vertex 13.0301 -12.4736 2.2
    endloop
  endfacet
  facet normal -0.514132 -0.857711 0
    outer loop
      vertex 9.22217 -12.6607 2.2
      vertex 9.45456 -12.8 5.5
      vertex 9.22217 -12.6607 5.5
    endloop
  endfacet
  facet normal -0.514132 -0.857711 -0
    outer loop
      vertex 9.45456 -12.8 5.5
      vertex 9.22217 -12.6607 2.2
      vertex 9.45456 -12.8 2.2
    endloop
  endfacet
  facet normal 0.0490642 0.998796 -0
    outer loop
      vertex 11.3137 -6.81541 2.2
      vertex 11 -6.8 6.5
      vertex 11.3137 -6.81541 6.5
    endloop
  endfacet
  facet normal 0.0490642 0.998796 0
    outer loop
      vertex 11 -6.8 6.5
      vertex 11.3137 -6.81541 2.2
      vertex 11 -6.8 2.2
    endloop
  endfacet
  facet normal -0.514107 0.857726 0
    outer loop
      vertex 9.49153 -7.17785 2.2
      vertex 9.22217 -7.3393 6.5
      vertex 9.49153 -7.17785 6.5
    endloop
  endfacet
  facet normal -0.514107 0.857726 0
    outer loop
      vertex 9.22217 -7.3393 6.5
      vertex 9.49153 -7.17785 2.2
      vertex 9.22217 -7.3393 2.2
    endloop
  endfacet
  facet normal -0.427567 0.903983 0
    outer loop
      vertex 9.77541 -7.04358 2.2
      vertex 9.49153 -7.17785 6.5
      vertex 9.77541 -7.04358 6.5
    endloop
  endfacet
  facet normal -0.427567 0.903983 0
    outer loop
      vertex 9.49153 -7.17785 6.5
      vertex 9.77541 -7.04358 2.2
      vertex 9.49153 -7.17785 2.2
    endloop
  endfacet
  facet normal -0.903982 -0.42757 0
    outer loop
      vertex 8.04358 -11.2246 2.2
      vertex 8.17384 -11.5 5.5
      vertex 8.04358 -11.2246 6.5
    endloop
  endfacet
  facet normal -0.903995 -0.427543 2.75578e-06
    outer loop
      vertex 8.17785 -11.5085 2.2
      vertex 8.17384 -11.5 5.5
      vertex 8.04358 -11.2246 2.2
    endloop
  endfacet
  facet normal -0.904408 -0.426668 0
    outer loop
      vertex 8.17384 -11.5 5.5
      vertex 8.17785 -11.5085 2.2
      vertex 8.17785 -11.5085 5.5
    endloop
  endfacet
  facet normal -0.903982 -0.42757 0
    outer loop
      vertex 8.04358 -11.2246 6.5
      vertex 8.17384 -11.5 5.5
      vertex 8.17384 -11.5 6.5
    endloop
  endfacet
  facet normal 0.941547 -0.336881 0
    outer loop
      vertex 13.9564 -11.2246 6.5
      vertex 14.0622 -10.9289 2.2
      vertex 14.0622 -10.9289 6.5
    endloop
  endfacet
  facet normal 0.941547 -0.336881 0
    outer loop
      vertex 14.0622 -10.9289 2.2
      vertex 13.9564 -11.2246 6.5
      vertex 13.9564 -11.2246 2.2
    endloop
  endfacet
  facet normal -0.857726 0.514107 0
    outer loop
      vertex 8.17785 -8.49153 2.2
      vertex 8.3393 -8.22217 6.5
      vertex 8.3393 -8.22217 2.2
    endloop
  endfacet
  facet normal -0.857726 0.514107 0
    outer loop
      vertex 8.3393 -8.22217 6.5
      vertex 8.17785 -8.49153 2.2
      vertex 8.17785 -8.49153 6.5
    endloop
  endfacet
  facet normal -0.595768 -0.803157 0
    outer loop
      vertex 8.96994 -12.4736 2.2
      vertex 9.22217 -12.6607 5.5
      vertex 8.96994 -12.4736 5.5
    endloop
  endfacet
  facet normal -0.595768 -0.803157 -0
    outer loop
      vertex 9.22217 -12.6607 5.5
      vertex 8.96994 -12.4736 2.2
      vertex 9.22217 -12.6607 2.2
    endloop
  endfacet
  facet normal 0.0490642 -0.998796 0
    outer loop
      vertex 11 6.8 2.2
      vertex 11.3137 6.81541 6.5
      vertex 11 6.8 6.5
    endloop
  endfacet
  facet normal 0.0490642 -0.998796 0
    outer loop
      vertex 11.3137 6.81541 6.5
      vertex 11 6.8 2.2
      vertex 11.3137 6.81541 2.2
    endloop
  endfacet
  facet normal -0.857726 -0.514107 0
    outer loop
      vertex 8.3393 8.22217 2.2
      vertex 8.17785 8.49153 6.5
      vertex 8.17785 8.49153 2.2
    endloop
  endfacet
  facet normal -0.857726 -0.514107 0
    outer loop
      vertex 8.17785 8.49153 6.5
      vertex 8.3393 8.22217 2.2
      vertex 8.3393 8.22217 6.5
    endloop
  endfacet
  facet normal 0.857746 0.514074 0
    outer loop
      vertex 13.8221 11.5085 5.5
      vertex 13.6607 11.7778 2.2
      vertex 13.6607 11.7778 5.5
    endloop
  endfacet
  facet normal 0.857746 0.514074 0
    outer loop
      vertex 13.6607 11.7778 2.2
      vertex 13.8221 11.5085 5.5
      vertex 13.8221 11.5085 2.2
    endloop
  endfacet
  facet normal -0.336863 -0.941554 0
    outer loop
      vertex 9.77541 7.04358 2.2
      vertex 10.0711 6.93779 6.5
      vertex 9.77541 7.04358 6.5
    endloop
  endfacet
  facet normal -0.336863 -0.941554 -0
    outer loop
      vertex 10.0711 6.93779 6.5
      vertex 9.77541 7.04358 2.2
      vertex 10.0711 6.93779 2.2
    endloop
  endfacet
  facet normal -0.903983 -0.427567 0
    outer loop
      vertex 8.17785 8.49153 2.2
      vertex 8.04358 8.77541 6.5
      vertex 8.04358 8.77541 2.2
    endloop
  endfacet
  facet normal -0.903983 -0.427567 0
    outer loop
      vertex 8.04358 8.77541 6.5
      vertex 8.17785 8.49153 2.2
      vertex 8.17785 8.49153 6.5
    endloop
  endfacet
  facet normal -0.857676 0.514191 0
    outer loop
      vertex 8.17785 11.5085 2.2
      vertex 8.3393 11.7778 5.5
      vertex 8.3393 11.7778 2.2
    endloop
  endfacet
  facet normal -0.857676 0.514191 0
    outer loop
      vertex 8.3393 11.7778 5.5
      vertex 8.17785 11.5085 2.2
      vertex 8.17785 11.5085 5.5
    endloop
  endfacet
  facet normal -0.671561 -0.740949 0
    outer loop
      vertex 8.73726 7.73726 2.2
      vertex 8.96994 7.52637 6.5
      vertex 8.73726 7.73726 6.5
    endloop
  endfacet
  facet normal -0.671561 -0.740949 -0
    outer loop
      vertex 8.96994 7.52637 6.5
      vertex 8.73726 7.73726 2.2
      vertex 8.96994 7.52637 2.2
    endloop
  endfacet
  facet normal -0.989173 0.146752 0
    outer loop
      vertex 7.81541 10.3137 2.2
      vertex 7.86149 10.6243 6.5
      vertex 7.86149 10.6243 2.2
    endloop
  endfacet
  facet normal -0.989173 0.146752 0
    outer loop
      vertex 7.86149 10.6243 6.5
      vertex 7.81541 10.3137 2.2
      vertex 7.81541 10.3137 6.5
    endloop
  endfacet
  facet normal 0.242985 -0.97003 0
    outer loop
      vertex 11.6243 6.86149 2.2
      vertex 11.9289 6.93779 6.5
      vertex 11.6243 6.86149 6.5
    endloop
  endfacet
  facet normal 0.242985 -0.97003 0
    outer loop
      vertex 11.9289 6.93779 6.5
      vertex 11.6243 6.86149 2.2
      vertex 11.9289 6.93779 2.2
    endloop
  endfacet
  facet normal 0.903947 -0.427646 0
    outer loop
      vertex 13.8221 8.49153 6.5
      vertex 13.9564 8.77541 2.2
      vertex 13.9564 8.77541 6.5
    endloop
  endfacet
  facet normal 0.903947 -0.427646 0
    outer loop
      vertex 13.9564 8.77541 2.2
      vertex 13.8221 8.49153 6.5
      vertex 13.8221 8.49153 2.2
    endloop
  endfacet
  facet normal -0.97003 0.242985 0
    outer loop
      vertex 7.86149 10.6243 2.2
      vertex 7.93779 10.9289 6.5
      vertex 7.93779 10.9289 2.2
    endloop
  endfacet
  facet normal -0.97003 0.242985 0
    outer loop
      vertex 7.93779 10.9289 6.5
      vertex 7.86149 10.6243 2.2
      vertex 7.86149 10.6243 6.5
    endloop
  endfacet
  facet normal 0.5956 -0.803281 0
    outer loop
      vertex 12.7778 7.3393 2.2
      vertex 13.0301 7.52637 6.5
      vertex 12.7778 7.3393 6.5
    endloop
  endfacet
  facet normal 0.5956 -0.803281 0
    outer loop
      vertex 13.0301 7.52637 6.5
      vertex 12.7778 7.3393 2.2
      vertex 13.0301 7.52637 2.2
    endloop
  endfacet
  facet normal 0.998797 -0.0490402 0
    outer loop
      vertex 14.1846 9.68635 6.5
      vertex 14.2 10 2.2
      vertex 14.2 10 6.5
    endloop
  endfacet
  facet normal 0.998797 -0.0490402 0
    outer loop
      vertex 14.2 10 2.2
      vertex 14.1846 9.68635 6.5
      vertex 14.1846 9.68635 2.2
    endloop
  endfacet
  facet normal 0.989164 0.146814 0
    outer loop
      vertex 14.1846 10.3137 6.5
      vertex 14.1385 10.6243 2.2
      vertex 14.1385 10.6243 6.5
    endloop
  endfacet
  facet normal 0.989164 0.146814 0
    outer loop
      vertex 14.1385 10.6243 2.2
      vertex 14.1846 10.3137 6.5
      vertex 14.1846 10.3137 2.2
    endloop
  endfacet
  facet normal 0.998797 0.0490324 0
    outer loop
      vertex 14.2 10 6.5
      vertex 14.1846 10.3137 2.2
      vertex 14.1846 10.3137 6.5
    endloop
  endfacet
  facet normal 0.998797 0.0490324 0
    outer loop
      vertex 14.1846 10.3137 2.2
      vertex 14.2 10 6.5
      vertex 14.2 10 2.2
    endloop
  endfacet
  facet normal 0.740819 0.671705 0
    outer loop
      vertex 13.4736 12.0301 5.5
      vertex 13.2627 12.2627 2.2
      vertex 13.2627 12.2627 5.5
    endloop
  endfacet
  facet normal 0.740819 0.671705 0
    outer loop
      vertex 13.2627 12.2627 2.2
      vertex 13.4736 12.0301 5.5
      vertex 13.4736 12.0301 2.2
    endloop
  endfacet
  facet normal 0.803236 0.595661 0
    outer loop
      vertex 13.6607 11.7778 5.5
      vertex 13.4736 12.0301 2.2
      vertex 13.4736 12.0301 5.5
    endloop
  endfacet
  facet normal 0.803236 0.595661 0
    outer loop
      vertex 13.4736 12.0301 2.2
      vertex 13.6607 11.7778 5.5
      vertex 13.6607 11.7778 2.2
    endloop
  endfacet
  facet normal 0.595661 0.803236 -0
    outer loop
      vertex 13.0301 12.4736 2.2
      vertex 12.7778 12.6607 5.5
      vertex 13.0301 12.4736 5.5
    endloop
  endfacet
  facet normal 0.595661 0.803236 0
    outer loop
      vertex 12.7778 12.6607 5.5
      vertex 13.0301 12.4736 2.2
      vertex 12.7778 12.6607 2.2
    endloop
  endfacet
  facet normal -0.242985 -0.97003 0
    outer loop
      vertex 10.0711 6.93779 2.2
      vertex 10.3757 6.86149 6.5
      vertex 10.0711 6.93779 6.5
    endloop
  endfacet
  facet normal -0.242985 -0.97003 -0
    outer loop
      vertex 10.3757 6.86149 6.5
      vertex 10.0711 6.93779 2.2
      vertex 10.3757 6.86149 2.2
    endloop
  endfacet
  facet normal 0.671705 0.740819 -0
    outer loop
      vertex 13.2627 12.2627 2.2
      vertex 13.0301 12.4736 5.5
      vertex 13.2627 12.2627 5.5
    endloop
  endfacet
  facet normal 0.671705 0.740819 0
    outer loop
      vertex 13.0301 12.4736 5.5
      vertex 13.2627 12.2627 2.2
      vertex 13.0301 12.4736 2.2
    endloop
  endfacet
  facet normal -0.970034 -0.24297 0
    outer loop
      vertex 7.93779 9.07109 2.2
      vertex 7.86149 9.37571 6.5
      vertex 7.86149 9.37571 2.2
    endloop
  endfacet
  facet normal -0.970034 -0.24297 0
    outer loop
      vertex 7.86149 9.37571 6.5
      vertex 7.93779 9.07109 2.2
      vertex 7.93779 9.07109 6.5
    endloop
  endfacet
  facet normal 0.904058 0.427409 0
    outer loop
      vertex 13.8262 11.5 6.5
      vertex 13.9564 11.2246 6.5
      vertex 13.8262 11.5 5.5
    endloop
  endfacet
  facet normal 0.900695 0.434453 0
    outer loop
      vertex 13.8262 11.5 5.5
      vertex 13.8221 11.5085 2.2
      vertex 13.8221 11.5085 5.5
    endloop
  endfacet
  facet normal 0.904058 0.427409 -0
    outer loop
      vertex 13.9564 11.2246 2.2
      vertex 13.8262 11.5 5.5
      vertex 13.9564 11.2246 6.5
    endloop
  endfacet
  facet normal 0.903958 0.427621 -2.16517e-05
    outer loop
      vertex 13.8262 11.5 5.5
      vertex 13.9564 11.2246 2.2
      vertex 13.8221 11.5085 2.2
    endloop
  endfacet
  facet normal 0.970034 -0.24297 0
    outer loop
      vertex 14.0622 9.07109 6.5
      vertex 14.1385 9.37571 2.2
      vertex 14.1385 9.37571 6.5
    endloop
  endfacet
  facet normal 0.970034 -0.24297 0
    outer loop
      vertex 14.1385 9.37571 2.2
      vertex 14.0622 9.07109 6.5
      vertex 14.0622 9.07109 2.2
    endloop
  endfacet
  facet normal 0.97003 0.242985 0
    outer loop
      vertex 14.1385 10.6243 6.5
      vertex 14.0622 10.9289 2.2
      vertex 14.0622 10.9289 6.5
    endloop
  endfacet
  facet normal 0.97003 0.242985 0
    outer loop
      vertex 14.0622 10.9289 2.2
      vertex 14.1385 10.6243 6.5
      vertex 14.1385 10.6243 2.2
    endloop
  endfacet
  facet normal 0.514191 -0.857676 0
    outer loop
      vertex 12.5085 7.17785 2.2
      vertex 12.7778 7.3393 6.5
      vertex 12.5085 7.17785 6.5
    endloop
  endfacet
  facet normal 0.514191 -0.857676 0
    outer loop
      vertex 12.7778 7.3393 6.5
      vertex 12.5085 7.17785 2.2
      vertex 12.7778 7.3393 2.2
    endloop
  endfacet
  facet normal -0.671578 0.740933 0
    outer loop
      vertex 8.96994 12.4736 2.2
      vertex 8.73726 12.2627 5.5
      vertex 8.96994 12.4736 5.5
    endloop
  endfacet
  facet normal -0.671578 0.740933 0
    outer loop
      vertex 8.73726 12.2627 5.5
      vertex 8.96994 12.4736 2.2
      vertex 8.73726 12.2627 2.2
    endloop
  endfacet
  facet normal -0.740834 0.671688 0
    outer loop
      vertex 8.52637 12.0301 2.2
      vertex 8.73726 12.2627 5.5
      vertex 8.73726 12.2627 2.2
    endloop
  endfacet
  facet normal -0.740834 0.671688 0
    outer loop
      vertex 8.73726 12.2627 5.5
      vertex 8.52637 12.0301 2.2
      vertex 8.52637 12.0301 5.5
    endloop
  endfacet
  facet normal -0.989176 -0.146733 0
    outer loop
      vertex 7.86149 9.37571 2.2
      vertex 7.81541 9.68635 6.5
      vertex 7.81541 9.68635 2.2
    endloop
  endfacet
  facet normal -0.989176 -0.146733 0
    outer loop
      vertex 7.81541 9.68635 6.5
      vertex 7.86149 9.37571 2.2
      vertex 7.86149 9.37571 6.5
    endloop
  endfacet
  facet normal 0.803157 -0.595768 0
    outer loop
      vertex 13.4736 7.96994 6.5
      vertex 13.6607 8.22217 2.2
      vertex 13.6607 8.22217 6.5
    endloop
  endfacet
  facet normal 0.803157 -0.595768 0
    outer loop
      vertex 13.6607 8.22217 2.2
      vertex 13.4736 7.96994 6.5
      vertex 13.4736 7.96994 2.2
    endloop
  endfacet
  facet normal -0.904408 0.426668 0
    outer loop
      vertex 8.17785 11.5085 2.2
      vertex 8.17384 11.5 5.5
      vertex 8.17785 11.5085 5.5
    endloop
  endfacet
  facet normal -0.903995 0.427543 2.75578e-06
    outer loop
      vertex 8.04358 11.2246 2.2
      vertex 8.17384 11.5 5.5
      vertex 8.17785 11.5085 2.2
    endloop
  endfacet
  facet normal -0.903982 0.42757 0
    outer loop
      vertex 8.04358 11.2246 6.5
      vertex 8.17384 11.5 5.5
      vertex 8.04358 11.2246 2.2
    endloop
  endfacet
  facet normal -0.903982 0.42757 0
    outer loop
      vertex 8.17384 11.5 5.5
      vertex 8.04358 11.2246 6.5
      vertex 8.17384 11.5 6.5
    endloop
  endfacet
  facet normal 0.941547 0.336881 0
    outer loop
      vertex 14.0622 10.9289 6.5
      vertex 13.9564 11.2246 2.2
      vertex 13.9564 11.2246 6.5
    endloop
  endfacet
  facet normal 0.941547 0.336881 0
    outer loop
      vertex 13.9564 11.2246 2.2
      vertex 14.0622 10.9289 6.5
      vertex 14.0622 10.9289 2.2
    endloop
  endfacet
  facet normal 0.989167 -0.146796 0
    outer loop
      vertex 14.1385 9.37571 6.5
      vertex 14.1846 9.68635 2.2
      vertex 14.1846 9.68635 6.5
    endloop
  endfacet
  facet normal 0.989167 -0.146796 0
    outer loop
      vertex 14.1846 9.68635 2.2
      vertex 14.1385 9.37571 6.5
      vertex 14.1385 9.37571 2.2
    endloop
  endfacet
  facet normal 0.427543 -0.903995 0
    outer loop
      vertex 12.2246 7.04358 2.2
      vertex 12.5085 7.17785 6.5
      vertex 12.2246 7.04358 6.5
    endloop
  endfacet
  facet normal 0.427543 -0.903995 0
    outer loop
      vertex 12.5085 7.17785 6.5
      vertex 12.2246 7.04358 2.2
      vertex 12.5085 7.17785 2.2
    endloop
  endfacet
  facet normal -0.427567 -0.903983 0
    outer loop
      vertex 9.49153 7.17785 2.2
      vertex 9.77541 7.04358 6.5
      vertex 9.49153 7.17785 6.5
    endloop
  endfacet
  facet normal -0.427567 -0.903983 -0
    outer loop
      vertex 9.77541 7.04358 6.5
      vertex 9.49153 7.17785 2.2
      vertex 9.77541 7.04358 2.2
    endloop
  endfacet
  facet normal -0.941557 0.336853 0
    outer loop
      vertex 7.93779 10.9289 2.2
      vertex 8.04358 11.2246 6.5
      vertex 8.04358 11.2246 2.2
    endloop
  endfacet
  facet normal -0.941557 0.336853 0
    outer loop
      vertex 8.04358 11.2246 6.5
      vertex 7.93779 10.9289 2.2
      vertex 7.93779 10.9289 6.5
    endloop
  endfacet
  facet normal 0.336853 -0.941557 0
    outer loop
      vertex 11.9289 6.93779 2.2
      vertex 12.2246 7.04358 6.5
      vertex 11.9289 6.93779 6.5
    endloop
  endfacet
  facet normal 0.336853 -0.941557 0
    outer loop
      vertex 12.2246 7.04358 6.5
      vertex 11.9289 6.93779 2.2
      vertex 12.2246 7.04358 2.2
    endloop
  endfacet
  facet normal -0.94155 -0.336873 0
    outer loop
      vertex 8.04358 8.77541 2.2
      vertex 7.93779 9.07109 6.5
      vertex 7.93779 9.07109 2.2
    endloop
  endfacet
  facet normal -0.94155 -0.336873 0
    outer loop
      vertex 7.93779 9.07109 6.5
      vertex 8.04358 8.77541 2.2
      vertex 8.04358 8.77541 6.5
    endloop
  endfacet
  facet normal 0.146752 -0.989173 0
    outer loop
      vertex 11.3137 6.81541 2.2
      vertex 11.6243 6.86149 6.5
      vertex 11.3137 6.81541 6.5
    endloop
  endfacet
  facet normal 0.146752 -0.989173 0
    outer loop
      vertex 11.6243 6.86149 6.5
      vertex 11.3137 6.81541 2.2
      vertex 11.6243 6.86149 2.2
    endloop
  endfacet
  facet normal -0.998795 -0.049072 0
    outer loop
      vertex 7.81541 9.68635 2.2
      vertex 7.8 10 6.5
      vertex 7.8 10 2.2
    endloop
  endfacet
  facet normal -0.998795 -0.049072 0
    outer loop
      vertex 7.8 10 6.5
      vertex 7.81541 9.68635 2.2
      vertex 7.81541 9.68635 6.5
    endloop
  endfacet
  facet normal -0.146752 -0.989173 0
    outer loop
      vertex 10.3757 6.86149 2.2
      vertex 10.6863 6.81541 6.5
      vertex 10.3757 6.86149 6.5
    endloop
  endfacet
  facet normal -0.146752 -0.989173 -0
    outer loop
      vertex 10.6863 6.81541 6.5
      vertex 10.3757 6.86149 2.2
      vertex 10.6863 6.81541 2.2
    endloop
  endfacet
  facet normal 0.514116 0.857721 -0
    outer loop
      vertex 12.7778 12.6607 2.2
      vertex 12.5454 12.8 5.5
      vertex 12.7778 12.6607 5.5
    endloop
  endfacet
  facet normal 0.514116 0.857721 0
    outer loop
      vertex 12.5454 12.8 5.5
      vertex 12.7778 12.6607 2.2
      vertex 12.5454 12.8 2.2
    endloop
  endfacet
  facet normal -0.740949 -0.671561 0
    outer loop
      vertex 8.73726 7.73726 2.2
      vertex 8.52637 7.96994 6.5
      vertex 8.52637 7.96994 2.2
    endloop
  endfacet
  facet normal -0.740949 -0.671561 0
    outer loop
      vertex 8.52637 7.96994 6.5
      vertex 8.73726 7.73726 2.2
      vertex 8.73726 7.73726 6.5
    endloop
  endfacet
  facet normal -0.998796 0.0490642 0
    outer loop
      vertex 7.8 10 2.2
      vertex 7.81541 10.3137 6.5
      vertex 7.81541 10.3137 2.2
    endloop
  endfacet
  facet normal -0.998796 0.0490642 0
    outer loop
      vertex 7.81541 10.3137 6.5
      vertex 7.8 10 2.2
      vertex 7.8 10 6.5
    endloop
  endfacet
  facet normal -0.803202 -0.595706 0
    outer loop
      vertex 8.52637 7.96994 2.2
      vertex 8.3393 8.22217 6.5
      vertex 8.3393 8.22217 2.2
    endloop
  endfacet
  facet normal -0.803202 -0.595706 0
    outer loop
      vertex 8.3393 8.22217 6.5
      vertex 8.52637 7.96994 2.2
      vertex 8.52637 7.96994 6.5
    endloop
  endfacet
  facet normal 0.857796 -0.51399 0
    outer loop
      vertex 13.6607 8.22217 6.5
      vertex 13.8221 8.49153 2.2
      vertex 13.8221 8.49153 6.5
    endloop
  endfacet
  facet normal 0.857796 -0.51399 0
    outer loop
      vertex 13.8221 8.49153 2.2
      vertex 13.6607 8.22217 6.5
      vertex 13.6607 8.22217 2.2
    endloop
  endfacet
  facet normal 0.94154 -0.336901 0
    outer loop
      vertex 13.9564 8.77541 6.5
      vertex 14.0622 9.07109 2.2
      vertex 14.0622 9.07109 6.5
    endloop
  endfacet
  facet normal 0.94154 -0.336901 0
    outer loop
      vertex 14.0622 9.07109 2.2
      vertex 13.9564 8.77541 6.5
      vertex 13.9564 8.77541 2.2
    endloop
  endfacet
  facet normal -0.0490642 -0.998796 0
    outer loop
      vertex 10.6863 6.81541 2.2
      vertex 11 6.8 6.5
      vertex 10.6863 6.81541 6.5
    endloop
  endfacet
  facet normal -0.0490642 -0.998796 -0
    outer loop
      vertex 11 6.8 6.5
      vertex 10.6863 6.81541 2.2
      vertex 11 6.8 2.2
    endloop
  endfacet
  facet normal -0.803281 0.5956 0
    outer loop
      vertex 8.3393 11.7778 2.2
      vertex 8.52637 12.0301 5.5
      vertex 8.52637 12.0301 2.2
    endloop
  endfacet
  facet normal -0.803281 0.5956 0
    outer loop
      vertex 8.52637 12.0301 5.5
      vertex 8.3393 11.7778 2.2
      vertex 8.3393 11.7778 5.5
    endloop
  endfacet
  facet normal 0.740933 -0.671578 0
    outer loop
      vertex 13.2627 7.73726 6.5
      vertex 13.4736 7.96994 2.2
      vertex 13.4736 7.96994 6.5
    endloop
  endfacet
  facet normal 0.740933 -0.671578 0
    outer loop
      vertex 13.4736 7.96994 2.2
      vertex 13.2627 7.73726 6.5
      vertex 13.2627 7.73726 2.2
    endloop
  endfacet
  facet normal -0.595706 -0.803202 0
    outer loop
      vertex 8.96994 7.52637 2.2
      vertex 9.22217 7.3393 6.5
      vertex 8.96994 7.52637 6.5
    endloop
  endfacet
  facet normal -0.595706 -0.803202 -0
    outer loop
      vertex 9.22217 7.3393 6.5
      vertex 8.96994 7.52637 2.2
      vertex 9.22217 7.3393 2.2
    endloop
  endfacet
  facet normal 0.671688 -0.740834 0
    outer loop
      vertex 13.0301 7.52637 2.2
      vertex 13.2627 7.73726 6.5
      vertex 13.0301 7.52637 6.5
    endloop
  endfacet
  facet normal 0.671688 -0.740834 0
    outer loop
      vertex 13.2627 7.73726 6.5
      vertex 13.0301 7.52637 2.2
      vertex 13.2627 7.73726 2.2
    endloop
  endfacet
  facet normal -0.595768 0.803157 0
    outer loop
      vertex 9.22217 12.6607 2.2
      vertex 8.96994 12.4736 5.5
      vertex 9.22217 12.6607 5.5
    endloop
  endfacet
  facet normal -0.595768 0.803157 0
    outer loop
      vertex 8.96994 12.4736 5.5
      vertex 9.22217 12.6607 2.2
      vertex 8.96994 12.4736 2.2
    endloop
  endfacet
  facet normal -0.514132 0.857711 0
    outer loop
      vertex 9.45456 12.8 2.2
      vertex 9.22217 12.6607 5.5
      vertex 9.45456 12.8 5.5
    endloop
  endfacet
  facet normal -0.514132 0.857711 0
    outer loop
      vertex 9.22217 12.6607 5.5
      vertex 9.45456 12.8 2.2
      vertex 9.22217 12.6607 2.2
    endloop
  endfacet
  facet normal -0.514107 -0.857726 0
    outer loop
      vertex 9.22217 7.3393 2.2
      vertex 9.49153 7.17785 6.5
      vertex 9.22217 7.3393 6.5
    endloop
  endfacet
  facet normal -0.514107 -0.857726 -0
    outer loop
      vertex 9.49153 7.17785 6.5
      vertex 9.22217 7.3393 2.2
      vertex 9.49153 7.17785 2.2
    endloop
  endfacet
  facet normal 0.989167 0.146796 0
    outer loop
      vertex 32.1846 -9.68635 6.5
      vertex 32.1385 -9.37571 2.2
      vertex 32.1385 -9.37571 6.5
    endloop
  endfacet
  facet normal 0.989167 0.146796 0
    outer loop
      vertex 32.1385 -9.37571 2.2
      vertex 32.1846 -9.68635 6.5
      vertex 32.1846 -9.68635 2.2
    endloop
  endfacet
  facet normal 0.998797 0.0490402 0
    outer loop
      vertex 32.2 -10 6.5
      vertex 32.1846 -9.68635 2.2
      vertex 32.1846 -9.68635 6.5
    endloop
  endfacet
  facet normal 0.998797 0.0490402 0
    outer loop
      vertex 32.1846 -9.68635 2.2
      vertex 32.2 -10 6.5
      vertex 32.2 -10 2.2
    endloop
  endfacet
  facet normal -0.595661 -0.803236 0
    outer loop
      vertex 26.9699 -12.4736 2.2
      vertex 27.2222 -12.6607 5.5
      vertex 26.9699 -12.4736 5.5
    endloop
  endfacet
  facet normal -0.595661 -0.803236 -0
    outer loop
      vertex 27.2222 -12.6607 5.5
      vertex 26.9699 -12.4736 2.2
      vertex 27.2222 -12.6607 2.2
    endloop
  endfacet
  facet normal -0.671688 0.740834 0
    outer loop
      vertex 26.9699 -7.52637 2.2
      vertex 26.7373 -7.73726 6.5
      vertex 26.9699 -7.52637 6.5
    endloop
  endfacet
  facet normal -0.671688 0.740834 0
    outer loop
      vertex 26.7373 -7.73726 6.5
      vertex 26.9699 -7.52637 2.2
      vertex 26.7373 -7.73726 2.2
    endloop
  endfacet
  facet normal 0.671688 0.740834 -0
    outer loop
      vertex 31.2627 -7.73726 2.2
      vertex 31.0301 -7.52637 6.5
      vertex 31.2627 -7.73726 6.5
    endloop
  endfacet
  facet normal 0.671688 0.740834 0
    outer loop
      vertex 31.0301 -7.52637 6.5
      vertex 31.2627 -7.73726 2.2
      vertex 31.0301 -7.52637 2.2
    endloop
  endfacet
  facet normal -0.803157 0.595768 0
    outer loop
      vertex 26.3393 -8.22217 2.2
      vertex 26.5264 -7.96994 6.5
      vertex 26.5264 -7.96994 2.2
    endloop
  endfacet
  facet normal -0.803157 0.595768 0
    outer loop
      vertex 26.5264 -7.96994 6.5
      vertex 26.3393 -8.22217 2.2
      vertex 26.3393 -8.22217 6.5
    endloop
  endfacet
  facet normal -0.146752 0.989173 0
    outer loop
      vertex 28.6863 -6.81541 2.2
      vertex 28.3757 -6.86149 6.5
      vertex 28.6863 -6.81541 6.5
    endloop
  endfacet
  facet normal -0.146752 0.989173 0
    outer loop
      vertex 28.3757 -6.86149 6.5
      vertex 28.6863 -6.81541 2.2
      vertex 28.3757 -6.86149 2.2
    endloop
  endfacet
  facet normal -0.514116 -0.857721 0
    outer loop
      vertex 27.2222 -12.6607 2.2
      vertex 27.4546 -12.8 5.5
      vertex 27.2222 -12.6607 5.5
    endloop
  endfacet
  facet normal -0.514116 -0.857721 -0
    outer loop
      vertex 27.4546 -12.8 5.5
      vertex 27.2222 -12.6607 2.2
      vertex 27.4546 -12.8 2.2
    endloop
  endfacet
  facet normal -0.97003 -0.242985 0
    outer loop
      vertex 25.9378 -10.9289 2.2
      vertex 25.8615 -10.6243 6.5
      vertex 25.8615 -10.6243 2.2
    endloop
  endfacet
  facet normal -0.97003 -0.242985 0
    outer loop
      vertex 25.8615 -10.6243 6.5
      vertex 25.9378 -10.9289 2.2
      vertex 25.9378 -10.9289 6.5
    endloop
  endfacet
  facet normal 0.336853 0.941557 -0
    outer loop
      vertex 30.2246 -7.04358 2.2
      vertex 29.9289 -6.93779 6.5
      vertex 30.2246 -7.04358 6.5
    endloop
  endfacet
  facet normal 0.336853 0.941557 0
    outer loop
      vertex 29.9289 -6.93779 6.5
      vertex 30.2246 -7.04358 2.2
      vertex 29.9289 -6.93779 2.2
    endloop
  endfacet
  facet normal 0.514191 0.857676 -0
    outer loop
      vertex 30.7778 -7.3393 2.2
      vertex 30.5085 -7.17785 6.5
      vertex 30.7778 -7.3393 6.5
    endloop
  endfacet
  facet normal 0.514191 0.857676 0
    outer loop
      vertex 30.5085 -7.17785 6.5
      vertex 30.7778 -7.3393 2.2
      vertex 30.5085 -7.17785 2.2
    endloop
  endfacet
  facet normal 0.427543 0.903995 -0
    outer loop
      vertex 30.5085 -7.17785 2.2
      vertex 30.2246 -7.04358 6.5
      vertex 30.5085 -7.17785 6.5
    endloop
  endfacet
  facet normal 0.427543 0.903995 0
    outer loop
      vertex 30.2246 -7.04358 6.5
      vertex 30.5085 -7.17785 2.2
      vertex 30.2246 -7.04358 2.2
    endloop
  endfacet
  facet normal -0.998797 -0.0490324 0
    outer loop
      vertex 25.8154 -10.3137 2.2
      vertex 25.8 -10 6.5
      vertex 25.8 -10 2.2
    endloop
  endfacet
  facet normal -0.998797 -0.0490324 0
    outer loop
      vertex 25.8 -10 6.5
      vertex 25.8154 -10.3137 2.2
      vertex 25.8154 -10.3137 6.5
    endloop
  endfacet
  facet normal 0.97003 -0.242985 0
    outer loop
      vertex 32.0622 -10.9289 6.5
      vertex 32.1385 -10.6243 2.2
      vertex 32.1385 -10.6243 6.5
    endloop
  endfacet
  facet normal 0.97003 -0.242985 0
    outer loop
      vertex 32.1385 -10.6243 2.2
      vertex 32.0622 -10.9289 6.5
      vertex 32.0622 -10.9289 2.2
    endloop
  endfacet
  facet normal -0.941547 -0.336881 0
    outer loop
      vertex 26.0436 -11.2246 2.2
      vertex 25.9378 -10.9289 6.5
      vertex 25.9378 -10.9289 2.2
    endloop
  endfacet
  facet normal -0.941547 -0.336881 0
    outer loop
      vertex 25.9378 -10.9289 6.5
      vertex 26.0436 -11.2246 2.2
      vertex 26.0436 -11.2246 6.5
    endloop
  endfacet
  facet normal -0.514191 0.857676 0
    outer loop
      vertex 27.4915 -7.17785 2.2
      vertex 27.2222 -7.3393 6.5
      vertex 27.4915 -7.17785 6.5
    endloop
  endfacet
  facet normal -0.514191 0.857676 0
    outer loop
      vertex 27.2222 -7.3393 6.5
      vertex 27.4915 -7.17785 2.2
      vertex 27.2222 -7.3393 2.2
    endloop
  endfacet
  facet normal 0.857796 0.51399 0
    outer loop
      vertex 31.8221 -8.49153 6.5
      vertex 31.6607 -8.22217 2.2
      vertex 31.6607 -8.22217 6.5
    endloop
  endfacet
  facet normal 0.857796 0.51399 0
    outer loop
      vertex 31.6607 -8.22217 2.2
      vertex 31.8221 -8.49153 6.5
      vertex 31.8221 -8.49153 2.2
    endloop
  endfacet
  facet normal -0.242985 0.97003 0
    outer loop
      vertex 28.3757 -6.86149 2.2
      vertex 28.0711 -6.93779 6.5
      vertex 28.3757 -6.86149 6.5
    endloop
  endfacet
  facet normal -0.242985 0.97003 0
    outer loop
      vertex 28.0711 -6.93779 6.5
      vertex 28.3757 -6.86149 2.2
      vertex 28.0711 -6.93779 2.2
    endloop
  endfacet
  facet normal 0.989164 -0.146814 0
    outer loop
      vertex 32.1385 -10.6243 6.5
      vertex 32.1846 -10.3137 2.2
      vertex 32.1846 -10.3137 6.5
    endloop
  endfacet
  facet normal 0.989164 -0.146814 0
    outer loop
      vertex 32.1846 -10.3137 2.2
      vertex 32.1385 -10.6243 6.5
      vertex 32.1385 -10.6243 2.2
    endloop
  endfacet
  facet normal 0.146752 0.989173 -0
    outer loop
      vertex 29.6243 -6.86149 2.2
      vertex 29.3137 -6.81541 6.5
      vertex 29.6243 -6.86149 6.5
    endloop
  endfacet
  facet normal 0.146752 0.989173 0
    outer loop
      vertex 29.3137 -6.81541 6.5
      vertex 29.6243 -6.86149 2.2
      vertex 29.3137 -6.81541 2.2
    endloop
  endfacet
  facet normal -0.427543 0.903995 0
    outer loop
      vertex 27.7754 -7.04358 2.2
      vertex 27.4915 -7.17785 6.5
      vertex 27.7754 -7.04358 6.5
    endloop
  endfacet
  facet normal -0.427543 0.903995 0
    outer loop
      vertex 27.4915 -7.17785 6.5
      vertex 27.7754 -7.04358 2.2
      vertex 27.4915 -7.17785 2.2
    endloop
  endfacet
  facet normal 0.903947 0.427646 0
    outer loop
      vertex 31.9564 -8.77541 6.5
      vertex 31.8221 -8.49153 2.2
      vertex 31.8221 -8.49153 6.5
    endloop
  endfacet
  facet normal 0.903947 0.427646 0
    outer loop
      vertex 31.8221 -8.49153 2.2
      vertex 31.9564 -8.77541 6.5
      vertex 31.9564 -8.77541 2.2
    endloop
  endfacet
  facet normal 0.998797 -0.0490324 0
    outer loop
      vertex 32.1846 -10.3137 6.5
      vertex 32.2 -10 2.2
      vertex 32.2 -10 6.5
    endloop
  endfacet
  facet normal 0.998797 -0.0490324 0
    outer loop
      vertex 32.2 -10 2.2
      vertex 32.1846 -10.3137 6.5
      vertex 32.1846 -10.3137 2.2
    endloop
  endfacet
  facet normal 0.904058 -0.427409 0
    outer loop
      vertex 31.8262 -11.5 5.5
      vertex 31.9564 -11.2246 6.5
      vertex 31.8262 -11.5 6.5
    endloop
  endfacet
  facet normal 0.904058 -0.427409 0
    outer loop
      vertex 31.9564 -11.2246 6.5
      vertex 31.8262 -11.5 5.5
      vertex 31.9564 -11.2246 2.2
    endloop
  endfacet
  facet normal 0.900695 -0.434453 0
    outer loop
      vertex 31.8221 -11.5085 2.2
      vertex 31.8262 -11.5 5.5
      vertex 31.8221 -11.5085 5.5
    endloop
  endfacet
  facet normal 0.903958 -0.427621 -2.16517e-05
    outer loop
      vertex 31.8262 -11.5 5.5
      vertex 31.8221 -11.5085 2.2
      vertex 31.9564 -11.2246 2.2
    endloop
  endfacet
  facet normal 0.5956 0.803281 -0
    outer loop
      vertex 31.0301 -7.52637 2.2
      vertex 30.7778 -7.3393 6.5
      vertex 31.0301 -7.52637 6.5
    endloop
  endfacet
  facet normal 0.5956 0.803281 0
    outer loop
      vertex 30.7778 -7.3393 6.5
      vertex 31.0301 -7.52637 2.2
      vertex 30.7778 -7.3393 2.2
    endloop
  endfacet
  facet normal 0.94154 0.336901 0
    outer loop
      vertex 32.0622 -9.07109 6.5
      vertex 31.9564 -8.77541 2.2
      vertex 31.9564 -8.77541 6.5
    endloop
  endfacet
  facet normal 0.94154 0.336901 0
    outer loop
      vertex 31.9564 -8.77541 2.2
      vertex 32.0622 -9.07109 6.5
      vertex 32.0622 -9.07109 2.2
    endloop
  endfacet
  facet normal 0.803236 -0.595661 0
    outer loop
      vertex 31.4736 -12.0301 5.5
      vertex 31.6607 -11.7778 2.2
      vertex 31.6607 -11.7778 5.5
    endloop
  endfacet
  facet normal 0.803236 -0.595661 0
    outer loop
      vertex 31.6607 -11.7778 2.2
      vertex 31.4736 -12.0301 5.5
      vertex 31.4736 -12.0301 2.2
    endloop
  endfacet
  facet normal 0.857746 -0.514074 0
    outer loop
      vertex 31.6607 -11.7778 5.5
      vertex 31.8221 -11.5085 2.2
      vertex 31.8221 -11.5085 5.5
    endloop
  endfacet
  facet normal 0.857746 -0.514074 0
    outer loop
      vertex 31.8221 -11.5085 2.2
      vertex 31.6607 -11.7778 5.5
      vertex 31.6607 -11.7778 2.2
    endloop
  endfacet
  facet normal 0.941547 -0.336881 0
    outer loop
      vertex 31.9564 -11.2246 6.5
      vertex 32.0622 -10.9289 2.2
      vertex 32.0622 -10.9289 6.5
    endloop
  endfacet
  facet normal 0.941547 -0.336881 0
    outer loop
      vertex 32.0622 -10.9289 2.2
      vertex 31.9564 -11.2246 6.5
      vertex 31.9564 -11.2246 2.2
    endloop
  endfacet
  facet normal 0.595661 -0.803236 0
    outer loop
      vertex 30.7778 -12.6607 2.2
      vertex 31.0301 -12.4736 5.5
      vertex 30.7778 -12.6607 5.5
    endloop
  endfacet
  facet normal 0.595661 -0.803236 0
    outer loop
      vertex 31.0301 -12.4736 5.5
      vertex 30.7778 -12.6607 2.2
      vertex 31.0301 -12.4736 2.2
    endloop
  endfacet
  facet normal 0.803157 0.595768 0
    outer loop
      vertex 31.6607 -8.22217 6.5
      vertex 31.4736 -7.96994 2.2
      vertex 31.4736 -7.96994 6.5
    endloop
  endfacet
  facet normal 0.803157 0.595768 0
    outer loop
      vertex 31.4736 -7.96994 2.2
      vertex 31.6607 -8.22217 6.5
      vertex 31.6607 -8.22217 2.2
    endloop
  endfacet
  facet normal -0.740933 0.671578 0
    outer loop
      vertex 26.5264 -7.96994 2.2
      vertex 26.7373 -7.73726 6.5
      vertex 26.7373 -7.73726 2.2
    endloop
  endfacet
  facet normal -0.740933 0.671578 0
    outer loop
      vertex 26.7373 -7.73726 6.5
      vertex 26.5264 -7.96994 2.2
      vertex 26.5264 -7.96994 6.5
    endloop
  endfacet
  facet normal 0.0490642 0.998796 -0
    outer loop
      vertex 29.3137 -6.81541 2.2
      vertex 29 -6.8 6.5
      vertex 29.3137 -6.81541 6.5
    endloop
  endfacet
  facet normal 0.0490642 0.998796 0
    outer loop
      vertex 29 -6.8 6.5
      vertex 29.3137 -6.81541 2.2
      vertex 29 -6.8 2.2
    endloop
  endfacet
  facet normal -0.5956 0.803281 0
    outer loop
      vertex 27.2222 -7.3393 2.2
      vertex 26.9699 -7.52637 6.5
      vertex 27.2222 -7.3393 6.5
    endloop
  endfacet
  facet normal -0.5956 0.803281 0
    outer loop
      vertex 26.9699 -7.52637 6.5
      vertex 27.2222 -7.3393 2.2
      vertex 26.9699 -7.52637 2.2
    endloop
  endfacet
  facet normal 0.970034 0.24297 0
    outer loop
      vertex 32.1385 -9.37571 6.5
      vertex 32.0622 -9.07109 2.2
      vertex 32.0622 -9.07109 6.5
    endloop
  endfacet
  facet normal 0.970034 0.24297 0
    outer loop
      vertex 32.0622 -9.07109 2.2
      vertex 32.1385 -9.37571 6.5
      vertex 32.1385 -9.37571 2.2
    endloop
  endfacet
  facet normal -0.857746 -0.514074 0
    outer loop
      vertex 26.3393 -11.7778 2.2
      vertex 26.1779 -11.5085 5.5
      vertex 26.1779 -11.5085 2.2
    endloop
  endfacet
  facet normal -0.857746 -0.514074 0
    outer loop
      vertex 26.1779 -11.5085 5.5
      vertex 26.3393 -11.7778 2.2
      vertex 26.3393 -11.7778 5.5
    endloop
  endfacet
  facet normal -0.857796 0.51399 0
    outer loop
      vertex 26.1779 -8.49153 2.2
      vertex 26.3393 -8.22217 6.5
      vertex 26.3393 -8.22217 2.2
    endloop
  endfacet
  facet normal -0.857796 0.51399 0
    outer loop
      vertex 26.3393 -8.22217 6.5
      vertex 26.1779 -8.49153 2.2
      vertex 26.1779 -8.49153 6.5
    endloop
  endfacet
  facet normal -0.740819 -0.671705 0
    outer loop
      vertex 26.7373 -12.2627 2.2
      vertex 26.5264 -12.0301 5.5
      vertex 26.5264 -12.0301 2.2
    endloop
  endfacet
  facet normal -0.740819 -0.671705 0
    outer loop
      vertex 26.5264 -12.0301 5.5
      vertex 26.7373 -12.2627 2.2
      vertex 26.7373 -12.2627 5.5
    endloop
  endfacet
  facet normal -0.336853 0.941557 0
    outer loop
      vertex 28.0711 -6.93779 2.2
      vertex 27.7754 -7.04358 6.5
      vertex 28.0711 -6.93779 6.5
    endloop
  endfacet
  facet normal -0.336853 0.941557 0
    outer loop
      vertex 27.7754 -7.04358 6.5
      vertex 28.0711 -6.93779 2.2
      vertex 27.7754 -7.04358 2.2
    endloop
  endfacet
  facet normal 0.740933 0.671578 0
    outer loop
      vertex 31.4736 -7.96994 6.5
      vertex 31.2627 -7.73726 2.2
      vertex 31.2627 -7.73726 6.5
    endloop
  endfacet
  facet normal 0.740933 0.671578 0
    outer loop
      vertex 31.2627 -7.73726 2.2
      vertex 31.4736 -7.96994 6.5
      vertex 31.4736 -7.96994 2.2
    endloop
  endfacet
  facet normal -0.0490642 0.998796 0
    outer loop
      vertex 29 -6.8 2.2
      vertex 28.6863 -6.81541 6.5
      vertex 29 -6.8 6.5
    endloop
  endfacet
  facet normal -0.0490642 0.998796 0
    outer loop
      vertex 28.6863 -6.81541 6.5
      vertex 29 -6.8 2.2
      vertex 28.6863 -6.81541 2.2
    endloop
  endfacet
  facet normal -0.94154 0.336901 0
    outer loop
      vertex 25.9378 -9.07109 2.2
      vertex 26.0436 -8.77541 6.5
      vertex 26.0436 -8.77541 2.2
    endloop
  endfacet
  facet normal -0.94154 0.336901 0
    outer loop
      vertex 26.0436 -8.77541 6.5
      vertex 25.9378 -9.07109 2.2
      vertex 25.9378 -9.07109 6.5
    endloop
  endfacet
  facet normal -0.803236 -0.595661 0
    outer loop
      vertex 26.5264 -12.0301 2.2
      vertex 26.3393 -11.7778 5.5
      vertex 26.3393 -11.7778 2.2
    endloop
  endfacet
  facet normal -0.803236 -0.595661 0
    outer loop
      vertex 26.3393 -11.7778 5.5
      vertex 26.5264 -12.0301 2.2
      vertex 26.5264 -12.0301 5.5
    endloop
  endfacet
  facet normal -0.970034 0.24297 0
    outer loop
      vertex 25.8615 -9.37571 2.2
      vertex 25.9378 -9.07109 6.5
      vertex 25.9378 -9.07109 2.2
    endloop
  endfacet
  facet normal -0.970034 0.24297 0
    outer loop
      vertex 25.9378 -9.07109 6.5
      vertex 25.8615 -9.37571 2.2
      vertex 25.8615 -9.37571 6.5
    endloop
  endfacet
  facet normal -0.989164 -0.146814 0
    outer loop
      vertex 25.8615 -10.6243 2.2
      vertex 25.8154 -10.3137 6.5
      vertex 25.8154 -10.3137 2.2
    endloop
  endfacet
  facet normal -0.989164 -0.146814 0
    outer loop
      vertex 25.8154 -10.3137 6.5
      vertex 25.8615 -10.6243 2.2
      vertex 25.8615 -10.6243 6.5
    endloop
  endfacet
  facet normal 0.242985 0.97003 -0
    outer loop
      vertex 29.9289 -6.93779 2.2
      vertex 29.6243 -6.86149 6.5
      vertex 29.9289 -6.93779 6.5
    endloop
  endfacet
  facet normal 0.242985 0.97003 0
    outer loop
      vertex 29.6243 -6.86149 6.5
      vertex 29.9289 -6.93779 2.2
      vertex 29.6243 -6.86149 2.2
    endloop
  endfacet
  facet normal 0.514116 -0.857721 0
    outer loop
      vertex 30.5454 -12.8 2.2
      vertex 30.7778 -12.6607 5.5
      vertex 30.5454 -12.8 5.5
    endloop
  endfacet
  facet normal 0.514116 -0.857721 0
    outer loop
      vertex 30.7778 -12.6607 5.5
      vertex 30.5454 -12.8 2.2
      vertex 30.7778 -12.6607 2.2
    endloop
  endfacet
  facet normal -0.671705 -0.740819 0
    outer loop
      vertex 26.7373 -12.2627 2.2
      vertex 26.9699 -12.4736 5.5
      vertex 26.7373 -12.2627 5.5
    endloop
  endfacet
  facet normal -0.671705 -0.740819 -0
    outer loop
      vertex 26.9699 -12.4736 5.5
      vertex 26.7373 -12.2627 2.2
      vertex 26.9699 -12.4736 2.2
    endloop
  endfacet
  facet normal 0.671705 -0.740819 0
    outer loop
      vertex 31.0301 -12.4736 2.2
      vertex 31.2627 -12.2627 5.5
      vertex 31.0301 -12.4736 5.5
    endloop
  endfacet
  facet normal 0.671705 -0.740819 0
    outer loop
      vertex 31.2627 -12.2627 5.5
      vertex 31.0301 -12.4736 2.2
      vertex 31.2627 -12.2627 2.2
    endloop
  endfacet
  facet normal -0.904058 -0.427409 0
    outer loop
      vertex 26.0436 -11.2246 2.2
      vertex 26.1738 -11.5 5.5
      vertex 26.0436 -11.2246 6.5
    endloop
  endfacet
  facet normal -0.903958 -0.427621 -2.16517e-05
    outer loop
      vertex 26.1779 -11.5085 2.2
      vertex 26.1738 -11.5 5.5
      vertex 26.0436 -11.2246 2.2
    endloop
  endfacet
  facet normal -0.900695 -0.434453 0
    outer loop
      vertex 26.1738 -11.5 5.5
      vertex 26.1779 -11.5085 2.2
      vertex 26.1779 -11.5085 5.5
    endloop
  endfacet
  facet normal -0.904058 -0.427409 0
    outer loop
      vertex 26.0436 -11.2246 6.5
      vertex 26.1738 -11.5 5.5
      vertex 26.1738 -11.5 6.5
    endloop
  endfacet
  facet normal -0.989167 0.146796 0
    outer loop
      vertex 25.8154 -9.68635 2.2
      vertex 25.8615 -9.37571 6.5
      vertex 25.8615 -9.37571 2.2
    endloop
  endfacet
  facet normal -0.989167 0.146796 0
    outer loop
      vertex 25.8615 -9.37571 6.5
      vertex 25.8154 -9.68635 2.2
      vertex 25.8154 -9.68635 6.5
    endloop
  endfacet
  facet normal -0.998797 0.0490402 0
    outer loop
      vertex 25.8 -10 2.2
      vertex 25.8154 -9.68635 6.5
      vertex 25.8154 -9.68635 2.2
    endloop
  endfacet
  facet normal -0.998797 0.0490402 0
    outer loop
      vertex 25.8154 -9.68635 6.5
      vertex 25.8 -10 2.2
      vertex 25.8 -10 6.5
    endloop
  endfacet
  facet normal -0.903947 0.427646 0
    outer loop
      vertex 26.0436 -8.77541 2.2
      vertex 26.1779 -8.49153 6.5
      vertex 26.1779 -8.49153 2.2
    endloop
  endfacet
  facet normal -0.903947 0.427646 0
    outer loop
      vertex 26.1779 -8.49153 6.5
      vertex 26.0436 -8.77541 2.2
      vertex 26.0436 -8.77541 6.5
    endloop
  endfacet
  facet normal 0.740819 -0.671705 0
    outer loop
      vertex 31.2627 -12.2627 5.5
      vertex 31.4736 -12.0301 2.2
      vertex 31.4736 -12.0301 5.5
    endloop
  endfacet
  facet normal 0.740819 -0.671705 0
    outer loop
      vertex 31.4736 -12.0301 2.2
      vertex 31.2627 -12.2627 5.5
      vertex 31.2627 -12.2627 2.2
    endloop
  endfacet
  facet normal 0.989164 0.146814 0
    outer loop
      vertex 32.1846 10.3137 6.5
      vertex 32.1385 10.6243 2.2
      vertex 32.1385 10.6243 6.5
    endloop
  endfacet
  facet normal 0.989164 0.146814 0
    outer loop
      vertex 32.1385 10.6243 2.2
      vertex 32.1846 10.3137 6.5
      vertex 32.1846 10.3137 2.2
    endloop
  endfacet
  facet normal 0.998797 0.0490324 0
    outer loop
      vertex 32.2 10 6.5
      vertex 32.1846 10.3137 2.2
      vertex 32.1846 10.3137 6.5
    endloop
  endfacet
  facet normal 0.998797 0.0490324 0
    outer loop
      vertex 32.1846 10.3137 2.2
      vertex 32.2 10 6.5
      vertex 32.2 10 2.2
    endloop
  endfacet
  facet normal 0.97003 0.242985 0
    outer loop
      vertex 32.1385 10.6243 6.5
      vertex 32.0622 10.9289 2.2
      vertex 32.0622 10.9289 6.5
    endloop
  endfacet
  facet normal 0.97003 0.242985 0
    outer loop
      vertex 32.0622 10.9289 2.2
      vertex 32.1385 10.6243 6.5
      vertex 32.1385 10.6243 2.2
    endloop
  endfacet
  facet normal 0.998797 -0.0490402 0
    outer loop
      vertex 32.1846 9.68635 6.5
      vertex 32.2 10 2.2
      vertex 32.2 10 6.5
    endloop
  endfacet
  facet normal 0.998797 -0.0490402 0
    outer loop
      vertex 32.2 10 2.2
      vertex 32.1846 9.68635 6.5
      vertex 32.1846 9.68635 2.2
    endloop
  endfacet
  facet normal 0.595661 0.803236 -0
    outer loop
      vertex 31.0301 12.4736 2.2
      vertex 30.7778 12.6607 5.5
      vertex 31.0301 12.4736 5.5
    endloop
  endfacet
  facet normal 0.595661 0.803236 0
    outer loop
      vertex 30.7778 12.6607 5.5
      vertex 31.0301 12.4736 2.2
      vertex 30.7778 12.6607 2.2
    endloop
  endfacet
  facet normal 0.514191 -0.857676 0
    outer loop
      vertex 30.5085 7.17785 2.2
      vertex 30.7778 7.3393 6.5
      vertex 30.5085 7.17785 6.5
    endloop
  endfacet
  facet normal 0.514191 -0.857676 0
    outer loop
      vertex 30.7778 7.3393 6.5
      vertex 30.5085 7.17785 2.2
      vertex 30.7778 7.3393 2.2
    endloop
  endfacet
  facet normal 0.740933 -0.671578 0
    outer loop
      vertex 31.2627 7.73726 6.5
      vertex 31.4736 7.96994 2.2
      vertex 31.4736 7.96994 6.5
    endloop
  endfacet
  facet normal 0.740933 -0.671578 0
    outer loop
      vertex 31.4736 7.96994 2.2
      vertex 31.2627 7.73726 6.5
      vertex 31.2627 7.73726 2.2
    endloop
  endfacet
  facet normal 0.803236 0.595661 0
    outer loop
      vertex 31.6607 11.7778 5.5
      vertex 31.4736 12.0301 2.2
      vertex 31.4736 12.0301 5.5
    endloop
  endfacet
  facet normal 0.803236 0.595661 0
    outer loop
      vertex 31.4736 12.0301 2.2
      vertex 31.6607 11.7778 5.5
      vertex 31.6607 11.7778 2.2
    endloop
  endfacet
  facet normal 0.514116 0.857721 -0
    outer loop
      vertex 30.7778 12.6607 2.2
      vertex 30.5454 12.8 5.5
      vertex 30.7778 12.6607 5.5
    endloop
  endfacet
  facet normal 0.514116 0.857721 0
    outer loop
      vertex 30.5454 12.8 5.5
      vertex 30.7778 12.6607 2.2
      vertex 30.5454 12.8 2.2
    endloop
  endfacet
  facet normal 0.94154 -0.336901 0
    outer loop
      vertex 31.9564 8.77541 6.5
      vertex 32.0622 9.07109 2.2
      vertex 32.0622 9.07109 6.5
    endloop
  endfacet
  facet normal 0.94154 -0.336901 0
    outer loop
      vertex 32.0622 9.07109 2.2
      vertex 31.9564 8.77541 6.5
      vertex 31.9564 8.77541 2.2
    endloop
  endfacet
  facet normal 0.671688 -0.740834 0
    outer loop
      vertex 31.0301 7.52637 2.2
      vertex 31.2627 7.73726 6.5
      vertex 31.0301 7.52637 6.5
    endloop
  endfacet
  facet normal 0.671688 -0.740834 0
    outer loop
      vertex 31.2627 7.73726 6.5
      vertex 31.0301 7.52637 2.2
      vertex 31.2627 7.73726 2.2
    endloop
  endfacet
  facet normal -0.514116 0.857721 0
    outer loop
      vertex 27.4546 12.8 2.2
      vertex 27.2222 12.6607 5.5
      vertex 27.4546 12.8 5.5
    endloop
  endfacet
  facet normal -0.514116 0.857721 0
    outer loop
      vertex 27.2222 12.6607 5.5
      vertex 27.4546 12.8 2.2
      vertex 27.2222 12.6607 2.2
    endloop
  endfacet
  facet normal 0.903947 -0.427646 0
    outer loop
      vertex 31.8221 8.49153 6.5
      vertex 31.9564 8.77541 2.2
      vertex 31.9564 8.77541 6.5
    endloop
  endfacet
  facet normal 0.903947 -0.427646 0
    outer loop
      vertex 31.9564 8.77541 2.2
      vertex 31.8221 8.49153 6.5
      vertex 31.8221 8.49153 2.2
    endloop
  endfacet
  facet normal 0.989167 -0.146796 0
    outer loop
      vertex 32.1385 9.37571 6.5
      vertex 32.1846 9.68635 2.2
      vertex 32.1846 9.68635 6.5
    endloop
  endfacet
  facet normal 0.989167 -0.146796 0
    outer loop
      vertex 32.1846 9.68635 2.2
      vertex 32.1385 9.37571 6.5
      vertex 32.1385 9.37571 2.2
    endloop
  endfacet
  facet normal 0.857796 -0.51399 0
    outer loop
      vertex 31.6607 8.22217 6.5
      vertex 31.8221 8.49153 2.2
      vertex 31.8221 8.49153 6.5
    endloop
  endfacet
  facet normal 0.857796 -0.51399 0
    outer loop
      vertex 31.8221 8.49153 2.2
      vertex 31.6607 8.22217 6.5
      vertex 31.6607 8.22217 2.2
    endloop
  endfacet
  facet normal 0.5956 -0.803281 0
    outer loop
      vertex 30.7778 7.3393 2.2
      vertex 31.0301 7.52637 6.5
      vertex 30.7778 7.3393 6.5
    endloop
  endfacet
  facet normal 0.5956 -0.803281 0
    outer loop
      vertex 31.0301 7.52637 6.5
      vertex 30.7778 7.3393 2.2
      vertex 31.0301 7.52637 2.2
    endloop
  endfacet
  facet normal 0.146752 -0.989173 0
    outer loop
      vertex 29.3137 6.81541 2.2
      vertex 29.6243 6.86149 6.5
      vertex 29.3137 6.81541 6.5
    endloop
  endfacet
  facet normal 0.146752 -0.989173 0
    outer loop
      vertex 29.6243 6.86149 6.5
      vertex 29.3137 6.81541 2.2
      vertex 29.6243 6.86149 2.2
    endloop
  endfacet
  facet normal 0.427543 -0.903995 0
    outer loop
      vertex 30.2246 7.04358 2.2
      vertex 30.5085 7.17785 6.5
      vertex 30.2246 7.04358 6.5
    endloop
  endfacet
  facet normal 0.427543 -0.903995 0
    outer loop
      vertex 30.5085 7.17785 6.5
      vertex 30.2246 7.04358 2.2
      vertex 30.5085 7.17785 2.2
    endloop
  endfacet
  facet normal -0.857746 0.514074 0
    outer loop
      vertex 26.1779 11.5085 2.2
      vertex 26.3393 11.7778 5.5
      vertex 26.3393 11.7778 2.2
    endloop
  endfacet
  facet normal -0.857746 0.514074 0
    outer loop
      vertex 26.3393 11.7778 5.5
      vertex 26.1779 11.5085 2.2
      vertex 26.1779 11.5085 5.5
    endloop
  endfacet
  facet normal -0.242985 -0.97003 0
    outer loop
      vertex 28.0711 6.93779 2.2
      vertex 28.3757 6.86149 6.5
      vertex 28.0711 6.93779 6.5
    endloop
  endfacet
  facet normal -0.242985 -0.97003 -0
    outer loop
      vertex 28.3757 6.86149 6.5
      vertex 28.0711 6.93779 2.2
      vertex 28.3757 6.86149 2.2
    endloop
  endfacet
  facet normal -0.146752 -0.989173 0
    outer loop
      vertex 28.3757 6.86149 2.2
      vertex 28.6863 6.81541 6.5
      vertex 28.3757 6.86149 6.5
    endloop
  endfacet
  facet normal -0.146752 -0.989173 -0
    outer loop
      vertex 28.6863 6.81541 6.5
      vertex 28.3757 6.86149 2.2
      vertex 28.6863 6.81541 2.2
    endloop
  endfacet
  facet normal -0.998797 -0.0490402 0
    outer loop
      vertex 25.8154 9.68635 2.2
      vertex 25.8 10 6.5
      vertex 25.8 10 2.2
    endloop
  endfacet
  facet normal -0.998797 -0.0490402 0
    outer loop
      vertex 25.8 10 6.5
      vertex 25.8154 9.68635 2.2
      vertex 25.8154 9.68635 6.5
    endloop
  endfacet
  facet normal 0.803157 -0.595768 0
    outer loop
      vertex 31.4736 7.96994 6.5
      vertex 31.6607 8.22217 2.2
      vertex 31.6607 8.22217 6.5
    endloop
  endfacet
  facet normal 0.803157 -0.595768 0
    outer loop
      vertex 31.6607 8.22217 2.2
      vertex 31.4736 7.96994 6.5
      vertex 31.4736 7.96994 2.2
    endloop
  endfacet
  facet normal -0.97003 0.242985 0
    outer loop
      vertex 25.8615 10.6243 2.2
      vertex 25.9378 10.9289 6.5
      vertex 25.9378 10.9289 2.2
    endloop
  endfacet
  facet normal -0.97003 0.242985 0
    outer loop
      vertex 25.9378 10.9289 6.5
      vertex 25.8615 10.6243 2.2
      vertex 25.8615 10.6243 6.5
    endloop
  endfacet
  facet normal 0.941547 0.336881 0
    outer loop
      vertex 32.0622 10.9289 6.5
      vertex 31.9564 11.2246 2.2
      vertex 31.9564 11.2246 6.5
    endloop
  endfacet
  facet normal 0.941547 0.336881 0
    outer loop
      vertex 31.9564 11.2246 2.2
      vertex 32.0622 10.9289 6.5
      vertex 32.0622 10.9289 2.2
    endloop
  endfacet
  facet normal -0.671705 0.740819 0
    outer loop
      vertex 26.9699 12.4736 2.2
      vertex 26.7373 12.2627 5.5
      vertex 26.9699 12.4736 5.5
    endloop
  endfacet
  facet normal -0.671705 0.740819 0
    outer loop
      vertex 26.7373 12.2627 5.5
      vertex 26.9699 12.4736 2.2
      vertex 26.7373 12.2627 2.2
    endloop
  endfacet
  facet normal 0.970034 -0.24297 0
    outer loop
      vertex 32.0622 9.07109 6.5
      vertex 32.1385 9.37571 2.2
      vertex 32.1385 9.37571 6.5
    endloop
  endfacet
  facet normal 0.970034 -0.24297 0
    outer loop
      vertex 32.1385 9.37571 2.2
      vertex 32.0622 9.07109 6.5
      vertex 32.0622 9.07109 2.2
    endloop
  endfacet
  facet normal 0.740819 0.671705 0
    outer loop
      vertex 31.4736 12.0301 5.5
      vertex 31.2627 12.2627 2.2
      vertex 31.2627 12.2627 5.5
    endloop
  endfacet
  facet normal 0.740819 0.671705 0
    outer loop
      vertex 31.2627 12.2627 2.2
      vertex 31.4736 12.0301 5.5
      vertex 31.4736 12.0301 2.2
    endloop
  endfacet
  facet normal 0.904058 0.427409 0
    outer loop
      vertex 31.8262 11.5 6.5
      vertex 31.9564 11.2246 6.5
      vertex 31.8262 11.5 5.5
    endloop
  endfacet
  facet normal 0.900695 0.434453 0
    outer loop
      vertex 31.8262 11.5 5.5
      vertex 31.8221 11.5085 2.2
      vertex 31.8221 11.5085 5.5
    endloop
  endfacet
  facet normal 0.904058 0.427409 -0
    outer loop
      vertex 31.9564 11.2246 2.2
      vertex 31.8262 11.5 5.5
      vertex 31.9564 11.2246 6.5
    endloop
  endfacet
  facet normal 0.903958 0.427621 -2.16517e-05
    outer loop
      vertex 31.8262 11.5 5.5
      vertex 31.9564 11.2246 2.2
      vertex 31.8221 11.5085 2.2
    endloop
  endfacet
  facet normal 0.857746 0.514074 0
    outer loop
      vertex 31.8221 11.5085 5.5
      vertex 31.6607 11.7778 2.2
      vertex 31.6607 11.7778 5.5
    endloop
  endfacet
  facet normal 0.857746 0.514074 0
    outer loop
      vertex 31.6607 11.7778 2.2
      vertex 31.8221 11.5085 5.5
      vertex 31.8221 11.5085 2.2
    endloop
  endfacet
  facet normal 0.671705 0.740819 -0
    outer loop
      vertex 31.2627 12.2627 2.2
      vertex 31.0301 12.4736 5.5
      vertex 31.2627 12.2627 5.5
    endloop
  endfacet
  facet normal 0.671705 0.740819 0
    outer loop
      vertex 31.0301 12.4736 5.5
      vertex 31.2627 12.2627 2.2
      vertex 31.0301 12.4736 2.2
    endloop
  endfacet
  facet normal -0.427543 -0.903995 0
    outer loop
      vertex 27.4915 7.17785 2.2
      vertex 27.7754 7.04358 6.5
      vertex 27.4915 7.17785 6.5
    endloop
  endfacet
  facet normal -0.427543 -0.903995 -0
    outer loop
      vertex 27.7754 7.04358 6.5
      vertex 27.4915 7.17785 2.2
      vertex 27.7754 7.04358 2.2
    endloop
  endfacet
  facet normal -0.857796 -0.51399 0
    outer loop
      vertex 26.3393 8.22217 2.2
      vertex 26.1779 8.49153 6.5
      vertex 26.1779 8.49153 2.2
    endloop
  endfacet
  facet normal -0.857796 -0.51399 0
    outer loop
      vertex 26.1779 8.49153 6.5
      vertex 26.3393 8.22217 2.2
      vertex 26.3393 8.22217 6.5
    endloop
  endfacet
  facet normal -0.94154 -0.336901 0
    outer loop
      vertex 26.0436 8.77541 2.2
      vertex 25.9378 9.07109 6.5
      vertex 25.9378 9.07109 2.2
    endloop
  endfacet
  facet normal -0.94154 -0.336901 0
    outer loop
      vertex 25.9378 9.07109 6.5
      vertex 26.0436 8.77541 2.2
      vertex 26.0436 8.77541 6.5
    endloop
  endfacet
  facet normal 0.242985 -0.97003 0
    outer loop
      vertex 29.6243 6.86149 2.2
      vertex 29.9289 6.93779 6.5
      vertex 29.6243 6.86149 6.5
    endloop
  endfacet
  facet normal 0.242985 -0.97003 0
    outer loop
      vertex 29.9289 6.93779 6.5
      vertex 29.6243 6.86149 2.2
      vertex 29.9289 6.93779 2.2
    endloop
  endfacet
  facet normal -0.514191 -0.857676 0
    outer loop
      vertex 27.2222 7.3393 2.2
      vertex 27.4915 7.17785 6.5
      vertex 27.2222 7.3393 6.5
    endloop
  endfacet
  facet normal -0.514191 -0.857676 -0
    outer loop
      vertex 27.4915 7.17785 6.5
      vertex 27.2222 7.3393 2.2
      vertex 27.4915 7.17785 2.2
    endloop
  endfacet
  facet normal -0.998797 0.0490324 0
    outer loop
      vertex 25.8 10 2.2
      vertex 25.8154 10.3137 6.5
      vertex 25.8154 10.3137 2.2
    endloop
  endfacet
  facet normal -0.998797 0.0490324 0
    outer loop
      vertex 25.8154 10.3137 6.5
      vertex 25.8 10 2.2
      vertex 25.8 10 6.5
    endloop
  endfacet
  facet normal -0.740819 0.671705 0
    outer loop
      vertex 26.5264 12.0301 2.2
      vertex 26.7373 12.2627 5.5
      vertex 26.7373 12.2627 2.2
    endloop
  endfacet
  facet normal -0.740819 0.671705 0
    outer loop
      vertex 26.7373 12.2627 5.5
      vertex 26.5264 12.0301 2.2
      vertex 26.5264 12.0301 5.5
    endloop
  endfacet
  facet normal -0.970034 -0.24297 0
    outer loop
      vertex 25.9378 9.07109 2.2
      vertex 25.8615 9.37571 6.5
      vertex 25.8615 9.37571 2.2
    endloop
  endfacet
  facet normal -0.970034 -0.24297 0
    outer loop
      vertex 25.8615 9.37571 6.5
      vertex 25.9378 9.07109 2.2
      vertex 25.9378 9.07109 6.5
    endloop
  endfacet
  facet normal 0.0490642 -0.998796 0
    outer loop
      vertex 29 6.8 2.2
      vertex 29.3137 6.81541 6.5
      vertex 29 6.8 6.5
    endloop
  endfacet
  facet normal 0.0490642 -0.998796 0
    outer loop
      vertex 29.3137 6.81541 6.5
      vertex 29 6.8 2.2
      vertex 29.3137 6.81541 2.2
    endloop
  endfacet
  facet normal -0.803236 0.595661 0
    outer loop
      vertex 26.3393 11.7778 2.2
      vertex 26.5264 12.0301 5.5
      vertex 26.5264 12.0301 2.2
    endloop
  endfacet
  facet normal -0.803236 0.595661 0
    outer loop
      vertex 26.5264 12.0301 5.5
      vertex 26.3393 11.7778 2.2
      vertex 26.3393 11.7778 5.5
    endloop
  endfacet
  facet normal -0.989164 0.146814 0
    outer loop
      vertex 25.8154 10.3137 2.2
      vertex 25.8615 10.6243 6.5
      vertex 25.8615 10.6243 2.2
    endloop
  endfacet
  facet normal -0.989164 0.146814 0
    outer loop
      vertex 25.8615 10.6243 6.5
      vertex 25.8154 10.3137 2.2
      vertex 25.8154 10.3137 6.5
    endloop
  endfacet
  facet normal -0.336853 -0.941557 0
    outer loop
      vertex 27.7754 7.04358 2.2
      vertex 28.0711 6.93779 6.5
      vertex 27.7754 7.04358 6.5
    endloop
  endfacet
  facet normal -0.336853 -0.941557 -0
    outer loop
      vertex 28.0711 6.93779 6.5
      vertex 27.7754 7.04358 2.2
      vertex 28.0711 6.93779 2.2
    endloop
  endfacet
  facet normal -0.989167 -0.146796 0
    outer loop
      vertex 25.8615 9.37571 2.2
      vertex 25.8154 9.68635 6.5
      vertex 25.8154 9.68635 2.2
    endloop
  endfacet
  facet normal -0.989167 -0.146796 0
    outer loop
      vertex 25.8154 9.68635 6.5
      vertex 25.8615 9.37571 2.2
      vertex 25.8615 9.37571 6.5
    endloop
  endfacet
  facet normal -0.803157 -0.595768 0
    outer loop
      vertex 26.5264 7.96994 2.2
      vertex 26.3393 8.22217 6.5
      vertex 26.3393 8.22217 2.2
    endloop
  endfacet
  facet normal -0.803157 -0.595768 0
    outer loop
      vertex 26.3393 8.22217 6.5
      vertex 26.5264 7.96994 2.2
      vertex 26.5264 7.96994 6.5
    endloop
  endfacet
  facet normal -0.903947 -0.427646 0
    outer loop
      vertex 26.1779 8.49153 2.2
      vertex 26.0436 8.77541 6.5
      vertex 26.0436 8.77541 2.2
    endloop
  endfacet
  facet normal -0.903947 -0.427646 0
    outer loop
      vertex 26.0436 8.77541 6.5
      vertex 26.1779 8.49153 2.2
      vertex 26.1779 8.49153 6.5
    endloop
  endfacet
  facet normal -0.595661 0.803236 0
    outer loop
      vertex 27.2222 12.6607 2.2
      vertex 26.9699 12.4736 5.5
      vertex 27.2222 12.6607 5.5
    endloop
  endfacet
  facet normal -0.595661 0.803236 0
    outer loop
      vertex 26.9699 12.4736 5.5
      vertex 27.2222 12.6607 2.2
      vertex 26.9699 12.4736 2.2
    endloop
  endfacet
  facet normal -0.671688 -0.740834 0
    outer loop
      vertex 26.7373 7.73726 2.2
      vertex 26.9699 7.52637 6.5
      vertex 26.7373 7.73726 6.5
    endloop
  endfacet
  facet normal -0.671688 -0.740834 -0
    outer loop
      vertex 26.9699 7.52637 6.5
      vertex 26.7373 7.73726 2.2
      vertex 26.9699 7.52637 2.2
    endloop
  endfacet
  facet normal -0.0490642 -0.998796 0
    outer loop
      vertex 28.6863 6.81541 2.2
      vertex 29 6.8 6.5
      vertex 28.6863 6.81541 6.5
    endloop
  endfacet
  facet normal -0.0490642 -0.998796 -0
    outer loop
      vertex 29 6.8 6.5
      vertex 28.6863 6.81541 2.2
      vertex 29 6.8 2.2
    endloop
  endfacet
  facet normal 0.336853 -0.941557 0
    outer loop
      vertex 29.9289 6.93779 2.2
      vertex 30.2246 7.04358 6.5
      vertex 29.9289 6.93779 6.5
    endloop
  endfacet
  facet normal 0.336853 -0.941557 0
    outer loop
      vertex 30.2246 7.04358 6.5
      vertex 29.9289 6.93779 2.2
      vertex 30.2246 7.04358 2.2
    endloop
  endfacet
  facet normal -0.740933 -0.671578 0
    outer loop
      vertex 26.7373 7.73726 2.2
      vertex 26.5264 7.96994 6.5
      vertex 26.5264 7.96994 2.2
    endloop
  endfacet
  facet normal -0.740933 -0.671578 0
    outer loop
      vertex 26.5264 7.96994 6.5
      vertex 26.7373 7.73726 2.2
      vertex 26.7373 7.73726 6.5
    endloop
  endfacet
  facet normal -0.5956 -0.803281 0
    outer loop
      vertex 26.9699 7.52637 2.2
      vertex 27.2222 7.3393 6.5
      vertex 26.9699 7.52637 6.5
    endloop
  endfacet
  facet normal -0.5956 -0.803281 -0
    outer loop
      vertex 27.2222 7.3393 6.5
      vertex 26.9699 7.52637 2.2
      vertex 27.2222 7.3393 2.2
    endloop
  endfacet
  facet normal -0.900695 0.434453 0
    outer loop
      vertex 26.1779 11.5085 2.2
      vertex 26.1738 11.5 5.5
      vertex 26.1779 11.5085 5.5
    endloop
  endfacet
  facet normal -0.903958 0.427621 -2.16517e-05
    outer loop
      vertex 26.0436 11.2246 2.2
      vertex 26.1738 11.5 5.5
      vertex 26.1779 11.5085 2.2
    endloop
  endfacet
  facet normal -0.904058 0.427409 0
    outer loop
      vertex 26.0436 11.2246 6.5
      vertex 26.1738 11.5 5.5
      vertex 26.0436 11.2246 2.2
    endloop
  endfacet
  facet normal -0.904058 0.427409 0
    outer loop
      vertex 26.1738 11.5 5.5
      vertex 26.0436 11.2246 6.5
      vertex 26.1738 11.5 6.5
    endloop
  endfacet
  facet normal -0.941547 0.336881 0
    outer loop
      vertex 25.9378 10.9289 2.2
      vertex 26.0436 11.2246 6.5
      vertex 26.0436 11.2246 2.2
    endloop
  endfacet
  facet normal -0.941547 0.336881 0
    outer loop
      vertex 26.0436 11.2246 6.5
      vertex 25.9378 10.9289 2.2
      vertex 25.9378 10.9289 6.5
    endloop
  endfacet
  facet normal -0.998794 0.0490973 0
    outer loop
      vertex 34.5 0 2.2
      vertex 34.5265 0.539094 6.5
      vertex 34.5265 0.539094 2.2
    endloop
  endfacet
  facet normal -0.998794 0.0490973 0
    outer loop
      vertex 34.5265 0.539094 6.5
      vertex 34.5 0 2.2
      vertex 34.5 0 6.5
    endloop
  endfacet
  facet normal 0.146737 0.989176 -0
    outer loop
      vertex 41.073 5.39432 2.2
      vertex 40.5391 5.47352 6.5
      vertex 41.073 5.39432 6.5
    endloop
  endfacet
  facet normal 0.146737 0.989176 0
    outer loop
      vertex 40.5391 5.47352 6.5
      vertex 41.073 5.39432 2.2
      vertex 40.5391 5.47352 2.2
    endloop
  endfacet
  facet normal -0.970052 -0.242897 0
    outer loop
      vertex 34.7368 -1.59657 2.2
      vertex 34.6057 -1.073 6.5
      vertex 34.6057 -1.073 2.2
    endloop
  endfacet
  facet normal -0.970052 -0.242897 0
    outer loop
      vertex 34.6057 -1.073 6.5
      vertex 34.7368 -1.59657 2.2
      vertex 34.7368 -1.59657 6.5
    endloop
  endfacet
  facet normal -0.989176 0.146735 0
    outer loop
      vertex 34.5265 0.539094 2.2
      vertex 34.6057 1.073 6.5
      vertex 34.6057 1.073 2.2
    endloop
  endfacet
  facet normal -0.989176 0.146735 0
    outer loop
      vertex 34.6057 1.073 6.5
      vertex 34.5265 0.539094 2.2
      vertex 34.5265 0.539094 6.5
    endloop
  endfacet
  facet normal -0.336879 -0.941548 0
    outer loop
      vertex 37.8952 -5.08134 2.2
      vertex 38.4034 -5.26317 6.5
      vertex 37.8952 -5.08134 6.5
    endloop
  endfacet
  facet normal -0.336879 -0.941548 -0
    outer loop
      vertex 38.4034 -5.26317 6.5
      vertex 37.8952 -5.08134 2.2
      vertex 38.4034 -5.26317 2.2
    endloop
  endfacet
  facet normal 0.146737 -0.989176 0
    outer loop
      vertex 40.5391 -5.47352 2.2
      vertex 41.073 -5.39432 6.5
      vertex 40.5391 -5.47352 6.5
    endloop
  endfacet
  facet normal 0.146737 -0.989176 0
    outer loop
      vertex 41.073 -5.39432 6.5
      vertex 40.5391 -5.47352 2.2
      vertex 41.073 -5.39432 2.2
    endloop
  endfacet
  facet normal -0.427571 0.903982 0
    outer loop
      vertex 37.8952 5.08134 2.2
      vertex 37.4073 4.85057 6.5
      vertex 37.8952 5.08134 6.5
    endloop
  endfacet
  facet normal -0.427571 0.903982 0
    outer loop
      vertex 37.4073 4.85057 6.5
      vertex 37.8952 5.08134 2.2
      vertex 37.4073 4.85057 2.2
    endloop
  endfacet
  facet normal -0.904039 0.427451 0
    outer loop
      vertex 34.9187 2.10476 2.2
      vertex 35.1494 2.59268 6.5
      vertex 35.1494 2.59268 2.2
    endloop
  endfacet
  facet normal -0.904039 0.427451 0
    outer loop
      vertex 35.1494 2.59268 6.5
      vertex 34.9187 2.10476 2.2
      vertex 34.9187 2.10476 6.5
    endloop
  endfacet
  facet normal -0.857718 -0.51412 0
    outer loop
      vertex 35.4269 -3.05564 2.2
      vertex 35.1494 -2.59268 6.5
      vertex 35.1494 -2.59268 2.2
    endloop
  endfacet
  facet normal -0.857718 -0.51412 0
    outer loop
      vertex 35.1494 -2.59268 6.5
      vertex 35.4269 -3.05564 2.2
      vertex 35.4269 -3.05564 6.5
    endloop
  endfacet
  facet normal -0.242972 0.970033 0
    outer loop
      vertex 38.927 5.39432 2.2
      vertex 38.4034 5.26317 6.5
      vertex 38.927 5.39432 6.5
    endloop
  endfacet
  facet normal -0.242972 0.970033 0
    outer loop
      vertex 38.4034 5.26317 6.5
      vertex 38.927 5.39432 2.2
      vertex 38.4034 5.26317 2.2
    endloop
  endfacet
  facet normal -0.904039 -0.427451 0
    outer loop
      vertex 35.1494 -2.59268 2.2
      vertex 34.9187 -2.10476 6.5
      vertex 34.9187 -2.10476 2.2
    endloop
  endfacet
  facet normal -0.904039 -0.427451 0
    outer loop
      vertex 34.9187 -2.10476 6.5
      vertex 35.1494 -2.59268 2.2
      vertex 35.1494 -2.59268 6.5
    endloop
  endfacet
  facet normal 0.336879 0.941548 -0
    outer loop
      vertex 42.1048 5.08134 2.2
      vertex 41.5966 5.26317 6.5
      vertex 42.1048 5.08134 6.5
    endloop
  endfacet
  facet normal 0.336879 0.941548 0
    outer loop
      vertex 41.5966 5.26317 6.5
      vertex 42.1048 5.08134 2.2
      vertex 41.5966 5.26317 2.2
    endloop
  endfacet
  facet normal 0.242972 0.970033 -0
    outer loop
      vertex 41.5966 5.26317 2.2
      vertex 41.073 5.39432 6.5
      vertex 41.5966 5.26317 6.5
    endloop
  endfacet
  facet normal 0.242972 0.970033 0
    outer loop
      vertex 41.073 5.39432 6.5
      vertex 41.5966 5.26317 2.2
      vertex 41.073 5.39432 2.2
    endloop
  endfacet
  facet normal -0.941505 0.336999 0
    outer loop
      vertex 34.7368 1.59657 2.2
      vertex 34.9187 2.10476 6.5
      vertex 34.9187 2.10476 2.2
    endloop
  endfacet
  facet normal -0.941505 0.336999 0
    outer loop
      vertex 34.9187 2.10476 6.5
      vertex 34.7368 1.59657 2.2
      vertex 34.7368 1.59657 6.5
    endloop
  endfacet
  facet normal -0.336879 0.941548 0
    outer loop
      vertex 38.4034 5.26317 2.2
      vertex 37.8952 5.08134 6.5
      vertex 38.4034 5.26317 6.5
    endloop
  endfacet
  facet normal -0.336879 0.941548 0
    outer loop
      vertex 37.8952 5.08134 6.5
      vertex 38.4034 5.26317 2.2
      vertex 37.8952 5.08134 2.2
    endloop
  endfacet
  facet normal -0.857718 0.51412 0
    outer loop
      vertex 35.1494 2.59268 2.2
      vertex 35.4269 3.05564 6.5
      vertex 35.4269 3.05564 2.2
    endloop
  endfacet
  facet normal -0.857718 0.51412 0
    outer loop
      vertex 35.4269 3.05564 6.5
      vertex 35.1494 2.59268 2.2
      vertex 35.1494 2.59268 6.5
    endloop
  endfacet
  facet normal 0.671595 0.740919 -0
    outer loop
      vertex 43.8 3.96984 2.2
      vertex 43.4892 4.25156 5.5
      vertex 43.8 3.96984 5.5
    endloop
  endfacet
  facet normal 0.671595 0.740919 0
    outer loop
      vertex 43.4892 4.25156 5.5
      vertex 43.8 3.96984 2.2
      vertex 43.4892 4.25156 2.2
    endloop
  endfacet
  facet normal 0.0490598 -0.998796 0
    outer loop
      vertex 40 -5.5 2.2
      vertex 40.5391 -5.47352 6.5
      vertex 40 -5.5 6.5
    endloop
  endfacet
  facet normal 0.0490598 -0.998796 0
    outer loop
      vertex 40.5391 -5.47352 6.5
      vertex 40 -5.5 2.2
      vertex 40.5391 -5.47352 2.2
    endloop
  endfacet
  facet normal 0.427525 0.904004 0
    outer loop
      vertex 42.5927 4.85057 5.5
      vertex 42.5927 4.85057 2.2
      vertex 42.5 4.89441 5.5
    endloop
  endfacet
  facet normal 0.427582 0.903977 -0
    outer loop
      vertex 42.5 4.89441 5.5
      vertex 42.1048 5.08134 6.5
      vertex 42.5 4.89441 6.5
    endloop
  endfacet
  facet normal 0.427571 0.903982 1.59622e-06
    outer loop
      vertex 42.1048 5.08134 2.2
      vertex 42.5 4.89441 5.5
      vertex 42.5927 4.85057 2.2
    endloop
  endfacet
  facet normal 0.427582 0.903977 0
    outer loop
      vertex 42.5 4.89441 5.5
      vertex 42.1048 5.08134 2.2
      vertex 42.1048 5.08134 6.5
    endloop
  endfacet
  facet normal -0.740928 -0.671584 0
    outer loop
      vertex 36.1109 -3.88909 2.2
      vertex 35.7484 -3.48916 6.5
      vertex 35.7484 -3.48916 2.2
    endloop
  endfacet
  facet normal -0.740928 -0.671584 0
    outer loop
      vertex 35.7484 -3.48916 6.5
      vertex 36.1109 -3.88909 2.2
      vertex 36.1109 -3.88909 6.5
    endloop
  endfacet
  facet normal -0.671581 -0.740931 0
    outer loop
      vertex 36.1109 -3.88909 2.2
      vertex 36.5108 -4.25156 6.5
      vertex 36.1109 -3.88909 6.5
    endloop
  endfacet
  facet normal -0.671581 -0.740931 -0
    outer loop
      vertex 36.5108 -4.25156 6.5
      vertex 36.1109 -3.88909 2.2
      vertex 36.5108 -4.25156 2.2
    endloop
  endfacet
  facet normal -0.941505 -0.336999 0
    outer loop
      vertex 34.9187 -2.10476 2.2
      vertex 34.7368 -1.59657 6.5
      vertex 34.7368 -1.59657 2.2
    endloop
  endfacet
  facet normal -0.941505 -0.336999 0
    outer loop
      vertex 34.7368 -1.59657 6.5
      vertex 34.9187 -2.10476 2.2
      vertex 34.9187 -2.10476 6.5
    endloop
  endfacet
  facet normal 0.514155 0.857697 -0
    outer loop
      vertex 43.0556 4.57308 2.2
      vertex 42.5927 4.85057 5.5
      vertex 43.0556 4.57308 5.5
    endloop
  endfacet
  facet normal 0.514155 0.857697 0
    outer loop
      vertex 42.5927 4.85057 5.5
      vertex 43.0556 4.57308 2.2
      vertex 42.5927 4.85057 2.2
    endloop
  endfacet
  facet normal 0.595628 -0.80326 0
    outer loop
      vertex 43.0556 -4.57308 2.2
      vertex 43.4892 -4.25156 5.5
      vertex 43.0556 -4.57308 5.5
    endloop
  endfacet
  facet normal 0.595628 -0.80326 0
    outer loop
      vertex 43.4892 -4.25156 5.5
      vertex 43.0556 -4.57308 2.2
      vertex 43.4892 -4.25156 2.2
    endloop
  endfacet
  facet normal -0.970052 0.242897 0
    outer loop
      vertex 34.6057 1.073 2.2
      vertex 34.7368 1.59657 6.5
      vertex 34.7368 1.59657 2.2
    endloop
  endfacet
  facet normal -0.970052 0.242897 0
    outer loop
      vertex 34.7368 1.59657 6.5
      vertex 34.6057 1.073 2.2
      vertex 34.6057 1.073 6.5
    endloop
  endfacet
  facet normal 0.336879 -0.941548 0
    outer loop
      vertex 41.5966 -5.26317 2.2
      vertex 42.1048 -5.08134 6.5
      vertex 41.5966 -5.26317 6.5
    endloop
  endfacet
  facet normal 0.336879 -0.941548 0
    outer loop
      vertex 42.1048 -5.08134 6.5
      vertex 41.5966 -5.26317 2.2
      vertex 42.1048 -5.08134 2.2
    endloop
  endfacet
  facet normal -0.514155 -0.857697 0
    outer loop
      vertex 36.9444 -4.57308 2.2
      vertex 37.4073 -4.85057 6.5
      vertex 36.9444 -4.57308 6.5
    endloop
  endfacet
  facet normal -0.514155 -0.857697 -0
    outer loop
      vertex 37.4073 -4.85057 6.5
      vertex 36.9444 -4.57308 2.2
      vertex 37.4073 -4.85057 2.2
    endloop
  endfacet
  facet normal 0.595628 0.80326 -0
    outer loop
      vertex 43.4892 4.25156 2.2
      vertex 43.0556 4.57308 5.5
      vertex 43.4892 4.25156 5.5
    endloop
  endfacet
  facet normal 0.595628 0.80326 0
    outer loop
      vertex 43.0556 4.57308 5.5
      vertex 43.4892 4.25156 2.2
      vertex 43.0556 4.57308 2.2
    endloop
  endfacet
  facet normal -0.427571 -0.903982 0
    outer loop
      vertex 37.4073 -4.85057 2.2
      vertex 37.8952 -5.08134 6.5
      vertex 37.4073 -4.85057 6.5
    endloop
  endfacet
  facet normal -0.427571 -0.903982 -0
    outer loop
      vertex 37.8952 -5.08134 6.5
      vertex 37.4073 -4.85057 2.2
      vertex 37.8952 -5.08134 2.2
    endloop
  endfacet
  facet normal 0.0490598 0.998796 -0
    outer loop
      vertex 40.5391 5.47352 2.2
      vertex 40 5.5 6.5
      vertex 40.5391 5.47352 6.5
    endloop
  endfacet
  facet normal 0.0490598 0.998796 0
    outer loop
      vertex 40 5.5 6.5
      vertex 40.5391 5.47352 2.2
      vertex 40 5.5 2.2
    endloop
  endfacet
  facet normal 0.427582 -0.903977 0
    outer loop
      vertex 42.1048 -5.08134 6.5
      vertex 42.5 -4.89441 5.5
      vertex 42.5 -4.89441 6.5
    endloop
  endfacet
  facet normal 0.427582 -0.903977 0
    outer loop
      vertex 42.1048 -5.08134 2.2
      vertex 42.5 -4.89441 5.5
      vertex 42.1048 -5.08134 6.5
    endloop
  endfacet
  facet normal 0.427571 -0.903982 1.59622e-06
    outer loop
      vertex 42.5927 -4.85057 2.2
      vertex 42.5 -4.89441 5.5
      vertex 42.1048 -5.08134 2.2
    endloop
  endfacet
  facet normal 0.427525 -0.904004 0
    outer loop
      vertex 42.5 -4.89441 5.5
      vertex 42.5927 -4.85057 2.2
      vertex 42.5927 -4.85057 5.5
    endloop
  endfacet
  facet normal -0.0490598 -0.998796 0
    outer loop
      vertex 39.4609 -5.47352 2.2
      vertex 40 -5.5 6.5
      vertex 39.4609 -5.47352 6.5
    endloop
  endfacet
  facet normal -0.0490598 -0.998796 -0
    outer loop
      vertex 40 -5.5 6.5
      vertex 39.4609 -5.47352 2.2
      vertex 40 -5.5 2.2
    endloop
  endfacet
  facet normal -0.146737 0.989176 0
    outer loop
      vertex 39.4609 5.47352 2.2
      vertex 38.927 5.39432 6.5
      vertex 39.4609 5.47352 6.5
    endloop
  endfacet
  facet normal -0.146737 0.989176 0
    outer loop
      vertex 38.927 5.39432 6.5
      vertex 39.4609 5.47352 2.2
      vertex 38.927 5.39432 2.2
    endloop
  endfacet
  facet normal -0.146737 -0.989176 0
    outer loop
      vertex 38.927 -5.39432 2.2
      vertex 39.4609 -5.47352 6.5
      vertex 38.927 -5.39432 6.5
    endloop
  endfacet
  facet normal -0.146737 -0.989176 -0
    outer loop
      vertex 39.4609 -5.47352 6.5
      vertex 38.927 -5.39432 2.2
      vertex 39.4609 -5.47352 2.2
    endloop
  endfacet
  facet normal 0.242972 -0.970033 0
    outer loop
      vertex 41.073 -5.39432 2.2
      vertex 41.5966 -5.26317 6.5
      vertex 41.073 -5.39432 6.5
    endloop
  endfacet
  facet normal 0.242972 -0.970033 0
    outer loop
      vertex 41.5966 -5.26317 6.5
      vertex 41.073 -5.39432 2.2
      vertex 41.5966 -5.26317 2.2
    endloop
  endfacet
  facet normal -0.671581 0.740931 0
    outer loop
      vertex 36.5108 4.25156 2.2
      vertex 36.1109 3.88909 6.5
      vertex 36.5108 4.25156 6.5
    endloop
  endfacet
  facet normal -0.671581 0.740931 0
    outer loop
      vertex 36.1109 3.88909 6.5
      vertex 36.5108 4.25156 2.2
      vertex 36.1109 3.88909 2.2
    endloop
  endfacet
  facet normal -0.803226 -0.595675 0
    outer loop
      vertex 35.7484 -3.48916 2.2
      vertex 35.4269 -3.05564 6.5
      vertex 35.4269 -3.05564 2.2
    endloop
  endfacet
  facet normal -0.803226 -0.595675 0
    outer loop
      vertex 35.4269 -3.05564 6.5
      vertex 35.7484 -3.48916 2.2
      vertex 35.7484 -3.48916 6.5
    endloop
  endfacet
  facet normal -0.740928 0.671584 0
    outer loop
      vertex 35.7484 3.48916 2.2
      vertex 36.1109 3.88909 6.5
      vertex 36.1109 3.88909 2.2
    endloop
  endfacet
  facet normal -0.740928 0.671584 0
    outer loop
      vertex 36.1109 3.88909 6.5
      vertex 35.7484 3.48916 2.2
      vertex 35.7484 3.48916 6.5
    endloop
  endfacet
  facet normal -0.595628 -0.80326 0
    outer loop
      vertex 36.5108 -4.25156 2.2
      vertex 36.9444 -4.57308 6.5
      vertex 36.5108 -4.25156 6.5
    endloop
  endfacet
  facet normal -0.595628 -0.80326 -0
    outer loop
      vertex 36.9444 -4.57308 6.5
      vertex 36.5108 -4.25156 2.2
      vertex 36.9444 -4.57308 2.2
    endloop
  endfacet
  facet normal 0.514155 -0.857697 0
    outer loop
      vertex 42.5927 -4.85057 2.2
      vertex 43.0556 -4.57308 5.5
      vertex 42.5927 -4.85057 5.5
    endloop
  endfacet
  facet normal 0.514155 -0.857697 0
    outer loop
      vertex 43.0556 -4.57308 5.5
      vertex 42.5927 -4.85057 2.2
      vertex 43.0556 -4.57308 2.2
    endloop
  endfacet
  facet normal 0.671595 -0.740919 0
    outer loop
      vertex 43.4892 -4.25156 2.2
      vertex 43.8 -3.96984 5.5
      vertex 43.4892 -4.25156 5.5
    endloop
  endfacet
  facet normal 0.671595 -0.740919 0
    outer loop
      vertex 43.8 -3.96984 5.5
      vertex 43.4892 -4.25156 2.2
      vertex 43.8 -3.96984 2.2
    endloop
  endfacet
  facet normal -0.0490598 0.998796 0
    outer loop
      vertex 40 5.5 2.2
      vertex 39.4609 5.47352 6.5
      vertex 40 5.5 6.5
    endloop
  endfacet
  facet normal -0.0490598 0.998796 0
    outer loop
      vertex 39.4609 5.47352 6.5
      vertex 40 5.5 2.2
      vertex 39.4609 5.47352 2.2
    endloop
  endfacet
  facet normal -0.242972 -0.970033 0
    outer loop
      vertex 38.4034 -5.26317 2.2
      vertex 38.927 -5.39432 6.5
      vertex 38.4034 -5.26317 6.5
    endloop
  endfacet
  facet normal -0.242972 -0.970033 -0
    outer loop
      vertex 38.927 -5.39432 6.5
      vertex 38.4034 -5.26317 2.2
      vertex 38.927 -5.39432 2.2
    endloop
  endfacet
  facet normal -0.989176 -0.146735 0
    outer loop
      vertex 34.6057 -1.073 2.2
      vertex 34.5265 -0.539094 6.5
      vertex 34.5265 -0.539094 2.2
    endloop
  endfacet
  facet normal -0.989176 -0.146735 0
    outer loop
      vertex 34.5265 -0.539094 6.5
      vertex 34.6057 -1.073 2.2
      vertex 34.6057 -1.073 6.5
    endloop
  endfacet
  facet normal -0.514155 0.857697 0
    outer loop
      vertex 37.4073 4.85057 2.2
      vertex 36.9444 4.57308 6.5
      vertex 37.4073 4.85057 6.5
    endloop
  endfacet
  facet normal -0.514155 0.857697 0
    outer loop
      vertex 36.9444 4.57308 6.5
      vertex 37.4073 4.85057 2.2
      vertex 36.9444 4.57308 2.2
    endloop
  endfacet
  facet normal -0.595628 0.80326 0
    outer loop
      vertex 36.9444 4.57308 2.2
      vertex 36.5108 4.25156 6.5
      vertex 36.9444 4.57308 6.5
    endloop
  endfacet
  facet normal -0.595628 0.80326 0
    outer loop
      vertex 36.5108 4.25156 6.5
      vertex 36.9444 4.57308 2.2
      vertex 36.5108 4.25156 2.2
    endloop
  endfacet
  facet normal -0.998794 -0.0490973 0
    outer loop
      vertex 34.5265 -0.539094 2.2
      vertex 34.5 0 6.5
      vertex 34.5 0 2.2
    endloop
  endfacet
  facet normal -0.998794 -0.0490973 0
    outer loop
      vertex 34.5 0 6.5
      vertex 34.5265 -0.539094 2.2
      vertex 34.5265 -0.539094 6.5
    endloop
  endfacet
  facet normal -0.803226 0.595675 0
    outer loop
      vertex 35.4269 3.05564 2.2
      vertex 35.7484 3.48916 6.5
      vertex 35.7484 3.48916 2.2
    endloop
  endfacet
  facet normal -0.803226 0.595675 0
    outer loop
      vertex 35.7484 3.48916 6.5
      vertex 35.4269 3.05564 2.2
      vertex 35.4269 3.05564 6.5
    endloop
  endfacet
  facet normal 0.989176 0.146736 0
    outer loop
      vertex 8.18315 0.34306 6.5
      vertex 8.13275 0.682816 2.2
      vertex 8.13275 0.682816 6.5
    endloop
  endfacet
  facet normal 0.989176 0.146736 0
    outer loop
      vertex 8.13275 0.682816 2.2
      vertex 8.18315 0.34306 6.5
      vertex 8.18315 0.34306 2.2
    endloop
  endfacet
  facet normal 0.998796 0.0490576 0
    outer loop
      vertex 8.2 0 6.5
      vertex 8.18315 0.34306 2.2
      vertex 8.18315 0.34306 6.5
    endloop
  endfacet
  facet normal 0.998796 0.0490576 0
    outer loop
      vertex 8.18315 0.34306 2.2
      vertex 8.2 0 6.5
      vertex 8.2 0 2.2
    endloop
  endfacet
  facet normal 0.97003 0.242985 0
    outer loop
      vertex 8.13275 0.682816 6.5
      vertex 8.04929 1.016 2.2
      vertex 8.04929 1.016 6.5
    endloop
  endfacet
  facet normal 0.97003 0.242985 0
    outer loop
      vertex 8.04929 1.016 2.2
      vertex 8.13275 0.682816 6.5
      vertex 8.13275 0.682816 2.2
    endloop
  endfacet
  facet normal 0.595687 -0.803217 0
    outer loop
      vertex 6.6445 -2.91014 2.2
      vertex 6.92038 -2.70554 5.15
      vertex 6.6445 -2.91014 5.15
    endloop
  endfacet
  facet normal 0.595687 -0.803217 0
    outer loop
      vertex 6.92038 -2.70554 5.15
      vertex 6.6445 -2.91014 2.2
      vertex 6.92038 -2.70554 2.2
    endloop
  endfacet
  facet normal 0.427566 -0.903984 0
    outer loop
      vertex 6.03939 -3.23358 2.2
      vertex 6.34989 -3.08672 5.15
      vertex 6.03939 -3.23358 5.15
    endloop
  endfacet
  facet normal 0.427566 -0.903984 0
    outer loop
      vertex 6.34989 -3.08672 5.15
      vertex 6.03939 -3.23358 2.2
      vertex 6.34989 -3.08672 2.2
    endloop
  endfacet
  facet normal -0.671581 -0.740931 0
    outer loop
      vertex 2.22513 -2.47487 2.2
      vertex 2.47962 -2.70554 5.15
      vertex 2.22513 -2.47487 5.15
    endloop
  endfacet
  facet normal -0.671581 -0.740931 -0
    outer loop
      vertex 2.47962 -2.70554 5.15
      vertex 2.22513 -2.47487 2.2
      vertex 2.47962 -2.70554 2.2
    endloop
  endfacet
  facet normal 0.514098 0.857732 -0
    outer loop
      vertex 6.6445 2.91014 2.2
      vertex 6.34989 3.08672 5.15
      vertex 6.6445 2.91014 5.15
    endloop
  endfacet
  facet normal 0.514098 0.857732 0
    outer loop
      vertex 6.34989 3.08672 5.15
      vertex 6.6445 2.91014 2.2
      vertex 6.34989 3.08672 2.2
    endloop
  endfacet
  facet normal -0.146734 -0.989176 0
    outer loop
      vertex 4.01718 -3.43275 2.2
      vertex 4.35694 -3.48315 5.15
      vertex 4.01718 -3.43275 5.15
    endloop
  endfacet
  facet normal -0.146734 -0.989176 -0
    outer loop
      vertex 4.35694 -3.48315 5.15
      vertex 4.01718 -3.43275 2.2
      vertex 4.35694 -3.48315 2.2
    endloop
  endfacet
  facet normal -0.242988 0.970029 0
    outer loop
      vertex 4.01718 3.43275 2.2
      vertex 3.684 3.34929 5.15
      vertex 4.01718 3.43275 5.15
    endloop
  endfacet
  facet normal -0.242988 0.970029 0
    outer loop
      vertex 3.684 3.34929 5.15
      vertex 4.01718 3.43275 2.2
      vertex 3.684 3.34929 2.2
    endloop
  endfacet
  facet normal 0.740931 0.671581 0
    outer loop
      vertex 7.40554 2.22038 5.15
      vertex 7.17487 2.47487 2.2
      vertex 7.17487 2.47487 5.15
    endloop
  endfacet
  facet normal 0.740931 0.671581 0
    outer loop
      vertex 7.17487 2.47487 2.2
      vertex 7.40554 2.22038 5.15
      vertex 7.40554 2.22038 2.2
    endloop
  endfacet
  facet normal 0.857732 0.514098 0
    outer loop
      vertex 7.78672 1.64989 6.5
      vertex 7.61014 1.9445 2.2
      vertex 7.61014 1.9445 6.5
    endloop
  endfacet
  facet normal 0.857732 0.514098 0
    outer loop
      vertex 7.61014 1.9445 2.2
      vertex 7.78672 1.64989 6.5
      vertex 7.78672 1.64989 2.2
    endloop
  endfacet
  facet normal 0.671581 0.740931 -0
    outer loop
      vertex 7.17487 2.47487 2.2
      vertex 6.92038 2.70554 5.15
      vertex 7.17487 2.47487 5.15
    endloop
  endfacet
  facet normal 0.671581 0.740931 0
    outer loop
      vertex 6.92038 2.70554 5.15
      vertex 7.17487 2.47487 2.2
      vertex 6.92038 2.70554 2.2
    endloop
  endfacet
  facet normal 0.336888 -0.941545 0
    outer loop
      vertex 5.716 -3.34929 2.2
      vertex 6.03939 -3.23358 5.15
      vertex 5.716 -3.34929 5.15
    endloop
  endfacet
  facet normal 0.336888 -0.941545 0
    outer loop
      vertex 6.03939 -3.23358 5.15
      vertex 5.716 -3.34929 2.2
      vertex 6.03939 -3.23358 2.2
    endloop
  endfacet
  facet normal 0.941545 0.336888 0
    outer loop
      vertex 8.04929 1.016 6.5
      vertex 7.93358 1.33939 2.2
      vertex 7.93358 1.33939 6.5
    endloop
  endfacet
  facet normal 0.941545 0.336888 0
    outer loop
      vertex 7.93358 1.33939 2.2
      vertex 8.04929 1.016 6.5
      vertex 8.04929 1.016 2.2
    endloop
  endfacet
  facet normal -0.0490576 0.998796 0
    outer loop
      vertex 4.7 3.5 2.2
      vertex 4.35694 3.48315 5.15
      vertex 4.7 3.5 5.15
    endloop
  endfacet
  facet normal -0.0490576 0.998796 0
    outer loop
      vertex 4.35694 3.48315 5.15
      vertex 4.7 3.5 2.2
      vertex 4.35694 3.48315 2.2
    endloop
  endfacet
  facet normal 0.903984 -0.427566 0
    outer loop
      vertex 7.78672 -1.64989 6.5
      vertex 7.93358 -1.33939 2.2
      vertex 7.93358 -1.33939 6.5
    endloop
  endfacet
  facet normal 0.903984 -0.427566 0
    outer loop
      vertex 7.93358 -1.33939 2.2
      vertex 7.78672 -1.64989 6.5
      vertex 7.78672 -1.64989 2.2
    endloop
  endfacet
  facet normal 0.595687 0.803217 -0
    outer loop
      vertex 6.92038 2.70554 2.2
      vertex 6.6445 2.91014 5.15
      vertex 6.92038 2.70554 5.15
    endloop
  endfacet
  facet normal 0.595687 0.803217 0
    outer loop
      vertex 6.6445 2.91014 5.15
      vertex 6.92038 2.70554 2.2
      vertex 6.6445 2.91014 2.2
    endloop
  endfacet
  facet normal 0.998796 -0.0490576 0
    outer loop
      vertex 8.18315 -0.34306 6.5
      vertex 8.2 0 2.2
      vertex 8.2 0 6.5
    endloop
  endfacet
  facet normal 0.998796 -0.0490576 0
    outer loop
      vertex 8.2 0 2.2
      vertex 8.18315 -0.34306 6.5
      vertex 8.18315 -0.34306 2.2
    endloop
  endfacet
  facet normal -0.336888 -0.941545 0
    outer loop
      vertex 3.36061 -3.23358 2.2
      vertex 3.684 -3.34929 5.15
      vertex 3.36061 -3.23358 5.15
    endloop
  endfacet
  facet normal -0.336888 -0.941545 -0
    outer loop
      vertex 3.684 -3.34929 5.15
      vertex 3.36061 -3.23358 2.2
      vertex 3.684 -3.34929 2.2
    endloop
  endfacet
  facet normal -0.0490576 -0.998796 0
    outer loop
      vertex 4.35694 -3.48315 2.2
      vertex 4.7 -3.5 5.15
      vertex 4.35694 -3.48315 5.15
    endloop
  endfacet
  facet normal -0.0490576 -0.998796 -0
    outer loop
      vertex 4.7 -3.5 5.15
      vertex 4.35694 -3.48315 2.2
      vertex 4.7 -3.5 2.2
    endloop
  endfacet
  facet normal 0.0490576 -0.998796 0
    outer loop
      vertex 4.7 -3.5 2.2
      vertex 5.04306 -3.48315 5.15
      vertex 4.7 -3.5 5.15
    endloop
  endfacet
  facet normal 0.0490576 -0.998796 0
    outer loop
      vertex 5.04306 -3.48315 5.15
      vertex 4.7 -3.5 2.2
      vertex 5.04306 -3.48315 2.2
    endloop
  endfacet
  facet normal 0.803214 0.595691 0
    outer loop
      vertex 7.5 2.09301 6.5
      vertex 7.61014 1.9445 6.5
      vertex 7.5 2.09301 5.15
    endloop
  endfacet
  facet normal 0.80322 0.595683 0
    outer loop
      vertex 7.5 2.09301 5.15
      vertex 7.40554 2.22038 2.2
      vertex 7.40554 2.22038 5.15
    endloop
  endfacet
  facet normal 0.803214 0.595691 -0
    outer loop
      vertex 7.61014 1.9445 2.2
      vertex 7.5 2.09301 5.15
      vertex 7.61014 1.9445 6.5
    endloop
  endfacet
  facet normal 0.803217 0.595687 2.7358e-07
    outer loop
      vertex 7.5 2.09301 5.15
      vertex 7.61014 1.9445 2.2
      vertex 7.40554 2.22038 2.2
    endloop
  endfacet
  facet normal -0.671581 0.740931 0
    outer loop
      vertex 2.47962 2.70554 2.2
      vertex 2.22513 2.47487 5.15
      vertex 2.47962 2.70554 5.15
    endloop
  endfacet
  facet normal -0.671581 0.740931 0
    outer loop
      vertex 2.22513 2.47487 5.15
      vertex 2.47962 2.70554 2.2
      vertex 2.22513 2.47487 2.2
    endloop
  endfacet
  facet normal 0.146734 0.989176 -0
    outer loop
      vertex 5.38282 3.43275 2.2
      vertex 5.04306 3.48315 5.15
      vertex 5.38282 3.43275 5.15
    endloop
  endfacet
  facet normal 0.146734 0.989176 0
    outer loop
      vertex 5.04306 3.48315 5.15
      vertex 5.38282 3.43275 2.2
      vertex 5.04306 3.48315 2.2
    endloop
  endfacet
  facet normal 0.146734 -0.989176 0
    outer loop
      vertex 5.04306 -3.48315 2.2
      vertex 5.38282 -3.43275 5.15
      vertex 5.04306 -3.48315 5.15
    endloop
  endfacet
  facet normal 0.146734 -0.989176 0
    outer loop
      vertex 5.38282 -3.43275 5.15
      vertex 5.04306 -3.48315 2.2
      vertex 5.38282 -3.43275 2.2
    endloop
  endfacet
  facet normal 0.427566 0.903984 -0
    outer loop
      vertex 6.34989 3.08672 2.2
      vertex 6.03939 3.23358 5.15
      vertex 6.34989 3.08672 5.15
    endloop
  endfacet
  facet normal 0.427566 0.903984 0
    outer loop
      vertex 6.03939 3.23358 5.15
      vertex 6.34989 3.08672 2.2
      vertex 6.03939 3.23358 2.2
    endloop
  endfacet
  facet normal 0.941545 -0.336888 0
    outer loop
      vertex 7.93358 -1.33939 6.5
      vertex 8.04929 -1.016 2.2
      vertex 8.04929 -1.016 6.5
    endloop
  endfacet
  facet normal 0.941545 -0.336888 0
    outer loop
      vertex 8.04929 -1.016 2.2
      vertex 7.93358 -1.33939 6.5
      vertex 7.93358 -1.33939 2.2
    endloop
  endfacet
  facet normal 0.740931 -0.671581 0
    outer loop
      vertex 7.17487 -2.47487 5.15
      vertex 7.40554 -2.22038 2.2
      vertex 7.40554 -2.22038 5.15
    endloop
  endfacet
  facet normal 0.740931 -0.671581 0
    outer loop
      vertex 7.40554 -2.22038 2.2
      vertex 7.17487 -2.47487 5.15
      vertex 7.17487 -2.47487 2.2
    endloop
  endfacet
  facet normal -0.740762 0.671767 0
    outer loop
      vertex 2.20001 2.44717 2.2
      vertex 2.22513 2.47487 5.15
      vertex 2.22513 2.47487 2.2
    endloop
  endfacet
  facet normal -0.740762 0.671767 0
    outer loop
      vertex 2.22513 2.47487 5.15
      vertex 2.20001 2.44717 2.2
      vertex 2.20001 2.44717 5.15
    endloop
  endfacet
  facet normal 0.903984 0.427566 0
    outer loop
      vertex 7.93358 1.33939 6.5
      vertex 7.78672 1.64989 2.2
      vertex 7.78672 1.64989 6.5
    endloop
  endfacet
  facet normal 0.903984 0.427566 0
    outer loop
      vertex 7.78672 1.64989 2.2
      vertex 7.93358 1.33939 6.5
      vertex 7.93358 1.33939 2.2
    endloop
  endfacet
  facet normal -0.514098 0.857732 0
    outer loop
      vertex 3.05011 3.08672 2.2
      vertex 2.7555 2.91014 5.15
      vertex 3.05011 3.08672 5.15
    endloop
  endfacet
  facet normal -0.514098 0.857732 0
    outer loop
      vertex 2.7555 2.91014 5.15
      vertex 3.05011 3.08672 2.2
      vertex 2.7555 2.91014 2.2
    endloop
  endfacet
  facet normal 0.989176 -0.146736 0
    outer loop
      vertex 8.13275 -0.682816 6.5
      vertex 8.18315 -0.34306 2.2
      vertex 8.18315 -0.34306 6.5
    endloop
  endfacet
  facet normal 0.989176 -0.146736 0
    outer loop
      vertex 8.18315 -0.34306 2.2
      vertex 8.13275 -0.682816 6.5
      vertex 8.13275 -0.682816 2.2
    endloop
  endfacet
  facet normal 0.514098 -0.857732 0
    outer loop
      vertex 6.34989 -3.08672 2.2
      vertex 6.6445 -2.91014 5.15
      vertex 6.34989 -3.08672 5.15
    endloop
  endfacet
  facet normal 0.514098 -0.857732 0
    outer loop
      vertex 6.6445 -2.91014 5.15
      vertex 6.34989 -3.08672 2.2
      vertex 6.6445 -2.91014 2.2
    endloop
  endfacet
  facet normal 0.336888 0.941545 -0
    outer loop
      vertex 6.03939 3.23358 2.2
      vertex 5.716 3.34929 5.15
      vertex 6.03939 3.23358 5.15
    endloop
  endfacet
  facet normal 0.336888 0.941545 0
    outer loop
      vertex 5.716 3.34929 5.15
      vertex 6.03939 3.23358 2.2
      vertex 5.716 3.34929 2.2
    endloop
  endfacet
  facet normal 0.242988 0.970029 -0
    outer loop
      vertex 5.716 3.34929 2.2
      vertex 5.38282 3.43275 5.15
      vertex 5.716 3.34929 5.15
    endloop
  endfacet
  facet normal 0.242988 0.970029 0
    outer loop
      vertex 5.38282 3.43275 5.15
      vertex 5.716 3.34929 2.2
      vertex 5.38282 3.43275 2.2
    endloop
  endfacet
  facet normal -0.427566 0.903984 0
    outer loop
      vertex 3.36061 3.23358 2.2
      vertex 3.05011 3.08672 5.15
      vertex 3.36061 3.23358 5.15
    endloop
  endfacet
  facet normal -0.427566 0.903984 0
    outer loop
      vertex 3.05011 3.08672 5.15
      vertex 3.36061 3.23358 2.2
      vertex 3.05011 3.08672 2.2
    endloop
  endfacet
  facet normal -0.595687 0.803217 0
    outer loop
      vertex 2.7555 2.91014 2.2
      vertex 2.47962 2.70554 5.15
      vertex 2.7555 2.91014 5.15
    endloop
  endfacet
  facet normal -0.595687 0.803217 0
    outer loop
      vertex 2.47962 2.70554 5.15
      vertex 2.7555 2.91014 2.2
      vertex 2.47962 2.70554 2.2
    endloop
  endfacet
  facet normal 0.97003 -0.242985 0
    outer loop
      vertex 8.04929 -1.016 6.5
      vertex 8.13275 -0.682816 2.2
      vertex 8.13275 -0.682816 6.5
    endloop
  endfacet
  facet normal 0.97003 -0.242985 0
    outer loop
      vertex 8.13275 -0.682816 2.2
      vertex 8.04929 -1.016 6.5
      vertex 8.04929 -1.016 2.2
    endloop
  endfacet
  facet normal -0.146734 0.989176 0
    outer loop
      vertex 4.35694 3.48315 2.2
      vertex 4.01718 3.43275 5.15
      vertex 4.35694 3.48315 5.15
    endloop
  endfacet
  facet normal -0.146734 0.989176 0
    outer loop
      vertex 4.01718 3.43275 5.15
      vertex 4.35694 3.48315 2.2
      vertex 4.01718 3.43275 2.2
    endloop
  endfacet
  facet normal 0.242988 -0.970029 0
    outer loop
      vertex 5.38282 -3.43275 2.2
      vertex 5.716 -3.34929 5.15
      vertex 5.38282 -3.43275 5.15
    endloop
  endfacet
  facet normal 0.242988 -0.970029 0
    outer loop
      vertex 5.716 -3.34929 5.15
      vertex 5.38282 -3.43275 2.2
      vertex 5.716 -3.34929 2.2
    endloop
  endfacet
  facet normal -0.740762 -0.671767 0
    outer loop
      vertex 2.22513 -2.47487 2.2
      vertex 2.20001 -2.44717 5.15
      vertex 2.20001 -2.44717 2.2
    endloop
  endfacet
  facet normal -0.740762 -0.671767 0
    outer loop
      vertex 2.20001 -2.44717 5.15
      vertex 2.22513 -2.47487 2.2
      vertex 2.22513 -2.47487 5.15
    endloop
  endfacet
  facet normal -0.336888 0.941545 0
    outer loop
      vertex 3.684 3.34929 2.2
      vertex 3.36061 3.23358 5.15
      vertex 3.684 3.34929 5.15
    endloop
  endfacet
  facet normal -0.336888 0.941545 0
    outer loop
      vertex 3.36061 3.23358 5.15
      vertex 3.684 3.34929 2.2
      vertex 3.36061 3.23358 2.2
    endloop
  endfacet
  facet normal 0.0490576 0.998796 -0
    outer loop
      vertex 5.04306 3.48315 2.2
      vertex 4.7 3.5 5.15
      vertex 5.04306 3.48315 5.15
    endloop
  endfacet
  facet normal 0.0490576 0.998796 0
    outer loop
      vertex 4.7 3.5 5.15
      vertex 5.04306 3.48315 2.2
      vertex 4.7 3.5 2.2
    endloop
  endfacet
  facet normal 0.857732 -0.514098 0
    outer loop
      vertex 7.61014 -1.9445 6.5
      vertex 7.78672 -1.64989 2.2
      vertex 7.78672 -1.64989 6.5
    endloop
  endfacet
  facet normal 0.857732 -0.514098 0
    outer loop
      vertex 7.78672 -1.64989 2.2
      vertex 7.61014 -1.9445 6.5
      vertex 7.61014 -1.9445 2.2
    endloop
  endfacet
  facet normal -0.514098 -0.857732 0
    outer loop
      vertex 2.7555 -2.91014 2.2
      vertex 3.05011 -3.08672 5.15
      vertex 2.7555 -2.91014 5.15
    endloop
  endfacet
  facet normal -0.514098 -0.857732 -0
    outer loop
      vertex 3.05011 -3.08672 5.15
      vertex 2.7555 -2.91014 2.2
      vertex 3.05011 -3.08672 2.2
    endloop
  endfacet
  facet normal -0.595687 -0.803217 0
    outer loop
      vertex 2.47962 -2.70554 2.2
      vertex 2.7555 -2.91014 5.15
      vertex 2.47962 -2.70554 5.15
    endloop
  endfacet
  facet normal -0.595687 -0.803217 -0
    outer loop
      vertex 2.7555 -2.91014 5.15
      vertex 2.47962 -2.70554 2.2
      vertex 2.7555 -2.91014 2.2
    endloop
  endfacet
  facet normal -0.427566 -0.903984 0
    outer loop
      vertex 3.05011 -3.08672 2.2
      vertex 3.36061 -3.23358 5.15
      vertex 3.05011 -3.08672 5.15
    endloop
  endfacet
  facet normal -0.427566 -0.903984 -0
    outer loop
      vertex 3.36061 -3.23358 5.15
      vertex 3.05011 -3.08672 2.2
      vertex 3.36061 -3.23358 2.2
    endloop
  endfacet
  facet normal 0.803214 -0.595691 0
    outer loop
      vertex 7.5 -2.09301 5.15
      vertex 7.61014 -1.9445 6.5
      vertex 7.5 -2.09301 6.5
    endloop
  endfacet
  facet normal 0.803214 -0.595691 0
    outer loop
      vertex 7.61014 -1.9445 6.5
      vertex 7.5 -2.09301 5.15
      vertex 7.61014 -1.9445 2.2
    endloop
  endfacet
  facet normal 0.80322 -0.595683 0
    outer loop
      vertex 7.40554 -2.22038 2.2
      vertex 7.5 -2.09301 5.15
      vertex 7.40554 -2.22038 5.15
    endloop
  endfacet
  facet normal 0.803217 -0.595687 2.7358e-07
    outer loop
      vertex 7.5 -2.09301 5.15
      vertex 7.40554 -2.22038 2.2
      vertex 7.61014 -1.9445 2.2
    endloop
  endfacet
  facet normal -0.242988 -0.970029 0
    outer loop
      vertex 3.684 -3.34929 2.2
      vertex 4.01718 -3.43275 5.15
      vertex 3.684 -3.34929 5.15
    endloop
  endfacet
  facet normal -0.242988 -0.970029 -0
    outer loop
      vertex 4.01718 -3.43275 5.15
      vertex 3.684 -3.34929 2.2
      vertex 4.01718 -3.43275 2.2
    endloop
  endfacet
  facet normal 0.671581 -0.740931 0
    outer loop
      vertex 6.92038 -2.70554 2.2
      vertex 7.17487 -2.47487 5.15
      vertex 6.92038 -2.70554 5.15
    endloop
  endfacet
  facet normal 0.671581 -0.740931 0
    outer loop
      vertex 7.17487 -2.47487 5.15
      vertex 6.92038 -2.70554 2.2
      vertex 7.17487 -2.47487 2.2
    endloop
  endfacet
  facet normal -0 0 1
    outer loop
      vertex 0 7.65 5.15
      vertex 2.20001 2.44717 5.15
      vertex 2.20001 7.65 5.15
    endloop
  endfacet
  facet normal 0 0 1
    outer loop
      vertex 2.20001 2.44717 5.15
      vertex 0 7.65 5.15
      vertex 2.20001 -2.44717 5.15
    endloop
  endfacet
  facet normal 0 0 1
    outer loop
      vertex 0 -7.65 5.15
      vertex 2.20001 -2.44717 5.15
      vertex 0 7.65 5.15
    endloop
  endfacet
  facet normal 0 0 1
    outer loop
      vertex 2.20001 -2.44717 5.15
      vertex 0 -7.65 5.15
      vertex 2.20001 -7.65 5.15
    endloop
  endfacet
  facet normal 0 0 1
    outer loop
      vertex 5.70491 0.824711 5.15
      vertex 7.5 2.09301 5.15
      vertex 7.40554 2.22038 5.15
    endloop
  endfacet
  facet normal 0 0 1
    outer loop
      vertex 7.5 2.09301 5.15
      vertex 6 0 5.15
      vertex 7.5 -2.09301 5.15
    endloop
  endfacet
  facet normal 0 0 1
    outer loop
      vertex 5.70491 0.824711 5.15
      vertex 7.40554 2.22038 5.15
      vertex 7.17487 2.47487 5.15
    endloop
  endfacet
  facet normal -0 0 1
    outer loop
      vertex 5.99374 -0.127421 5.15
      vertex 7.5 -2.09301 5.15
      vertex 6 0 5.15
    endloop
  endfacet
  facet normal 0 0 1
    outer loop
      vertex 5.61924 0.919238 5.15
      vertex 7.17487 2.47487 5.15
      vertex 6.92038 2.70554 5.15
    endloop
  endfacet
  facet normal -0 0 1
    outer loop
      vertex 5.97502 -0.253617 5.15
      vertex 7.5 -2.09301 5.15
      vertex 5.99374 -0.127421 5.15
    endloop
  endfacet
  facet normal 0 0 1
    outer loop
      vertex 5.52471 1.00491 5.15
      vertex 6.92038 2.70554 5.15
      vertex 6.6445 2.91014 5.15
    endloop
  endfacet
  facet normal -0 0 1
    outer loop
      vertex 5.94402 -0.37737 5.15
      vertex 7.5 -2.09301 5.15
      vertex 5.97502 -0.253617 5.15
    endloop
  endfacet
  facet normal 0 0 1
    outer loop
      vertex 5.42224 1.08091 5.15
      vertex 6.6445 2.91014 5.15
      vertex 6.34989 3.08672 5.15
    endloop
  endfacet
  facet normal -0 0 1
    outer loop
      vertex 5.90104 -0.497488 5.15
      vertex 7.5 -2.09301 5.15
      vertex 5.94402 -0.37737 5.15
    endloop
  endfacet
  facet normal 0 0 1
    outer loop
      vertex 5.31282 1.1465 5.15
      vertex 6.34989 3.08672 5.15
      vertex 6.03939 3.23358 5.15
    endloop
  endfacet
  facet normal -0 0 1
    outer loop
      vertex 5.8465 -0.612815 5.15
      vertex 7.5 -2.09301 5.15
      vertex 5.90104 -0.497488 5.15
    endloop
  endfacet
  facet normal -0 0 1
    outer loop
      vertex 5.78091 -0.72224 5.15
      vertex 7.5 -2.09301 5.15
      vertex 5.8465 -0.612815 5.15
    endloop
  endfacet
  facet normal 0 0 1
    outer loop
      vertex 7.5 2.09301 5.15
      vertex 5.99374 0.127421 5.15
      vertex 6 0 5.15
    endloop
  endfacet
  facet normal 0 0 1
    outer loop
      vertex 7.5 2.09301 5.15
      vertex 5.97502 0.253617 5.15
      vertex 5.99374 0.127421 5.15
    endloop
  endfacet
  facet normal 0 0 1
    outer loop
      vertex 7.5 2.09301 5.15
      vertex 5.94402 0.37737 5.15
      vertex 5.97502 0.253617 5.15
    endloop
  endfacet
  facet normal 0 0 1
    outer loop
      vertex 7.5 2.09301 5.15
      vertex 5.90104 0.497488 5.15
      vertex 5.94402 0.37737 5.15
    endloop
  endfacet
  facet normal 0 0 1
    outer loop
      vertex 7.5 2.09301 5.15
      vertex 5.8465 0.612815 5.15
      vertex 5.90104 0.497488 5.15
    endloop
  endfacet
  facet normal 0 0 1
    outer loop
      vertex 7.5 2.09301 5.15
      vertex 5.78091 0.72224 5.15
      vertex 5.8465 0.612815 5.15
    endloop
  endfacet
  facet normal 0 0 1
    outer loop
      vertex 5.19749 1.20104 5.15
      vertex 6.03939 3.23358 5.15
      vertex 5.716 3.34929 5.15
    endloop
  endfacet
  facet normal 0 0 1
    outer loop
      vertex 7.5 2.09301 5.15
      vertex 5.70491 0.824711 5.15
      vertex 5.78091 0.72224 5.15
    endloop
  endfacet
  facet normal 0 0 1
    outer loop
      vertex 7.17487 2.47487 5.15
      vertex 5.61924 0.919238 5.15
      vertex 5.70491 0.824711 5.15
    endloop
  endfacet
  facet normal 0 0 1
    outer loop
      vertex 6.92038 2.70554 5.15
      vertex 5.52471 1.00491 5.15
      vertex 5.61924 0.919238 5.15
    endloop
  endfacet
  facet normal 0 0 1
    outer loop
      vertex 6.6445 2.91014 5.15
      vertex 5.42224 1.08091 5.15
      vertex 5.52471 1.00491 5.15
    endloop
  endfacet
  facet normal 0 0 1
    outer loop
      vertex 5.07737 1.24402 5.15
      vertex 5.716 3.34929 5.15
      vertex 5.38282 3.43275 5.15
    endloop
  endfacet
  facet normal 0 0 1
    outer loop
      vertex 6.34989 3.08672 5.15
      vertex 5.31282 1.1465 5.15
      vertex 5.42224 1.08091 5.15
    endloop
  endfacet
  facet normal 0 0 1
    outer loop
      vertex 6.03939 3.23358 5.15
      vertex 5.19749 1.20104 5.15
      vertex 5.31282 1.1465 5.15
    endloop
  endfacet
  facet normal 0 0 1
    outer loop
      vertex 5.716 3.34929 5.15
      vertex 5.07737 1.24402 5.15
      vertex 5.19749 1.20104 5.15
    endloop
  endfacet
  facet normal 0 0 1
    outer loop
      vertex 4.95362 1.27502 5.15
      vertex 5.38282 3.43275 5.15
      vertex 5.04306 3.48315 5.15
    endloop
  endfacet
  facet normal 0 0 1
    outer loop
      vertex 5.38282 3.43275 5.15
      vertex 4.95362 1.27502 5.15
      vertex 5.07737 1.24402 5.15
    endloop
  endfacet
  facet normal 0 0 1
    outer loop
      vertex 5.04306 3.48315 5.15
      vertex 4.82742 1.29374 5.15
      vertex 4.95362 1.27502 5.15
    endloop
  endfacet
  facet normal 0 0 1
    outer loop
      vertex 4.7 3.5 5.15
      vertex 4.82742 1.29374 5.15
      vertex 5.04306 3.48315 5.15
    endloop
  endfacet
  facet normal 0 0 1
    outer loop
      vertex 4.7 3.5 5.15
      vertex 4.7 1.3 5.15
      vertex 4.82742 1.29374 5.15
    endloop
  endfacet
  facet normal 0 0 1
    outer loop
      vertex 4.7 3.5 5.15
      vertex 4.57258 1.29374 5.15
      vertex 4.7 1.3 5.15
    endloop
  endfacet
  facet normal -0 0 1
    outer loop
      vertex 4.35694 3.48315 5.15
      vertex 4.57258 1.29374 5.15
      vertex 4.7 3.5 5.15
    endloop
  endfacet
  facet normal 0 0 1
    outer loop
      vertex 4.57258 1.29374 5.15
      vertex 4.35694 3.48315 5.15
      vertex 4.44638 1.27502 5.15
    endloop
  endfacet
  facet normal -0 0 1
    outer loop
      vertex 4.01718 3.43275 5.15
      vertex 4.44638 1.27502 5.15
      vertex 4.35694 3.48315 5.15
    endloop
  endfacet
  facet normal 0 0 1
    outer loop
      vertex 4.44638 1.27502 5.15
      vertex 4.01718 3.43275 5.15
      vertex 4.32263 1.24402 5.15
    endloop
  endfacet
  facet normal -0 0 1
    outer loop
      vertex 3.684 3.34929 5.15
      vertex 4.32263 1.24402 5.15
      vertex 4.01718 3.43275 5.15
    endloop
  endfacet
  facet normal 0 0 1
    outer loop
      vertex 4.32263 1.24402 5.15
      vertex 3.684 3.34929 5.15
      vertex 4.20251 1.20104 5.15
    endloop
  endfacet
  facet normal -0 0 1
    outer loop
      vertex 3.36061 3.23358 5.15
      vertex 4.20251 1.20104 5.15
      vertex 3.684 3.34929 5.15
    endloop
  endfacet
  facet normal 0 0 1
    outer loop
      vertex 4.20251 1.20104 5.15
      vertex 3.36061 3.23358 5.15
      vertex 4.08718 1.1465 5.15
    endloop
  endfacet
  facet normal -0 0 1
    outer loop
      vertex 3.05011 3.08672 5.15
      vertex 4.08718 1.1465 5.15
      vertex 3.36061 3.23358 5.15
    endloop
  endfacet
  facet normal 0 0 1
    outer loop
      vertex 4.08718 1.1465 5.15
      vertex 3.05011 3.08672 5.15
      vertex 3.97776 1.08091 5.15
    endloop
  endfacet
  facet normal -0 0 1
    outer loop
      vertex 2.7555 2.91014 5.15
      vertex 3.97776 1.08091 5.15
      vertex 3.05011 3.08672 5.15
    endloop
  endfacet
  facet normal 0 0 1
    outer loop
      vertex 3.97776 1.08091 5.15
      vertex 2.7555 2.91014 5.15
      vertex 3.87529 1.00491 5.15
    endloop
  endfacet
  facet normal -0 0 1
    outer loop
      vertex 2.47962 2.70554 5.15
      vertex 3.87529 1.00491 5.15
      vertex 2.7555 2.91014 5.15
    endloop
  endfacet
  facet normal 0 0 1
    outer loop
      vertex 3.87529 1.00491 5.15
      vertex 2.47962 2.70554 5.15
      vertex 3.78076 0.919238 5.15
    endloop
  endfacet
  facet normal -0 0 1
    outer loop
      vertex 2.22513 2.47487 5.15
      vertex 3.78076 0.919238 5.15
      vertex 2.47962 2.70554 5.15
    endloop
  endfacet
  facet normal -0 0 1
    outer loop
      vertex 2.20001 2.44717 5.15
      vertex 3.78076 0.919238 5.15
      vertex 2.22513 2.47487 5.15
    endloop
  endfacet
  facet normal 0 0 1
    outer loop
      vertex 3.78076 0.919238 5.15
      vertex 2.20001 2.44717 5.15
      vertex 3.69509 0.824711 5.15
    endloop
  endfacet
  facet normal 0 0 1
    outer loop
      vertex 3.61909 0.72224 5.15
      vertex 2.20001 2.44717 5.15
      vertex 3.5535 0.612815 5.15
    endloop
  endfacet
  facet normal 0 0 1
    outer loop
      vertex 3.69509 0.824711 5.15
      vertex 2.20001 2.44717 5.15
      vertex 3.61909 0.72224 5.15
    endloop
  endfacet
  facet normal -0 0 1
    outer loop
      vertex 5.70491 -0.824711 5.15
      vertex 7.5 -2.09301 5.15
      vertex 5.78091 -0.72224 5.15
    endloop
  endfacet
  facet normal 0 0 1
    outer loop
      vertex 7.5 -2.09301 5.15
      vertex 5.70491 -0.824711 5.15
      vertex 7.40554 -2.22038 5.15
    endloop
  endfacet
  facet normal 0 0 1
    outer loop
      vertex 7.40554 -2.22038 5.15
      vertex 5.70491 -0.824711 5.15
      vertex 7.17487 -2.47487 5.15
    endloop
  endfacet
  facet normal -0 0 1
    outer loop
      vertex 5.61924 -0.919238 5.15
      vertex 7.17487 -2.47487 5.15
      vertex 5.70491 -0.824711 5.15
    endloop
  endfacet
  facet normal 0 0 1
    outer loop
      vertex 7.17487 -2.47487 5.15
      vertex 5.61924 -0.919238 5.15
      vertex 6.92038 -2.70554 5.15
    endloop
  endfacet
  facet normal -0 0 1
    outer loop
      vertex 5.52471 -1.00491 5.15
      vertex 6.92038 -2.70554 5.15
      vertex 5.61924 -0.919238 5.15
    endloop
  endfacet
  facet normal 0 0 1
    outer loop
      vertex 6.92038 -2.70554 5.15
      vertex 5.52471 -1.00491 5.15
      vertex 6.6445 -2.91014 5.15
    endloop
  endfacet
  facet normal -0 0 1
    outer loop
      vertex 5.42224 -1.08091 5.15
      vertex 6.6445 -2.91014 5.15
      vertex 5.52471 -1.00491 5.15
    endloop
  endfacet
  facet normal 0 0 1
    outer loop
      vertex 6.6445 -2.91014 5.15
      vertex 5.42224 -1.08091 5.15
      vertex 6.34989 -3.08672 5.15
    endloop
  endfacet
  facet normal -0 0 1
    outer loop
      vertex 5.31282 -1.1465 5.15
      vertex 6.34989 -3.08672 5.15
      vertex 5.42224 -1.08091 5.15
    endloop
  endfacet
  facet normal 0 0 1
    outer loop
      vertex 6.34989 -3.08672 5.15
      vertex 5.31282 -1.1465 5.15
      vertex 6.03939 -3.23358 5.15
    endloop
  endfacet
  facet normal -0 0 1
    outer loop
      vertex 5.19749 -1.20104 5.15
      vertex 6.03939 -3.23358 5.15
      vertex 5.31282 -1.1465 5.15
    endloop
  endfacet
  facet normal 0 0 1
    outer loop
      vertex 6.03939 -3.23358 5.15
      vertex 5.19749 -1.20104 5.15
      vertex 5.716 -3.34929 5.15
    endloop
  endfacet
  facet normal -0 0 1
    outer loop
      vertex 5.07737 -1.24402 5.15
      vertex 5.716 -3.34929 5.15
      vertex 5.19749 -1.20104 5.15
    endloop
  endfacet
  facet normal 0 0 1
    outer loop
      vertex 5.716 -3.34929 5.15
      vertex 5.07737 -1.24402 5.15
      vertex 5.38282 -3.43275 5.15
    endloop
  endfacet
  facet normal -0 0 1
    outer loop
      vertex 4.95362 -1.27502 5.15
      vertex 5.38282 -3.43275 5.15
      vertex 5.07737 -1.24402 5.15
    endloop
  endfacet
  facet normal 0 0 1
    outer loop
      vertex 5.38282 -3.43275 5.15
      vertex 4.95362 -1.27502 5.15
      vertex 5.04306 -3.48315 5.15
    endloop
  endfacet
  facet normal -0 0 1
    outer loop
      vertex 4.82742 -1.29374 5.15
      vertex 5.04306 -3.48315 5.15
      vertex 4.95362 -1.27502 5.15
    endloop
  endfacet
  facet normal -0 0 1
    outer loop
      vertex 4.7 -1.3 5.15
      vertex 5.04306 -3.48315 5.15
      vertex 4.82742 -1.29374 5.15
    endloop
  endfacet
  facet normal 0 0 1
    outer loop
      vertex 4.7 -1.3 5.15
      vertex 4.7 -3.5 5.15
      vertex 5.04306 -3.48315 5.15
    endloop
  endfacet
  facet normal 0 0 1
    outer loop
      vertex 4.57258 -1.29374 5.15
      vertex 4.7 -3.5 5.15
      vertex 4.7 -1.3 5.15
    endloop
  endfacet
  facet normal 0 0 1
    outer loop
      vertex 4.35694 -3.48315 5.15
      vertex 4.57258 -1.29374 5.15
      vertex 4.44638 -1.27502 5.15
    endloop
  endfacet
  facet normal 0 0 1
    outer loop
      vertex 4.57258 -1.29374 5.15
      vertex 4.35694 -3.48315 5.15
      vertex 4.7 -3.5 5.15
    endloop
  endfacet
  facet normal 0 0 1
    outer loop
      vertex 4.01718 -3.43275 5.15
      vertex 4.44638 -1.27502 5.15
      vertex 4.32263 -1.24402 5.15
    endloop
  endfacet
  facet normal 0 0 1
    outer loop
      vertex 3.684 -3.34929 5.15
      vertex 4.32263 -1.24402 5.15
      vertex 4.20251 -1.20104 5.15
    endloop
  endfacet
  facet normal 0 0 1
    outer loop
      vertex 3.36061 -3.23358 5.15
      vertex 4.20251 -1.20104 5.15
      vertex 4.08718 -1.1465 5.15
    endloop
  endfacet
  facet normal 0 0 1
    outer loop
      vertex 4.44638 -1.27502 5.15
      vertex 4.01718 -3.43275 5.15
      vertex 4.35694 -3.48315 5.15
    endloop
  endfacet
  facet normal 0 0 1
    outer loop
      vertex 3.05011 -3.08672 5.15
      vertex 4.08718 -1.1465 5.15
      vertex 3.97776 -1.08091 5.15
    endloop
  endfacet
  facet normal 0 0 1
    outer loop
      vertex 2.7555 -2.91014 5.15
      vertex 3.97776 -1.08091 5.15
      vertex 3.87529 -1.00491 5.15
    endloop
  endfacet
  facet normal 0 0 1
    outer loop
      vertex 2.47962 -2.70554 5.15
      vertex 3.87529 -1.00491 5.15
      vertex 3.78076 -0.919238 5.15
    endloop
  endfacet
  facet normal 0 0 1
    outer loop
      vertex 2.20001 -2.44717 5.15
      vertex 3.78076 -0.919238 5.15
      vertex 3.69509 -0.824711 5.15
    endloop
  endfacet
  facet normal 0 0 1
    outer loop
      vertex 4.32263 -1.24402 5.15
      vertex 3.684 -3.34929 5.15
      vertex 4.01718 -3.43275 5.15
    endloop
  endfacet
  facet normal 0 0 1
    outer loop
      vertex 2.20001 -2.44717 5.15
      vertex 3.69509 -0.824711 5.15
      vertex 3.61909 -0.72224 5.15
    endloop
  endfacet
  facet normal 0 0 1
    outer loop
      vertex 2.20001 -2.44717 5.15
      vertex 3.61909 -0.72224 5.15
      vertex 3.5535 -0.612815 5.15
    endloop
  endfacet
  facet normal 0 0 1
    outer loop
      vertex 2.20001 -2.44717 5.15
      vertex 3.5535 -0.612815 5.15
      vertex 3.49896 -0.497488 5.15
    endloop
  endfacet
  facet normal 0 0 1
    outer loop
      vertex 2.20001 -2.44717 5.15
      vertex 3.49896 -0.497488 5.15
      vertex 3.45598 -0.37737 5.15
    endloop
  endfacet
  facet normal 0 0 1
    outer loop
      vertex 2.20001 -2.44717 5.15
      vertex 3.45598 -0.37737 5.15
      vertex 3.42498 -0.253617 5.15
    endloop
  endfacet
  facet normal 0 0 1
    outer loop
      vertex 2.20001 -2.44717 5.15
      vertex 3.42498 -0.253617 5.15
      vertex 3.40626 -0.127421 5.15
    endloop
  endfacet
  facet normal 0 0 1
    outer loop
      vertex 4.20251 -1.20104 5.15
      vertex 3.36061 -3.23358 5.15
      vertex 3.684 -3.34929 5.15
    endloop
  endfacet
  facet normal 0 0 1
    outer loop
      vertex 2.20001 -2.44717 5.15
      vertex 3.40626 -0.127421 5.15
      vertex 3.4 0 5.15
    endloop
  endfacet
  facet normal 0 0 1
    outer loop
      vertex 3.5535 0.612815 5.15
      vertex 2.20001 2.44717 5.15
      vertex 3.49896 0.497488 5.15
    endloop
  endfacet
  facet normal 0 0 1
    outer loop
      vertex 3.49896 0.497488 5.15
      vertex 2.20001 2.44717 5.15
      vertex 3.45598 0.37737 5.15
    endloop
  endfacet
  facet normal 0 0 1
    outer loop
      vertex 4.08718 -1.1465 5.15
      vertex 3.05011 -3.08672 5.15
      vertex 3.36061 -3.23358 5.15
    endloop
  endfacet
  facet normal 0 0 1
    outer loop
      vertex 3.45598 0.37737 5.15
      vertex 2.20001 2.44717 5.15
      vertex 3.42498 0.253617 5.15
    endloop
  endfacet
  facet normal 0 0 1
    outer loop
      vertex 3.97776 -1.08091 5.15
      vertex 2.7555 -2.91014 5.15
      vertex 3.05011 -3.08672 5.15
    endloop
  endfacet
  facet normal 0 0 1
    outer loop
      vertex 3.42498 0.253617 5.15
      vertex 2.20001 2.44717 5.15
      vertex 3.40626 0.127421 5.15
    endloop
  endfacet
  facet normal 0 0 1
    outer loop
      vertex 3.87529 -1.00491 5.15
      vertex 2.47962 -2.70554 5.15
      vertex 2.7555 -2.91014 5.15
    endloop
  endfacet
  facet normal 0 0 1
    outer loop
      vertex 3.40626 0.127421 5.15
      vertex 2.20001 2.44717 5.15
      vertex 3.4 0 5.15
    endloop
  endfacet
  facet normal 0 0 1
    outer loop
      vertex 2.20001 -2.44717 5.15
      vertex 3.4 0 5.15
      vertex 2.20001 2.44717 5.15
    endloop
  endfacet
  facet normal 0 0 1
    outer loop
      vertex 3.78076 -0.919238 5.15
      vertex 2.20001 -2.44717 5.15
      vertex 2.22513 -2.47487 5.15
    endloop
  endfacet
  facet normal 0 0 1
    outer loop
      vertex 3.78076 -0.919238 5.15
      vertex 2.22513 -2.47487 5.15
      vertex 2.47962 -2.70554 5.15
    endloop
  endfacet
  facet normal -1 0 0
    outer loop
      vertex 7.5 -2.09301 5.15
      vertex 7.5 2.09301 6.5
      vertex 7.5 2.09301 5.15
    endloop
  endfacet
  facet normal -1 -0 0
    outer loop
      vertex 7.5 2.09301 6.5
      vertex 7.5 -2.09301 5.15
      vertex 7.5 -2.09301 6.5
    endloop
  endfacet
  facet normal 0 -1 0
    outer loop
      vertex 0 7.65 6.5
      vertex 1.90001 7.65 5.5
      vertex 1.90001 7.65 6.5
    endloop
  endfacet
  facet normal 0 -1 0
    outer loop
      vertex 0 7.65 5.15
      vertex 1.90001 7.65 5.5
      vertex 0 7.65 6.5
    endloop
  endfacet
  facet normal 0 -1 0
    outer loop
      vertex 2.20001 7.65 5.15
      vertex 1.90001 7.65 5.5
      vertex 0 7.65 5.15
    endloop
  endfacet
  facet normal 0 -1 0
    outer loop
      vertex 1.90001 7.65 5.5
      vertex 2.20001 7.65 5.15
      vertex 2.20001 7.65 5.5
    endloop
  endfacet
  facet normal 0 1 0
    outer loop
      vertex 2.20001 -7.65 5.5
      vertex 2.20001 -7.65 5.15
      vertex 1.90001 -7.65 5.5
    endloop
  endfacet
  facet normal 0 1 -0
    outer loop
      vertex 1.90001 -7.65 5.5
      vertex 0 -7.65 6.5
      vertex 1.90001 -7.65 6.5
    endloop
  endfacet
  facet normal 0 1 0
    outer loop
      vertex 0 -7.65 5.15
      vertex 1.90001 -7.65 5.5
      vertex 2.20001 -7.65 5.15
    endloop
  endfacet
  facet normal 0 1 0
    outer loop
      vertex 1.90001 -7.65 5.5
      vertex 0 -7.65 5.15
      vertex 0 -7.65 6.5
    endloop
  endfacet
  facet normal 0.427345 0.904089 -0
    outer loop
      vertex 10.5025 -11.201 2
      vertex 10.3872 -11.1465 6.5
      vertex 10.5025 -11.201 6.5
    endloop
  endfacet
  facet normal 0.427345 0.904089 0
    outer loop
      vertex 10.3872 -11.1465 6.5
      vertex 10.5025 -11.201 2
      vertex 10.3872 -11.1465 2
    endloop
  endfacet
  facet normal -0.989199 -0.146577 0
    outer loop
      vertex 12.2937 -9.87258 2
      vertex 12.275 -9.74638 6.5
      vertex 12.275 -9.74638 2
    endloop
  endfacet
  facet normal -0.989199 -0.146577 0
    outer loop
      vertex 12.275 -9.74638 6.5
      vertex 12.2937 -9.87258 2
      vertex 12.2937 -9.87258 6.5
    endloop
  endfacet
  facet normal -0.99878 -0.0493825 0
    outer loop
      vertex 12.3 -10 2
      vertex 12.2937 -9.87258 6.5
      vertex 12.2937 -9.87258 2
    endloop
  endfacet
  facet normal -0.99878 -0.0493825 0
    outer loop
      vertex 12.2937 -9.87258 6.5
      vertex 12.3 -10 2
      vertex 12.3 -10 6.5
    endloop
  endfacet
  facet normal -0.970027 -0.242997 0
    outer loop
      vertex 12.275 -9.74638 2
      vertex 12.244 -9.62263 6.5
      vertex 12.244 -9.62263 2
    endloop
  endfacet
  facet normal -0.970027 -0.242997 0
    outer loop
      vertex 12.244 -9.62263 6.5
      vertex 12.275 -9.74638 2
      vertex 12.275 -9.74638 6.5
    endloop
  endfacet
  facet normal -0.427345 0.904089 0
    outer loop
      vertex 11.6128 -11.1465 2
      vertex 11.4975 -11.201 6.5
      vertex 11.6128 -11.1465 6.5
    endloop
  endfacet
  facet normal -0.427345 0.904089 0
    outer loop
      vertex 11.4975 -11.201 6.5
      vertex 11.6128 -11.1465 2
      vertex 11.4975 -11.201 2
    endloop
  endfacet
  facet normal 0.14673 -0.989177 0
    outer loop
      vertex 10.7464 -8.72498 2
      vertex 10.8726 -8.70626 6.5
      vertex 10.7464 -8.72498 6.5
    endloop
  endfacet
  facet normal 0.14673 -0.989177 0
    outer loop
      vertex 10.8726 -8.70626 6.5
      vertex 10.7464 -8.72498 2
      vertex 10.8726 -8.70626 2
    endloop
  endfacet
  facet normal 0.941525 0.336942 0
    outer loop
      vertex 9.79896 -10.4975 6.5
      vertex 9.75598 -10.3774 2
      vertex 9.75598 -10.3774 6.5
    endloop
  endfacet
  facet normal 0.941525 0.336942 0
    outer loop
      vertex 9.75598 -10.3774 2
      vertex 9.79896 -10.4975 6.5
      vertex 9.79896 -10.4975 2
    endloop
  endfacet
  facet normal -0.514208 -0.857666 0
    outer loop
      vertex 11.6128 -8.8535 2
      vertex 11.7222 -8.91909 6.5
      vertex 11.6128 -8.8535 6.5
    endloop
  endfacet
  facet normal -0.514208 -0.857666 -0
    outer loop
      vertex 11.7222 -8.91909 6.5
      vertex 11.6128 -8.8535 2
      vertex 11.7222 -8.91909 2
    endloop
  endfacet
  facet normal 0.242904 0.97005 -0
    outer loop
      vertex 10.7464 -11.275 2
      vertex 10.6226 -11.244 6.5
      vertex 10.7464 -11.275 6.5
    endloop
  endfacet
  facet normal 0.242904 0.97005 0
    outer loop
      vertex 10.6226 -11.244 6.5
      vertex 10.7464 -11.275 2
      vertex 10.6226 -11.244 2
    endloop
  endfacet
  facet normal -0.242904 0.97005 0
    outer loop
      vertex 11.3774 -11.244 2
      vertex 11.2536 -11.275 6.5
      vertex 11.3774 -11.244 6.5
    endloop
  endfacet
  facet normal -0.242904 0.97005 0
    outer loop
      vertex 11.2536 -11.275 6.5
      vertex 11.3774 -11.244 2
      vertex 11.2536 -11.275 2
    endloop
  endfacet
  facet normal 0.514208 -0.857666 0
    outer loop
      vertex 10.2778 -8.91909 2
      vertex 10.3872 -8.8535 6.5
      vertex 10.2778 -8.91909 6.5
    endloop
  endfacet
  facet normal 0.514208 -0.857666 0
    outer loop
      vertex 10.3872 -8.8535 6.5
      vertex 10.2778 -8.91909 2
      vertex 10.3872 -8.8535 2
    endloop
  endfacet
  facet normal 0.595602 -0.803279 0
    outer loop
      vertex 10.1753 -8.99509 2
      vertex 10.2778 -8.91909 6.5
      vertex 10.1753 -8.99509 6.5
    endloop
  endfacet
  facet normal 0.595602 -0.803279 0
    outer loop
      vertex 10.2778 -8.91909 6.5
      vertex 10.1753 -8.99509 2
      vertex 10.2778 -8.91909 2
    endloop
  endfacet
  facet normal -0.14673 -0.989177 0
    outer loop
      vertex 11.1274 -8.70626 2
      vertex 11.2536 -8.72498 6.5
      vertex 11.1274 -8.70626 6.5
    endloop
  endfacet
  facet normal -0.14673 -0.989177 -0
    outer loop
      vertex 11.2536 -8.72498 6.5
      vertex 11.1274 -8.70626 2
      vertex 11.2536 -8.72498 2
    endloop
  endfacet
  facet normal -0.0493902 0.99878 0
    outer loop
      vertex 11.1274 -11.2937 2
      vertex 11 -11.3 6.5
      vertex 11.1274 -11.2937 6.5
    endloop
  endfacet
  facet normal -0.0493902 0.99878 0
    outer loop
      vertex 11 -11.3 6.5
      vertex 11.1274 -11.2937 2
      vertex 11 -11.3 2
    endloop
  endfacet
  facet normal 0.514265 0.857631 -0
    outer loop
      vertex 10.3872 -11.1465 2
      vertex 10.2778 -11.0809 6.5
      vertex 10.3872 -11.1465 6.5
    endloop
  endfacet
  facet normal 0.514265 0.857631 0
    outer loop
      vertex 10.2778 -11.0809 6.5
      vertex 10.3872 -11.1465 2
      vertex 10.2778 -11.0809 2
    endloop
  endfacet
  facet normal 0.989177 -0.14673 0
    outer loop
      vertex 9.70626 -9.87258 6.5
      vertex 9.72498 -9.74638 2
      vertex 9.72498 -9.74638 6.5
    endloop
  endfacet
  facet normal 0.989177 -0.14673 0
    outer loop
      vertex 9.72498 -9.74638 2
      vertex 9.70626 -9.87258 6.5
      vertex 9.70626 -9.87258 2
    endloop
  endfacet
  facet normal -0.904132 -0.427254 0
    outer loop
      vertex 12.201 -9.50251 2
      vertex 12.1465 -9.38718 6.5
      vertex 12.1465 -9.38718 2
    endloop
  endfacet
  facet normal -0.904132 -0.427254 0
    outer loop
      vertex 12.1465 -9.38718 6.5
      vertex 12.201 -9.50251 2
      vertex 12.201 -9.50251 6.5
    endloop
  endfacet
  facet normal 0.146577 0.989199 -0
    outer loop
      vertex 10.8726 -11.2937 2
      vertex 10.7464 -11.275 6.5
      vertex 10.8726 -11.2937 6.5
    endloop
  endfacet
  facet normal 0.146577 0.989199 0
    outer loop
      vertex 10.7464 -11.275 6.5
      vertex 10.8726 -11.2937 2
      vertex 10.7464 -11.275 2
    endloop
  endfacet
  facet normal -0.514265 0.857631 0
    outer loop
      vertex 11.7222 -11.0809 2
      vertex 11.6128 -11.1465 6.5
      vertex 11.7222 -11.0809 6.5
    endloop
  endfacet
  facet normal -0.514265 0.857631 0
    outer loop
      vertex 11.6128 -11.1465 6.5
      vertex 11.7222 -11.0809 2
      vertex 11.6128 -11.1465 2
    endloop
  endfacet
  facet normal 0.903968 0.427601 0
    outer loop
      vertex 9.8535 -10.6128 6.5
      vertex 9.79896 -10.4975 2
      vertex 9.79896 -10.4975 6.5
    endloop
  endfacet
  facet normal 0.903968 0.427601 0
    outer loop
      vertex 9.79896 -10.4975 2
      vertex 9.8535 -10.6128 6.5
      vertex 9.8535 -10.6128 2
    endloop
  endfacet
  facet normal -0.989199 0.146577 0
    outer loop
      vertex 12.275 -10.2536 2
      vertex 12.2937 -10.1274 6.5
      vertex 12.2937 -10.1274 2
    endloop
  endfacet
  facet normal -0.989199 0.146577 0
    outer loop
      vertex 12.2937 -10.1274 6.5
      vertex 12.275 -10.2536 2
      vertex 12.275 -10.2536 6.5
    endloop
  endfacet
  facet normal -0.595602 -0.803279 0
    outer loop
      vertex 11.7222 -8.91909 2
      vertex 11.8247 -8.99509 6.5
      vertex 11.7222 -8.91909 6.5
    endloop
  endfacet
  facet normal -0.595602 -0.803279 -0
    outer loop
      vertex 11.8247 -8.99509 6.5
      vertex 11.7222 -8.91909 2
      vertex 11.8247 -8.99509 2
    endloop
  endfacet
  facet normal -0.803279 0.595602 0
    outer loop
      vertex 12.0049 -10.8247 2
      vertex 12.0809 -10.7222 6.5
      vertex 12.0809 -10.7222 2
    endloop
  endfacet
  facet normal -0.803279 0.595602 0
    outer loop
      vertex 12.0809 -10.7222 6.5
      vertex 12.0049 -10.8247 2
      vertex 12.0049 -10.8247 6.5
    endloop
  endfacet
  facet normal 0.941543 -0.336892 0
    outer loop
      vertex 9.75598 -9.62263 6.5
      vertex 9.79896 -9.50251 2
      vertex 9.79896 -9.50251 6.5
    endloop
  endfacet
  facet normal 0.941543 -0.336892 0
    outer loop
      vertex 9.79896 -9.50251 2
      vertex 9.75598 -9.62263 6.5
      vertex 9.75598 -9.62263 2
    endloop
  endfacet
  facet normal -0.803196 -0.595715 0
    outer loop
      vertex 12.0809 -9.27776 2
      vertex 12.0049 -9.17529 6.5
      vertex 12.0049 -9.17529 2
    endloop
  endfacet
  facet normal -0.803196 -0.595715 0
    outer loop
      vertex 12.0049 -9.17529 6.5
      vertex 12.0809 -9.27776 2
      vertex 12.0809 -9.27776 6.5
    endloop
  endfacet
  facet normal 0.0490774 -0.998795 0
    outer loop
      vertex 10.8726 -8.70626 2
      vertex 11 -8.7 6.5
      vertex 10.8726 -8.70626 6.5
    endloop
  endfacet
  facet normal 0.0490774 -0.998795 0
    outer loop
      vertex 11 -8.7 6.5
      vertex 10.8726 -8.70626 2
      vertex 11 -8.7 2
    endloop
  endfacet
  facet normal 0.97005 0.242904 0
    outer loop
      vertex 9.75598 -10.3774 6.5
      vertex 9.72498 -10.2536 2
      vertex 9.72498 -10.2536 6.5
    endloop
  endfacet
  facet normal 0.97005 0.242904 0
    outer loop
      vertex 9.72498 -10.2536 2
      vertex 9.75598 -10.3774 6.5
      vertex 9.75598 -10.3774 2
    endloop
  endfacet
  facet normal 0.336942 -0.941525 0
    outer loop
      vertex 10.5025 -8.79896 2
      vertex 10.6226 -8.75598 6.5
      vertex 10.5025 -8.79896 6.5
    endloop
  endfacet
  facet normal 0.336942 -0.941525 0
    outer loop
      vertex 10.6226 -8.75598 6.5
      vertex 10.5025 -8.79896 2
      vertex 10.6226 -8.75598 2
    endloop
  endfacet
  facet normal -0.904089 0.427345 0
    outer loop
      vertex 12.1465 -10.6128 2
      vertex 12.201 -10.4975 6.5
      vertex 12.201 -10.4975 2
    endloop
  endfacet
  facet normal -0.904089 0.427345 0
    outer loop
      vertex 12.201 -10.4975 6.5
      vertex 12.1465 -10.6128 2
      vertex 12.1465 -10.6128 6.5
    endloop
  endfacet
  facet normal 0.740822 -0.671701 0
    outer loop
      vertex 9.99509 -9.17529 6.5
      vertex 10.0808 -9.08076 2
      vertex 10.0808 -9.08076 6.5
    endloop
  endfacet
  facet normal 0.740822 -0.671701 0
    outer loop
      vertex 10.0808 -9.08076 2
      vertex 9.99509 -9.17529 6.5
      vertex 9.99509 -9.17529 2
    endloop
  endfacet
  facet normal 0.857707 -0.514138 0
    outer loop
      vertex 9.8535 -9.38718 6.5
      vertex 9.91909 -9.27776 2
      vertex 9.91909 -9.27776 6.5
    endloop
  endfacet
  facet normal 0.857707 -0.514138 0
    outer loop
      vertex 9.91909 -9.27776 2
      vertex 9.8535 -9.38718 6.5
      vertex 9.8535 -9.38718 2
    endloop
  endfacet
  facet normal -0.146577 0.989199 0
    outer loop
      vertex 11.2536 -11.275 2
      vertex 11.1274 -11.2937 6.5
      vertex 11.2536 -11.275 6.5
    endloop
  endfacet
  facet normal -0.146577 0.989199 0
    outer loop
      vertex 11.1274 -11.2937 6.5
      vertex 11.2536 -11.275 2
      vertex 11.1274 -11.2937 2
    endloop
  endfacet
  facet normal -0.857673 -0.514196 0
    outer loop
      vertex 12.1465 -9.38718 2
      vertex 12.0809 -9.27776 6.5
      vertex 12.0809 -9.27776 2
    endloop
  endfacet
  facet normal -0.857673 -0.514196 0
    outer loop
      vertex 12.0809 -9.27776 6.5
      vertex 12.1465 -9.38718 2
      vertex 12.1465 -9.38718 6.5
    endloop
  endfacet
  facet normal -0.941493 -0.337031 0
    outer loop
      vertex 12.244 -9.62263 2
      vertex 12.201 -9.50251 6.5
      vertex 12.201 -9.50251 2
    endloop
  endfacet
  facet normal -0.941493 -0.337031 0
    outer loop
      vertex 12.201 -9.50251 6.5
      vertex 12.244 -9.62263 2
      vertex 12.244 -9.62263 6.5
    endloop
  endfacet
  facet normal -0.671646 -0.740872 0
    outer loop
      vertex 11.8247 -8.99509 2
      vertex 11.9192 -9.08076 6.5
      vertex 11.8247 -8.99509 6.5
    endloop
  endfacet
  facet normal -0.671646 -0.740872 -0
    outer loop
      vertex 11.9192 -9.08076 6.5
      vertex 11.8247 -8.99509 2
      vertex 11.9192 -9.08076 2
    endloop
  endfacet
  facet normal -0.97005 0.242904 0
    outer loop
      vertex 12.244 -10.3774 2
      vertex 12.275 -10.2536 6.5
      vertex 12.275 -10.2536 2
    endloop
  endfacet
  facet normal -0.97005 0.242904 0
    outer loop
      vertex 12.275 -10.2536 6.5
      vertex 12.244 -10.3774 2
      vertex 12.244 -10.3774 6.5
    endloop
  endfacet
  facet normal 0.427601 -0.903968 0
    outer loop
      vertex 10.3872 -8.8535 2
      vertex 10.5025 -8.79896 6.5
      vertex 10.3872 -8.8535 6.5
    endloop
  endfacet
  facet normal 0.427601 -0.903968 0
    outer loop
      vertex 10.5025 -8.79896 6.5
      vertex 10.3872 -8.8535 2
      vertex 10.5025 -8.79896 2
    endloop
  endfacet
  facet normal -0.336942 -0.941525 0
    outer loop
      vertex 11.3774 -8.75598 2
      vertex 11.4975 -8.79896 6.5
      vertex 11.3774 -8.75598 6.5
    endloop
  endfacet
  facet normal -0.336942 -0.941525 -0
    outer loop
      vertex 11.4975 -8.79896 6.5
      vertex 11.3774 -8.75598 2
      vertex 11.4975 -8.79896 2
    endloop
  endfacet
  facet normal 0.242904 -0.97005 0
    outer loop
      vertex 10.6226 -8.75598 2
      vertex 10.7464 -8.72498 6.5
      vertex 10.6226 -8.75598 6.5
    endloop
  endfacet
  facet normal 0.242904 -0.97005 0
    outer loop
      vertex 10.7464 -8.72498 6.5
      vertex 10.6226 -8.75598 2
      vertex 10.7464 -8.72498 2
    endloop
  endfacet
  facet normal -0.857631 0.514265 0
    outer loop
      vertex 12.0809 -10.7222 2
      vertex 12.1465 -10.6128 6.5
      vertex 12.1465 -10.6128 2
    endloop
  endfacet
  facet normal -0.857631 0.514265 0
    outer loop
      vertex 12.1465 -10.6128 6.5
      vertex 12.0809 -10.7222 2
      vertex 12.0809 -10.7222 6.5
    endloop
  endfacet
  facet normal -0.427601 -0.903968 0
    outer loop
      vertex 11.4975 -8.79896 2
      vertex 11.6128 -8.8535 6.5
      vertex 11.4975 -8.79896 6.5
    endloop
  endfacet
  facet normal -0.427601 -0.903968 -0
    outer loop
      vertex 11.6128 -8.8535 6.5
      vertex 11.4975 -8.79896 2
      vertex 11.6128 -8.8535 2
    endloop
  endfacet
  facet normal -0.0490774 -0.998795 0
    outer loop
      vertex 11 -8.7 2
      vertex 11.1274 -8.70626 6.5
      vertex 11 -8.7 6.5
    endloop
  endfacet
  facet normal -0.0490774 -0.998795 -0
    outer loop
      vertex 11.1274 -8.70626 6.5
      vertex 11 -8.7 2
      vertex 11.1274 -8.70626 2
    endloop
  endfacet
  facet normal -0.941476 0.337081 0
    outer loop
      vertex 12.201 -10.4975 2
      vertex 12.244 -10.3774 6.5
      vertex 12.244 -10.3774 2
    endloop
  endfacet
  facet normal -0.941476 0.337081 0
    outer loop
      vertex 12.244 -10.3774 6.5
      vertex 12.201 -10.4975 2
      vertex 12.201 -10.4975 6.5
    endloop
  endfacet
  facet normal -0.671775 0.740755 0
    outer loop
      vertex 11.9192 -10.9192 2
      vertex 11.8247 -11.0049 6.5
      vertex 11.9192 -10.9192 6.5
    endloop
  endfacet
  facet normal -0.671775 0.740755 0
    outer loop
      vertex 11.8247 -11.0049 6.5
      vertex 11.9192 -10.9192 2
      vertex 11.8247 -11.0049 2
    endloop
  endfacet
  facet normal -0.242904 -0.97005 0
    outer loop
      vertex 11.2536 -8.72498 2
      vertex 11.3774 -8.75598 6.5
      vertex 11.2536 -8.72498 6.5
    endloop
  endfacet
  facet normal -0.242904 -0.97005 -0
    outer loop
      vertex 11.3774 -8.75598 6.5
      vertex 11.2536 -8.72498 2
      vertex 11.3774 -8.75598 2
    endloop
  endfacet
  facet normal -0.99878 0.0493902 0
    outer loop
      vertex 12.2937 -10.1274 2
      vertex 12.3 -10 6.5
      vertex 12.3 -10 2
    endloop
  endfacet
  facet normal -0.99878 0.0493902 0
    outer loop
      vertex 12.3 -10 6.5
      vertex 12.2937 -10.1274 2
      vertex 12.2937 -10.1274 6.5
    endloop
  endfacet
  facet normal 0.970027 -0.242997 0
    outer loop
      vertex 9.72498 -9.74638 6.5
      vertex 9.75598 -9.62263 2
      vertex 9.75598 -9.62263 6.5
    endloop
  endfacet
  facet normal 0.970027 -0.242997 0
    outer loop
      vertex 9.75598 -9.62263 2
      vertex 9.72498 -9.74638 6.5
      vertex 9.72498 -9.74638 2
    endloop
  endfacet
  facet normal 0.671646 -0.740872 0
    outer loop
      vertex 10.0808 -9.08076 2
      vertex 10.1753 -8.99509 6.5
      vertex 10.0808 -9.08076 6.5
    endloop
  endfacet
  facet normal 0.671646 -0.740872 0
    outer loop
      vertex 10.1753 -8.99509 6.5
      vertex 10.0808 -9.08076 2
      vertex 10.1753 -8.99509 2
    endloop
  endfacet
  facet normal 0.857666 0.514208 0
    outer loop
      vertex 9.91909 -10.7222 6.5
      vertex 9.8535 -10.6128 2
      vertex 9.8535 -10.6128 6.5
    endloop
  endfacet
  facet normal 0.857666 0.514208 0
    outer loop
      vertex 9.8535 -10.6128 2
      vertex 9.91909 -10.7222 6.5
      vertex 9.91909 -10.7222 2
    endloop
  endfacet
  facet normal 0.740716 0.671818 0
    outer loop
      vertex 10.0808 -10.9192 6.5
      vertex 9.99509 -10.8247 2
      vertex 9.99509 -10.8247 6.5
    endloop
  endfacet
  facet normal 0.740716 0.671818 0
    outer loop
      vertex 9.99509 -10.8247 2
      vertex 10.0808 -10.9192 6.5
      vertex 10.0808 -10.9192 2
    endloop
  endfacet
  facet normal 0.595602 0.803279 -0
    outer loop
      vertex 10.2778 -11.0809 2
      vertex 10.1753 -11.0049 6.5
      vertex 10.2778 -11.0809 6.5
    endloop
  endfacet
  facet normal 0.595602 0.803279 0
    outer loop
      vertex 10.1753 -11.0049 6.5
      vertex 10.2778 -11.0809 2
      vertex 10.1753 -11.0049 2
    endloop
  endfacet
  facet normal 0.989177 0.14673 0
    outer loop
      vertex 9.72498 -10.2536 6.5
      vertex 9.70626 -10.1274 2
      vertex 9.70626 -10.1274 6.5
    endloop
  endfacet
  facet normal 0.989177 0.14673 0
    outer loop
      vertex 9.70626 -10.1274 2
      vertex 9.72498 -10.2536 6.5
      vertex 9.72498 -10.2536 2
    endloop
  endfacet
  facet normal 0.803279 0.595602 0
    outer loop
      vertex 9.99509 -10.8247 6.5
      vertex 9.91909 -10.7222 2
      vertex 9.91909 -10.7222 6.5
    endloop
  endfacet
  facet normal 0.803279 0.595602 0
    outer loop
      vertex 9.91909 -10.7222 2
      vertex 9.99509 -10.8247 6.5
      vertex 9.99509 -10.8247 2
    endloop
  endfacet
  facet normal -0.337081 0.941476 0
    outer loop
      vertex 11.4975 -11.201 2
      vertex 11.3774 -11.244 6.5
      vertex 11.4975 -11.201 6.5
    endloop
  endfacet
  facet normal -0.337081 0.941476 0
    outer loop
      vertex 11.3774 -11.244 6.5
      vertex 11.4975 -11.201 2
      vertex 11.3774 -11.244 2
    endloop
  endfacet
  facet normal 0.998795 0.0490774 0
    outer loop
      vertex 9.70626 -10.1274 6.5
      vertex 9.7 -10 2
      vertex 9.7 -10 6.5
    endloop
  endfacet
  facet normal 0.998795 0.0490774 0
    outer loop
      vertex 9.7 -10 2
      vertex 9.70626 -10.1274 6.5
      vertex 9.70626 -10.1274 2
    endloop
  endfacet
  facet normal 0.803196 -0.595715 0
    outer loop
      vertex 9.91909 -9.27776 6.5
      vertex 9.99509 -9.17529 2
      vertex 9.99509 -9.17529 6.5
    endloop
  endfacet
  facet normal 0.803196 -0.595715 0
    outer loop
      vertex 9.99509 -9.17529 2
      vertex 9.91909 -9.27776 6.5
      vertex 9.91909 -9.27776 2
    endloop
  endfacet
  facet normal -0.595602 0.803279 0
    outer loop
      vertex 11.8247 -11.0049 2
      vertex 11.7222 -11.0809 6.5
      vertex 11.8247 -11.0049 6.5
    endloop
  endfacet
  facet normal -0.595602 0.803279 0
    outer loop
      vertex 11.7222 -11.0809 6.5
      vertex 11.8247 -11.0049 2
      vertex 11.7222 -11.0809 2
    endloop
  endfacet
  facet normal -0.740861 -0.671658 0
    outer loop
      vertex 12.0049 -9.17529 2
      vertex 11.9192 -9.08076 6.5
      vertex 11.9192 -9.08076 2
    endloop
  endfacet
  facet normal -0.740861 -0.671658 0
    outer loop
      vertex 11.9192 -9.08076 6.5
      vertex 12.0049 -9.17529 2
      vertex 12.0049 -9.17529 6.5
    endloop
  endfacet
  facet normal 0.904011 -0.42751 0
    outer loop
      vertex 9.79896 -9.50251 6.5
      vertex 9.8535 -9.38718 2
      vertex 9.8535 -9.38718 6.5
    endloop
  endfacet
  facet normal 0.904011 -0.42751 0
    outer loop
      vertex 9.8535 -9.38718 2
      vertex 9.79896 -9.50251 6.5
      vertex 9.79896 -9.50251 2
    endloop
  endfacet
  facet normal 0.337081 0.941476 -0
    outer loop
      vertex 10.6226 -11.244 2
      vertex 10.5025 -11.201 6.5
      vertex 10.6226 -11.244 6.5
    endloop
  endfacet
  facet normal 0.337081 0.941476 0
    outer loop
      vertex 10.5025 -11.201 6.5
      vertex 10.6226 -11.244 2
      vertex 10.5025 -11.201 2
    endloop
  endfacet
  facet normal 0.0493902 0.99878 -0
    outer loop
      vertex 11 -11.3 2
      vertex 10.8726 -11.2937 6.5
      vertex 11 -11.3 6.5
    endloop
  endfacet
  facet normal 0.0493902 0.99878 0
    outer loop
      vertex 10.8726 -11.2937 6.5
      vertex 11 -11.3 2
      vertex 10.8726 -11.2937 2
    endloop
  endfacet
  facet normal 0.998795 -0.0490697 0
    outer loop
      vertex 9.7 -10 6.5
      vertex 9.70626 -9.87258 2
      vertex 9.70626 -9.87258 6.5
    endloop
  endfacet
  facet normal 0.998795 -0.0490697 0
    outer loop
      vertex 9.70626 -9.87258 2
      vertex 9.7 -10 6.5
      vertex 9.7 -10 2
    endloop
  endfacet
  facet normal 0.671775 0.740755 -0
    outer loop
      vertex 10.1753 -11.0049 2
      vertex 10.0808 -10.9192 6.5
      vertex 10.1753 -11.0049 6.5
    endloop
  endfacet
  facet normal 0.671775 0.740755 0
    outer loop
      vertex 10.0808 -10.9192 6.5
      vertex 10.1753 -11.0049 2
      vertex 10.0808 -10.9192 2
    endloop
  endfacet
  facet normal -0.740755 0.671775 0
    outer loop
      vertex 11.9192 -10.9192 2
      vertex 12.0049 -10.8247 6.5
      vertex 12.0049 -10.8247 2
    endloop
  endfacet
  facet normal -0.740755 0.671775 0
    outer loop
      vertex 12.0049 -10.8247 6.5
      vertex 11.9192 -10.9192 2
      vertex 11.9192 -10.9192 6.5
    endloop
  endfacet
  facet normal -0.741056 -0.671443 0
    outer loop
      vertex 13.0098 -8.35058 0
      vertex 12.8385 -8.16152 2
      vertex 12.8385 -8.16152 0
    endloop
  endfacet
  facet normal -0.741056 -0.671443 0
    outer loop
      vertex 12.8385 -8.16152 2
      vertex 13.0098 -8.35058 0
      vertex 13.0098 -8.35058 2
    endloop
  endfacet
  facet normal -0.989142 -0.146961 0
    outer loop
      vertex 13.5875 -9.74516 0
      vertex 13.55 -9.49276 2
      vertex 13.55 -9.49276 0
    endloop
  endfacet
  facet normal -0.989142 -0.146961 0
    outer loop
      vertex 13.55 -9.49276 2
      vertex 13.5875 -9.74516 0
      vertex 13.5875 -9.74516 2
    endloop
  endfacet
  facet normal -0.998799 -0.0489915 0
    outer loop
      vertex 13.6 -10 0
      vertex 13.5875 -9.74516 2
      vertex 13.5875 -9.74516 0
    endloop
  endfacet
  facet normal -0.998799 -0.0489915 0
    outer loop
      vertex 13.5875 -9.74516 2
      vertex 13.6 -10 0
      vertex 13.6 -10 2
    endloop
  endfacet
  facet normal -0.970027 -0.242997 0
    outer loop
      vertex 13.55 -9.49276 0
      vertex 13.488 -9.24526 2
      vertex 13.488 -9.24526 0
    endloop
  endfacet
  facet normal -0.970027 -0.242997 0
    outer loop
      vertex 13.488 -9.24526 2
      vertex 13.55 -9.49276 0
      vertex 13.55 -9.49276 2
    endloop
  endfacet
  facet normal -0.336609 0.941644 0
    outer loop
      vertex 11.995 -12.4021 0
      vertex 11.7547 -12.488 2
      vertex 11.995 -12.4021 2
    endloop
  endfacet
  facet normal -0.336609 0.941644 0
    outer loop
      vertex 11.7547 -12.488 2
      vertex 11.995 -12.4021 0
      vertex 11.7547 -12.488 0
    endloop
  endfacet
  facet normal -0.671472 -0.74103 0
    outer loop
      vertex 12.6494 -7.99017 0
      vertex 12.8385 -8.16152 2
      vertex 12.6494 -7.99017 2
    endloop
  endfacet
  facet normal -0.671472 -0.74103 -0
    outer loop
      vertex 12.8385 -8.16152 2
      vertex 12.6494 -7.99017 0
      vertex 12.8385 -8.16152 0
    endloop
  endfacet
  facet normal -0.941618 -0.336684 0
    outer loop
      vertex 13.488 -9.24526 0
      vertex 13.4021 -9.00502 2
      vertex 13.4021 -9.00502 0
    endloop
  endfacet
  facet normal -0.941618 -0.336684 0
    outer loop
      vertex 13.4021 -9.00502 2
      vertex 13.488 -9.24526 0
      vertex 13.488 -9.24526 2
    endloop
  endfacet
  facet normal -0.0489992 0.998799 0
    outer loop
      vertex 11.2548 -12.5875 0
      vertex 11 -12.6 2
      vertex 11.2548 -12.5875 2
    endloop
  endfacet
  facet normal -0.0489992 0.998799 0
    outer loop
      vertex 11 -12.6 2
      vertex 11.2548 -12.5875 0
      vertex 11 -12.6 0
    endloop
  endfacet
  facet normal 0.595715 0.803196 -0
    outer loop
      vertex 9.55552 -12.1618 0
      vertex 9.35058 -12.0098 2
      vertex 9.55552 -12.1618 2
    endloop
  endfacet
  facet normal 0.595715 0.803196 0
    outer loop
      vertex 9.35058 -12.0098 2
      vertex 9.55552 -12.1618 0
      vertex 9.35058 -12.0098 0
    endloop
  endfacet
  facet normal -0.0490774 -0.998795 0
    outer loop
      vertex 11 -7.4 0
      vertex 11.2548 -7.41252 2
      vertex 11 -7.4 2
    endloop
  endfacet
  facet normal -0.0490774 -0.998795 -0
    outer loop
      vertex 11.2548 -7.41252 2
      vertex 11 -7.4 0
      vertex 11.2548 -7.41252 0
    endloop
  endfacet
  facet normal -0.514092 0.857735 0
    outer loop
      vertex 12.4445 -12.1618 0
      vertex 12.2256 -12.293 2
      vertex 12.4445 -12.1618 2
    endloop
  endfacet
  facet normal -0.514092 0.857735 0
    outer loop
      vertex 12.2256 -12.293 2
      vertex 12.4445 -12.1618 0
      vertex 12.2256 -12.293 0
    endloop
  endfacet
  facet normal 0.242997 0.970027 -0
    outer loop
      vertex 10.4928 -12.55 0
      vertex 10.2453 -12.488 2
      vertex 10.4928 -12.55 2
    endloop
  endfacet
  facet normal 0.242997 0.970027 0
    outer loop
      vertex 10.2453 -12.488 2
      vertex 10.4928 -12.55 0
      vertex 10.2453 -12.488 0
    endloop
  endfacet
  facet normal -0.857683 -0.514179 0
    outer loop
      vertex 13.293 -8.77437 0
      vertex 13.1618 -8.55552 2
      vertex 13.1618 -8.55552 0
    endloop
  endfacet
  facet normal -0.857683 -0.514179 0
    outer loop
      vertex 13.1618 -8.55552 2
      vertex 13.293 -8.77437 0
      vertex 13.293 -8.77437 2
    endloop
  endfacet
  facet normal 0.998795 0.0490774 0
    outer loop
      vertex 8.41252 -10.2548 2
      vertex 8.4 -10 0
      vertex 8.4 -10 2
    endloop
  endfacet
  facet normal 0.998795 0.0490774 0
    outer loop
      vertex 8.4 -10 0
      vertex 8.41252 -10.2548 2
      vertex 8.41252 -10.2548 0
    endloop
  endfacet
  facet normal 0.903952 0.427633 0
    outer loop
      vertex 8.707 -11.2256 2
      vertex 8.59791 -10.995 0
      vertex 8.59791 -10.995 2
    endloop
  endfacet
  facet normal 0.903952 0.427633 0
    outer loop
      vertex 8.59791 -10.995 0
      vertex 8.707 -11.2256 2
      vertex 8.707 -11.2256 0
    endloop
  endfacet
  facet normal -0.903973 -0.427589 0
    outer loop
      vertex 13.4021 -9.00502 0
      vertex 13.293 -8.77437 2
      vertex 13.293 -8.77437 0
    endloop
  endfacet
  facet normal -0.903973 -0.427589 0
    outer loop
      vertex 13.293 -8.77437 2
      vertex 13.4021 -9.00502 0
      vertex 13.4021 -9.00502 2
    endloop
  endfacet
  facet normal -0.970027 0.242997 0
    outer loop
      vertex 13.488 -10.7547 0
      vertex 13.55 -10.5072 2
      vertex 13.55 -10.5072 0
    endloop
  endfacet
  facet normal -0.970027 0.242997 0
    outer loop
      vertex 13.55 -10.5072 2
      vertex 13.488 -10.7547 0
      vertex 13.488 -10.7547 2
    endloop
  endfacet
  facet normal 0.514121 -0.857718 0
    outer loop
      vertex 9.55552 -7.83818 0
      vertex 9.77437 -7.707 2
      vertex 9.55552 -7.83818 2
    endloop
  endfacet
  facet normal 0.514121 -0.857718 0
    outer loop
      vertex 9.77437 -7.707 2
      vertex 9.55552 -7.83818 0
      vertex 9.77437 -7.707 0
    endloop
  endfacet
  facet normal 0.970036 0.24296 0
    outer loop
      vertex 8.51195 -10.7547 2
      vertex 8.44996 -10.5072 0
      vertex 8.44996 -10.5072 2
    endloop
  endfacet
  facet normal 0.970036 0.24296 0
    outer loop
      vertex 8.44996 -10.5072 0
      vertex 8.51195 -10.7547 2
      vertex 8.51195 -10.7547 0
    endloop
  endfacet
  facet normal -0.24296 -0.970036 0
    outer loop
      vertex 11.5072 -7.44996 0
      vertex 11.7547 -7.51195 2
      vertex 11.5072 -7.44996 2
    endloop
  endfacet
  facet normal -0.24296 -0.970036 -0
    outer loop
      vertex 11.7547 -7.51195 2
      vertex 11.5072 -7.44996 0
      vertex 11.7547 -7.51195 0
    endloop
  endfacet
  facet normal -0.941644 0.336609 0
    outer loop
      vertex 13.4021 -10.995 0
      vertex 13.488 -10.7547 2
      vertex 13.488 -10.7547 0
    endloop
  endfacet
  facet normal -0.941644 0.336609 0
    outer loop
      vertex 13.488 -10.7547 2
      vertex 13.4021 -10.995 0
      vertex 13.4021 -10.995 2
    endloop
  endfacet
  facet normal -0.989142 0.146961 0
    outer loop
      vertex 13.55 -10.5072 0
      vertex 13.5875 -10.2548 2
      vertex 13.5875 -10.2548 0
    endloop
  endfacet
  facet normal -0.989142 0.146961 0
    outer loop
      vertex 13.5875 -10.2548 2
      vertex 13.55 -10.5072 0
      vertex 13.55 -10.5072 2
    endloop
  endfacet
  facet normal -0.14673 -0.989177 0
    outer loop
      vertex 11.2548 -7.41252 0
      vertex 11.5072 -7.44996 2
      vertex 11.2548 -7.41252 2
    endloop
  endfacet
  facet normal -0.14673 -0.989177 -0
    outer loop
      vertex 11.5072 -7.44996 2
      vertex 11.2548 -7.41252 0
      vertex 11.5072 -7.44996 0
    endloop
  endfacet
  facet normal 0.427588 -0.903974 0
    outer loop
      vertex 9.77437 -7.707 0
      vertex 10.005 -7.59791 2
      vertex 9.77437 -7.707 2
    endloop
  endfacet
  facet normal 0.427588 -0.903974 0
    outer loop
      vertex 10.005 -7.59791 2
      vertex 9.77437 -7.707 0
      vertex 10.005 -7.59791 0
    endloop
  endfacet
  facet normal 0.14673 -0.989177 0
    outer loop
      vertex 10.4928 -7.44996 0
      vertex 10.7452 -7.41252 2
      vertex 10.4928 -7.44996 2
    endloop
  endfacet
  facet normal 0.14673 -0.989177 0
    outer loop
      vertex 10.7452 -7.41252 2
      vertex 10.4928 -7.44996 0
      vertex 10.7452 -7.41252 0
    endloop
  endfacet
  facet normal -0.427665 0.903937 0
    outer loop
      vertex 12.2256 -12.293 0
      vertex 11.995 -12.4021 2
      vertex 12.2256 -12.293 2
    endloop
  endfacet
  facet normal -0.427665 0.903937 0
    outer loop
      vertex 11.995 -12.4021 2
      vertex 12.2256 -12.293 0
      vertex 11.995 -12.4021 0
    endloop
  endfacet
  facet normal 0.67155 -0.740959 0
    outer loop
      vertex 9.16152 -8.16152 0
      vertex 9.35058 -7.99017 2
      vertex 9.16152 -8.16152 2
    endloop
  endfacet
  facet normal 0.67155 -0.740959 0
    outer loop
      vertex 9.35058 -7.99017 2
      vertex 9.16152 -8.16152 0
      vertex 9.35058 -7.99017 0
    endloop
  endfacet
  facet normal -0.857735 0.514092 0
    outer loop
      vertex 13.1618 -11.4445 0
      vertex 13.293 -11.2256 2
      vertex 13.293 -11.2256 0
    endloop
  endfacet
  facet normal -0.857735 0.514092 0
    outer loop
      vertex 13.293 -11.2256 2
      vertex 13.1618 -11.4445 0
      vertex 13.1618 -11.4445 2
    endloop
  endfacet
  facet normal 0.59569 -0.803215 0
    outer loop
      vertex 9.35058 -7.99017 0
      vertex 9.55552 -7.83818 2
      vertex 9.35058 -7.99017 2
    endloop
  endfacet
  facet normal 0.59569 -0.803215 0
    outer loop
      vertex 9.55552 -7.83818 2
      vertex 9.35058 -7.99017 0
      vertex 9.55552 -7.83818 0
    endloop
  endfacet
  facet normal -0.903937 0.427665 0
    outer loop
      vertex 13.293 -11.2256 0
      vertex 13.4021 -10.995 2
      vertex 13.4021 -10.995 0
    endloop
  endfacet
  facet normal -0.903937 0.427665 0
    outer loop
      vertex 13.4021 -10.995 2
      vertex 13.293 -11.2256 0
      vertex 13.293 -11.2256 2
    endloop
  endfacet
  facet normal -0.998799 0.0489992 0
    outer loop
      vertex 13.5875 -10.2548 0
      vertex 13.6 -10 2
      vertex 13.6 -10 0
    endloop
  endfacet
  facet normal -0.998799 0.0489992 0
    outer loop
      vertex 13.6 -10 2
      vertex 13.5875 -10.2548 0
      vertex 13.5875 -10.2548 2
    endloop
  endfacet
  facet normal 0.740959 -0.67155 0
    outer loop
      vertex 8.99017 -8.35058 2
      vertex 9.16152 -8.16152 0
      vertex 9.16152 -8.16152 2
    endloop
  endfacet
  facet normal 0.740959 -0.67155 0
    outer loop
      vertex 9.16152 -8.16152 0
      vertex 8.99017 -8.35058 2
      vertex 8.99017 -8.35058 0
    endloop
  endfacet
  facet normal 0.94157 0.336818 0
    outer loop
      vertex 8.59791 -10.995 2
      vertex 8.51195 -10.7547 0
      vertex 8.51195 -10.7547 2
    endloop
  endfacet
  facet normal 0.94157 0.336818 0
    outer loop
      vertex 8.51195 -10.7547 0
      vertex 8.59791 -10.995 2
      vertex 8.59791 -10.995 0
    endloop
  endfacet
  facet normal -0.514035 -0.857769 0
    outer loop
      vertex 12.2256 -7.707 0
      vertex 12.4445 -7.83818 2
      vertex 12.2256 -7.707 2
    endloop
  endfacet
  facet normal -0.514035 -0.857769 -0
    outer loop
      vertex 12.4445 -7.83818 2
      vertex 12.2256 -7.707 0
      vertex 12.4445 -7.83818 0
    endloop
  endfacet
  facet normal -0.595765 -0.803159 0
    outer loop
      vertex 12.4445 -7.83818 0
      vertex 12.6494 -7.99017 2
      vertex 12.4445 -7.83818 2
    endloop
  endfacet
  facet normal -0.595765 -0.803159 -0
    outer loop
      vertex 12.6494 -7.99017 2
      vertex 12.4445 -7.83818 0
      vertex 12.6494 -7.99017 0
    endloop
  endfacet
  facet normal -0.146961 0.989142 0
    outer loop
      vertex 11.5072 -12.55 0
      vertex 11.2548 -12.5875 2
      vertex 11.5072 -12.55 2
    endloop
  endfacet
  facet normal -0.146961 0.989142 0
    outer loop
      vertex 11.2548 -12.5875 2
      vertex 11.5072 -12.55 0
      vertex 11.2548 -12.5875 0
    endloop
  endfacet
  facet normal -0.741127 0.671365 0
    outer loop
      vertex 12.8385 -11.8385 0
      vertex 13.0098 -11.6494 2
      vertex 13.0098 -11.6494 0
    endloop
  endfacet
  facet normal -0.741127 0.671365 0
    outer loop
      vertex 13.0098 -11.6494 2
      vertex 12.8385 -11.8385 0
      vertex 12.8385 -11.8385 2
    endloop
  endfacet
  facet normal -0.80314 0.59579 0
    outer loop
      vertex 13.0098 -11.6494 0
      vertex 13.1618 -11.4445 2
      vertex 13.1618 -11.4445 0
    endloop
  endfacet
  facet normal -0.80314 0.59579 0
    outer loop
      vertex 13.1618 -11.4445 2
      vertex 13.0098 -11.6494 0
      vertex 13.0098 -11.6494 2
    endloop
  endfacet
  facet normal -0.242997 0.970027 0
    outer loop
      vertex 11.7547 -12.488 0
      vertex 11.5072 -12.55 2
      vertex 11.7547 -12.488 2
    endloop
  endfacet
  facet normal -0.242997 0.970027 0
    outer loop
      vertex 11.5072 -12.55 2
      vertex 11.7547 -12.488 0
      vertex 11.5072 -12.55 0
    endloop
  endfacet
  facet normal 0.24296 -0.970036 0
    outer loop
      vertex 10.2453 -7.51195 0
      vertex 10.4928 -7.44996 2
      vertex 10.2453 -7.51195 2
    endloop
  endfacet
  facet normal 0.24296 -0.970036 0
    outer loop
      vertex 10.4928 -7.44996 2
      vertex 10.2453 -7.51195 0
      vertex 10.4928 -7.44996 0
    endloop
  endfacet
  facet normal -0.803196 -0.595715 0
    outer loop
      vertex 13.1618 -8.55552 0
      vertex 13.0098 -8.35058 2
      vertex 13.0098 -8.35058 0
    endloop
  endfacet
  facet normal -0.803196 -0.595715 0
    outer loop
      vertex 13.0098 -8.35058 2
      vertex 13.1618 -8.55552 0
      vertex 13.1618 -8.55552 2
    endloop
  endfacet
  facet normal 0.857718 -0.514121 0
    outer loop
      vertex 8.707 -8.77437 2
      vertex 8.83818 -8.55552 0
      vertex 8.83818 -8.55552 2
    endloop
  endfacet
  facet normal 0.857718 -0.514121 0
    outer loop
      vertex 8.83818 -8.55552 0
      vertex 8.707 -8.77437 2
      vertex 8.707 -8.77437 0
    endloop
  endfacet
  facet normal -0.427633 -0.903952 0
    outer loop
      vertex 11.995 -7.59791 0
      vertex 12.2256 -7.707 2
      vertex 11.995 -7.59791 2
    endloop
  endfacet
  facet normal -0.427633 -0.903952 -0
    outer loop
      vertex 12.2256 -7.707 2
      vertex 11.995 -7.59791 0
      vertex 12.2256 -7.707 0
    endloop
  endfacet
  facet normal 0.857769 0.514035 0
    outer loop
      vertex 8.83818 -11.4445 2
      vertex 8.707 -11.2256 0
      vertex 8.707 -11.2256 2
    endloop
  endfacet
  facet normal 0.857769 0.514035 0
    outer loop
      vertex 8.707 -11.2256 0
      vertex 8.83818 -11.4445 2
      vertex 8.83818 -11.4445 0
    endloop
  endfacet
  facet normal 0.42762 0.903959 -0
    outer loop
      vertex 10.005 -12.4021 0
      vertex 9.77437 -12.293 2
      vertex 10.005 -12.4021 2
    endloop
  endfacet
  facet normal 0.42762 0.903959 0
    outer loop
      vertex 9.77437 -12.293 2
      vertex 10.005 -12.4021 0
      vertex 9.77437 -12.293 0
    endloop
  endfacet
  facet normal 0.74103 0.671472 0
    outer loop
      vertex 9.16152 -11.8385 2
      vertex 8.99017 -11.6494 0
      vertex 8.99017 -11.6494 2
    endloop
  endfacet
  facet normal 0.74103 0.671472 0
    outer loop
      vertex 8.99017 -11.6494 0
      vertex 9.16152 -11.8385 2
      vertex 9.16152 -11.8385 0
    endloop
  endfacet
  facet normal 0.336818 -0.94157 0
    outer loop
      vertex 10.005 -7.59791 0
      vertex 10.2453 -7.51195 2
      vertex 10.005 -7.59791 2
    endloop
  endfacet
  facet normal 0.336818 -0.94157 0
    outer loop
      vertex 10.2453 -7.51195 2
      vertex 10.005 -7.59791 0
      vertex 10.2453 -7.51195 0
    endloop
  endfacet
  facet normal 0.514179 0.857683 -0
    outer loop
      vertex 9.77437 -12.293 0
      vertex 9.55552 -12.1618 2
      vertex 9.77437 -12.293 2
    endloop
  endfacet
  facet normal 0.514179 0.857683 0
    outer loop
      vertex 9.55552 -12.1618 2
      vertex 9.77437 -12.293 0
      vertex 9.55552 -12.1618 0
    endloop
  endfacet
  facet normal -0.59579 0.80314 0
    outer loop
      vertex 12.6494 -12.0098 0
      vertex 12.4445 -12.1618 2
      vertex 12.6494 -12.0098 2
    endloop
  endfacet
  facet normal -0.59579 0.80314 0
    outer loop
      vertex 12.4445 -12.1618 2
      vertex 12.6494 -12.0098 0
      vertex 12.4445 -12.1618 0
    endloop
  endfacet
  facet normal 0.0490774 -0.998795 0
    outer loop
      vertex 10.7452 -7.41252 0
      vertex 11 -7.4 2
      vertex 10.7452 -7.41252 2
    endloop
  endfacet
  facet normal 0.0490774 -0.998795 0
    outer loop
      vertex 11 -7.4 2
      vertex 10.7452 -7.41252 0
      vertex 11 -7.4 0
    endloop
  endfacet
  facet normal 0.970036 -0.24296 0
    outer loop
      vertex 8.44996 -9.49276 2
      vertex 8.51195 -9.24526 0
      vertex 8.51195 -9.24526 2
    endloop
  endfacet
  facet normal 0.970036 -0.24296 0
    outer loop
      vertex 8.51195 -9.24526 0
      vertex 8.44996 -9.49276 2
      vertex 8.44996 -9.49276 0
    endloop
  endfacet
  facet normal 0.941543 -0.336892 0
    outer loop
      vertex 8.51195 -9.24526 2
      vertex 8.59791 -9.00502 0
      vertex 8.59791 -9.00502 2
    endloop
  endfacet
  facet normal 0.941543 -0.336892 0
    outer loop
      vertex 8.59791 -9.00502 0
      vertex 8.51195 -9.24526 2
      vertex 8.51195 -9.24526 0
    endloop
  endfacet
  facet normal -0.336818 -0.94157 0
    outer loop
      vertex 11.7547 -7.51195 0
      vertex 11.995 -7.59791 2
      vertex 11.7547 -7.51195 2
    endloop
  endfacet
  facet normal -0.336818 -0.94157 -0
    outer loop
      vertex 11.995 -7.59791 2
      vertex 11.7547 -7.51195 0
      vertex 11.995 -7.59791 0
    endloop
  endfacet
  facet normal 0.803159 0.595765 0
    outer loop
      vertex 8.99017 -11.6494 2
      vertex 8.83818 -11.4445 0
      vertex 8.83818 -11.4445 2
    endloop
  endfacet
  facet normal 0.803159 0.595765 0
    outer loop
      vertex 8.83818 -11.4445 0
      vertex 8.99017 -11.6494 2
      vertex 8.99017 -11.6494 0
    endloop
  endfacet
  facet normal 0.989177 0.14673 0
    outer loop
      vertex 8.44996 -10.5072 2
      vertex 8.41252 -10.2548 0
      vertex 8.41252 -10.2548 2
    endloop
  endfacet
  facet normal 0.989177 0.14673 0
    outer loop
      vertex 8.41252 -10.2548 0
      vertex 8.44996 -10.5072 2
      vertex 8.44996 -10.5072 0
    endloop
  endfacet
  facet normal 0.903988 -0.427557 0
    outer loop
      vertex 8.59791 -9.00502 2
      vertex 8.707 -8.77437 0
      vertex 8.707 -8.77437 2
    endloop
  endfacet
  facet normal 0.903988 -0.427557 0
    outer loop
      vertex 8.707 -8.77437 0
      vertex 8.59791 -9.00502 2
      vertex 8.59791 -9.00502 0
    endloop
  endfacet
  facet normal 0 0 -1
    outer loop
      vertex 12.3 -10 2
      vertex 13.6 -10 2
      vertex 13.5875 -10.2548 2
    endloop
  endfacet
  facet normal 0 0 -1
    outer loop
      vertex 12.2937 -10.1274 2
      vertex 13.5875 -10.2548 2
      vertex 13.55 -10.5072 2
    endloop
  endfacet
  facet normal 0 0 -1
    outer loop
      vertex 13.6 -10 2
      vertex 12.3 -10 2
      vertex 13.5875 -9.74516 2
    endloop
  endfacet
  facet normal 0 0 -1
    outer loop
      vertex 12.275 -10.2536 2
      vertex 13.55 -10.5072 2
      vertex 13.488 -10.7547 2
    endloop
  endfacet
  facet normal 0 0 -1
    outer loop
      vertex 12.2937 -9.87258 2
      vertex 13.5875 -9.74516 2
      vertex 12.3 -10 2
    endloop
  endfacet
  facet normal 0 0 -1
    outer loop
      vertex 12.244 -10.3774 2
      vertex 13.488 -10.7547 2
      vertex 13.4021 -10.995 2
    endloop
  endfacet
  facet normal -0 0 -1
    outer loop
      vertex 13.5875 -9.74516 2
      vertex 12.2937 -9.87258 2
      vertex 13.55 -9.49276 2
    endloop
  endfacet
  facet normal 0 0 -1
    outer loop
      vertex 12.201 -10.4975 2
      vertex 13.4021 -10.995 2
      vertex 13.293 -11.2256 2
    endloop
  endfacet
  facet normal 0 0 -1
    outer loop
      vertex 12.275 -9.74638 2
      vertex 13.55 -9.49276 2
      vertex 12.2937 -9.87258 2
    endloop
  endfacet
  facet normal 0 0 -1
    outer loop
      vertex 12.1465 -10.6128 2
      vertex 13.293 -11.2256 2
      vertex 13.1618 -11.4445 2
    endloop
  endfacet
  facet normal -0 0 -1
    outer loop
      vertex 13.55 -9.49276 2
      vertex 12.275 -9.74638 2
      vertex 13.488 -9.24526 2
    endloop
  endfacet
  facet normal 0 0 -1
    outer loop
      vertex 12.0809 -10.7222 2
      vertex 13.1618 -11.4445 2
      vertex 13.0098 -11.6494 2
    endloop
  endfacet
  facet normal 0 0 -1
    outer loop
      vertex 12.244 -9.62263 2
      vertex 13.488 -9.24526 2
      vertex 12.275 -9.74638 2
    endloop
  endfacet
  facet normal 0 0 -1
    outer loop
      vertex 12.0049 -10.8247 2
      vertex 13.0098 -11.6494 2
      vertex 12.8385 -11.8385 2
    endloop
  endfacet
  facet normal -0 0 -1
    outer loop
      vertex 13.488 -9.24526 2
      vertex 12.244 -9.62263 2
      vertex 13.4021 -9.00502 2
    endloop
  endfacet
  facet normal 0 0 -1
    outer loop
      vertex 11.9192 -10.9192 2
      vertex 12.8385 -11.8385 2
      vertex 12.6494 -12.0098 2
    endloop
  endfacet
  facet normal 0 0 -1
    outer loop
      vertex 12.201 -9.50251 2
      vertex 13.4021 -9.00502 2
      vertex 12.244 -9.62263 2
    endloop
  endfacet
  facet normal 0 0 -1
    outer loop
      vertex 11.8247 -11.0049 2
      vertex 12.6494 -12.0098 2
      vertex 12.4445 -12.1618 2
    endloop
  endfacet
  facet normal -0 0 -1
    outer loop
      vertex 13.4021 -9.00502 2
      vertex 12.201 -9.50251 2
      vertex 13.293 -8.77437 2
    endloop
  endfacet
  facet normal 0 0 -1
    outer loop
      vertex 12.1465 -9.38718 2
      vertex 13.293 -8.77437 2
      vertex 12.201 -9.50251 2
    endloop
  endfacet
  facet normal 0 0 -1
    outer loop
      vertex 13.5875 -10.2548 2
      vertex 12.2937 -10.1274 2
      vertex 12.3 -10 2
    endloop
  endfacet
  facet normal 0 0 -1
    outer loop
      vertex 13.55 -10.5072 2
      vertex 12.275 -10.2536 2
      vertex 12.2937 -10.1274 2
    endloop
  endfacet
  facet normal 0 0 -1
    outer loop
      vertex 13.488 -10.7547 2
      vertex 12.244 -10.3774 2
      vertex 12.275 -10.2536 2
    endloop
  endfacet
  facet normal 0 0 -1
    outer loop
      vertex 11.7222 -11.0809 2
      vertex 12.4445 -12.1618 2
      vertex 12.2256 -12.293 2
    endloop
  endfacet
  facet normal 0 0 -1
    outer loop
      vertex 13.4021 -10.995 2
      vertex 12.201 -10.4975 2
      vertex 12.244 -10.3774 2
    endloop
  endfacet
  facet normal 0 0 -1
    outer loop
      vertex 13.293 -11.2256 2
      vertex 12.1465 -10.6128 2
      vertex 12.201 -10.4975 2
    endloop
  endfacet
  facet normal 0 0 -1
    outer loop
      vertex 13.1618 -11.4445 2
      vertex 12.0809 -10.7222 2
      vertex 12.1465 -10.6128 2
    endloop
  endfacet
  facet normal 0 0 -1
    outer loop
      vertex 13.0098 -11.6494 2
      vertex 12.0049 -10.8247 2
      vertex 12.0809 -10.7222 2
    endloop
  endfacet
  facet normal 0 0 -1
    outer loop
      vertex 11.6128 -11.1465 2
      vertex 12.2256 -12.293 2
      vertex 11.995 -12.4021 2
    endloop
  endfacet
  facet normal 0 0 -1
    outer loop
      vertex 12.8385 -11.8385 2
      vertex 11.9192 -10.9192 2
      vertex 12.0049 -10.8247 2
    endloop
  endfacet
  facet normal 0 0 -1
    outer loop
      vertex 12.6494 -12.0098 2
      vertex 11.8247 -11.0049 2
      vertex 11.9192 -10.9192 2
    endloop
  endfacet
  facet normal 0 0 -1
    outer loop
      vertex 11.4975 -11.201 2
      vertex 11.995 -12.4021 2
      vertex 11.7547 -12.488 2
    endloop
  endfacet
  facet normal 0 0 -1
    outer loop
      vertex 12.4445 -12.1618 2
      vertex 11.7222 -11.0809 2
      vertex 11.8247 -11.0049 2
    endloop
  endfacet
  facet normal 0 0 -1
    outer loop
      vertex 12.2256 -12.293 2
      vertex 11.6128 -11.1465 2
      vertex 11.7222 -11.0809 2
    endloop
  endfacet
  facet normal 0 0 -1
    outer loop
      vertex 11.3774 -11.244 2
      vertex 11.7547 -12.488 2
      vertex 11.5072 -12.55 2
    endloop
  endfacet
  facet normal 0 0 -1
    outer loop
      vertex 11.995 -12.4021 2
      vertex 11.4975 -11.201 2
      vertex 11.6128 -11.1465 2
    endloop
  endfacet
  facet normal 0 0 -1
    outer loop
      vertex 11.7547 -12.488 2
      vertex 11.3774 -11.244 2
      vertex 11.4975 -11.201 2
    endloop
  endfacet
  facet normal 0 0 -1
    outer loop
      vertex 11.2536 -11.275 2
      vertex 11.5072 -12.55 2
      vertex 11.2548 -12.5875 2
    endloop
  endfacet
  facet normal 0 0 -1
    outer loop
      vertex 11.5072 -12.55 2
      vertex 11.2536 -11.275 2
      vertex 11.3774 -11.244 2
    endloop
  endfacet
  facet normal 0 0 -1
    outer loop
      vertex 11.2548 -12.5875 2
      vertex 11.1274 -11.2937 2
      vertex 11.2536 -11.275 2
    endloop
  endfacet
  facet normal 0 0 -1
    outer loop
      vertex 11 -12.6 2
      vertex 11.1274 -11.2937 2
      vertex 11.2548 -12.5875 2
    endloop
  endfacet
  facet normal 0 0 -1
    outer loop
      vertex 11 -12.6 2
      vertex 11 -11.3 2
      vertex 11.1274 -11.2937 2
    endloop
  endfacet
  facet normal 0 0 -1
    outer loop
      vertex 11 -12.6 2
      vertex 10.8726 -11.2937 2
      vertex 11 -11.3 2
    endloop
  endfacet
  facet normal 0 0 -1
    outer loop
      vertex 10.7452 -12.5875 2
      vertex 10.8726 -11.2937 2
      vertex 11 -12.6 2
    endloop
  endfacet
  facet normal -0 0 -1
    outer loop
      vertex 10.8726 -11.2937 2
      vertex 10.7452 -12.5875 2
      vertex 10.7464 -11.275 2
    endloop
  endfacet
  facet normal 0 0 -1
    outer loop
      vertex 10.4928 -12.55 2
      vertex 10.7464 -11.275 2
      vertex 10.7452 -12.5875 2
    endloop
  endfacet
  facet normal -0 0 -1
    outer loop
      vertex 10.7464 -11.275 2
      vertex 10.4928 -12.55 2
      vertex 10.6226 -11.244 2
    endloop
  endfacet
  facet normal 0 0 -1
    outer loop
      vertex 10.2453 -12.488 2
      vertex 10.6226 -11.244 2
      vertex 10.4928 -12.55 2
    endloop
  endfacet
  facet normal -0 0 -1
    outer loop
      vertex 10.6226 -11.244 2
      vertex 10.2453 -12.488 2
      vertex 10.5025 -11.201 2
    endloop
  endfacet
  facet normal 0 0 -1
    outer loop
      vertex 10.005 -12.4021 2
      vertex 10.5025 -11.201 2
      vertex 10.2453 -12.488 2
    endloop
  endfacet
  facet normal -0 0 -1
    outer loop
      vertex 10.5025 -11.201 2
      vertex 10.005 -12.4021 2
      vertex 10.3872 -11.1465 2
    endloop
  endfacet
  facet normal 0 0 -1
    outer loop
      vertex 9.77437 -12.293 2
      vertex 10.3872 -11.1465 2
      vertex 10.005 -12.4021 2
    endloop
  endfacet
  facet normal -0 0 -1
    outer loop
      vertex 10.3872 -11.1465 2
      vertex 9.77437 -12.293 2
      vertex 10.2778 -11.0809 2
    endloop
  endfacet
  facet normal 0 0 -1
    outer loop
      vertex 9.55552 -12.1618 2
      vertex 10.2778 -11.0809 2
      vertex 9.77437 -12.293 2
    endloop
  endfacet
  facet normal -0 0 -1
    outer loop
      vertex 10.2778 -11.0809 2
      vertex 9.55552 -12.1618 2
      vertex 10.1753 -11.0049 2
    endloop
  endfacet
  facet normal 0 0 -1
    outer loop
      vertex 9.35058 -12.0098 2
      vertex 10.1753 -11.0049 2
      vertex 9.55552 -12.1618 2
    endloop
  endfacet
  facet normal -0 0 -1
    outer loop
      vertex 10.1753 -11.0049 2
      vertex 9.35058 -12.0098 2
      vertex 10.0808 -10.9192 2
    endloop
  endfacet
  facet normal 0 0 -1
    outer loop
      vertex 9.16152 -11.8385 2
      vertex 10.0808 -10.9192 2
      vertex 9.35058 -12.0098 2
    endloop
  endfacet
  facet normal -0 0 -1
    outer loop
      vertex 10.0808 -10.9192 2
      vertex 9.16152 -11.8385 2
      vertex 9.99509 -10.8247 2
    endloop
  endfacet
  facet normal 0 0 -1
    outer loop
      vertex 8.99017 -11.6494 2
      vertex 9.99509 -10.8247 2
      vertex 9.16152 -11.8385 2
    endloop
  endfacet
  facet normal -0 0 -1
    outer loop
      vertex 9.99509 -10.8247 2
      vertex 8.99017 -11.6494 2
      vertex 9.91909 -10.7222 2
    endloop
  endfacet
  facet normal 0 0 -1
    outer loop
      vertex 8.83818 -11.4445 2
      vertex 9.91909 -10.7222 2
      vertex 8.99017 -11.6494 2
    endloop
  endfacet
  facet normal -0 0 -1
    outer loop
      vertex 9.91909 -10.7222 2
      vertex 8.83818 -11.4445 2
      vertex 9.8535 -10.6128 2
    endloop
  endfacet
  facet normal 0 0 -1
    outer loop
      vertex 8.707 -11.2256 2
      vertex 9.8535 -10.6128 2
      vertex 8.83818 -11.4445 2
    endloop
  endfacet
  facet normal -0 0 -1
    outer loop
      vertex 13.293 -8.77437 2
      vertex 12.1465 -9.38718 2
      vertex 13.1618 -8.55552 2
    endloop
  endfacet
  facet normal 0 0 -1
    outer loop
      vertex 12.0809 -9.27776 2
      vertex 13.1618 -8.55552 2
      vertex 12.1465 -9.38718 2
    endloop
  endfacet
  facet normal -0 0 -1
    outer loop
      vertex 13.1618 -8.55552 2
      vertex 12.0809 -9.27776 2
      vertex 13.0098 -8.35058 2
    endloop
  endfacet
  facet normal 0 0 -1
    outer loop
      vertex 12.0049 -9.17529 2
      vertex 13.0098 -8.35058 2
      vertex 12.0809 -9.27776 2
    endloop
  endfacet
  facet normal -0 0 -1
    outer loop
      vertex 13.0098 -8.35058 2
      vertex 12.0049 -9.17529 2
      vertex 12.8385 -8.16152 2
    endloop
  endfacet
  facet normal 0 0 -1
    outer loop
      vertex 11.9192 -9.08076 2
      vertex 12.8385 -8.16152 2
      vertex 12.0049 -9.17529 2
    endloop
  endfacet
  facet normal -0 0 -1
    outer loop
      vertex 12.8385 -8.16152 2
      vertex 11.9192 -9.08076 2
      vertex 12.6494 -7.99017 2
    endloop
  endfacet
  facet normal 0 0 -1
    outer loop
      vertex 11.8247 -8.99509 2
      vertex 12.6494 -7.99017 2
      vertex 11.9192 -9.08076 2
    endloop
  endfacet
  facet normal -0 0 -1
    outer loop
      vertex 12.6494 -7.99017 2
      vertex 11.8247 -8.99509 2
      vertex 12.4445 -7.83818 2
    endloop
  endfacet
  facet normal 0 0 -1
    outer loop
      vertex 11.7222 -8.91909 2
      vertex 12.4445 -7.83818 2
      vertex 11.8247 -8.99509 2
    endloop
  endfacet
  facet normal -0 0 -1
    outer loop
      vertex 12.4445 -7.83818 2
      vertex 11.7222 -8.91909 2
      vertex 12.2256 -7.707 2
    endloop
  endfacet
  facet normal 0 0 -1
    outer loop
      vertex 11.6128 -8.8535 2
      vertex 12.2256 -7.707 2
      vertex 11.7222 -8.91909 2
    endloop
  endfacet
  facet normal -0 0 -1
    outer loop
      vertex 12.2256 -7.707 2
      vertex 11.6128 -8.8535 2
      vertex 11.995 -7.59791 2
    endloop
  endfacet
  facet normal 0 0 -1
    outer loop
      vertex 11.4975 -8.79896 2
      vertex 11.995 -7.59791 2
      vertex 11.6128 -8.8535 2
    endloop
  endfacet
  facet normal -0 0 -1
    outer loop
      vertex 11.995 -7.59791 2
      vertex 11.4975 -8.79896 2
      vertex 11.7547 -7.51195 2
    endloop
  endfacet
  facet normal 0 0 -1
    outer loop
      vertex 11.3774 -8.75598 2
      vertex 11.7547 -7.51195 2
      vertex 11.4975 -8.79896 2
    endloop
  endfacet
  facet normal -0 0 -1
    outer loop
      vertex 11.7547 -7.51195 2
      vertex 11.3774 -8.75598 2
      vertex 11.5072 -7.44996 2
    endloop
  endfacet
  facet normal 0 0 -1
    outer loop
      vertex 11.2536 -8.72498 2
      vertex 11.5072 -7.44996 2
      vertex 11.3774 -8.75598 2
    endloop
  endfacet
  facet normal -0 0 -1
    outer loop
      vertex 11.5072 -7.44996 2
      vertex 11.2536 -8.72498 2
      vertex 11.2548 -7.41252 2
    endloop
  endfacet
  facet normal 0 0 -1
    outer loop
      vertex 11.1274 -8.70626 2
      vertex 11.2548 -7.41252 2
      vertex 11.2536 -8.72498 2
    endloop
  endfacet
  facet normal 0 0 -1
    outer loop
      vertex 11 -8.7 2
      vertex 11.2548 -7.41252 2
      vertex 11.1274 -8.70626 2
    endloop
  endfacet
  facet normal 0 0 -1
    outer loop
      vertex 11 -8.7 2
      vertex 11 -7.4 2
      vertex 11.2548 -7.41252 2
    endloop
  endfacet
  facet normal 0 0 -1
    outer loop
      vertex 10.8726 -8.70626 2
      vertex 11 -7.4 2
      vertex 11 -8.7 2
    endloop
  endfacet
  facet normal 0 0 -1
    outer loop
      vertex 10.7452 -7.41252 2
      vertex 10.8726 -8.70626 2
      vertex 10.7464 -8.72498 2
    endloop
  endfacet
  facet normal 0 0 -1
    outer loop
      vertex 10.8726 -8.70626 2
      vertex 10.7452 -7.41252 2
      vertex 11 -7.4 2
    endloop
  endfacet
  facet normal 0 0 -1
    outer loop
      vertex 10.4928 -7.44996 2
      vertex 10.7464 -8.72498 2
      vertex 10.6226 -8.75598 2
    endloop
  endfacet
  facet normal 0 0 -1
    outer loop
      vertex 10.2453 -7.51195 2
      vertex 10.6226 -8.75598 2
      vertex 10.5025 -8.79896 2
    endloop
  endfacet
  facet normal 0 0 -1
    outer loop
      vertex 10.7464 -8.72498 2
      vertex 10.4928 -7.44996 2
      vertex 10.7452 -7.41252 2
    endloop
  endfacet
  facet normal 0 0 -1
    outer loop
      vertex 10.005 -7.59791 2
      vertex 10.5025 -8.79896 2
      vertex 10.3872 -8.8535 2
    endloop
  endfacet
  facet normal 0 0 -1
    outer loop
      vertex 9.77437 -7.707 2
      vertex 10.3872 -8.8535 2
      vertex 10.2778 -8.91909 2
    endloop
  endfacet
  facet normal 0 0 -1
    outer loop
      vertex 10.6226 -8.75598 2
      vertex 10.2453 -7.51195 2
      vertex 10.4928 -7.44996 2
    endloop
  endfacet
  facet normal 0 0 -1
    outer loop
      vertex 9.55552 -7.83818 2
      vertex 10.2778 -8.91909 2
      vertex 10.1753 -8.99509 2
    endloop
  endfacet
  facet normal 0 0 -1
    outer loop
      vertex 9.35058 -7.99017 2
      vertex 10.1753 -8.99509 2
      vertex 10.0808 -9.08076 2
    endloop
  endfacet
  facet normal 0 0 -1
    outer loop
      vertex 10.5025 -8.79896 2
      vertex 10.005 -7.59791 2
      vertex 10.2453 -7.51195 2
    endloop
  endfacet
  facet normal 0 0 -1
    outer loop
      vertex 9.16152 -8.16152 2
      vertex 10.0808 -9.08076 2
      vertex 9.99509 -9.17529 2
    endloop
  endfacet
  facet normal 0 0 -1
    outer loop
      vertex 8.99017 -8.35058 2
      vertex 9.99509 -9.17529 2
      vertex 9.91909 -9.27776 2
    endloop
  endfacet
  facet normal 0 0 -1
    outer loop
      vertex 8.83818 -8.55552 2
      vertex 9.91909 -9.27776 2
      vertex 9.8535 -9.38718 2
    endloop
  endfacet
  facet normal 0 0 -1
    outer loop
      vertex 8.707 -8.77437 2
      vertex 9.8535 -9.38718 2
      vertex 9.79896 -9.50251 2
    endloop
  endfacet
  facet normal 0 0 -1
    outer loop
      vertex 10.3872 -8.8535 2
      vertex 9.77437 -7.707 2
      vertex 10.005 -7.59791 2
    endloop
  endfacet
  facet normal 0 0 -1
    outer loop
      vertex 8.59791 -9.00502 2
      vertex 9.79896 -9.50251 2
      vertex 9.75598 -9.62263 2
    endloop
  endfacet
  facet normal 0 0 -1
    outer loop
      vertex 8.51195 -9.24526 2
      vertex 9.75598 -9.62263 2
      vertex 9.72498 -9.74638 2
    endloop
  endfacet
  facet normal 0 0 -1
    outer loop
      vertex 8.44996 -9.49276 2
      vertex 9.72498 -9.74638 2
      vertex 9.70626 -9.87258 2
    endloop
  endfacet
  facet normal 0 0 -1
    outer loop
      vertex 8.41252 -9.74516 2
      vertex 9.70626 -9.87258 2
      vertex 9.7 -10 2
    endloop
  endfacet
  facet normal -0 0 -1
    outer loop
      vertex 9.8535 -10.6128 2
      vertex 8.707 -11.2256 2
      vertex 9.79896 -10.4975 2
    endloop
  endfacet
  facet normal 0 0 -1
    outer loop
      vertex 10.2778 -8.91909 2
      vertex 9.55552 -7.83818 2
      vertex 9.77437 -7.707 2
    endloop
  endfacet
  facet normal 0 0 -1
    outer loop
      vertex 8.59791 -10.995 2
      vertex 9.79896 -10.4975 2
      vertex 8.707 -11.2256 2
    endloop
  endfacet
  facet normal 0 0 -1
    outer loop
      vertex 10.1753 -8.99509 2
      vertex 9.35058 -7.99017 2
      vertex 9.55552 -7.83818 2
    endloop
  endfacet
  facet normal -0 0 -1
    outer loop
      vertex 9.79896 -10.4975 2
      vertex 8.59791 -10.995 2
      vertex 9.75598 -10.3774 2
    endloop
  endfacet
  facet normal 0 0 -1
    outer loop
      vertex 10.0808 -9.08076 2
      vertex 9.16152 -8.16152 2
      vertex 9.35058 -7.99017 2
    endloop
  endfacet
  facet normal 0 0 -1
    outer loop
      vertex 8.51195 -10.7547 2
      vertex 9.75598 -10.3774 2
      vertex 8.59791 -10.995 2
    endloop
  endfacet
  facet normal 0 0 -1
    outer loop
      vertex 9.99509 -9.17529 2
      vertex 8.99017 -8.35058 2
      vertex 9.16152 -8.16152 2
    endloop
  endfacet
  facet normal -0 0 -1
    outer loop
      vertex 9.75598 -10.3774 2
      vertex 8.51195 -10.7547 2
      vertex 9.72498 -10.2536 2
    endloop
  endfacet
  facet normal 0 0 -1
    outer loop
      vertex 9.91909 -9.27776 2
      vertex 8.83818 -8.55552 2
      vertex 8.99017 -8.35058 2
    endloop
  endfacet
  facet normal 0 0 -1
    outer loop
      vertex 8.44996 -10.5072 2
      vertex 9.72498 -10.2536 2
      vertex 8.51195 -10.7547 2
    endloop
  endfacet
  facet normal 0 0 -1
    outer loop
      vertex 9.8535 -9.38718 2
      vertex 8.707 -8.77437 2
      vertex 8.83818 -8.55552 2
    endloop
  endfacet
  facet normal -0 0 -1
    outer loop
      vertex 9.72498 -10.2536 2
      vertex 8.44996 -10.5072 2
      vertex 9.70626 -10.1274 2
    endloop
  endfacet
  facet normal 0 0 -1
    outer loop
      vertex 9.79896 -9.50251 2
      vertex 8.59791 -9.00502 2
      vertex 8.707 -8.77437 2
    endloop
  endfacet
  facet normal 0 0 -1
    outer loop
      vertex 8.41252 -10.2548 2
      vertex 9.70626 -10.1274 2
      vertex 8.44996 -10.5072 2
    endloop
  endfacet
  facet normal 0 0 -1
    outer loop
      vertex 9.75598 -9.62263 2
      vertex 8.51195 -9.24526 2
      vertex 8.59791 -9.00502 2
    endloop
  endfacet
  facet normal -0 0 -1
    outer loop
      vertex 9.70626 -10.1274 2
      vertex 8.41252 -10.2548 2
      vertex 9.7 -10 2
    endloop
  endfacet
  facet normal 0 0 -1
    outer loop
      vertex 9.72498 -9.74638 2
      vertex 8.44996 -9.49276 2
      vertex 8.51195 -9.24526 2
    endloop
  endfacet
  facet normal 0 0 -1
    outer loop
      vertex 8.4 -10 2
      vertex 9.7 -10 2
      vertex 8.41252 -10.2548 2
    endloop
  endfacet
  facet normal 0 0 -1
    outer loop
      vertex 9.70626 -9.87258 2
      vertex 8.41252 -9.74516 2
      vertex 8.44996 -9.49276 2
    endloop
  endfacet
  facet normal 0 0 -1
    outer loop
      vertex 9.7 -10 2
      vertex 8.4 -10 2
      vertex 8.41252 -9.74516 2
    endloop
  endfacet
  facet normal 0.671443 0.741056 -0
    outer loop
      vertex 9.35058 -12.0098 0
      vertex 9.16152 -11.8385 2
      vertex 9.35058 -12.0098 2
    endloop
  endfacet
  facet normal 0.671443 0.741056 0
    outer loop
      vertex 9.16152 -11.8385 2
      vertex 9.35058 -12.0098 0
      vertex 9.16152 -11.8385 0
    endloop
  endfacet
  facet normal 0.803215 -0.59569 0
    outer loop
      vertex 8.83818 -8.55552 2
      vertex 8.99017 -8.35058 0
      vertex 8.99017 -8.35058 2
    endloop
  endfacet
  facet normal 0.803215 -0.59569 0
    outer loop
      vertex 8.99017 -8.35058 0
      vertex 8.83818 -8.55552 2
      vertex 8.83818 -8.55552 0
    endloop
  endfacet
  facet normal 0.0489992 0.998799 -0
    outer loop
      vertex 11 -12.6 0
      vertex 10.7452 -12.5875 2
      vertex 11 -12.6 2
    endloop
  endfacet
  facet normal 0.0489992 0.998799 0
    outer loop
      vertex 10.7452 -12.5875 2
      vertex 11 -12.6 0
      vertex 10.7452 -12.5875 0
    endloop
  endfacet
  facet normal 0.146961 0.989142 -0
    outer loop
      vertex 10.7452 -12.5875 0
      vertex 10.4928 -12.55 2
      vertex 10.7452 -12.5875 2
    endloop
  endfacet
  facet normal 0.146961 0.989142 0
    outer loop
      vertex 10.4928 -12.55 2
      vertex 10.7452 -12.5875 0
      vertex 10.4928 -12.55 0
    endloop
  endfacet
  facet normal 0.989177 -0.14673 0
    outer loop
      vertex 8.41252 -9.74516 2
      vertex 8.44996 -9.49276 0
      vertex 8.44996 -9.49276 2
    endloop
  endfacet
  facet normal 0.989177 -0.14673 0
    outer loop
      vertex 8.44996 -9.49276 0
      vertex 8.41252 -9.74516 2
      vertex 8.41252 -9.74516 0
    endloop
  endfacet
  facet normal 0.998795 -0.0490697 0
    outer loop
      vertex 8.4 -10 2
      vertex 8.41252 -9.74516 0
      vertex 8.41252 -9.74516 2
    endloop
  endfacet
  facet normal 0.998795 -0.0490697 0
    outer loop
      vertex 8.41252 -9.74516 0
      vertex 8.4 -10 2
      vertex 8.4 -10 0
    endloop
  endfacet
  facet normal 0.336609 0.941644 -0
    outer loop
      vertex 10.2453 -12.488 0
      vertex 10.005 -12.4021 2
      vertex 10.2453 -12.488 2
    endloop
  endfacet
  facet normal 0.336609 0.941644 0
    outer loop
      vertex 10.005 -12.4021 2
      vertex 10.2453 -12.488 0
      vertex 10.005 -12.4021 0
    endloop
  endfacet
  facet normal -0.671365 0.741127 0
    outer loop
      vertex 12.8385 -11.8385 0
      vertex 12.6494 -12.0098 2
      vertex 12.8385 -11.8385 2
    endloop
  endfacet
  facet normal -0.671365 0.741127 0
    outer loop
      vertex 12.6494 -12.0098 2
      vertex 12.8385 -11.8385 0
      vertex 12.6494 -12.0098 0
    endloop
  endfacet
  facet normal -0.989199 -0.146577 0
    outer loop
      vertex 12.2937 10.1274 2
      vertex 12.275 10.2536 6.5
      vertex 12.275 10.2536 2
    endloop
  endfacet
  facet normal -0.989199 -0.146577 0
    outer loop
      vertex 12.275 10.2536 6.5
      vertex 12.2937 10.1274 2
      vertex 12.2937 10.1274 6.5
    endloop
  endfacet
  facet normal -0.99878 -0.0493902 0
    outer loop
      vertex 12.3 10 2
      vertex 12.2937 10.1274 6.5
      vertex 12.2937 10.1274 2
    endloop
  endfacet
  facet normal -0.99878 -0.0493902 0
    outer loop
      vertex 12.2937 10.1274 6.5
      vertex 12.3 10 2
      vertex 12.3 10 6.5
    endloop
  endfacet
  facet normal -0.97005 -0.242904 0
    outer loop
      vertex 12.275 10.2536 2
      vertex 12.244 10.3774 6.5
      vertex 12.244 10.3774 2
    endloop
  endfacet
  facet normal -0.97005 -0.242904 0
    outer loop
      vertex 12.244 10.3774 6.5
      vertex 12.275 10.2536 2
      vertex 12.275 10.2536 6.5
    endloop
  endfacet
  facet normal 0.803279 -0.595602 0
    outer loop
      vertex 9.91909 10.7222 6.5
      vertex 9.99509 10.8247 2
      vertex 9.99509 10.8247 6.5
    endloop
  endfacet
  facet normal 0.803279 -0.595602 0
    outer loop
      vertex 9.99509 10.8247 2
      vertex 9.91909 10.7222 6.5
      vertex 9.91909 10.7222 2
    endloop
  endfacet
  facet normal -0.336942 0.941525 0
    outer loop
      vertex 11.4975 8.79896 2
      vertex 11.3774 8.75598 6.5
      vertex 11.4975 8.79896 6.5
    endloop
  endfacet
  facet normal -0.336942 0.941525 0
    outer loop
      vertex 11.3774 8.75598 6.5
      vertex 11.4975 8.79896 2
      vertex 11.3774 8.75598 2
    endloop
  endfacet
  facet normal -0.857673 0.514196 0
    outer loop
      vertex 12.0809 9.27776 2
      vertex 12.1465 9.38718 6.5
      vertex 12.1465 9.38718 2
    endloop
  endfacet
  facet normal -0.857673 0.514196 0
    outer loop
      vertex 12.1465 9.38718 6.5
      vertex 12.0809 9.27776 2
      vertex 12.0809 9.27776 6.5
    endloop
  endfacet
  facet normal 0.0490774 0.998795 -0
    outer loop
      vertex 11 8.7 2
      vertex 10.8726 8.70626 6.5
      vertex 11 8.7 6.5
    endloop
  endfacet
  facet normal 0.0490774 0.998795 0
    outer loop
      vertex 10.8726 8.70626 6.5
      vertex 11 8.7 2
      vertex 10.8726 8.70626 2
    endloop
  endfacet
  facet normal 0.989177 -0.14673 0
    outer loop
      vertex 9.70626 10.1274 6.5
      vertex 9.72498 10.2536 2
      vertex 9.72498 10.2536 6.5
    endloop
  endfacet
  facet normal 0.989177 -0.14673 0
    outer loop
      vertex 9.72498 10.2536 2
      vertex 9.70626 10.1274 6.5
      vertex 9.70626 10.1274 2
    endloop
  endfacet
  facet normal 0.904011 0.42751 0
    outer loop
      vertex 9.8535 9.38718 6.5
      vertex 9.79896 9.50251 2
      vertex 9.79896 9.50251 6.5
    endloop
  endfacet
  facet normal 0.904011 0.42751 0
    outer loop
      vertex 9.79896 9.50251 2
      vertex 9.8535 9.38718 6.5
      vertex 9.8535 9.38718 2
    endloop
  endfacet
  facet normal 0.242904 -0.97005 0
    outer loop
      vertex 10.6226 11.244 2
      vertex 10.7464 11.275 6.5
      vertex 10.6226 11.244 6.5
    endloop
  endfacet
  facet normal 0.242904 -0.97005 0
    outer loop
      vertex 10.7464 11.275 6.5
      vertex 10.6226 11.244 2
      vertex 10.7464 11.275 2
    endloop
  endfacet
  facet normal -0.14673 0.989177 0
    outer loop
      vertex 11.2536 8.72498 2
      vertex 11.1274 8.70626 6.5
      vertex 11.2536 8.72498 6.5
    endloop
  endfacet
  facet normal -0.14673 0.989177 0
    outer loop
      vertex 11.1274 8.70626 6.5
      vertex 11.2536 8.72498 2
      vertex 11.1274 8.70626 2
    endloop
  endfacet
  facet normal 0.595602 -0.803279 0
    outer loop
      vertex 10.1753 11.0049 2
      vertex 10.2778 11.0809 6.5
      vertex 10.1753 11.0049 6.5
    endloop
  endfacet
  facet normal 0.595602 -0.803279 0
    outer loop
      vertex 10.2778 11.0809 6.5
      vertex 10.1753 11.0049 2
      vertex 10.2778 11.0809 2
    endloop
  endfacet
  facet normal -0.595602 -0.803279 0
    outer loop
      vertex 11.7222 11.0809 2
      vertex 11.8247 11.0049 6.5
      vertex 11.7222 11.0809 6.5
    endloop
  endfacet
  facet normal -0.595602 -0.803279 -0
    outer loop
      vertex 11.8247 11.0049 6.5
      vertex 11.7222 11.0809 2
      vertex 11.8247 11.0049 2
    endloop
  endfacet
  facet normal -0.514265 -0.857631 0
    outer loop
      vertex 11.6128 11.1465 2
      vertex 11.7222 11.0809 6.5
      vertex 11.6128 11.1465 6.5
    endloop
  endfacet
  facet normal -0.514265 -0.857631 -0
    outer loop
      vertex 11.7222 11.0809 6.5
      vertex 11.6128 11.1465 2
      vertex 11.7222 11.0809 2
    endloop
  endfacet
  facet normal -0.904132 0.427254 0
    outer loop
      vertex 12.1465 9.38718 2
      vertex 12.201 9.50251 6.5
      vertex 12.201 9.50251 2
    endloop
  endfacet
  facet normal -0.904132 0.427254 0
    outer loop
      vertex 12.201 9.50251 6.5
      vertex 12.1465 9.38718 2
      vertex 12.1465 9.38718 6.5
    endloop
  endfacet
  facet normal 0.970027 0.242997 0
    outer loop
      vertex 9.75598 9.62263 6.5
      vertex 9.72498 9.74638 2
      vertex 9.72498 9.74638 6.5
    endloop
  endfacet
  facet normal 0.970027 0.242997 0
    outer loop
      vertex 9.72498 9.74638 2
      vertex 9.75598 9.62263 6.5
      vertex 9.75598 9.62263 2
    endloop
  endfacet
  facet normal 0.857707 0.514138 0
    outer loop
      vertex 9.91909 9.27776 6.5
      vertex 9.8535 9.38718 2
      vertex 9.8535 9.38718 6.5
    endloop
  endfacet
  facet normal 0.857707 0.514138 0
    outer loop
      vertex 9.8535 9.38718 2
      vertex 9.91909 9.27776 6.5
      vertex 9.91909 9.27776 2
    endloop
  endfacet
  facet normal -0.0490774 0.998795 0
    outer loop
      vertex 11.1274 8.70626 2
      vertex 11 8.7 6.5
      vertex 11.1274 8.70626 6.5
    endloop
  endfacet
  facet normal -0.0490774 0.998795 0
    outer loop
      vertex 11 8.7 6.5
      vertex 11.1274 8.70626 2
      vertex 11 8.7 2
    endloop
  endfacet
  facet normal 0.337081 -0.941476 0
    outer loop
      vertex 10.5025 11.201 2
      vertex 10.6226 11.244 6.5
      vertex 10.5025 11.201 6.5
    endloop
  endfacet
  facet normal 0.337081 -0.941476 0
    outer loop
      vertex 10.6226 11.244 6.5
      vertex 10.5025 11.201 2
      vertex 10.6226 11.244 2
    endloop
  endfacet
  facet normal 0.941525 -0.336942 0
    outer loop
      vertex 9.75598 10.3774 6.5
      vertex 9.79896 10.4975 2
      vertex 9.79896 10.4975 6.5
    endloop
  endfacet
  facet normal 0.941525 -0.336942 0
    outer loop
      vertex 9.79896 10.4975 2
      vertex 9.75598 10.3774 6.5
      vertex 9.75598 10.3774 2
    endloop
  endfacet
  facet normal -0.803279 -0.595602 0
    outer loop
      vertex 12.0809 10.7222 2
      vertex 12.0049 10.8247 6.5
      vertex 12.0049 10.8247 2
    endloop
  endfacet
  facet normal -0.803279 -0.595602 0
    outer loop
      vertex 12.0049 10.8247 6.5
      vertex 12.0809 10.7222 2
      vertex 12.0809 10.7222 6.5
    endloop
  endfacet
  facet normal -0.427601 0.903968 0
    outer loop
      vertex 11.6128 8.8535 2
      vertex 11.4975 8.79896 6.5
      vertex 11.6128 8.8535 6.5
    endloop
  endfacet
  facet normal -0.427601 0.903968 0
    outer loop
      vertex 11.4975 8.79896 6.5
      vertex 11.6128 8.8535 2
      vertex 11.4975 8.79896 2
    endloop
  endfacet
  facet normal -0.514208 0.857666 0
    outer loop
      vertex 11.7222 8.91909 2
      vertex 11.6128 8.8535 6.5
      vertex 11.7222 8.91909 6.5
    endloop
  endfacet
  facet normal -0.514208 0.857666 0
    outer loop
      vertex 11.6128 8.8535 6.5
      vertex 11.7222 8.91909 2
      vertex 11.6128 8.8535 2
    endloop
  endfacet
  facet normal -0.337081 -0.941476 0
    outer loop
      vertex 11.3774 11.244 2
      vertex 11.4975 11.201 6.5
      vertex 11.3774 11.244 6.5
    endloop
  endfacet
  facet normal -0.337081 -0.941476 -0
    outer loop
      vertex 11.4975 11.201 6.5
      vertex 11.3774 11.244 2
      vertex 11.4975 11.201 2
    endloop
  endfacet
  facet normal -0.970027 0.242997 0
    outer loop
      vertex 12.244 9.62263 2
      vertex 12.275 9.74638 6.5
      vertex 12.275 9.74638 2
    endloop
  endfacet
  facet normal -0.970027 0.242997 0
    outer loop
      vertex 12.275 9.74638 6.5
      vertex 12.244 9.62263 2
      vertex 12.244 9.62263 6.5
    endloop
  endfacet
  facet normal -0.803196 0.595715 0
    outer loop
      vertex 12.0049 9.17529 2
      vertex 12.0809 9.27776 6.5
      vertex 12.0809 9.27776 2
    endloop
  endfacet
  facet normal -0.803196 0.595715 0
    outer loop
      vertex 12.0809 9.27776 6.5
      vertex 12.0049 9.17529 2
      vertex 12.0049 9.17529 6.5
    endloop
  endfacet
  facet normal 0.903968 -0.427601 0
    outer loop
      vertex 9.79896 10.4975 6.5
      vertex 9.8535 10.6128 2
      vertex 9.8535 10.6128 6.5
    endloop
  endfacet
  facet normal 0.903968 -0.427601 0
    outer loop
      vertex 9.8535 10.6128 2
      vertex 9.79896 10.4975 6.5
      vertex 9.79896 10.4975 2
    endloop
  endfacet
  facet normal -0.671775 -0.740755 0
    outer loop
      vertex 11.8247 11.0049 2
      vertex 11.9192 10.9192 6.5
      vertex 11.8247 11.0049 6.5
    endloop
  endfacet
  facet normal -0.671775 -0.740755 -0
    outer loop
      vertex 11.9192 10.9192 6.5
      vertex 11.8247 11.0049 2
      vertex 11.9192 10.9192 2
    endloop
  endfacet
  facet normal 0.671775 -0.740755 0
    outer loop
      vertex 10.0808 10.9192 2
      vertex 10.1753 11.0049 6.5
      vertex 10.0808 10.9192 6.5
    endloop
  endfacet
  facet normal 0.671775 -0.740755 0
    outer loop
      vertex 10.1753 11.0049 6.5
      vertex 10.0808 10.9192 2
      vertex 10.1753 11.0049 2
    endloop
  endfacet
  facet normal -0.427345 -0.904089 0
    outer loop
      vertex 11.4975 11.201 2
      vertex 11.6128 11.1465 6.5
      vertex 11.4975 11.201 6.5
    endloop
  endfacet
  facet normal -0.427345 -0.904089 -0
    outer loop
      vertex 11.6128 11.1465 6.5
      vertex 11.4975 11.201 2
      vertex 11.6128 11.1465 2
    endloop
  endfacet
  facet normal -0.941476 -0.337081 0
    outer loop
      vertex 12.244 10.3774 2
      vertex 12.201 10.4975 6.5
      vertex 12.201 10.4975 2
    endloop
  endfacet
  facet normal -0.941476 -0.337081 0
    outer loop
      vertex 12.201 10.4975 6.5
      vertex 12.244 10.3774 2
      vertex 12.244 10.3774 6.5
    endloop
  endfacet
  facet normal -0.0493902 -0.99878 0
    outer loop
      vertex 11 11.3 2
      vertex 11.1274 11.2937 6.5
      vertex 11 11.3 6.5
    endloop
  endfacet
  facet normal -0.0493902 -0.99878 -0
    outer loop
      vertex 11.1274 11.2937 6.5
      vertex 11 11.3 2
      vertex 11.1274 11.2937 2
    endloop
  endfacet
  facet normal 0.857666 -0.514208 0
    outer loop
      vertex 9.8535 10.6128 6.5
      vertex 9.91909 10.7222 2
      vertex 9.91909 10.7222 6.5
    endloop
  endfacet
  facet normal 0.857666 -0.514208 0
    outer loop
      vertex 9.91909 10.7222 2
      vertex 9.8535 10.6128 6.5
      vertex 9.8535 10.6128 2
    endloop
  endfacet
  facet normal -0.989199 0.146577 0
    outer loop
      vertex 12.275 9.74638 2
      vertex 12.2937 9.87258 6.5
      vertex 12.2937 9.87258 2
    endloop
  endfacet
  facet normal -0.989199 0.146577 0
    outer loop
      vertex 12.2937 9.87258 6.5
      vertex 12.275 9.74638 2
      vertex 12.275 9.74638 6.5
    endloop
  endfacet
  facet normal -0.99878 0.0493825 0
    outer loop
      vertex 12.2937 9.87258 2
      vertex 12.3 10 6.5
      vertex 12.3 10 2
    endloop
  endfacet
  facet normal -0.99878 0.0493825 0
    outer loop
      vertex 12.3 10 6.5
      vertex 12.2937 9.87258 2
      vertex 12.2937 9.87258 6.5
    endloop
  endfacet
  facet normal 0.671646 0.740872 -0
    outer loop
      vertex 10.1753 8.99509 2
      vertex 10.0808 9.08076 6.5
      vertex 10.1753 8.99509 6.5
    endloop
  endfacet
  facet normal 0.671646 0.740872 0
    outer loop
      vertex 10.0808 9.08076 6.5
      vertex 10.1753 8.99509 2
      vertex 10.0808 9.08076 2
    endloop
  endfacet
  facet normal -0.904089 -0.427345 0
    outer loop
      vertex 12.201 10.4975 2
      vertex 12.1465 10.6128 6.5
      vertex 12.1465 10.6128 2
    endloop
  endfacet
  facet normal -0.904089 -0.427345 0
    outer loop
      vertex 12.1465 10.6128 6.5
      vertex 12.201 10.4975 2
      vertex 12.201 10.4975 6.5
    endloop
  endfacet
  facet normal 0.97005 -0.242904 0
    outer loop
      vertex 9.72498 10.2536 6.5
      vertex 9.75598 10.3774 2
      vertex 9.75598 10.3774 6.5
    endloop
  endfacet
  facet normal 0.97005 -0.242904 0
    outer loop
      vertex 9.75598 10.3774 2
      vertex 9.72498 10.2536 6.5
      vertex 9.72498 10.2536 2
    endloop
  endfacet
  facet normal -0.242904 0.97005 0
    outer loop
      vertex 11.3774 8.75598 2
      vertex 11.2536 8.72498 6.5
      vertex 11.3774 8.75598 6.5
    endloop
  endfacet
  facet normal -0.242904 0.97005 0
    outer loop
      vertex 11.2536 8.72498 6.5
      vertex 11.3774 8.75598 2
      vertex 11.2536 8.72498 2
    endloop
  endfacet
  facet normal -0.595602 0.803279 0
    outer loop
      vertex 11.8247 8.99509 2
      vertex 11.7222 8.91909 6.5
      vertex 11.8247 8.99509 6.5
    endloop
  endfacet
  facet normal -0.595602 0.803279 0
    outer loop
      vertex 11.7222 8.91909 6.5
      vertex 11.8247 8.99509 2
      vertex 11.7222 8.91909 2
    endloop
  endfacet
  facet normal 0.146577 -0.989199 0
    outer loop
      vertex 10.7464 11.275 2
      vertex 10.8726 11.2937 6.5
      vertex 10.7464 11.275 6.5
    endloop
  endfacet
  facet normal 0.146577 -0.989199 0
    outer loop
      vertex 10.8726 11.2937 6.5
      vertex 10.7464 11.275 2
      vertex 10.8726 11.2937 2
    endloop
  endfacet
  facet normal -0.740755 -0.671775 0
    outer loop
      vertex 12.0049 10.8247 2
      vertex 11.9192 10.9192 6.5
      vertex 11.9192 10.9192 2
    endloop
  endfacet
  facet normal -0.740755 -0.671775 0
    outer loop
      vertex 11.9192 10.9192 6.5
      vertex 12.0049 10.8247 2
      vertex 12.0049 10.8247 6.5
    endloop
  endfacet
  facet normal 0.427345 -0.904089 0
    outer loop
      vertex 10.3872 11.1465 2
      vertex 10.5025 11.201 6.5
      vertex 10.3872 11.1465 6.5
    endloop
  endfacet
  facet normal 0.427345 -0.904089 0
    outer loop
      vertex 10.5025 11.201 6.5
      vertex 10.3872 11.1465 2
      vertex 10.5025 11.201 2
    endloop
  endfacet
  facet normal -0.941493 0.337031 0
    outer loop
      vertex 12.201 9.50251 2
      vertex 12.244 9.62263 6.5
      vertex 12.244 9.62263 2
    endloop
  endfacet
  facet normal -0.941493 0.337031 0
    outer loop
      vertex 12.244 9.62263 6.5
      vertex 12.201 9.50251 2
      vertex 12.201 9.50251 6.5
    endloop
  endfacet
  facet normal -0.857631 -0.514265 0
    outer loop
      vertex 12.1465 10.6128 2
      vertex 12.0809 10.7222 6.5
      vertex 12.0809 10.7222 2
    endloop
  endfacet
  facet normal -0.857631 -0.514265 0
    outer loop
      vertex 12.0809 10.7222 6.5
      vertex 12.1465 10.6128 2
      vertex 12.1465 10.6128 6.5
    endloop
  endfacet
  facet normal 0.14673 0.989177 -0
    outer loop
      vertex 10.8726 8.70626 2
      vertex 10.7464 8.72498 6.5
      vertex 10.8726 8.70626 6.5
    endloop
  endfacet
  facet normal 0.14673 0.989177 0
    outer loop
      vertex 10.7464 8.72498 6.5
      vertex 10.8726 8.70626 2
      vertex 10.7464 8.72498 2
    endloop
  endfacet
  facet normal 0.0493902 -0.99878 0
    outer loop
      vertex 10.8726 11.2937 2
      vertex 11 11.3 6.5
      vertex 10.8726 11.2937 6.5
    endloop
  endfacet
  facet normal 0.0493902 -0.99878 0
    outer loop
      vertex 11 11.3 6.5
      vertex 10.8726 11.2937 2
      vertex 11 11.3 2
    endloop
  endfacet
  facet normal 0.514265 -0.857631 0
    outer loop
      vertex 10.2778 11.0809 2
      vertex 10.3872 11.1465 6.5
      vertex 10.2778 11.0809 6.5
    endloop
  endfacet
  facet normal 0.514265 -0.857631 0
    outer loop
      vertex 10.3872 11.1465 6.5
      vertex 10.2778 11.0809 2
      vertex 10.3872 11.1465 2
    endloop
  endfacet
  facet normal 0.941543 0.336892 0
    outer loop
      vertex 9.79896 9.50251 6.5
      vertex 9.75598 9.62263 2
      vertex 9.75598 9.62263 6.5
    endloop
  endfacet
  facet normal 0.941543 0.336892 0
    outer loop
      vertex 9.75598 9.62263 2
      vertex 9.79896 9.50251 6.5
      vertex 9.79896 9.50251 2
    endloop
  endfacet
  facet normal 0.740716 -0.671818 0
    outer loop
      vertex 9.99509 10.8247 6.5
      vertex 10.0808 10.9192 2
      vertex 10.0808 10.9192 6.5
    endloop
  endfacet
  facet normal 0.740716 -0.671818 0
    outer loop
      vertex 10.0808 10.9192 2
      vertex 9.99509 10.8247 6.5
      vertex 9.99509 10.8247 2
    endloop
  endfacet
  facet normal 0.336942 0.941525 -0
    outer loop
      vertex 10.6226 8.75598 2
      vertex 10.5025 8.79896 6.5
      vertex 10.6226 8.75598 6.5
    endloop
  endfacet
  facet normal 0.336942 0.941525 0
    outer loop
      vertex 10.5025 8.79896 6.5
      vertex 10.6226 8.75598 2
      vertex 10.5025 8.79896 2
    endloop
  endfacet
  facet normal 0.427601 0.903968 -0
    outer loop
      vertex 10.5025 8.79896 2
      vertex 10.3872 8.8535 6.5
      vertex 10.5025 8.79896 6.5
    endloop
  endfacet
  facet normal 0.427601 0.903968 0
    outer loop
      vertex 10.3872 8.8535 6.5
      vertex 10.5025 8.79896 2
      vertex 10.3872 8.8535 2
    endloop
  endfacet
  facet normal -0.242904 -0.97005 0
    outer loop
      vertex 11.2536 11.275 2
      vertex 11.3774 11.244 6.5
      vertex 11.2536 11.275 6.5
    endloop
  endfacet
  facet normal -0.242904 -0.97005 -0
    outer loop
      vertex 11.3774 11.244 6.5
      vertex 11.2536 11.275 2
      vertex 11.3774 11.244 2
    endloop
  endfacet
  facet normal -0.146577 -0.989199 0
    outer loop
      vertex 11.1274 11.2937 2
      vertex 11.2536 11.275 6.5
      vertex 11.1274 11.2937 6.5
    endloop
  endfacet
  facet normal -0.146577 -0.989199 -0
    outer loop
      vertex 11.2536 11.275 6.5
      vertex 11.1274 11.2937 2
      vertex 11.2536 11.275 2
    endloop
  endfacet
  facet normal -0.671646 0.740872 0
    outer loop
      vertex 11.9192 9.08076 2
      vertex 11.8247 8.99509 6.5
      vertex 11.9192 9.08076 6.5
    endloop
  endfacet
  facet normal -0.671646 0.740872 0
    outer loop
      vertex 11.8247 8.99509 6.5
      vertex 11.9192 9.08076 2
      vertex 11.8247 8.99509 2
    endloop
  endfacet
  facet normal 0.514208 0.857666 -0
    outer loop
      vertex 10.3872 8.8535 2
      vertex 10.2778 8.91909 6.5
      vertex 10.3872 8.8535 6.5
    endloop
  endfacet
  facet normal 0.514208 0.857666 0
    outer loop
      vertex 10.2778 8.91909 6.5
      vertex 10.3872 8.8535 2
      vertex 10.2778 8.91909 2
    endloop
  endfacet
  facet normal 0.740822 0.671701 0
    outer loop
      vertex 10.0808 9.08076 6.5
      vertex 9.99509 9.17529 2
      vertex 9.99509 9.17529 6.5
    endloop
  endfacet
  facet normal 0.740822 0.671701 0
    outer loop
      vertex 9.99509 9.17529 2
      vertex 10.0808 9.08076 6.5
      vertex 10.0808 9.08076 2
    endloop
  endfacet
  facet normal 0.595602 0.803279 -0
    outer loop
      vertex 10.2778 8.91909 2
      vertex 10.1753 8.99509 6.5
      vertex 10.2778 8.91909 6.5
    endloop
  endfacet
  facet normal 0.595602 0.803279 0
    outer loop
      vertex 10.1753 8.99509 6.5
      vertex 10.2778 8.91909 2
      vertex 10.1753 8.99509 2
    endloop
  endfacet
  facet normal 0.989177 0.14673 0
    outer loop
      vertex 9.72498 9.74638 6.5
      vertex 9.70626 9.87258 2
      vertex 9.70626 9.87258 6.5
    endloop
  endfacet
  facet normal 0.989177 0.14673 0
    outer loop
      vertex 9.70626 9.87258 2
      vertex 9.72498 9.74638 6.5
      vertex 9.72498 9.74638 2
    endloop
  endfacet
  facet normal -0.740861 0.671658 0
    outer loop
      vertex 11.9192 9.08076 2
      vertex 12.0049 9.17529 6.5
      vertex 12.0049 9.17529 2
    endloop
  endfacet
  facet normal -0.740861 0.671658 0
    outer loop
      vertex 12.0049 9.17529 6.5
      vertex 11.9192 9.08076 2
      vertex 11.9192 9.08076 6.5
    endloop
  endfacet
  facet normal 0.803196 0.595715 0
    outer loop
      vertex 9.99509 9.17529 6.5
      vertex 9.91909 9.27776 2
      vertex 9.91909 9.27776 6.5
    endloop
  endfacet
  facet normal 0.803196 0.595715 0
    outer loop
      vertex 9.91909 9.27776 2
      vertex 9.99509 9.17529 6.5
      vertex 9.99509 9.17529 2
    endloop
  endfacet
  facet normal 0.998795 -0.0490774 0
    outer loop
      vertex 9.7 10 6.5
      vertex 9.70626 10.1274 2
      vertex 9.70626 10.1274 6.5
    endloop
  endfacet
  facet normal 0.998795 -0.0490774 0
    outer loop
      vertex 9.70626 10.1274 2
      vertex 9.7 10 6.5
      vertex 9.7 10 2
    endloop
  endfacet
  facet normal 0.998795 0.0490697 0
    outer loop
      vertex 9.70626 9.87258 6.5
      vertex 9.7 10 2
      vertex 9.7 10 6.5
    endloop
  endfacet
  facet normal 0.998795 0.0490697 0
    outer loop
      vertex 9.7 10 2
      vertex 9.70626 9.87258 6.5
      vertex 9.70626 9.87258 2
    endloop
  endfacet
  facet normal 0.242904 0.97005 -0
    outer loop
      vertex 10.7464 8.72498 2
      vertex 10.6226 8.75598 6.5
      vertex 10.7464 8.72498 6.5
    endloop
  endfacet
  facet normal 0.242904 0.97005 0
    outer loop
      vertex 10.6226 8.75598 6.5
      vertex 10.7464 8.72498 2
      vertex 10.6226 8.75598 2
    endloop
  endfacet
  facet normal -0.146961 -0.989142 0
    outer loop
      vertex 11.2548 12.5875 0
      vertex 11.5072 12.55 2
      vertex 11.2548 12.5875 2
    endloop
  endfacet
  facet normal -0.146961 -0.989142 -0
    outer loop
      vertex 11.5072 12.55 2
      vertex 11.2548 12.5875 0
      vertex 11.5072 12.55 0
    endloop
  endfacet
  facet normal -0.336609 -0.941644 0
    outer loop
      vertex 11.7547 12.488 0
      vertex 11.995 12.4021 2
      vertex 11.7547 12.488 2
    endloop
  endfacet
  facet normal -0.336609 -0.941644 -0
    outer loop
      vertex 11.995 12.4021 2
      vertex 11.7547 12.488 0
      vertex 11.995 12.4021 0
    endloop
  endfacet
  facet normal -0.989142 -0.146961 0
    outer loop
      vertex 13.5875 10.2548 0
      vertex 13.55 10.5072 2
      vertex 13.55 10.5072 0
    endloop
  endfacet
  facet normal -0.989142 -0.146961 0
    outer loop
      vertex 13.55 10.5072 2
      vertex 13.5875 10.2548 0
      vertex 13.5875 10.2548 2
    endloop
  endfacet
  facet normal -0.998799 -0.0489992 0
    outer loop
      vertex 13.6 10 0
      vertex 13.5875 10.2548 2
      vertex 13.5875 10.2548 0
    endloop
  endfacet
  facet normal -0.998799 -0.0489992 0
    outer loop
      vertex 13.5875 10.2548 2
      vertex 13.6 10 0
      vertex 13.6 10 2
    endloop
  endfacet
  facet normal -0.970027 -0.242997 0
    outer loop
      vertex 13.55 10.5072 0
      vertex 13.488 10.7547 2
      vertex 13.488 10.7547 0
    endloop
  endfacet
  facet normal -0.970027 -0.242997 0
    outer loop
      vertex 13.488 10.7547 2
      vertex 13.55 10.5072 0
      vertex 13.55 10.5072 2
    endloop
  endfacet
  facet normal 0.595715 -0.803196 0
    outer loop
      vertex 9.35058 12.0098 0
      vertex 9.55552 12.1618 2
      vertex 9.35058 12.0098 2
    endloop
  endfacet
  facet normal 0.595715 -0.803196 0
    outer loop
      vertex 9.55552 12.1618 2
      vertex 9.35058 12.0098 0
      vertex 9.55552 12.1618 0
    endloop
  endfacet
  facet normal -0.741127 -0.671365 0
    outer loop
      vertex 13.0098 11.6494 0
      vertex 12.8385 11.8385 2
      vertex 12.8385 11.8385 0
    endloop
  endfacet
  facet normal -0.741127 -0.671365 0
    outer loop
      vertex 12.8385 11.8385 2
      vertex 13.0098 11.6494 0
      vertex 13.0098 11.6494 2
    endloop
  endfacet
  facet normal -0.80314 -0.59579 0
    outer loop
      vertex 13.1618 11.4445 0
      vertex 13.0098 11.6494 2
      vertex 13.0098 11.6494 0
    endloop
  endfacet
  facet normal -0.80314 -0.59579 0
    outer loop
      vertex 13.0098 11.6494 2
      vertex 13.1618 11.4445 0
      vertex 13.1618 11.4445 2
    endloop
  endfacet
  facet normal 0.94157 -0.336818 0
    outer loop
      vertex 8.51195 10.7547 2
      vertex 8.59791 10.995 0
      vertex 8.59791 10.995 2
    endloop
  endfacet
  facet normal 0.94157 -0.336818 0
    outer loop
      vertex 8.59791 10.995 0
      vertex 8.51195 10.7547 2
      vertex 8.51195 10.7547 0
    endloop
  endfacet
  facet normal -0.998799 0.0489915 0
    outer loop
      vertex 13.5875 9.74516 0
      vertex 13.6 10 2
      vertex 13.6 10 0
    endloop
  endfacet
  facet normal -0.998799 0.0489915 0
    outer loop
      vertex 13.6 10 2
      vertex 13.5875 9.74516 0
      vertex 13.5875 9.74516 2
    endloop
  endfacet
  facet normal -0.242997 -0.970027 0
    outer loop
      vertex 11.5072 12.55 0
      vertex 11.7547 12.488 2
      vertex 11.5072 12.55 2
    endloop
  endfacet
  facet normal -0.242997 -0.970027 -0
    outer loop
      vertex 11.7547 12.488 2
      vertex 11.5072 12.55 0
      vertex 11.7547 12.488 0
    endloop
  endfacet
  facet normal -0.514035 0.857769 0
    outer loop
      vertex 12.4445 7.83818 0
      vertex 12.2256 7.707 2
      vertex 12.4445 7.83818 2
    endloop
  endfacet
  facet normal -0.514035 0.857769 0
    outer loop
      vertex 12.2256 7.707 2
      vertex 12.4445 7.83818 0
      vertex 12.2256 7.707 0
    endloop
  endfacet
  facet normal -0.941644 -0.336609 0
    outer loop
      vertex 13.488 10.7547 0
      vertex 13.4021 10.995 2
      vertex 13.4021 10.995 0
    endloop
  endfacet
  facet normal -0.941644 -0.336609 0
    outer loop
      vertex 13.4021 10.995 2
      vertex 13.488 10.7547 0
      vertex 13.488 10.7547 2
    endloop
  endfacet
  facet normal -0.803196 0.595715 0
    outer loop
      vertex 13.0098 8.35058 0
      vertex 13.1618 8.55552 2
      vertex 13.1618 8.55552 0
    endloop
  endfacet
  facet normal -0.803196 0.595715 0
    outer loop
      vertex 13.1618 8.55552 2
      vertex 13.0098 8.35058 0
      vertex 13.0098 8.35058 2
    endloop
  endfacet
  facet normal 0.242997 -0.970027 0
    outer loop
      vertex 10.2453 12.488 0
      vertex 10.4928 12.55 2
      vertex 10.2453 12.488 2
    endloop
  endfacet
  facet normal 0.242997 -0.970027 0
    outer loop
      vertex 10.4928 12.55 2
      vertex 10.2453 12.488 0
      vertex 10.4928 12.55 0
    endloop
  endfacet
  facet normal -0.514092 -0.857735 0
    outer loop
      vertex 12.2256 12.293 0
      vertex 12.4445 12.1618 2
      vertex 12.2256 12.293 2
    endloop
  endfacet
  facet normal -0.514092 -0.857735 -0
    outer loop
      vertex 12.4445 12.1618 2
      vertex 12.2256 12.293 0
      vertex 12.4445 12.1618 0
    endloop
  endfacet
  facet normal 0.514121 0.857718 -0
    outer loop
      vertex 9.77437 7.707 0
      vertex 9.55552 7.83818 2
      vertex 9.77437 7.707 2
    endloop
  endfacet
  facet normal 0.514121 0.857718 0
    outer loop
      vertex 9.55552 7.83818 2
      vertex 9.77437 7.707 0
      vertex 9.55552 7.83818 0
    endloop
  endfacet
  facet normal -0.59579 -0.80314 0
    outer loop
      vertex 12.4445 12.1618 0
      vertex 12.6494 12.0098 2
      vertex 12.4445 12.1618 2
    endloop
  endfacet
  facet normal -0.59579 -0.80314 -0
    outer loop
      vertex 12.6494 12.0098 2
      vertex 12.4445 12.1618 0
      vertex 12.6494 12.0098 0
    endloop
  endfacet
  facet normal -0.970027 0.242997 0
    outer loop
      vertex 13.488 9.24526 0
      vertex 13.55 9.49276 2
      vertex 13.55 9.49276 0
    endloop
  endfacet
  facet normal -0.970027 0.242997 0
    outer loop
      vertex 13.55 9.49276 2
      vertex 13.488 9.24526 0
      vertex 13.488 9.24526 2
    endloop
  endfacet
  facet normal -0.14673 0.989177 0
    outer loop
      vertex 11.5072 7.44996 0
      vertex 11.2548 7.41252 2
      vertex 11.5072 7.44996 2
    endloop
  endfacet
  facet normal -0.14673 0.989177 0
    outer loop
      vertex 11.2548 7.41252 2
      vertex 11.5072 7.44996 0
      vertex 11.2548 7.41252 0
    endloop
  endfacet
  facet normal 0.903952 -0.427633 0
    outer loop
      vertex 8.59791 10.995 2
      vertex 8.707 11.2256 0
      vertex 8.707 11.2256 2
    endloop
  endfacet
  facet normal 0.903952 -0.427633 0
    outer loop
      vertex 8.707 11.2256 0
      vertex 8.59791 10.995 2
      vertex 8.59791 10.995 0
    endloop
  endfacet
  facet normal 0.14673 0.989177 -0
    outer loop
      vertex 10.7452 7.41252 0
      vertex 10.4928 7.44996 2
      vertex 10.7452 7.41252 2
    endloop
  endfacet
  facet normal 0.14673 0.989177 0
    outer loop
      vertex 10.4928 7.44996 2
      vertex 10.7452 7.41252 0
      vertex 10.4928 7.44996 0
    endloop
  endfacet
  facet normal 0.514179 -0.857683 0
    outer loop
      vertex 9.55552 12.1618 0
      vertex 9.77437 12.293 2
      vertex 9.55552 12.1618 2
    endloop
  endfacet
  facet normal 0.514179 -0.857683 0
    outer loop
      vertex 9.77437 12.293 2
      vertex 9.55552 12.1618 0
      vertex 9.77437 12.293 0
    endloop
  endfacet
  facet normal -0.903973 0.427589 0
    outer loop
      vertex 13.293 8.77437 0
      vertex 13.4021 9.00502 2
      vertex 13.4021 9.00502 0
    endloop
  endfacet
  facet normal -0.903973 0.427589 0
    outer loop
      vertex 13.4021 9.00502 2
      vertex 13.293 8.77437 0
      vertex 13.293 8.77437 2
    endloop
  endfacet
  facet normal 0.671443 -0.741056 0
    outer loop
      vertex 9.16152 11.8385 0
      vertex 9.35058 12.0098 2
      vertex 9.16152 11.8385 2
    endloop
  endfacet
  facet normal 0.671443 -0.741056 0
    outer loop
      vertex 9.35058 12.0098 2
      vertex 9.16152 11.8385 0
      vertex 9.35058 12.0098 0
    endloop
  endfacet
  facet normal -0.903937 -0.427665 0
    outer loop
      vertex 13.4021 10.995 0
      vertex 13.293 11.2256 2
      vertex 13.293 11.2256 0
    endloop
  endfacet
  facet normal -0.903937 -0.427665 0
    outer loop
      vertex 13.293 11.2256 2
      vertex 13.4021 10.995 0
      vertex 13.4021 10.995 2
    endloop
  endfacet
  facet normal 0.970036 0.24296 0
    outer loop
      vertex 8.51195 9.24526 2
      vertex 8.44996 9.49276 0
      vertex 8.44996 9.49276 2
    endloop
  endfacet
  facet normal 0.970036 0.24296 0
    outer loop
      vertex 8.44996 9.49276 0
      vertex 8.51195 9.24526 2
      vertex 8.51195 9.24526 0
    endloop
  endfacet
  facet normal -0.0490774 0.998795 0
    outer loop
      vertex 11.2548 7.41252 0
      vertex 11 7.4 2
      vertex 11.2548 7.41252 2
    endloop
  endfacet
  facet normal -0.0490774 0.998795 0
    outer loop
      vertex 11 7.4 2
      vertex 11.2548 7.41252 0
      vertex 11 7.4 0
    endloop
  endfacet
  facet normal -0.427633 0.903952 0
    outer loop
      vertex 12.2256 7.707 0
      vertex 11.995 7.59791 2
      vertex 12.2256 7.707 2
    endloop
  endfacet
  facet normal -0.427633 0.903952 0
    outer loop
      vertex 11.995 7.59791 2
      vertex 12.2256 7.707 0
      vertex 11.995 7.59791 0
    endloop
  endfacet
  facet normal -0.427665 -0.903937 0
    outer loop
      vertex 11.995 12.4021 0
      vertex 12.2256 12.293 2
      vertex 11.995 12.4021 2
    endloop
  endfacet
  facet normal -0.427665 -0.903937 -0
    outer loop
      vertex 12.2256 12.293 2
      vertex 11.995 12.4021 0
      vertex 12.2256 12.293 0
    endloop
  endfacet
  facet normal -0.857683 0.514179 0
    outer loop
      vertex 13.1618 8.55552 0
      vertex 13.293 8.77437 2
      vertex 13.293 8.77437 0
    endloop
  endfacet
  facet normal -0.857683 0.514179 0
    outer loop
      vertex 13.293 8.77437 2
      vertex 13.1618 8.55552 0
      vertex 13.1618 8.55552 2
    endloop
  endfacet
  facet normal 0.941543 0.336892 0
    outer loop
      vertex 8.59791 9.00502 2
      vertex 8.51195 9.24526 0
      vertex 8.51195 9.24526 2
    endloop
  endfacet
  facet normal 0.941543 0.336892 0
    outer loop
      vertex 8.51195 9.24526 0
      vertex 8.59791 9.00502 2
      vertex 8.59791 9.00502 0
    endloop
  endfacet
  facet normal -0.336818 0.94157 0
    outer loop
      vertex 11.995 7.59791 0
      vertex 11.7547 7.51195 2
      vertex 11.995 7.59791 2
    endloop
  endfacet
  facet normal -0.336818 0.94157 0
    outer loop
      vertex 11.7547 7.51195 2
      vertex 11.995 7.59791 0
      vertex 11.7547 7.51195 0
    endloop
  endfacet
  facet normal 0.989177 -0.14673 0
    outer loop
      vertex 8.41252 10.2548 2
      vertex 8.44996 10.5072 0
      vertex 8.44996 10.5072 2
    endloop
  endfacet
  facet normal 0.989177 -0.14673 0
    outer loop
      vertex 8.44996 10.5072 0
      vertex 8.41252 10.2548 2
      vertex 8.41252 10.2548 0
    endloop
  endfacet
  facet normal -0.989142 0.146961 0
    outer loop
      vertex 13.55 9.49276 0
      vertex 13.5875 9.74516 2
      vertex 13.5875 9.74516 0
    endloop
  endfacet
  facet normal -0.989142 0.146961 0
    outer loop
      vertex 13.5875 9.74516 2
      vertex 13.55 9.49276 0
      vertex 13.55 9.49276 2
    endloop
  endfacet
  facet normal 0.336609 -0.941644 0
    outer loop
      vertex 10.005 12.4021 0
      vertex 10.2453 12.488 2
      vertex 10.005 12.4021 2
    endloop
  endfacet
  facet normal 0.336609 -0.941644 0
    outer loop
      vertex 10.2453 12.488 2
      vertex 10.005 12.4021 0
      vertex 10.2453 12.488 0
    endloop
  endfacet
  facet normal -0.671365 -0.741127 0
    outer loop
      vertex 12.6494 12.0098 0
      vertex 12.8385 11.8385 2
      vertex 12.6494 12.0098 2
    endloop
  endfacet
  facet normal -0.671365 -0.741127 -0
    outer loop
      vertex 12.8385 11.8385 2
      vertex 12.6494 12.0098 0
      vertex 12.8385 11.8385 0
    endloop
  endfacet
  facet normal 0.67155 0.740959 -0
    outer loop
      vertex 9.35058 7.99017 0
      vertex 9.16152 8.16152 2
      vertex 9.35058 7.99017 2
    endloop
  endfacet
  facet normal 0.67155 0.740959 0
    outer loop
      vertex 9.16152 8.16152 2
      vertex 9.35058 7.99017 0
      vertex 9.16152 8.16152 0
    endloop
  endfacet
  facet normal 0.146961 -0.989142 0
    outer loop
      vertex 10.4928 12.55 0
      vertex 10.7452 12.5875 2
      vertex 10.4928 12.55 2
    endloop
  endfacet
  facet normal 0.146961 -0.989142 0
    outer loop
      vertex 10.7452 12.5875 2
      vertex 10.4928 12.55 0
      vertex 10.7452 12.5875 0
    endloop
  endfacet
  facet normal 0.42762 -0.903959 0
    outer loop
      vertex 9.77437 12.293 0
      vertex 10.005 12.4021 2
      vertex 9.77437 12.293 2
    endloop
  endfacet
  facet normal 0.42762 -0.903959 0
    outer loop
      vertex 10.005 12.4021 2
      vertex 9.77437 12.293 0
      vertex 10.005 12.4021 0
    endloop
  endfacet
  facet normal -0.857735 -0.514092 0
    outer loop
      vertex 13.293 11.2256 0
      vertex 13.1618 11.4445 2
      vertex 13.1618 11.4445 0
    endloop
  endfacet
  facet normal -0.857735 -0.514092 0
    outer loop
      vertex 13.1618 11.4445 2
      vertex 13.293 11.2256 0
      vertex 13.293 11.2256 2
    endloop
  endfacet
  facet normal -0.741056 0.671443 0
    outer loop
      vertex 12.8385 8.16152 0
      vertex 13.0098 8.35058 2
      vertex 13.0098 8.35058 0
    endloop
  endfacet
  facet normal -0.741056 0.671443 0
    outer loop
      vertex 13.0098 8.35058 2
      vertex 12.8385 8.16152 0
      vertex 12.8385 8.16152 2
    endloop
  endfacet
  facet normal 0.857769 -0.514035 0
    outer loop
      vertex 8.707 11.2256 2
      vertex 8.83818 11.4445 0
      vertex 8.83818 11.4445 2
    endloop
  endfacet
  facet normal 0.857769 -0.514035 0
    outer loop
      vertex 8.83818 11.4445 0
      vertex 8.707 11.2256 2
      vertex 8.707 11.2256 0
    endloop
  endfacet
  facet normal -0.941618 0.336684 0
    outer loop
      vertex 13.4021 9.00502 0
      vertex 13.488 9.24526 2
      vertex 13.488 9.24526 0
    endloop
  endfacet
  facet normal -0.941618 0.336684 0
    outer loop
      vertex 13.488 9.24526 2
      vertex 13.4021 9.00502 0
      vertex 13.4021 9.00502 2
    endloop
  endfacet
  facet normal 0.970036 -0.24296 0
    outer loop
      vertex 8.44996 10.5072 2
      vertex 8.51195 10.7547 0
      vertex 8.51195 10.7547 2
    endloop
  endfacet
  facet normal 0.970036 -0.24296 0
    outer loop
      vertex 8.51195 10.7547 0
      vertex 8.44996 10.5072 2
      vertex 8.44996 10.5072 0
    endloop
  endfacet
  facet normal 0.0489992 -0.998799 0
    outer loop
      vertex 10.7452 12.5875 0
      vertex 11 12.6 2
      vertex 10.7452 12.5875 2
    endloop
  endfacet
  facet normal 0.0489992 -0.998799 0
    outer loop
      vertex 11 12.6 2
      vertex 10.7452 12.5875 0
      vertex 11 12.6 0
    endloop
  endfacet
  facet normal 0.803215 0.59569 0
    outer loop
      vertex 8.99017 8.35058 2
      vertex 8.83818 8.55552 0
      vertex 8.83818 8.55552 2
    endloop
  endfacet
  facet normal 0.803215 0.59569 0
    outer loop
      vertex 8.83818 8.55552 0
      vertex 8.99017 8.35058 2
      vertex 8.99017 8.35058 0
    endloop
  endfacet
  facet normal 0.989177 0.14673 0
    outer loop
      vertex 8.44996 9.49276 2
      vertex 8.41252 9.74516 0
      vertex 8.41252 9.74516 2
    endloop
  endfacet
  facet normal 0.989177 0.14673 0
    outer loop
      vertex 8.41252 9.74516 0
      vertex 8.44996 9.49276 2
      vertex 8.44996 9.49276 0
    endloop
  endfacet
  facet normal 0.857718 0.514121 0
    outer loop
      vertex 8.83818 8.55552 2
      vertex 8.707 8.77437 0
      vertex 8.707 8.77437 2
    endloop
  endfacet
  facet normal 0.857718 0.514121 0
    outer loop
      vertex 8.707 8.77437 0
      vertex 8.83818 8.55552 2
      vertex 8.83818 8.55552 0
    endloop
  endfacet
  facet normal 0.74103 -0.671472 0
    outer loop
      vertex 8.99017 11.6494 2
      vertex 9.16152 11.8385 0
      vertex 9.16152 11.8385 2
    endloop
  endfacet
  facet normal 0.74103 -0.671472 0
    outer loop
      vertex 9.16152 11.8385 0
      vertex 8.99017 11.6494 2
      vertex 8.99017 11.6494 0
    endloop
  endfacet
  facet normal -0.671472 0.74103 0
    outer loop
      vertex 12.8385 8.16152 0
      vertex 12.6494 7.99017 2
      vertex 12.8385 8.16152 2
    endloop
  endfacet
  facet normal -0.671472 0.74103 0
    outer loop
      vertex 12.6494 7.99017 2
      vertex 12.8385 8.16152 0
      vertex 12.6494 7.99017 0
    endloop
  endfacet
  facet normal 0.0490774 0.998795 -0
    outer loop
      vertex 11 7.4 0
      vertex 10.7452 7.41252 2
      vertex 11 7.4 2
    endloop
  endfacet
  facet normal 0.0490774 0.998795 0
    outer loop
      vertex 10.7452 7.41252 2
      vertex 11 7.4 0
      vertex 10.7452 7.41252 0
    endloop
  endfacet
  facet normal -0.595765 0.803159 0
    outer loop
      vertex 12.6494 7.99017 0
      vertex 12.4445 7.83818 2
      vertex 12.6494 7.99017 2
    endloop
  endfacet
  facet normal -0.595765 0.803159 0
    outer loop
      vertex 12.4445 7.83818 2
      vertex 12.6494 7.99017 0
      vertex 12.4445 7.83818 0
    endloop
  endfacet
  facet normal -0.0489992 -0.998799 0
    outer loop
      vertex 11 12.6 0
      vertex 11.2548 12.5875 2
      vertex 11 12.6 2
    endloop
  endfacet
  facet normal -0.0489992 -0.998799 -0
    outer loop
      vertex 11.2548 12.5875 2
      vertex 11 12.6 0
      vertex 11.2548 12.5875 0
    endloop
  endfacet
  facet normal 0.803159 -0.595765 0
    outer loop
      vertex 8.83818 11.4445 2
      vertex 8.99017 11.6494 0
      vertex 8.99017 11.6494 2
    endloop
  endfacet
  facet normal 0.803159 -0.595765 0
    outer loop
      vertex 8.99017 11.6494 0
      vertex 8.83818 11.4445 2
      vertex 8.83818 11.4445 0
    endloop
  endfacet
  facet normal -0.24296 0.970036 0
    outer loop
      vertex 11.7547 7.51195 0
      vertex 11.5072 7.44996 2
      vertex 11.7547 7.51195 2
    endloop
  endfacet
  facet normal -0.24296 0.970036 0
    outer loop
      vertex 11.5072 7.44996 2
      vertex 11.7547 7.51195 0
      vertex 11.5072 7.44996 0
    endloop
  endfacet
  facet normal 0.336818 0.94157 -0
    outer loop
      vertex 10.2453 7.51195 0
      vertex 10.005 7.59791 2
      vertex 10.2453 7.51195 2
    endloop
  endfacet
  facet normal 0.336818 0.94157 0
    outer loop
      vertex 10.005 7.59791 2
      vertex 10.2453 7.51195 0
      vertex 10.005 7.59791 0
    endloop
  endfacet
  facet normal 0.24296 0.970036 -0
    outer loop
      vertex 10.4928 7.44996 0
      vertex 10.2453 7.51195 2
      vertex 10.4928 7.44996 2
    endloop
  endfacet
  facet normal 0.24296 0.970036 0
    outer loop
      vertex 10.2453 7.51195 2
      vertex 10.4928 7.44996 0
      vertex 10.2453 7.51195 0
    endloop
  endfacet
  facet normal 0.59569 0.803215 -0
    outer loop
      vertex 9.55552 7.83818 0
      vertex 9.35058 7.99017 2
      vertex 9.55552 7.83818 2
    endloop
  endfacet
  facet normal 0.59569 0.803215 0
    outer loop
      vertex 9.35058 7.99017 2
      vertex 9.55552 7.83818 0
      vertex 9.35058 7.99017 0
    endloop
  endfacet
  facet normal 0.427588 0.903974 -0
    outer loop
      vertex 10.005 7.59791 0
      vertex 9.77437 7.707 2
      vertex 10.005 7.59791 2
    endloop
  endfacet
  facet normal 0.427588 0.903974 0
    outer loop
      vertex 9.77437 7.707 2
      vertex 10.005 7.59791 0
      vertex 9.77437 7.707 0
    endloop
  endfacet
  facet normal 0.998795 -0.0490774 0
    outer loop
      vertex 8.4 10 2
      vertex 8.41252 10.2548 0
      vertex 8.41252 10.2548 2
    endloop
  endfacet
  facet normal 0.998795 -0.0490774 0
    outer loop
      vertex 8.41252 10.2548 0
      vertex 8.4 10 2
      vertex 8.4 10 0
    endloop
  endfacet
  facet normal 0.998795 0.0490697 0
    outer loop
      vertex 8.41252 9.74516 2
      vertex 8.4 10 0
      vertex 8.4 10 2
    endloop
  endfacet
  facet normal 0.998795 0.0490697 0
    outer loop
      vertex 8.4 10 0
      vertex 8.41252 9.74516 2
      vertex 8.41252 9.74516 0
    endloop
  endfacet
  facet normal 0.903988 0.427557 0
    outer loop
      vertex 8.707 8.77437 2
      vertex 8.59791 9.00502 0
      vertex 8.59791 9.00502 2
    endloop
  endfacet
  facet normal 0.903988 0.427557 0
    outer loop
      vertex 8.59791 9.00502 0
      vertex 8.707 8.77437 2
      vertex 8.707 8.77437 0
    endloop
  endfacet
  facet normal 0.740959 0.67155 0
    outer loop
      vertex 9.16152 8.16152 2
      vertex 8.99017 8.35058 0
      vertex 8.99017 8.35058 2
    endloop
  endfacet
  facet normal 0.740959 0.67155 0
    outer loop
      vertex 8.99017 8.35058 0
      vertex 9.16152 8.16152 2
      vertex 9.16152 8.16152 0
    endloop
  endfacet
  facet normal 0 0 -1
    outer loop
      vertex 12.3 10 2
      vertex 13.6 10 2
      vertex 13.5875 9.74516 2
    endloop
  endfacet
  facet normal 0 0 -1
    outer loop
      vertex 12.2937 9.87258 2
      vertex 13.5875 9.74516 2
      vertex 13.55 9.49276 2
    endloop
  endfacet
  facet normal 0 0 -1
    outer loop
      vertex 13.6 10 2
      vertex 12.3 10 2
      vertex 13.5875 10.2548 2
    endloop
  endfacet
  facet normal 0 0 -1
    outer loop
      vertex 12.275 9.74638 2
      vertex 13.55 9.49276 2
      vertex 13.488 9.24526 2
    endloop
  endfacet
  facet normal 0 0 -1
    outer loop
      vertex 12.2937 10.1274 2
      vertex 13.5875 10.2548 2
      vertex 12.3 10 2
    endloop
  endfacet
  facet normal 0 0 -1
    outer loop
      vertex 12.244 9.62263 2
      vertex 13.488 9.24526 2
      vertex 13.4021 9.00502 2
    endloop
  endfacet
  facet normal -0 0 -1
    outer loop
      vertex 13.5875 10.2548 2
      vertex 12.2937 10.1274 2
      vertex 13.55 10.5072 2
    endloop
  endfacet
  facet normal 0 0 -1
    outer loop
      vertex 12.201 9.50251 2
      vertex 13.4021 9.00502 2
      vertex 13.293 8.77437 2
    endloop
  endfacet
  facet normal 0 0 -1
    outer loop
      vertex 12.275 10.2536 2
      vertex 13.55 10.5072 2
      vertex 12.2937 10.1274 2
    endloop
  endfacet
  facet normal 0 0 -1
    outer loop
      vertex 12.1465 9.38718 2
      vertex 13.293 8.77437 2
      vertex 13.1618 8.55552 2
    endloop
  endfacet
  facet normal -0 0 -1
    outer loop
      vertex 13.55 10.5072 2
      vertex 12.275 10.2536 2
      vertex 13.488 10.7547 2
    endloop
  endfacet
  facet normal 0 0 -1
    outer loop
      vertex 12.0809 9.27776 2
      vertex 13.1618 8.55552 2
      vertex 13.0098 8.35058 2
    endloop
  endfacet
  facet normal 0 0 -1
    outer loop
      vertex 12.244 10.3774 2
      vertex 13.488 10.7547 2
      vertex 12.275 10.2536 2
    endloop
  endfacet
  facet normal 0 0 -1
    outer loop
      vertex 12.0049 9.17529 2
      vertex 13.0098 8.35058 2
      vertex 12.8385 8.16152 2
    endloop
  endfacet
  facet normal -0 0 -1
    outer loop
      vertex 13.488 10.7547 2
      vertex 12.244 10.3774 2
      vertex 13.4021 10.995 2
    endloop
  endfacet
  facet normal 0 0 -1
    outer loop
      vertex 11.9192 9.08076 2
      vertex 12.8385 8.16152 2
      vertex 12.6494 7.99017 2
    endloop
  endfacet
  facet normal 0 0 -1
    outer loop
      vertex 12.201 10.4975 2
      vertex 13.4021 10.995 2
      vertex 12.244 10.3774 2
    endloop
  endfacet
  facet normal 0 0 -1
    outer loop
      vertex 11.8247 8.99509 2
      vertex 12.6494 7.99017 2
      vertex 12.4445 7.83818 2
    endloop
  endfacet
  facet normal -0 0 -1
    outer loop
      vertex 13.4021 10.995 2
      vertex 12.201 10.4975 2
      vertex 13.293 11.2256 2
    endloop
  endfacet
  facet normal 0 0 -1
    outer loop
      vertex 12.1465 10.6128 2
      vertex 13.293 11.2256 2
      vertex 12.201 10.4975 2
    endloop
  endfacet
  facet normal 0 0 -1
    outer loop
      vertex 13.5875 9.74516 2
      vertex 12.2937 9.87258 2
      vertex 12.3 10 2
    endloop
  endfacet
  facet normal 0 0 -1
    outer loop
      vertex 13.55 9.49276 2
      vertex 12.275 9.74638 2
      vertex 12.2937 9.87258 2
    endloop
  endfacet
  facet normal 0 0 -1
    outer loop
      vertex 13.488 9.24526 2
      vertex 12.244 9.62263 2
      vertex 12.275 9.74638 2
    endloop
  endfacet
  facet normal 0 0 -1
    outer loop
      vertex 11.7222 8.91909 2
      vertex 12.4445 7.83818 2
      vertex 12.2256 7.707 2
    endloop
  endfacet
  facet normal 0 0 -1
    outer loop
      vertex 13.4021 9.00502 2
      vertex 12.201 9.50251 2
      vertex 12.244 9.62263 2
    endloop
  endfacet
  facet normal 0 0 -1
    outer loop
      vertex 13.293 8.77437 2
      vertex 12.1465 9.38718 2
      vertex 12.201 9.50251 2
    endloop
  endfacet
  facet normal 0 0 -1
    outer loop
      vertex 13.1618 8.55552 2
      vertex 12.0809 9.27776 2
      vertex 12.1465 9.38718 2
    endloop
  endfacet
  facet normal 0 0 -1
    outer loop
      vertex 13.0098 8.35058 2
      vertex 12.0049 9.17529 2
      vertex 12.0809 9.27776 2
    endloop
  endfacet
  facet normal 0 0 -1
    outer loop
      vertex 11.6128 8.8535 2
      vertex 12.2256 7.707 2
      vertex 11.995 7.59791 2
    endloop
  endfacet
  facet normal 0 0 -1
    outer loop
      vertex 12.8385 8.16152 2
      vertex 11.9192 9.08076 2
      vertex 12.0049 9.17529 2
    endloop
  endfacet
  facet normal 0 0 -1
    outer loop
      vertex 12.6494 7.99017 2
      vertex 11.8247 8.99509 2
      vertex 11.9192 9.08076 2
    endloop
  endfacet
  facet normal 0 0 -1
    outer loop
      vertex 11.4975 8.79896 2
      vertex 11.995 7.59791 2
      vertex 11.7547 7.51195 2
    endloop
  endfacet
  facet normal 0 0 -1
    outer loop
      vertex 12.4445 7.83818 2
      vertex 11.7222 8.91909 2
      vertex 11.8247 8.99509 2
    endloop
  endfacet
  facet normal 0 0 -1
    outer loop
      vertex 12.2256 7.707 2
      vertex 11.6128 8.8535 2
      vertex 11.7222 8.91909 2
    endloop
  endfacet
  facet normal 0 0 -1
    outer loop
      vertex 11.3774 8.75598 2
      vertex 11.7547 7.51195 2
      vertex 11.5072 7.44996 2
    endloop
  endfacet
  facet normal 0 0 -1
    outer loop
      vertex 11.995 7.59791 2
      vertex 11.4975 8.79896 2
      vertex 11.6128 8.8535 2
    endloop
  endfacet
  facet normal 0 0 -1
    outer loop
      vertex 11.7547 7.51195 2
      vertex 11.3774 8.75598 2
      vertex 11.4975 8.79896 2
    endloop
  endfacet
  facet normal 0 0 -1
    outer loop
      vertex 11.2536 8.72498 2
      vertex 11.5072 7.44996 2
      vertex 11.2548 7.41252 2
    endloop
  endfacet
  facet normal 0 0 -1
    outer loop
      vertex 11.5072 7.44996 2
      vertex 11.2536 8.72498 2
      vertex 11.3774 8.75598 2
    endloop
  endfacet
  facet normal 0 0 -1
    outer loop
      vertex 11.2548 7.41252 2
      vertex 11.1274 8.70626 2
      vertex 11.2536 8.72498 2
    endloop
  endfacet
  facet normal 0 0 -1
    outer loop
      vertex 11 7.4 2
      vertex 11.1274 8.70626 2
      vertex 11.2548 7.41252 2
    endloop
  endfacet
  facet normal 0 0 -1
    outer loop
      vertex 11 7.4 2
      vertex 11 8.7 2
      vertex 11.1274 8.70626 2
    endloop
  endfacet
  facet normal 0 0 -1
    outer loop
      vertex 11 7.4 2
      vertex 10.8726 8.70626 2
      vertex 11 8.7 2
    endloop
  endfacet
  facet normal 0 0 -1
    outer loop
      vertex 10.7452 7.41252 2
      vertex 10.8726 8.70626 2
      vertex 11 7.4 2
    endloop
  endfacet
  facet normal -0 0 -1
    outer loop
      vertex 10.8726 8.70626 2
      vertex 10.7452 7.41252 2
      vertex 10.7464 8.72498 2
    endloop
  endfacet
  facet normal 0 0 -1
    outer loop
      vertex 10.4928 7.44996 2
      vertex 10.7464 8.72498 2
      vertex 10.7452 7.41252 2
    endloop
  endfacet
  facet normal -0 0 -1
    outer loop
      vertex 10.7464 8.72498 2
      vertex 10.4928 7.44996 2
      vertex 10.6226 8.75598 2
    endloop
  endfacet
  facet normal 0 0 -1
    outer loop
      vertex 10.2453 7.51195 2
      vertex 10.6226 8.75598 2
      vertex 10.4928 7.44996 2
    endloop
  endfacet
  facet normal -0 0 -1
    outer loop
      vertex 10.6226 8.75598 2
      vertex 10.2453 7.51195 2
      vertex 10.5025 8.79896 2
    endloop
  endfacet
  facet normal 0 0 -1
    outer loop
      vertex 10.005 7.59791 2
      vertex 10.5025 8.79896 2
      vertex 10.2453 7.51195 2
    endloop
  endfacet
  facet normal -0 0 -1
    outer loop
      vertex 10.5025 8.79896 2
      vertex 10.005 7.59791 2
      vertex 10.3872 8.8535 2
    endloop
  endfacet
  facet normal 0 0 -1
    outer loop
      vertex 9.77437 7.707 2
      vertex 10.3872 8.8535 2
      vertex 10.005 7.59791 2
    endloop
  endfacet
  facet normal -0 0 -1
    outer loop
      vertex 10.3872 8.8535 2
      vertex 9.77437 7.707 2
      vertex 10.2778 8.91909 2
    endloop
  endfacet
  facet normal 0 0 -1
    outer loop
      vertex 9.55552 7.83818 2
      vertex 10.2778 8.91909 2
      vertex 9.77437 7.707 2
    endloop
  endfacet
  facet normal -0 0 -1
    outer loop
      vertex 10.2778 8.91909 2
      vertex 9.55552 7.83818 2
      vertex 10.1753 8.99509 2
    endloop
  endfacet
  facet normal 0 0 -1
    outer loop
      vertex 9.35058 7.99017 2
      vertex 10.1753 8.99509 2
      vertex 9.55552 7.83818 2
    endloop
  endfacet
  facet normal -0 0 -1
    outer loop
      vertex 10.1753 8.99509 2
      vertex 9.35058 7.99017 2
      vertex 10.0808 9.08076 2
    endloop
  endfacet
  facet normal 0 0 -1
    outer loop
      vertex 9.16152 8.16152 2
      vertex 10.0808 9.08076 2
      vertex 9.35058 7.99017 2
    endloop
  endfacet
  facet normal -0 0 -1
    outer loop
      vertex 10.0808 9.08076 2
      vertex 9.16152 8.16152 2
      vertex 9.99509 9.17529 2
    endloop
  endfacet
  facet normal 0 0 -1
    outer loop
      vertex 8.99017 8.35058 2
      vertex 9.99509 9.17529 2
      vertex 9.16152 8.16152 2
    endloop
  endfacet
  facet normal -0 0 -1
    outer loop
      vertex 9.99509 9.17529 2
      vertex 8.99017 8.35058 2
      vertex 9.91909 9.27776 2
    endloop
  endfacet
  facet normal 0 0 -1
    outer loop
      vertex 8.83818 8.55552 2
      vertex 9.91909 9.27776 2
      vertex 8.99017 8.35058 2
    endloop
  endfacet
  facet normal -0 0 -1
    outer loop
      vertex 9.91909 9.27776 2
      vertex 8.83818 8.55552 2
      vertex 9.8535 9.38718 2
    endloop
  endfacet
  facet normal 0 0 -1
    outer loop
      vertex 8.707 8.77437 2
      vertex 9.8535 9.38718 2
      vertex 8.83818 8.55552 2
    endloop
  endfacet
  facet normal -0 0 -1
    outer loop
      vertex 13.293 11.2256 2
      vertex 12.1465 10.6128 2
      vertex 13.1618 11.4445 2
    endloop
  endfacet
  facet normal 0 0 -1
    outer loop
      vertex 12.0809 10.7222 2
      vertex 13.1618 11.4445 2
      vertex 12.1465 10.6128 2
    endloop
  endfacet
  facet normal -0 0 -1
    outer loop
      vertex 13.1618 11.4445 2
      vertex 12.0809 10.7222 2
      vertex 13.0098 11.6494 2
    endloop
  endfacet
  facet normal 0 0 -1
    outer loop
      vertex 12.0049 10.8247 2
      vertex 13.0098 11.6494 2
      vertex 12.0809 10.7222 2
    endloop
  endfacet
  facet normal -0 0 -1
    outer loop
      vertex 13.0098 11.6494 2
      vertex 12.0049 10.8247 2
      vertex 12.8385 11.8385 2
    endloop
  endfacet
  facet normal 0 0 -1
    outer loop
      vertex 11.9192 10.9192 2
      vertex 12.8385 11.8385 2
      vertex 12.0049 10.8247 2
    endloop
  endfacet
  facet normal -0 0 -1
    outer loop
      vertex 12.8385 11.8385 2
      vertex 11.9192 10.9192 2
      vertex 12.6494 12.0098 2
    endloop
  endfacet
  facet normal 0 0 -1
    outer loop
      vertex 11.8247 11.0049 2
      vertex 12.6494 12.0098 2
      vertex 11.9192 10.9192 2
    endloop
  endfacet
  facet normal -0 0 -1
    outer loop
      vertex 12.6494 12.0098 2
      vertex 11.8247 11.0049 2
      vertex 12.4445 12.1618 2
    endloop
  endfacet
  facet normal 0 0 -1
    outer loop
      vertex 11.7222 11.0809 2
      vertex 12.4445 12.1618 2
      vertex 11.8247 11.0049 2
    endloop
  endfacet
  facet normal -0 0 -1
    outer loop
      vertex 12.4445 12.1618 2
      vertex 11.7222 11.0809 2
      vertex 12.2256 12.293 2
    endloop
  endfacet
  facet normal 0 0 -1
    outer loop
      vertex 11.6128 11.1465 2
      vertex 12.2256 12.293 2
      vertex 11.7222 11.0809 2
    endloop
  endfacet
  facet normal -0 0 -1
    outer loop
      vertex 12.2256 12.293 2
      vertex 11.6128 11.1465 2
      vertex 11.995 12.4021 2
    endloop
  endfacet
  facet normal 0 0 -1
    outer loop
      vertex 11.4975 11.201 2
      vertex 11.995 12.4021 2
      vertex 11.6128 11.1465 2
    endloop
  endfacet
  facet normal -0 0 -1
    outer loop
      vertex 11.995 12.4021 2
      vertex 11.4975 11.201 2
      vertex 11.7547 12.488 2
    endloop
  endfacet
  facet normal 0 0 -1
    outer loop
      vertex 11.3774 11.244 2
      vertex 11.7547 12.488 2
      vertex 11.4975 11.201 2
    endloop
  endfacet
  facet normal -0 0 -1
    outer loop
      vertex 11.7547 12.488 2
      vertex 11.3774 11.244 2
      vertex 11.5072 12.55 2
    endloop
  endfacet
  facet normal 0 0 -1
    outer loop
      vertex 11.2536 11.275 2
      vertex 11.5072 12.55 2
      vertex 11.3774 11.244 2
    endloop
  endfacet
  facet normal -0 0 -1
    outer loop
      vertex 11.5072 12.55 2
      vertex 11.2536 11.275 2
      vertex 11.2548 12.5875 2
    endloop
  endfacet
  facet normal 0 0 -1
    outer loop
      vertex 11.1274 11.2937 2
      vertex 11.2548 12.5875 2
      vertex 11.2536 11.275 2
    endloop
  endfacet
  facet normal 0 0 -1
    outer loop
      vertex 11 11.3 2
      vertex 11.2548 12.5875 2
      vertex 11.1274 11.2937 2
    endloop
  endfacet
  facet normal 0 0 -1
    outer loop
      vertex 11 11.3 2
      vertex 11 12.6 2
      vertex 11.2548 12.5875 2
    endloop
  endfacet
  facet normal 0 0 -1
    outer loop
      vertex 10.8726 11.2937 2
      vertex 11 12.6 2
      vertex 11 11.3 2
    endloop
  endfacet
  facet normal 0 0 -1
    outer loop
      vertex 10.7452 12.5875 2
      vertex 10.8726 11.2937 2
      vertex 10.7464 11.275 2
    endloop
  endfacet
  facet normal 0 0 -1
    outer loop
      vertex 10.8726 11.2937 2
      vertex 10.7452 12.5875 2
      vertex 11 12.6 2
    endloop
  endfacet
  facet normal 0 0 -1
    outer loop
      vertex 10.4928 12.55 2
      vertex 10.7464 11.275 2
      vertex 10.6226 11.244 2
    endloop
  endfacet
  facet normal 0 0 -1
    outer loop
      vertex 10.2453 12.488 2
      vertex 10.6226 11.244 2
      vertex 10.5025 11.201 2
    endloop
  endfacet
  facet normal 0 0 -1
    outer loop
      vertex 10.7464 11.275 2
      vertex 10.4928 12.55 2
      vertex 10.7452 12.5875 2
    endloop
  endfacet
  facet normal 0 0 -1
    outer loop
      vertex 10.005 12.4021 2
      vertex 10.5025 11.201 2
      vertex 10.3872 11.1465 2
    endloop
  endfacet
  facet normal 0 0 -1
    outer loop
      vertex 9.77437 12.293 2
      vertex 10.3872 11.1465 2
      vertex 10.2778 11.0809 2
    endloop
  endfacet
  facet normal 0 0 -1
    outer loop
      vertex 10.6226 11.244 2
      vertex 10.2453 12.488 2
      vertex 10.4928 12.55 2
    endloop
  endfacet
  facet normal 0 0 -1
    outer loop
      vertex 9.55552 12.1618 2
      vertex 10.2778 11.0809 2
      vertex 10.1753 11.0049 2
    endloop
  endfacet
  facet normal 0 0 -1
    outer loop
      vertex 9.35058 12.0098 2
      vertex 10.1753 11.0049 2
      vertex 10.0808 10.9192 2
    endloop
  endfacet
  facet normal 0 0 -1
    outer loop
      vertex 10.5025 11.201 2
      vertex 10.005 12.4021 2
      vertex 10.2453 12.488 2
    endloop
  endfacet
  facet normal 0 0 -1
    outer loop
      vertex 9.16152 11.8385 2
      vertex 10.0808 10.9192 2
      vertex 9.99509 10.8247 2
    endloop
  endfacet
  facet normal 0 0 -1
    outer loop
      vertex 8.99017 11.6494 2
      vertex 9.99509 10.8247 2
      vertex 9.91909 10.7222 2
    endloop
  endfacet
  facet normal 0 0 -1
    outer loop
      vertex 8.83818 11.4445 2
      vertex 9.91909 10.7222 2
      vertex 9.8535 10.6128 2
    endloop
  endfacet
  facet normal 0 0 -1
    outer loop
      vertex 8.707 11.2256 2
      vertex 9.8535 10.6128 2
      vertex 9.79896 10.4975 2
    endloop
  endfacet
  facet normal 0 0 -1
    outer loop
      vertex 10.3872 11.1465 2
      vertex 9.77437 12.293 2
      vertex 10.005 12.4021 2
    endloop
  endfacet
  facet normal 0 0 -1
    outer loop
      vertex 8.59791 10.995 2
      vertex 9.79896 10.4975 2
      vertex 9.75598 10.3774 2
    endloop
  endfacet
  facet normal 0 0 -1
    outer loop
      vertex 8.51195 10.7547 2
      vertex 9.75598 10.3774 2
      vertex 9.72498 10.2536 2
    endloop
  endfacet
  facet normal 0 0 -1
    outer loop
      vertex 8.44996 10.5072 2
      vertex 9.72498 10.2536 2
      vertex 9.70626 10.1274 2
    endloop
  endfacet
  facet normal 0 0 -1
    outer loop
      vertex 8.41252 10.2548 2
      vertex 9.70626 10.1274 2
      vertex 9.7 10 2
    endloop
  endfacet
  facet normal -0 0 -1
    outer loop
      vertex 9.8535 9.38718 2
      vertex 8.707 8.77437 2
      vertex 9.79896 9.50251 2
    endloop
  endfacet
  facet normal 0 0 -1
    outer loop
      vertex 10.2778 11.0809 2
      vertex 9.55552 12.1618 2
      vertex 9.77437 12.293 2
    endloop
  endfacet
  facet normal 0 0 -1
    outer loop
      vertex 8.59791 9.00502 2
      vertex 9.79896 9.50251 2
      vertex 8.707 8.77437 2
    endloop
  endfacet
  facet normal 0 0 -1
    outer loop
      vertex 10.1753 11.0049 2
      vertex 9.35058 12.0098 2
      vertex 9.55552 12.1618 2
    endloop
  endfacet
  facet normal -0 0 -1
    outer loop
      vertex 9.79896 9.50251 2
      vertex 8.59791 9.00502 2
      vertex 9.75598 9.62263 2
    endloop
  endfacet
  facet normal 0 0 -1
    outer loop
      vertex 10.0808 10.9192 2
      vertex 9.16152 11.8385 2
      vertex 9.35058 12.0098 2
    endloop
  endfacet
  facet normal 0 0 -1
    outer loop
      vertex 8.51195 9.24526 2
      vertex 9.75598 9.62263 2
      vertex 8.59791 9.00502 2
    endloop
  endfacet
  facet normal 0 0 -1
    outer loop
      vertex 9.99509 10.8247 2
      vertex 8.99017 11.6494 2
      vertex 9.16152 11.8385 2
    endloop
  endfacet
  facet normal -0 0 -1
    outer loop
      vertex 9.75598 9.62263 2
      vertex 8.51195 9.24526 2
      vertex 9.72498 9.74638 2
    endloop
  endfacet
  facet normal 0 0 -1
    outer loop
      vertex 9.91909 10.7222 2
      vertex 8.83818 11.4445 2
      vertex 8.99017 11.6494 2
    endloop
  endfacet
  facet normal 0 0 -1
    outer loop
      vertex 8.44996 9.49276 2
      vertex 9.72498 9.74638 2
      vertex 8.51195 9.24526 2
    endloop
  endfacet
  facet normal 0 0 -1
    outer loop
      vertex 9.8535 10.6128 2
      vertex 8.707 11.2256 2
      vertex 8.83818 11.4445 2
    endloop
  endfacet
  facet normal -0 0 -1
    outer loop
      vertex 9.72498 9.74638 2
      vertex 8.44996 9.49276 2
      vertex 9.70626 9.87258 2
    endloop
  endfacet
  facet normal 0 0 -1
    outer loop
      vertex 9.79896 10.4975 2
      vertex 8.59791 10.995 2
      vertex 8.707 11.2256 2
    endloop
  endfacet
  facet normal 0 0 -1
    outer loop
      vertex 8.41252 9.74516 2
      vertex 9.70626 9.87258 2
      vertex 8.44996 9.49276 2
    endloop
  endfacet
  facet normal 0 0 -1
    outer loop
      vertex 9.75598 10.3774 2
      vertex 8.51195 10.7547 2
      vertex 8.59791 10.995 2
    endloop
  endfacet
  facet normal -0 0 -1
    outer loop
      vertex 9.70626 9.87258 2
      vertex 8.41252 9.74516 2
      vertex 9.7 10 2
    endloop
  endfacet
  facet normal 0 0 -1
    outer loop
      vertex 9.72498 10.2536 2
      vertex 8.44996 10.5072 2
      vertex 8.51195 10.7547 2
    endloop
  endfacet
  facet normal 0 0 -1
    outer loop
      vertex 8.4 10 2
      vertex 9.7 10 2
      vertex 8.41252 9.74516 2
    endloop
  endfacet
  facet normal 0 0 -1
    outer loop
      vertex 9.70626 10.1274 2
      vertex 8.41252 10.2548 2
      vertex 8.44996 10.5072 2
    endloop
  endfacet
  facet normal 0 0 -1
    outer loop
      vertex 9.7 10 2
      vertex 8.4 10 2
      vertex 8.41252 10.2548 2
    endloop
  endfacet
  facet normal 0.427345 0.904089 -0
    outer loop
      vertex 28.5025 -11.201 2
      vertex 28.3872 -11.1465 6.5
      vertex 28.5025 -11.201 6.5
    endloop
  endfacet
  facet normal 0.427345 0.904089 0
    outer loop
      vertex 28.3872 -11.1465 6.5
      vertex 28.5025 -11.201 2
      vertex 28.3872 -11.1465 2
    endloop
  endfacet
  facet normal -0.989199 -0.146577 0
    outer loop
      vertex 30.2937 -9.87258 2
      vertex 30.275 -9.74638 6.5
      vertex 30.275 -9.74638 2
    endloop
  endfacet
  facet normal -0.989199 -0.146577 0
    outer loop
      vertex 30.275 -9.74638 6.5
      vertex 30.2937 -9.87258 2
      vertex 30.2937 -9.87258 6.5
    endloop
  endfacet
  facet normal -0.99878 -0.0493825 0
    outer loop
      vertex 30.3 -10 2
      vertex 30.2937 -9.87258 6.5
      vertex 30.2937 -9.87258 2
    endloop
  endfacet
  facet normal -0.99878 -0.0493825 0
    outer loop
      vertex 30.2937 -9.87258 6.5
      vertex 30.3 -10 2
      vertex 30.3 -10 6.5
    endloop
  endfacet
  facet normal -0.970027 -0.242997 0
    outer loop
      vertex 30.275 -9.74638 2
      vertex 30.244 -9.62263 6.5
      vertex 30.244 -9.62263 2
    endloop
  endfacet
  facet normal -0.970027 -0.242997 0
    outer loop
      vertex 30.244 -9.62263 6.5
      vertex 30.275 -9.74638 2
      vertex 30.275 -9.74638 6.5
    endloop
  endfacet
  facet normal -0.427345 0.904089 0
    outer loop
      vertex 29.6128 -11.1465 2
      vertex 29.4975 -11.201 6.5
      vertex 29.6128 -11.1465 6.5
    endloop
  endfacet
  facet normal -0.427345 0.904089 0
    outer loop
      vertex 29.4975 -11.201 6.5
      vertex 29.6128 -11.1465 2
      vertex 29.4975 -11.201 2
    endloop
  endfacet
  facet normal 0.14673 -0.989177 0
    outer loop
      vertex 28.7464 -8.72498 2
      vertex 28.8726 -8.70626 6.5
      vertex 28.7464 -8.72498 6.5
    endloop
  endfacet
  facet normal 0.14673 -0.989177 0
    outer loop
      vertex 28.8726 -8.70626 6.5
      vertex 28.7464 -8.72498 2
      vertex 28.8726 -8.70626 2
    endloop
  endfacet
  facet normal 0.941476 0.337081 0
    outer loop
      vertex 27.799 -10.4975 6.5
      vertex 27.756 -10.3774 2
      vertex 27.756 -10.3774 6.5
    endloop
  endfacet
  facet normal 0.941476 0.337081 0
    outer loop
      vertex 27.756 -10.3774 2
      vertex 27.799 -10.4975 6.5
      vertex 27.799 -10.4975 2
    endloop
  endfacet
  facet normal -0.514208 -0.857666 0
    outer loop
      vertex 29.6128 -8.8535 2
      vertex 29.7222 -8.91909 6.5
      vertex 29.6128 -8.8535 6.5
    endloop
  endfacet
  facet normal -0.514208 -0.857666 -0
    outer loop
      vertex 29.7222 -8.91909 6.5
      vertex 29.6128 -8.8535 2
      vertex 29.7222 -8.91909 2
    endloop
  endfacet
  facet normal 0.242904 0.97005 -0
    outer loop
      vertex 28.7464 -11.275 2
      vertex 28.6226 -11.244 6.5
      vertex 28.7464 -11.275 6.5
    endloop
  endfacet
  facet normal 0.242904 0.97005 0
    outer loop
      vertex 28.6226 -11.244 6.5
      vertex 28.7464 -11.275 2
      vertex 28.6226 -11.244 2
    endloop
  endfacet
  facet normal -0.242904 0.97005 0
    outer loop
      vertex 29.3774 -11.244 2
      vertex 29.2536 -11.275 6.5
      vertex 29.3774 -11.244 6.5
    endloop
  endfacet
  facet normal -0.242904 0.97005 0
    outer loop
      vertex 29.2536 -11.275 6.5
      vertex 29.3774 -11.244 2
      vertex 29.2536 -11.275 2
    endloop
  endfacet
  facet normal 0.514208 -0.857666 0
    outer loop
      vertex 28.2778 -8.91909 2
      vertex 28.3872 -8.8535 6.5
      vertex 28.2778 -8.91909 6.5
    endloop
  endfacet
  facet normal 0.514208 -0.857666 0
    outer loop
      vertex 28.3872 -8.8535 6.5
      vertex 28.2778 -8.91909 2
      vertex 28.3872 -8.8535 2
    endloop
  endfacet
  facet normal 0.595602 -0.803279 0
    outer loop
      vertex 28.1753 -8.99509 2
      vertex 28.2778 -8.91909 6.5
      vertex 28.1753 -8.99509 6.5
    endloop
  endfacet
  facet normal 0.595602 -0.803279 0
    outer loop
      vertex 28.2778 -8.91909 6.5
      vertex 28.1753 -8.99509 2
      vertex 28.2778 -8.91909 2
    endloop
  endfacet
  facet normal -0.14673 -0.989177 0
    outer loop
      vertex 29.1274 -8.70626 2
      vertex 29.2536 -8.72498 6.5
      vertex 29.1274 -8.70626 6.5
    endloop
  endfacet
  facet normal -0.14673 -0.989177 -0
    outer loop
      vertex 29.2536 -8.72498 6.5
      vertex 29.1274 -8.70626 2
      vertex 29.2536 -8.72498 2
    endloop
  endfacet
  facet normal -0.0493902 0.99878 0
    outer loop
      vertex 29.1274 -11.2937 2
      vertex 29 -11.3 6.5
      vertex 29.1274 -11.2937 6.5
    endloop
  endfacet
  facet normal -0.0493902 0.99878 0
    outer loop
      vertex 29 -11.3 6.5
      vertex 29.1274 -11.2937 2
      vertex 29 -11.3 2
    endloop
  endfacet
  facet normal 0.514265 0.857631 -0
    outer loop
      vertex 28.3872 -11.1465 2
      vertex 28.2778 -11.0809 6.5
      vertex 28.3872 -11.1465 6.5
    endloop
  endfacet
  facet normal 0.514265 0.857631 0
    outer loop
      vertex 28.2778 -11.0809 6.5
      vertex 28.3872 -11.1465 2
      vertex 28.2778 -11.0809 2
    endloop
  endfacet
  facet normal 0.989199 -0.146577 0
    outer loop
      vertex 27.7063 -9.87258 6.5
      vertex 27.725 -9.74638 2
      vertex 27.725 -9.74638 6.5
    endloop
  endfacet
  facet normal 0.989199 -0.146577 0
    outer loop
      vertex 27.725 -9.74638 2
      vertex 27.7063 -9.87258 6.5
      vertex 27.7063 -9.87258 2
    endloop
  endfacet
  facet normal -0.904132 -0.427254 0
    outer loop
      vertex 30.201 -9.50251 2
      vertex 30.1465 -9.38718 6.5
      vertex 30.1465 -9.38718 2
    endloop
  endfacet
  facet normal -0.904132 -0.427254 0
    outer loop
      vertex 30.1465 -9.38718 6.5
      vertex 30.201 -9.50251 2
      vertex 30.201 -9.50251 6.5
    endloop
  endfacet
  facet normal 0.146577 0.989199 -0
    outer loop
      vertex 28.8726 -11.2937 2
      vertex 28.7464 -11.275 6.5
      vertex 28.8726 -11.2937 6.5
    endloop
  endfacet
  facet normal 0.146577 0.989199 0
    outer loop
      vertex 28.7464 -11.275 6.5
      vertex 28.8726 -11.2937 2
      vertex 28.7464 -11.275 2
    endloop
  endfacet
  facet normal -0.514265 0.857631 0
    outer loop
      vertex 29.7222 -11.0809 2
      vertex 29.6128 -11.1465 6.5
      vertex 29.7222 -11.0809 6.5
    endloop
  endfacet
  facet normal -0.514265 0.857631 0
    outer loop
      vertex 29.6128 -11.1465 6.5
      vertex 29.7222 -11.0809 2
      vertex 29.6128 -11.1465 2
    endloop
  endfacet
  facet normal 0.904089 0.427345 0
    outer loop
      vertex 27.8535 -10.6128 6.5
      vertex 27.799 -10.4975 2
      vertex 27.799 -10.4975 6.5
    endloop
  endfacet
  facet normal 0.904089 0.427345 0
    outer loop
      vertex 27.799 -10.4975 2
      vertex 27.8535 -10.6128 6.5
      vertex 27.8535 -10.6128 2
    endloop
  endfacet
  facet normal -0.989199 0.146577 0
    outer loop
      vertex 30.275 -10.2536 2
      vertex 30.2937 -10.1274 6.5
      vertex 30.2937 -10.1274 2
    endloop
  endfacet
  facet normal -0.989199 0.146577 0
    outer loop
      vertex 30.2937 -10.1274 6.5
      vertex 30.275 -10.2536 2
      vertex 30.275 -10.2536 6.5
    endloop
  endfacet
  facet normal -0.595602 -0.803279 0
    outer loop
      vertex 29.7222 -8.91909 2
      vertex 29.8247 -8.99509 6.5
      vertex 29.7222 -8.91909 6.5
    endloop
  endfacet
  facet normal -0.595602 -0.803279 -0
    outer loop
      vertex 29.8247 -8.99509 6.5
      vertex 29.7222 -8.91909 2
      vertex 29.8247 -8.99509 2
    endloop
  endfacet
  facet normal -0.803279 0.595602 0
    outer loop
      vertex 30.0049 -10.8247 2
      vertex 30.0809 -10.7222 6.5
      vertex 30.0809 -10.7222 2
    endloop
  endfacet
  facet normal -0.803279 0.595602 0
    outer loop
      vertex 30.0809 -10.7222 6.5
      vertex 30.0049 -10.8247 2
      vertex 30.0049 -10.8247 6.5
    endloop
  endfacet
  facet normal 0.941493 -0.337031 0
    outer loop
      vertex 27.756 -9.62263 6.5
      vertex 27.799 -9.50251 2
      vertex 27.799 -9.50251 6.5
    endloop
  endfacet
  facet normal 0.941493 -0.337031 0
    outer loop
      vertex 27.799 -9.50251 2
      vertex 27.756 -9.62263 6.5
      vertex 27.756 -9.62263 2
    endloop
  endfacet
  facet normal -0.803196 -0.595715 0
    outer loop
      vertex 30.0809 -9.27776 2
      vertex 30.0049 -9.17529 6.5
      vertex 30.0049 -9.17529 2
    endloop
  endfacet
  facet normal -0.803196 -0.595715 0
    outer loop
      vertex 30.0049 -9.17529 6.5
      vertex 30.0809 -9.27776 2
      vertex 30.0809 -9.27776 6.5
    endloop
  endfacet
  facet normal 0.0490774 -0.998795 0
    outer loop
      vertex 28.8726 -8.70626 2
      vertex 29 -8.7 6.5
      vertex 28.8726 -8.70626 6.5
    endloop
  endfacet
  facet normal 0.0490774 -0.998795 0
    outer loop
      vertex 29 -8.7 6.5
      vertex 28.8726 -8.70626 2
      vertex 29 -8.7 2
    endloop
  endfacet
  facet normal 0.97005 0.242904 0
    outer loop
      vertex 27.756 -10.3774 6.5
      vertex 27.725 -10.2536 2
      vertex 27.725 -10.2536 6.5
    endloop
  endfacet
  facet normal 0.97005 0.242904 0
    outer loop
      vertex 27.725 -10.2536 2
      vertex 27.756 -10.3774 6.5
      vertex 27.756 -10.3774 2
    endloop
  endfacet
  facet normal 0.336942 -0.941525 0
    outer loop
      vertex 28.5025 -8.79896 2
      vertex 28.6226 -8.75598 6.5
      vertex 28.5025 -8.79896 6.5
    endloop
  endfacet
  facet normal 0.336942 -0.941525 0
    outer loop
      vertex 28.6226 -8.75598 6.5
      vertex 28.5025 -8.79896 2
      vertex 28.6226 -8.75598 2
    endloop
  endfacet
  facet normal -0.904089 0.427345 0
    outer loop
      vertex 30.1465 -10.6128 2
      vertex 30.201 -10.4975 6.5
      vertex 30.201 -10.4975 2
    endloop
  endfacet
  facet normal -0.904089 0.427345 0
    outer loop
      vertex 30.201 -10.4975 6.5
      vertex 30.1465 -10.6128 2
      vertex 30.1465 -10.6128 6.5
    endloop
  endfacet
  facet normal 0.740861 -0.671658 0
    outer loop
      vertex 27.9951 -9.17529 6.5
      vertex 28.0808 -9.08076 2
      vertex 28.0808 -9.08076 6.5
    endloop
  endfacet
  facet normal 0.740861 -0.671658 0
    outer loop
      vertex 28.0808 -9.08076 2
      vertex 27.9951 -9.17529 6.5
      vertex 27.9951 -9.17529 2
    endloop
  endfacet
  facet normal 0.857673 -0.514196 0
    outer loop
      vertex 27.8535 -9.38718 6.5
      vertex 27.9191 -9.27776 2
      vertex 27.9191 -9.27776 6.5
    endloop
  endfacet
  facet normal 0.857673 -0.514196 0
    outer loop
      vertex 27.9191 -9.27776 2
      vertex 27.8535 -9.38718 6.5
      vertex 27.8535 -9.38718 2
    endloop
  endfacet
  facet normal -0.146577 0.989199 0
    outer loop
      vertex 29.2536 -11.275 2
      vertex 29.1274 -11.2937 6.5
      vertex 29.2536 -11.275 6.5
    endloop
  endfacet
  facet normal -0.146577 0.989199 0
    outer loop
      vertex 29.1274 -11.2937 6.5
      vertex 29.2536 -11.275 2
      vertex 29.1274 -11.2937 2
    endloop
  endfacet
  facet normal -0.857673 -0.514196 0
    outer loop
      vertex 30.1465 -9.38718 2
      vertex 30.0809 -9.27776 6.5
      vertex 30.0809 -9.27776 2
    endloop
  endfacet
  facet normal -0.857673 -0.514196 0
    outer loop
      vertex 30.0809 -9.27776 6.5
      vertex 30.1465 -9.38718 2
      vertex 30.1465 -9.38718 6.5
    endloop
  endfacet
  facet normal -0.941493 -0.337031 0
    outer loop
      vertex 30.244 -9.62263 2
      vertex 30.201 -9.50251 6.5
      vertex 30.201 -9.50251 2
    endloop
  endfacet
  facet normal -0.941493 -0.337031 0
    outer loop
      vertex 30.201 -9.50251 6.5
      vertex 30.244 -9.62263 2
      vertex 30.244 -9.62263 6.5
    endloop
  endfacet
  facet normal -0.671646 -0.740872 0
    outer loop
      vertex 29.8247 -8.99509 2
      vertex 29.9192 -9.08076 6.5
      vertex 29.8247 -8.99509 6.5
    endloop
  endfacet
  facet normal -0.671646 -0.740872 -0
    outer loop
      vertex 29.9192 -9.08076 6.5
      vertex 29.8247 -8.99509 2
      vertex 29.9192 -9.08076 2
    endloop
  endfacet
  facet normal -0.97005 0.242904 0
    outer loop
      vertex 30.244 -10.3774 2
      vertex 30.275 -10.2536 6.5
      vertex 30.275 -10.2536 2
    endloop
  endfacet
  facet normal -0.97005 0.242904 0
    outer loop
      vertex 30.275 -10.2536 6.5
      vertex 30.244 -10.3774 2
      vertex 30.244 -10.3774 6.5
    endloop
  endfacet
  facet normal 0.427601 -0.903968 0
    outer loop
      vertex 28.3872 -8.8535 2
      vertex 28.5025 -8.79896 6.5
      vertex 28.3872 -8.8535 6.5
    endloop
  endfacet
  facet normal 0.427601 -0.903968 0
    outer loop
      vertex 28.5025 -8.79896 6.5
      vertex 28.3872 -8.8535 2
      vertex 28.5025 -8.79896 2
    endloop
  endfacet
  facet normal -0.336942 -0.941525 0
    outer loop
      vertex 29.3774 -8.75598 2
      vertex 29.4975 -8.79896 6.5
      vertex 29.3774 -8.75598 6.5
    endloop
  endfacet
  facet normal -0.336942 -0.941525 -0
    outer loop
      vertex 29.4975 -8.79896 6.5
      vertex 29.3774 -8.75598 2
      vertex 29.4975 -8.79896 2
    endloop
  endfacet
  facet normal 0.242904 -0.97005 0
    outer loop
      vertex 28.6226 -8.75598 2
      vertex 28.7464 -8.72498 6.5
      vertex 28.6226 -8.75598 6.5
    endloop
  endfacet
  facet normal 0.242904 -0.97005 0
    outer loop
      vertex 28.7464 -8.72498 6.5
      vertex 28.6226 -8.75598 2
      vertex 28.7464 -8.72498 2
    endloop
  endfacet
  facet normal -0.857631 0.514265 0
    outer loop
      vertex 30.0809 -10.7222 2
      vertex 30.1465 -10.6128 6.5
      vertex 30.1465 -10.6128 2
    endloop
  endfacet
  facet normal -0.857631 0.514265 0
    outer loop
      vertex 30.1465 -10.6128 6.5
      vertex 30.0809 -10.7222 2
      vertex 30.0809 -10.7222 6.5
    endloop
  endfacet
  facet normal -0.427601 -0.903968 0
    outer loop
      vertex 29.4975 -8.79896 2
      vertex 29.6128 -8.8535 6.5
      vertex 29.4975 -8.79896 6.5
    endloop
  endfacet
  facet normal -0.427601 -0.903968 -0
    outer loop
      vertex 29.6128 -8.8535 6.5
      vertex 29.4975 -8.79896 2
      vertex 29.6128 -8.8535 2
    endloop
  endfacet
  facet normal -0.0490774 -0.998795 0
    outer loop
      vertex 29 -8.7 2
      vertex 29.1274 -8.70626 6.5
      vertex 29 -8.7 6.5
    endloop
  endfacet
  facet normal -0.0490774 -0.998795 -0
    outer loop
      vertex 29.1274 -8.70626 6.5
      vertex 29 -8.7 2
      vertex 29.1274 -8.70626 2
    endloop
  endfacet
  facet normal -0.941476 0.337081 0
    outer loop
      vertex 30.201 -10.4975 2
      vertex 30.244 -10.3774 6.5
      vertex 30.244 -10.3774 2
    endloop
  endfacet
  facet normal -0.941476 0.337081 0
    outer loop
      vertex 30.244 -10.3774 6.5
      vertex 30.201 -10.4975 2
      vertex 30.201 -10.4975 6.5
    endloop
  endfacet
  facet normal -0.242904 -0.97005 0
    outer loop
      vertex 29.2536 -8.72498 2
      vertex 29.3774 -8.75598 6.5
      vertex 29.2536 -8.72498 6.5
    endloop
  endfacet
  facet normal -0.242904 -0.97005 -0
    outer loop
      vertex 29.3774 -8.75598 6.5
      vertex 29.2536 -8.72498 2
      vertex 29.3774 -8.75598 2
    endloop
  endfacet
  facet normal -0.99878 0.0493902 0
    outer loop
      vertex 30.2937 -10.1274 2
      vertex 30.3 -10 6.5
      vertex 30.3 -10 2
    endloop
  endfacet
  facet normal -0.99878 0.0493902 0
    outer loop
      vertex 30.3 -10 6.5
      vertex 30.2937 -10.1274 2
      vertex 30.2937 -10.1274 6.5
    endloop
  endfacet
  facet normal 0.970027 -0.242997 0
    outer loop
      vertex 27.725 -9.74638 6.5
      vertex 27.756 -9.62263 2
      vertex 27.756 -9.62263 6.5
    endloop
  endfacet
  facet normal 0.970027 -0.242997 0
    outer loop
      vertex 27.756 -9.62263 2
      vertex 27.725 -9.74638 6.5
      vertex 27.725 -9.74638 2
    endloop
  endfacet
  facet normal 0.671646 -0.740872 0
    outer loop
      vertex 28.0808 -9.08076 2
      vertex 28.1753 -8.99509 6.5
      vertex 28.0808 -9.08076 6.5
    endloop
  endfacet
  facet normal 0.671646 -0.740872 0
    outer loop
      vertex 28.1753 -8.99509 6.5
      vertex 28.0808 -9.08076 2
      vertex 28.1753 -8.99509 2
    endloop
  endfacet
  facet normal 0.857631 0.514265 0
    outer loop
      vertex 27.9191 -10.7222 6.5
      vertex 27.8535 -10.6128 2
      vertex 27.8535 -10.6128 6.5
    endloop
  endfacet
  facet normal 0.857631 0.514265 0
    outer loop
      vertex 27.8535 -10.6128 2
      vertex 27.9191 -10.7222 6.5
      vertex 27.9191 -10.7222 2
    endloop
  endfacet
  facet normal 0.740755 0.671775 0
    outer loop
      vertex 28.0808 -10.9192 6.5
      vertex 27.9951 -10.8247 2
      vertex 27.9951 -10.8247 6.5
    endloop
  endfacet
  facet normal 0.740755 0.671775 0
    outer loop
      vertex 27.9951 -10.8247 2
      vertex 28.0808 -10.9192 6.5
      vertex 28.0808 -10.9192 2
    endloop
  endfacet
  facet normal 0.595602 0.803279 -0
    outer loop
      vertex 28.2778 -11.0809 2
      vertex 28.1753 -11.0049 6.5
      vertex 28.2778 -11.0809 6.5
    endloop
  endfacet
  facet normal 0.595602 0.803279 0
    outer loop
      vertex 28.1753 -11.0049 6.5
      vertex 28.2778 -11.0809 2
      vertex 28.1753 -11.0049 2
    endloop
  endfacet
  facet normal 0.989199 0.146577 0
    outer loop
      vertex 27.725 -10.2536 6.5
      vertex 27.7063 -10.1274 2
      vertex 27.7063 -10.1274 6.5
    endloop
  endfacet
  facet normal 0.989199 0.146577 0
    outer loop
      vertex 27.7063 -10.1274 2
      vertex 27.725 -10.2536 6.5
      vertex 27.725 -10.2536 2
    endloop
  endfacet
  facet normal 0.803279 0.595602 0
    outer loop
      vertex 27.9951 -10.8247 6.5
      vertex 27.9191 -10.7222 2
      vertex 27.9191 -10.7222 6.5
    endloop
  endfacet
  facet normal 0.803279 0.595602 0
    outer loop
      vertex 27.9191 -10.7222 2
      vertex 27.9951 -10.8247 6.5
      vertex 27.9951 -10.8247 2
    endloop
  endfacet
  facet normal -0.337081 0.941476 0
    outer loop
      vertex 29.4975 -11.201 2
      vertex 29.3774 -11.244 6.5
      vertex 29.4975 -11.201 6.5
    endloop
  endfacet
  facet normal -0.337081 0.941476 0
    outer loop
      vertex 29.3774 -11.244 6.5
      vertex 29.4975 -11.201 2
      vertex 29.3774 -11.244 2
    endloop
  endfacet
  facet normal 0.99878 0.0493902 0
    outer loop
      vertex 27.7063 -10.1274 6.5
      vertex 27.7 -10 2
      vertex 27.7 -10 6.5
    endloop
  endfacet
  facet normal 0.99878 0.0493902 0
    outer loop
      vertex 27.7 -10 2
      vertex 27.7063 -10.1274 6.5
      vertex 27.7063 -10.1274 2
    endloop
  endfacet
  facet normal 0.803196 -0.595715 0
    outer loop
      vertex 27.9191 -9.27776 6.5
      vertex 27.9951 -9.17529 2
      vertex 27.9951 -9.17529 6.5
    endloop
  endfacet
  facet normal 0.803196 -0.595715 0
    outer loop
      vertex 27.9951 -9.17529 2
      vertex 27.9191 -9.27776 6.5
      vertex 27.9191 -9.27776 2
    endloop
  endfacet
  facet normal -0.595602 0.803279 0
    outer loop
      vertex 29.8247 -11.0049 2
      vertex 29.7222 -11.0809 6.5
      vertex 29.8247 -11.0049 6.5
    endloop
  endfacet
  facet normal -0.595602 0.803279 0
    outer loop
      vertex 29.7222 -11.0809 6.5
      vertex 29.8247 -11.0049 2
      vertex 29.7222 -11.0809 2
    endloop
  endfacet
  facet normal -0.740861 -0.671658 0
    outer loop
      vertex 30.0049 -9.17529 2
      vertex 29.9192 -9.08076 6.5
      vertex 29.9192 -9.08076 2
    endloop
  endfacet
  facet normal -0.740861 -0.671658 0
    outer loop
      vertex 29.9192 -9.08076 6.5
      vertex 30.0049 -9.17529 2
      vertex 30.0049 -9.17529 6.5
    endloop
  endfacet
  facet normal 0.904132 -0.427254 0
    outer loop
      vertex 27.799 -9.50251 6.5
      vertex 27.8535 -9.38718 2
      vertex 27.8535 -9.38718 6.5
    endloop
  endfacet
  facet normal 0.904132 -0.427254 0
    outer loop
      vertex 27.8535 -9.38718 2
      vertex 27.799 -9.50251 6.5
      vertex 27.799 -9.50251 2
    endloop
  endfacet
  facet normal 0.0493902 0.99878 -0
    outer loop
      vertex 29 -11.3 2
      vertex 28.8726 -11.2937 6.5
      vertex 29 -11.3 6.5
    endloop
  endfacet
  facet normal 0.0493902 0.99878 0
    outer loop
      vertex 28.8726 -11.2937 6.5
      vertex 29 -11.3 2
      vertex 28.8726 -11.2937 2
    endloop
  endfacet
  facet normal 0.99878 -0.0493825 0
    outer loop
      vertex 27.7 -10 6.5
      vertex 27.7063 -9.87258 2
      vertex 27.7063 -9.87258 6.5
    endloop
  endfacet
  facet normal 0.99878 -0.0493825 0
    outer loop
      vertex 27.7063 -9.87258 2
      vertex 27.7 -10 6.5
      vertex 27.7 -10 2
    endloop
  endfacet
  facet normal 0.337081 0.941476 -0
    outer loop
      vertex 28.6226 -11.244 2
      vertex 28.5025 -11.201 6.5
      vertex 28.6226 -11.244 6.5
    endloop
  endfacet
  facet normal 0.337081 0.941476 0
    outer loop
      vertex 28.5025 -11.201 6.5
      vertex 28.6226 -11.244 2
      vertex 28.5025 -11.201 2
    endloop
  endfacet
  facet normal 0.671775 0.740755 -0
    outer loop
      vertex 28.1753 -11.0049 2
      vertex 28.0808 -10.9192 6.5
      vertex 28.1753 -11.0049 6.5
    endloop
  endfacet
  facet normal 0.671775 0.740755 0
    outer loop
      vertex 28.0808 -10.9192 6.5
      vertex 28.1753 -11.0049 2
      vertex 28.0808 -10.9192 2
    endloop
  endfacet
  facet normal -0.740755 0.671775 0
    outer loop
      vertex 29.9192 -10.9192 2
      vertex 30.0049 -10.8247 6.5
      vertex 30.0049 -10.8247 2
    endloop
  endfacet
  facet normal -0.740755 0.671775 0
    outer loop
      vertex 30.0049 -10.8247 6.5
      vertex 29.9192 -10.9192 2
      vertex 29.9192 -10.9192 6.5
    endloop
  endfacet
  facet normal -0.671775 0.740755 0
    outer loop
      vertex 29.9192 -10.9192 2
      vertex 29.8247 -11.0049 6.5
      vertex 29.9192 -10.9192 6.5
    endloop
  endfacet
  facet normal -0.671775 0.740755 0
    outer loop
      vertex 29.8247 -11.0049 6.5
      vertex 29.9192 -10.9192 2
      vertex 29.8247 -11.0049 2
    endloop
  endfacet
  facet normal -0.741056 -0.671443 0
    outer loop
      vertex 31.0098 -8.35058 0
      vertex 30.8385 -8.16152 2
      vertex 30.8385 -8.16152 0
    endloop
  endfacet
  facet normal -0.741056 -0.671443 0
    outer loop
      vertex 30.8385 -8.16152 2
      vertex 31.0098 -8.35058 0
      vertex 31.0098 -8.35058 2
    endloop
  endfacet
  facet normal -0.989142 -0.146961 0
    outer loop
      vertex 31.5875 -9.74516 0
      vertex 31.55 -9.49276 2
      vertex 31.55 -9.49276 0
    endloop
  endfacet
  facet normal -0.989142 -0.146961 0
    outer loop
      vertex 31.55 -9.49276 2
      vertex 31.5875 -9.74516 0
      vertex 31.5875 -9.74516 2
    endloop
  endfacet
  facet normal -0.998799 -0.0489915 0
    outer loop
      vertex 31.6 -10 0
      vertex 31.5875 -9.74516 2
      vertex 31.5875 -9.74516 0
    endloop
  endfacet
  facet normal -0.998799 -0.0489915 0
    outer loop
      vertex 31.5875 -9.74516 2
      vertex 31.6 -10 0
      vertex 31.6 -10 2
    endloop
  endfacet
  facet normal -0.970027 -0.242997 0
    outer loop
      vertex 31.55 -9.49276 0
      vertex 31.488 -9.24526 2
      vertex 31.488 -9.24526 0
    endloop
  endfacet
  facet normal -0.970027 -0.242997 0
    outer loop
      vertex 31.488 -9.24526 2
      vertex 31.55 -9.49276 0
      vertex 31.55 -9.49276 2
    endloop
  endfacet
  facet normal -0.336609 0.941644 0
    outer loop
      vertex 29.995 -12.4021 0
      vertex 29.7547 -12.488 2
      vertex 29.995 -12.4021 2
    endloop
  endfacet
  facet normal -0.336609 0.941644 0
    outer loop
      vertex 29.7547 -12.488 2
      vertex 29.995 -12.4021 0
      vertex 29.7547 -12.488 0
    endloop
  endfacet
  facet normal -0.671472 -0.74103 0
    outer loop
      vertex 30.6494 -7.99017 0
      vertex 30.8385 -8.16152 2
      vertex 30.6494 -7.99017 2
    endloop
  endfacet
  facet normal -0.671472 -0.74103 -0
    outer loop
      vertex 30.8385 -8.16152 2
      vertex 30.6494 -7.99017 0
      vertex 30.8385 -8.16152 0
    endloop
  endfacet
  facet normal -0.941618 -0.336684 0
    outer loop
      vertex 31.488 -9.24526 0
      vertex 31.4021 -9.00502 2
      vertex 31.4021 -9.00502 0
    endloop
  endfacet
  facet normal -0.941618 -0.336684 0
    outer loop
      vertex 31.4021 -9.00502 2
      vertex 31.488 -9.24526 0
      vertex 31.488 -9.24526 2
    endloop
  endfacet
  facet normal -0.0489992 0.998799 0
    outer loop
      vertex 29.2548 -12.5875 0
      vertex 29 -12.6 2
      vertex 29.2548 -12.5875 2
    endloop
  endfacet
  facet normal -0.0489992 0.998799 0
    outer loop
      vertex 29 -12.6 2
      vertex 29.2548 -12.5875 0
      vertex 29 -12.6 0
    endloop
  endfacet
  facet normal 0.59579 0.80314 -0
    outer loop
      vertex 27.5555 -12.1618 0
      vertex 27.3506 -12.0098 2
      vertex 27.5555 -12.1618 2
    endloop
  endfacet
  facet normal 0.59579 0.80314 0
    outer loop
      vertex 27.3506 -12.0098 2
      vertex 27.5555 -12.1618 0
      vertex 27.3506 -12.0098 0
    endloop
  endfacet
  facet normal -0.514092 0.857735 0
    outer loop
      vertex 30.4445 -12.1618 0
      vertex 30.2256 -12.293 2
      vertex 30.4445 -12.1618 2
    endloop
  endfacet
  facet normal -0.514092 0.857735 0
    outer loop
      vertex 30.2256 -12.293 2
      vertex 30.4445 -12.1618 0
      vertex 30.2256 -12.293 0
    endloop
  endfacet
  facet normal 0.242997 0.970027 -0
    outer loop
      vertex 28.4928 -12.55 0
      vertex 28.2453 -12.488 2
      vertex 28.4928 -12.55 2
    endloop
  endfacet
  facet normal 0.242997 0.970027 0
    outer loop
      vertex 28.2453 -12.488 2
      vertex 28.4928 -12.55 0
      vertex 28.2453 -12.488 0
    endloop
  endfacet
  facet normal -0.857683 -0.514179 0
    outer loop
      vertex 31.293 -8.77437 0
      vertex 31.1618 -8.55552 2
      vertex 31.1618 -8.55552 0
    endloop
  endfacet
  facet normal -0.857683 -0.514179 0
    outer loop
      vertex 31.1618 -8.55552 2
      vertex 31.293 -8.77437 0
      vertex 31.293 -8.77437 2
    endloop
  endfacet
  facet normal 0.998799 0.0489992 0
    outer loop
      vertex 26.4125 -10.2548 2
      vertex 26.4 -10 0
      vertex 26.4 -10 2
    endloop
  endfacet
  facet normal 0.998799 0.0489992 0
    outer loop
      vertex 26.4 -10 0
      vertex 26.4125 -10.2548 2
      vertex 26.4125 -10.2548 0
    endloop
  endfacet
  facet normal 0.903937 0.427665 0
    outer loop
      vertex 26.707 -11.2256 2
      vertex 26.5979 -10.995 0
      vertex 26.5979 -10.995 2
    endloop
  endfacet
  facet normal 0.903937 0.427665 0
    outer loop
      vertex 26.5979 -10.995 0
      vertex 26.707 -11.2256 2
      vertex 26.707 -11.2256 0
    endloop
  endfacet
  facet normal -0.903973 -0.427589 0
    outer loop
      vertex 31.4021 -9.00502 0
      vertex 31.293 -8.77437 2
      vertex 31.293 -8.77437 0
    endloop
  endfacet
  facet normal -0.903973 -0.427589 0
    outer loop
      vertex 31.293 -8.77437 2
      vertex 31.4021 -9.00502 0
      vertex 31.4021 -9.00502 2
    endloop
  endfacet
  facet normal -0.970027 0.242997 0
    outer loop
      vertex 31.488 -10.7547 0
      vertex 31.55 -10.5072 2
      vertex 31.55 -10.5072 0
    endloop
  endfacet
  facet normal -0.970027 0.242997 0
    outer loop
      vertex 31.55 -10.5072 2
      vertex 31.488 -10.7547 0
      vertex 31.488 -10.7547 2
    endloop
  endfacet
  facet normal 0.514035 -0.857769 0
    outer loop
      vertex 27.5555 -7.83818 0
      vertex 27.7744 -7.707 2
      vertex 27.5555 -7.83818 2
    endloop
  endfacet
  facet normal 0.514035 -0.857769 0
    outer loop
      vertex 27.7744 -7.707 2
      vertex 27.5555 -7.83818 0
      vertex 27.7744 -7.707 0
    endloop
  endfacet
  facet normal 0.970027 0.242997 0
    outer loop
      vertex 26.512 -10.7547 2
      vertex 26.45 -10.5072 0
      vertex 26.45 -10.5072 2
    endloop
  endfacet
  facet normal 0.970027 0.242997 0
    outer loop
      vertex 26.45 -10.5072 0
      vertex 26.512 -10.7547 2
      vertex 26.512 -10.7547 0
    endloop
  endfacet
  facet normal -0.24296 -0.970036 0
    outer loop
      vertex 29.5072 -7.44996 0
      vertex 29.7547 -7.51195 2
      vertex 29.5072 -7.44996 2
    endloop
  endfacet
  facet normal -0.24296 -0.970036 -0
    outer loop
      vertex 29.7547 -7.51195 2
      vertex 29.5072 -7.44996 0
      vertex 29.7547 -7.51195 0
    endloop
  endfacet
  facet normal -0.941644 0.336609 0
    outer loop
      vertex 31.4021 -10.995 0
      vertex 31.488 -10.7547 2
      vertex 31.488 -10.7547 0
    endloop
  endfacet
  facet normal -0.941644 0.336609 0
    outer loop
      vertex 31.488 -10.7547 2
      vertex 31.4021 -10.995 0
      vertex 31.4021 -10.995 2
    endloop
  endfacet
  facet normal -0.989142 0.146961 0
    outer loop
      vertex 31.55 -10.5072 0
      vertex 31.5875 -10.2548 2
      vertex 31.5875 -10.2548 0
    endloop
  endfacet
  facet normal -0.989142 0.146961 0
    outer loop
      vertex 31.5875 -10.2548 2
      vertex 31.55 -10.5072 0
      vertex 31.55 -10.5072 2
    endloop
  endfacet
  facet normal -0.14673 -0.989177 0
    outer loop
      vertex 29.2548 -7.41252 0
      vertex 29.5072 -7.44996 2
      vertex 29.2548 -7.41252 2
    endloop
  endfacet
  facet normal -0.14673 -0.989177 -0
    outer loop
      vertex 29.5072 -7.44996 2
      vertex 29.2548 -7.41252 0
      vertex 29.5072 -7.44996 0
    endloop
  endfacet
  facet normal 0.427633 -0.903952 0
    outer loop
      vertex 27.7744 -7.707 0
      vertex 28.005 -7.59791 2
      vertex 27.7744 -7.707 2
    endloop
  endfacet
  facet normal 0.427633 -0.903952 0
    outer loop
      vertex 28.005 -7.59791 2
      vertex 27.7744 -7.707 0
      vertex 28.005 -7.59791 0
    endloop
  endfacet
  facet normal 0.14673 -0.989177 0
    outer loop
      vertex 28.4928 -7.44996 0
      vertex 28.7452 -7.41252 2
      vertex 28.4928 -7.44996 2
    endloop
  endfacet
  facet normal 0.14673 -0.989177 0
    outer loop
      vertex 28.7452 -7.41252 2
      vertex 28.4928 -7.44996 0
      vertex 28.7452 -7.41252 0
    endloop
  endfacet
  facet normal -0.427665 0.903937 0
    outer loop
      vertex 30.2256 -12.293 0
      vertex 29.995 -12.4021 2
      vertex 30.2256 -12.293 2
    endloop
  endfacet
  facet normal -0.427665 0.903937 0
    outer loop
      vertex 29.995 -12.4021 2
      vertex 30.2256 -12.293 0
      vertex 29.995 -12.4021 0
    endloop
  endfacet
  facet normal 0.671472 -0.74103 0
    outer loop
      vertex 27.1615 -8.16152 0
      vertex 27.3506 -7.99017 2
      vertex 27.1615 -8.16152 2
    endloop
  endfacet
  facet normal 0.671472 -0.74103 0
    outer loop
      vertex 27.3506 -7.99017 2
      vertex 27.1615 -8.16152 0
      vertex 27.3506 -7.99017 0
    endloop
  endfacet
  facet normal -0.857735 0.514092 0
    outer loop
      vertex 31.1618 -11.4445 0
      vertex 31.293 -11.2256 2
      vertex 31.293 -11.2256 0
    endloop
  endfacet
  facet normal -0.857735 0.514092 0
    outer loop
      vertex 31.293 -11.2256 2
      vertex 31.1618 -11.4445 0
      vertex 31.1618 -11.4445 2
    endloop
  endfacet
  facet normal 0.595765 -0.803159 0
    outer loop
      vertex 27.3506 -7.99017 0
      vertex 27.5555 -7.83818 2
      vertex 27.3506 -7.99017 2
    endloop
  endfacet
  facet normal 0.595765 -0.803159 0
    outer loop
      vertex 27.5555 -7.83818 2
      vertex 27.3506 -7.99017 0
      vertex 27.5555 -7.83818 0
    endloop
  endfacet
  facet normal -0.903937 0.427665 0
    outer loop
      vertex 31.293 -11.2256 0
      vertex 31.4021 -10.995 2
      vertex 31.4021 -10.995 0
    endloop
  endfacet
  facet normal -0.903937 0.427665 0
    outer loop
      vertex 31.4021 -10.995 2
      vertex 31.293 -11.2256 0
      vertex 31.293 -11.2256 2
    endloop
  endfacet
  facet normal -0.998799 0.0489992 0
    outer loop
      vertex 31.5875 -10.2548 0
      vertex 31.6 -10 2
      vertex 31.6 -10 0
    endloop
  endfacet
  facet normal -0.998799 0.0489992 0
    outer loop
      vertex 31.6 -10 2
      vertex 31.5875 -10.2548 0
      vertex 31.5875 -10.2548 2
    endloop
  endfacet
  facet normal 0.741056 -0.671443 0
    outer loop
      vertex 26.9902 -8.35058 2
      vertex 27.1615 -8.16152 0
      vertex 27.1615 -8.16152 2
    endloop
  endfacet
  facet normal 0.741056 -0.671443 0
    outer loop
      vertex 27.1615 -8.16152 0
      vertex 26.9902 -8.35058 2
      vertex 26.9902 -8.35058 0
    endloop
  endfacet
  facet normal 0.941644 0.336609 0
    outer loop
      vertex 26.5979 -10.995 2
      vertex 26.512 -10.7547 0
      vertex 26.512 -10.7547 2
    endloop
  endfacet
  facet normal 0.941644 0.336609 0
    outer loop
      vertex 26.512 -10.7547 0
      vertex 26.5979 -10.995 2
      vertex 26.5979 -10.995 0
    endloop
  endfacet
  facet normal -0.514035 -0.857769 0
    outer loop
      vertex 30.2256 -7.707 0
      vertex 30.4445 -7.83818 2
      vertex 30.2256 -7.707 2
    endloop
  endfacet
  facet normal -0.514035 -0.857769 -0
    outer loop
      vertex 30.4445 -7.83818 2
      vertex 30.2256 -7.707 0
      vertex 30.4445 -7.83818 0
    endloop
  endfacet
  facet normal -0.595765 -0.803159 0
    outer loop
      vertex 30.4445 -7.83818 0
      vertex 30.6494 -7.99017 2
      vertex 30.4445 -7.83818 2
    endloop
  endfacet
  facet normal -0.595765 -0.803159 -0
    outer loop
      vertex 30.6494 -7.99017 2
      vertex 30.4445 -7.83818 0
      vertex 30.6494 -7.99017 0
    endloop
  endfacet
  facet normal -0.146961 0.989142 0
    outer loop
      vertex 29.5072 -12.55 0
      vertex 29.2548 -12.5875 2
      vertex 29.5072 -12.55 2
    endloop
  endfacet
  facet normal -0.146961 0.989142 0
    outer loop
      vertex 29.2548 -12.5875 2
      vertex 29.5072 -12.55 0
      vertex 29.2548 -12.5875 0
    endloop
  endfacet
  facet normal -0.741127 0.671365 0
    outer loop
      vertex 30.8385 -11.8385 0
      vertex 31.0098 -11.6494 2
      vertex 31.0098 -11.6494 0
    endloop
  endfacet
  facet normal -0.741127 0.671365 0
    outer loop
      vertex 31.0098 -11.6494 2
      vertex 30.8385 -11.8385 0
      vertex 30.8385 -11.8385 2
    endloop
  endfacet
  facet normal -0.80314 0.59579 0
    outer loop
      vertex 31.0098 -11.6494 0
      vertex 31.1618 -11.4445 2
      vertex 31.1618 -11.4445 0
    endloop
  endfacet
  facet normal -0.80314 0.59579 0
    outer loop
      vertex 31.1618 -11.4445 2
      vertex 31.0098 -11.6494 0
      vertex 31.0098 -11.6494 2
    endloop
  endfacet
  facet normal -0.242997 0.970027 0
    outer loop
      vertex 29.7547 -12.488 0
      vertex 29.5072 -12.55 2
      vertex 29.7547 -12.488 2
    endloop
  endfacet
  facet normal -0.242997 0.970027 0
    outer loop
      vertex 29.5072 -12.55 2
      vertex 29.7547 -12.488 0
      vertex 29.5072 -12.55 0
    endloop
  endfacet
  facet normal 0.24296 -0.970036 0
    outer loop
      vertex 28.2453 -7.51195 0
      vertex 28.4928 -7.44996 2
      vertex 28.2453 -7.51195 2
    endloop
  endfacet
  facet normal 0.24296 -0.970036 0
    outer loop
      vertex 28.4928 -7.44996 2
      vertex 28.2453 -7.51195 0
      vertex 28.4928 -7.44996 0
    endloop
  endfacet
  facet normal -0.803196 -0.595715 0
    outer loop
      vertex 31.1618 -8.55552 0
      vertex 31.0098 -8.35058 2
      vertex 31.0098 -8.35058 0
    endloop
  endfacet
  facet normal -0.803196 -0.595715 0
    outer loop
      vertex 31.0098 -8.35058 2
      vertex 31.1618 -8.55552 0
      vertex 31.1618 -8.55552 2
    endloop
  endfacet
  facet normal -0.0490774 -0.998795 0
    outer loop
      vertex 29 -7.4 0
      vertex 29.2548 -7.41252 2
      vertex 29 -7.4 2
    endloop
  endfacet
  facet normal -0.0490774 -0.998795 -0
    outer loop
      vertex 29.2548 -7.41252 2
      vertex 29 -7.4 0
      vertex 29.2548 -7.41252 0
    endloop
  endfacet
  facet normal 0.857683 -0.514179 0
    outer loop
      vertex 26.707 -8.77437 2
      vertex 26.8382 -8.55552 0
      vertex 26.8382 -8.55552 2
    endloop
  endfacet
  facet normal 0.857683 -0.514179 0
    outer loop
      vertex 26.8382 -8.55552 0
      vertex 26.707 -8.77437 2
      vertex 26.707 -8.77437 0
    endloop
  endfacet
  facet normal -0.427633 -0.903952 0
    outer loop
      vertex 29.995 -7.59791 0
      vertex 30.2256 -7.707 2
      vertex 29.995 -7.59791 2
    endloop
  endfacet
  facet normal -0.427633 -0.903952 -0
    outer loop
      vertex 30.2256 -7.707 2
      vertex 29.995 -7.59791 0
      vertex 30.2256 -7.707 0
    endloop
  endfacet
  facet normal 0.857735 0.514092 0
    outer loop
      vertex 26.8382 -11.4445 2
      vertex 26.707 -11.2256 0
      vertex 26.707 -11.2256 2
    endloop
  endfacet
  facet normal 0.857735 0.514092 0
    outer loop
      vertex 26.707 -11.2256 0
      vertex 26.8382 -11.4445 2
      vertex 26.8382 -11.4445 0
    endloop
  endfacet
  facet normal 0.427665 0.903937 -0
    outer loop
      vertex 28.005 -12.4021 0
      vertex 27.7744 -12.293 2
      vertex 28.005 -12.4021 2
    endloop
  endfacet
  facet normal 0.427665 0.903937 0
    outer loop
      vertex 27.7744 -12.293 2
      vertex 28.005 -12.4021 0
      vertex 27.7744 -12.293 0
    endloop
  endfacet
  facet normal 0.741127 0.671365 0
    outer loop
      vertex 27.1615 -11.8385 2
      vertex 26.9902 -11.6494 0
      vertex 26.9902 -11.6494 2
    endloop
  endfacet
  facet normal 0.741127 0.671365 0
    outer loop
      vertex 26.9902 -11.6494 0
      vertex 27.1615 -11.8385 2
      vertex 27.1615 -11.8385 0
    endloop
  endfacet
  facet normal 0.336818 -0.94157 0
    outer loop
      vertex 28.005 -7.59791 0
      vertex 28.2453 -7.51195 2
      vertex 28.005 -7.59791 2
    endloop
  endfacet
  facet normal 0.336818 -0.94157 0
    outer loop
      vertex 28.2453 -7.51195 2
      vertex 28.005 -7.59791 0
      vertex 28.2453 -7.51195 0
    endloop
  endfacet
  facet normal 0.514092 0.857735 -0
    outer loop
      vertex 27.7744 -12.293 0
      vertex 27.5555 -12.1618 2
      vertex 27.7744 -12.293 2
    endloop
  endfacet
  facet normal 0.514092 0.857735 0
    outer loop
      vertex 27.5555 -12.1618 2
      vertex 27.7744 -12.293 0
      vertex 27.5555 -12.1618 0
    endloop
  endfacet
  facet normal -0.59579 0.80314 0
    outer loop
      vertex 30.6494 -12.0098 0
      vertex 30.4445 -12.1618 2
      vertex 30.6494 -12.0098 2
    endloop
  endfacet
  facet normal -0.59579 0.80314 0
    outer loop
      vertex 30.4445 -12.1618 2
      vertex 30.6494 -12.0098 0
      vertex 30.4445 -12.1618 0
    endloop
  endfacet
  facet normal 0.0490774 -0.998795 0
    outer loop
      vertex 28.7452 -7.41252 0
      vertex 29 -7.4 2
      vertex 28.7452 -7.41252 2
    endloop
  endfacet
  facet normal 0.0490774 -0.998795 0
    outer loop
      vertex 29 -7.4 2
      vertex 28.7452 -7.41252 0
      vertex 29 -7.4 0
    endloop
  endfacet
  facet normal 0.970027 -0.242997 0
    outer loop
      vertex 26.45 -9.49276 2
      vertex 26.512 -9.24526 0
      vertex 26.512 -9.24526 2
    endloop
  endfacet
  facet normal 0.970027 -0.242997 0
    outer loop
      vertex 26.512 -9.24526 0
      vertex 26.45 -9.49276 2
      vertex 26.45 -9.49276 0
    endloop
  endfacet
  facet normal 0.941618 -0.336684 0
    outer loop
      vertex 26.512 -9.24526 2
      vertex 26.5979 -9.00502 0
      vertex 26.5979 -9.00502 2
    endloop
  endfacet
  facet normal 0.941618 -0.336684 0
    outer loop
      vertex 26.5979 -9.00502 0
      vertex 26.512 -9.24526 2
      vertex 26.512 -9.24526 0
    endloop
  endfacet
  facet normal -0.336818 -0.94157 0
    outer loop
      vertex 29.7547 -7.51195 0
      vertex 29.995 -7.59791 2
      vertex 29.7547 -7.51195 2
    endloop
  endfacet
  facet normal -0.336818 -0.94157 -0
    outer loop
      vertex 29.995 -7.59791 2
      vertex 29.7547 -7.51195 0
      vertex 29.995 -7.59791 0
    endloop
  endfacet
  facet normal 0.80314 0.59579 0
    outer loop
      vertex 26.9902 -11.6494 2
      vertex 26.8382 -11.4445 0
      vertex 26.8382 -11.4445 2
    endloop
  endfacet
  facet normal 0.80314 0.59579 0
    outer loop
      vertex 26.8382 -11.4445 0
      vertex 26.9902 -11.6494 2
      vertex 26.9902 -11.6494 0
    endloop
  endfacet
  facet normal 0.989142 0.146961 0
    outer loop
      vertex 26.45 -10.5072 2
      vertex 26.4125 -10.2548 0
      vertex 26.4125 -10.2548 2
    endloop
  endfacet
  facet normal 0.989142 0.146961 0
    outer loop
      vertex 26.4125 -10.2548 0
      vertex 26.45 -10.5072 2
      vertex 26.45 -10.5072 0
    endloop
  endfacet
  facet normal 0.903973 -0.427589 0
    outer loop
      vertex 26.5979 -9.00502 2
      vertex 26.707 -8.77437 0
      vertex 26.707 -8.77437 2
    endloop
  endfacet
  facet normal 0.903973 -0.427589 0
    outer loop
      vertex 26.707 -8.77437 0
      vertex 26.5979 -9.00502 2
      vertex 26.5979 -9.00502 0
    endloop
  endfacet
  facet normal 0 0 -1
    outer loop
      vertex 30.3 -10 2
      vertex 31.6 -10 2
      vertex 31.5875 -10.2548 2
    endloop
  endfacet
  facet normal 0 0 -1
    outer loop
      vertex 30.2937 -10.1274 2
      vertex 31.5875 -10.2548 2
      vertex 31.55 -10.5072 2
    endloop
  endfacet
  facet normal 0 0 -1
    outer loop
      vertex 31.6 -10 2
      vertex 30.3 -10 2
      vertex 31.5875 -9.74516 2
    endloop
  endfacet
  facet normal 0 0 -1
    outer loop
      vertex 30.275 -10.2536 2
      vertex 31.55 -10.5072 2
      vertex 31.488 -10.7547 2
    endloop
  endfacet
  facet normal 0 0 -1
    outer loop
      vertex 30.2937 -9.87258 2
      vertex 31.5875 -9.74516 2
      vertex 30.3 -10 2
    endloop
  endfacet
  facet normal 0 0 -1
    outer loop
      vertex 30.244 -10.3774 2
      vertex 31.488 -10.7547 2
      vertex 31.4021 -10.995 2
    endloop
  endfacet
  facet normal -0 0 -1
    outer loop
      vertex 31.5875 -9.74516 2
      vertex 30.2937 -9.87258 2
      vertex 31.55 -9.49276 2
    endloop
  endfacet
  facet normal 0 0 -1
    outer loop
      vertex 30.201 -10.4975 2
      vertex 31.4021 -10.995 2
      vertex 31.293 -11.2256 2
    endloop
  endfacet
  facet normal 0 0 -1
    outer loop
      vertex 30.275 -9.74638 2
      vertex 31.55 -9.49276 2
      vertex 30.2937 -9.87258 2
    endloop
  endfacet
  facet normal 0 0 -1
    outer loop
      vertex 30.1465 -10.6128 2
      vertex 31.293 -11.2256 2
      vertex 31.1618 -11.4445 2
    endloop
  endfacet
  facet normal -0 0 -1
    outer loop
      vertex 31.55 -9.49276 2
      vertex 30.275 -9.74638 2
      vertex 31.488 -9.24526 2
    endloop
  endfacet
  facet normal 0 0 -1
    outer loop
      vertex 30.0809 -10.7222 2
      vertex 31.1618 -11.4445 2
      vertex 31.0098 -11.6494 2
    endloop
  endfacet
  facet normal 0 0 -1
    outer loop
      vertex 30.244 -9.62263 2
      vertex 31.488 -9.24526 2
      vertex 30.275 -9.74638 2
    endloop
  endfacet
  facet normal 0 0 -1
    outer loop
      vertex 30.0049 -10.8247 2
      vertex 31.0098 -11.6494 2
      vertex 30.8385 -11.8385 2
    endloop
  endfacet
  facet normal -0 0 -1
    outer loop
      vertex 31.488 -9.24526 2
      vertex 30.244 -9.62263 2
      vertex 31.4021 -9.00502 2
    endloop
  endfacet
  facet normal 0 0 -1
    outer loop
      vertex 29.9192 -10.9192 2
      vertex 30.8385 -11.8385 2
      vertex 30.6494 -12.0098 2
    endloop
  endfacet
  facet normal 0 0 -1
    outer loop
      vertex 30.201 -9.50251 2
      vertex 31.4021 -9.00502 2
      vertex 30.244 -9.62263 2
    endloop
  endfacet
  facet normal 0 0 -1
    outer loop
      vertex 29.8247 -11.0049 2
      vertex 30.6494 -12.0098 2
      vertex 30.4445 -12.1618 2
    endloop
  endfacet
  facet normal -0 0 -1
    outer loop
      vertex 31.4021 -9.00502 2
      vertex 30.201 -9.50251 2
      vertex 31.293 -8.77437 2
    endloop
  endfacet
  facet normal 0 0 -1
    outer loop
      vertex 30.1465 -9.38718 2
      vertex 31.293 -8.77437 2
      vertex 30.201 -9.50251 2
    endloop
  endfacet
  facet normal 0 0 -1
    outer loop
      vertex 31.5875 -10.2548 2
      vertex 30.2937 -10.1274 2
      vertex 30.3 -10 2
    endloop
  endfacet
  facet normal 0 0 -1
    outer loop
      vertex 31.55 -10.5072 2
      vertex 30.275 -10.2536 2
      vertex 30.2937 -10.1274 2
    endloop
  endfacet
  facet normal 0 0 -1
    outer loop
      vertex 31.488 -10.7547 2
      vertex 30.244 -10.3774 2
      vertex 30.275 -10.2536 2
    endloop
  endfacet
  facet normal 0 0 -1
    outer loop
      vertex 29.7222 -11.0809 2
      vertex 30.4445 -12.1618 2
      vertex 30.2256 -12.293 2
    endloop
  endfacet
  facet normal 0 0 -1
    outer loop
      vertex 31.4021 -10.995 2
      vertex 30.201 -10.4975 2
      vertex 30.244 -10.3774 2
    endloop
  endfacet
  facet normal 0 0 -1
    outer loop
      vertex 31.293 -11.2256 2
      vertex 30.1465 -10.6128 2
      vertex 30.201 -10.4975 2
    endloop
  endfacet
  facet normal 0 0 -1
    outer loop
      vertex 31.1618 -11.4445 2
      vertex 30.0809 -10.7222 2
      vertex 30.1465 -10.6128 2
    endloop
  endfacet
  facet normal 0 0 -1
    outer loop
      vertex 31.0098 -11.6494 2
      vertex 30.0049 -10.8247 2
      vertex 30.0809 -10.7222 2
    endloop
  endfacet
  facet normal 0 0 -1
    outer loop
      vertex 29.6128 -11.1465 2
      vertex 30.2256 -12.293 2
      vertex 29.995 -12.4021 2
    endloop
  endfacet
  facet normal 0 0 -1
    outer loop
      vertex 30.8385 -11.8385 2
      vertex 29.9192 -10.9192 2
      vertex 30.0049 -10.8247 2
    endloop
  endfacet
  facet normal 0 0 -1
    outer loop
      vertex 30.6494 -12.0098 2
      vertex 29.8247 -11.0049 2
      vertex 29.9192 -10.9192 2
    endloop
  endfacet
  facet normal 0 0 -1
    outer loop
      vertex 29.4975 -11.201 2
      vertex 29.995 -12.4021 2
      vertex 29.7547 -12.488 2
    endloop
  endfacet
  facet normal 0 0 -1
    outer loop
      vertex 30.4445 -12.1618 2
      vertex 29.7222 -11.0809 2
      vertex 29.8247 -11.0049 2
    endloop
  endfacet
  facet normal 0 0 -1
    outer loop
      vertex 30.2256 -12.293 2
      vertex 29.6128 -11.1465 2
      vertex 29.7222 -11.0809 2
    endloop
  endfacet
  facet normal 0 0 -1
    outer loop
      vertex 29.3774 -11.244 2
      vertex 29.7547 -12.488 2
      vertex 29.5072 -12.55 2
    endloop
  endfacet
  facet normal 0 0 -1
    outer loop
      vertex 29.995 -12.4021 2
      vertex 29.4975 -11.201 2
      vertex 29.6128 -11.1465 2
    endloop
  endfacet
  facet normal 0 0 -1
    outer loop
      vertex 29.7547 -12.488 2
      vertex 29.3774 -11.244 2
      vertex 29.4975 -11.201 2
    endloop
  endfacet
  facet normal 0 0 -1
    outer loop
      vertex 29.2536 -11.275 2
      vertex 29.5072 -12.55 2
      vertex 29.2548 -12.5875 2
    endloop
  endfacet
  facet normal 0 0 -1
    outer loop
      vertex 29.5072 -12.55 2
      vertex 29.2536 -11.275 2
      vertex 29.3774 -11.244 2
    endloop
  endfacet
  facet normal 0 0 -1
    outer loop
      vertex 29.2548 -12.5875 2
      vertex 29.1274 -11.2937 2
      vertex 29.2536 -11.275 2
    endloop
  endfacet
  facet normal 0 0 -1
    outer loop
      vertex 29 -12.6 2
      vertex 29.1274 -11.2937 2
      vertex 29.2548 -12.5875 2
    endloop
  endfacet
  facet normal 0 0 -1
    outer loop
      vertex 29 -12.6 2
      vertex 29 -11.3 2
      vertex 29.1274 -11.2937 2
    endloop
  endfacet
  facet normal 0 0 -1
    outer loop
      vertex 29 -12.6 2
      vertex 28.8726 -11.2937 2
      vertex 29 -11.3 2
    endloop
  endfacet
  facet normal 0 0 -1
    outer loop
      vertex 28.7452 -12.5875 2
      vertex 28.8726 -11.2937 2
      vertex 29 -12.6 2
    endloop
  endfacet
  facet normal -0 0 -1
    outer loop
      vertex 28.8726 -11.2937 2
      vertex 28.7452 -12.5875 2
      vertex 28.7464 -11.275 2
    endloop
  endfacet
  facet normal 0 0 -1
    outer loop
      vertex 28.4928 -12.55 2
      vertex 28.7464 -11.275 2
      vertex 28.7452 -12.5875 2
    endloop
  endfacet
  facet normal -0 0 -1
    outer loop
      vertex 28.7464 -11.275 2
      vertex 28.4928 -12.55 2
      vertex 28.6226 -11.244 2
    endloop
  endfacet
  facet normal 0 0 -1
    outer loop
      vertex 28.2453 -12.488 2
      vertex 28.6226 -11.244 2
      vertex 28.4928 -12.55 2
    endloop
  endfacet
  facet normal -0 0 -1
    outer loop
      vertex 28.6226 -11.244 2
      vertex 28.2453 -12.488 2
      vertex 28.5025 -11.201 2
    endloop
  endfacet
  facet normal 0 0 -1
    outer loop
      vertex 28.005 -12.4021 2
      vertex 28.5025 -11.201 2
      vertex 28.2453 -12.488 2
    endloop
  endfacet
  facet normal -0 0 -1
    outer loop
      vertex 28.5025 -11.201 2
      vertex 28.005 -12.4021 2
      vertex 28.3872 -11.1465 2
    endloop
  endfacet
  facet normal 0 0 -1
    outer loop
      vertex 27.7744 -12.293 2
      vertex 28.3872 -11.1465 2
      vertex 28.005 -12.4021 2
    endloop
  endfacet
  facet normal -0 0 -1
    outer loop
      vertex 28.3872 -11.1465 2
      vertex 27.7744 -12.293 2
      vertex 28.2778 -11.0809 2
    endloop
  endfacet
  facet normal 0 0 -1
    outer loop
      vertex 27.5555 -12.1618 2
      vertex 28.2778 -11.0809 2
      vertex 27.7744 -12.293 2
    endloop
  endfacet
  facet normal -0 0 -1
    outer loop
      vertex 28.2778 -11.0809 2
      vertex 27.5555 -12.1618 2
      vertex 28.1753 -11.0049 2
    endloop
  endfacet
  facet normal 0 0 -1
    outer loop
      vertex 27.3506 -12.0098 2
      vertex 28.1753 -11.0049 2
      vertex 27.5555 -12.1618 2
    endloop
  endfacet
  facet normal -0 0 -1
    outer loop
      vertex 28.1753 -11.0049 2
      vertex 27.3506 -12.0098 2
      vertex 28.0808 -10.9192 2
    endloop
  endfacet
  facet normal 0 0 -1
    outer loop
      vertex 27.1615 -11.8385 2
      vertex 28.0808 -10.9192 2
      vertex 27.3506 -12.0098 2
    endloop
  endfacet
  facet normal -0 0 -1
    outer loop
      vertex 28.0808 -10.9192 2
      vertex 27.1615 -11.8385 2
      vertex 27.9951 -10.8247 2
    endloop
  endfacet
  facet normal 0 0 -1
    outer loop
      vertex 26.9902 -11.6494 2
      vertex 27.9951 -10.8247 2
      vertex 27.1615 -11.8385 2
    endloop
  endfacet
  facet normal -0 0 -1
    outer loop
      vertex 27.9951 -10.8247 2
      vertex 26.9902 -11.6494 2
      vertex 27.9191 -10.7222 2
    endloop
  endfacet
  facet normal 0 0 -1
    outer loop
      vertex 26.8382 -11.4445 2
      vertex 27.9191 -10.7222 2
      vertex 26.9902 -11.6494 2
    endloop
  endfacet
  facet normal -0 0 -1
    outer loop
      vertex 27.9191 -10.7222 2
      vertex 26.8382 -11.4445 2
      vertex 27.8535 -10.6128 2
    endloop
  endfacet
  facet normal 0 0 -1
    outer loop
      vertex 26.707 -11.2256 2
      vertex 27.8535 -10.6128 2
      vertex 26.8382 -11.4445 2
    endloop
  endfacet
  facet normal -0 0 -1
    outer loop
      vertex 31.293 -8.77437 2
      vertex 30.1465 -9.38718 2
      vertex 31.1618 -8.55552 2
    endloop
  endfacet
  facet normal 0 0 -1
    outer loop
      vertex 30.0809 -9.27776 2
      vertex 31.1618 -8.55552 2
      vertex 30.1465 -9.38718 2
    endloop
  endfacet
  facet normal -0 0 -1
    outer loop
      vertex 31.1618 -8.55552 2
      vertex 30.0809 -9.27776 2
      vertex 31.0098 -8.35058 2
    endloop
  endfacet
  facet normal 0 0 -1
    outer loop
      vertex 30.0049 -9.17529 2
      vertex 31.0098 -8.35058 2
      vertex 30.0809 -9.27776 2
    endloop
  endfacet
  facet normal -0 0 -1
    outer loop
      vertex 31.0098 -8.35058 2
      vertex 30.0049 -9.17529 2
      vertex 30.8385 -8.16152 2
    endloop
  endfacet
  facet normal 0 0 -1
    outer loop
      vertex 29.9192 -9.08076 2
      vertex 30.8385 -8.16152 2
      vertex 30.0049 -9.17529 2
    endloop
  endfacet
  facet normal -0 0 -1
    outer loop
      vertex 30.8385 -8.16152 2
      vertex 29.9192 -9.08076 2
      vertex 30.6494 -7.99017 2
    endloop
  endfacet
  facet normal 0 0 -1
    outer loop
      vertex 29.8247 -8.99509 2
      vertex 30.6494 -7.99017 2
      vertex 29.9192 -9.08076 2
    endloop
  endfacet
  facet normal -0 0 -1
    outer loop
      vertex 30.6494 -7.99017 2
      vertex 29.8247 -8.99509 2
      vertex 30.4445 -7.83818 2
    endloop
  endfacet
  facet normal 0 0 -1
    outer loop
      vertex 29.7222 -8.91909 2
      vertex 30.4445 -7.83818 2
      vertex 29.8247 -8.99509 2
    endloop
  endfacet
  facet normal -0 0 -1
    outer loop
      vertex 30.4445 -7.83818 2
      vertex 29.7222 -8.91909 2
      vertex 30.2256 -7.707 2
    endloop
  endfacet
  facet normal 0 0 -1
    outer loop
      vertex 29.6128 -8.8535 2
      vertex 30.2256 -7.707 2
      vertex 29.7222 -8.91909 2
    endloop
  endfacet
  facet normal -0 0 -1
    outer loop
      vertex 30.2256 -7.707 2
      vertex 29.6128 -8.8535 2
      vertex 29.995 -7.59791 2
    endloop
  endfacet
  facet normal 0 0 -1
    outer loop
      vertex 29.4975 -8.79896 2
      vertex 29.995 -7.59791 2
      vertex 29.6128 -8.8535 2
    endloop
  endfacet
  facet normal -0 0 -1
    outer loop
      vertex 29.995 -7.59791 2
      vertex 29.4975 -8.79896 2
      vertex 29.7547 -7.51195 2
    endloop
  endfacet
  facet normal 0 0 -1
    outer loop
      vertex 29.3774 -8.75598 2
      vertex 29.7547 -7.51195 2
      vertex 29.4975 -8.79896 2
    endloop
  endfacet
  facet normal -0 0 -1
    outer loop
      vertex 29.7547 -7.51195 2
      vertex 29.3774 -8.75598 2
      vertex 29.5072 -7.44996 2
    endloop
  endfacet
  facet normal 0 0 -1
    outer loop
      vertex 29.2536 -8.72498 2
      vertex 29.5072 -7.44996 2
      vertex 29.3774 -8.75598 2
    endloop
  endfacet
  facet normal -0 0 -1
    outer loop
      vertex 29.5072 -7.44996 2
      vertex 29.2536 -8.72498 2
      vertex 29.2548 -7.41252 2
    endloop
  endfacet
  facet normal 0 0 -1
    outer loop
      vertex 29.1274 -8.70626 2
      vertex 29.2548 -7.41252 2
      vertex 29.2536 -8.72498 2
    endloop
  endfacet
  facet normal 0 0 -1
    outer loop
      vertex 29 -8.7 2
      vertex 29.2548 -7.41252 2
      vertex 29.1274 -8.70626 2
    endloop
  endfacet
  facet normal 0 0 -1
    outer loop
      vertex 29 -8.7 2
      vertex 29 -7.4 2
      vertex 29.2548 -7.41252 2
    endloop
  endfacet
  facet normal 0 0 -1
    outer loop
      vertex 28.8726 -8.70626 2
      vertex 29 -7.4 2
      vertex 29 -8.7 2
    endloop
  endfacet
  facet normal 0 0 -1
    outer loop
      vertex 28.7452 -7.41252 2
      vertex 28.8726 -8.70626 2
      vertex 28.7464 -8.72498 2
    endloop
  endfacet
  facet normal 0 0 -1
    outer loop
      vertex 28.8726 -8.70626 2
      vertex 28.7452 -7.41252 2
      vertex 29 -7.4 2
    endloop
  endfacet
  facet normal 0 0 -1
    outer loop
      vertex 28.4928 -7.44996 2
      vertex 28.7464 -8.72498 2
      vertex 28.6226 -8.75598 2
    endloop
  endfacet
  facet normal 0 0 -1
    outer loop
      vertex 28.2453 -7.51195 2
      vertex 28.6226 -8.75598 2
      vertex 28.5025 -8.79896 2
    endloop
  endfacet
  facet normal 0 0 -1
    outer loop
      vertex 28.7464 -8.72498 2
      vertex 28.4928 -7.44996 2
      vertex 28.7452 -7.41252 2
    endloop
  endfacet
  facet normal 0 0 -1
    outer loop
      vertex 28.005 -7.59791 2
      vertex 28.5025 -8.79896 2
      vertex 28.3872 -8.8535 2
    endloop
  endfacet
  facet normal 0 0 -1
    outer loop
      vertex 27.7744 -7.707 2
      vertex 28.3872 -8.8535 2
      vertex 28.2778 -8.91909 2
    endloop
  endfacet
  facet normal 0 0 -1
    outer loop
      vertex 28.6226 -8.75598 2
      vertex 28.2453 -7.51195 2
      vertex 28.4928 -7.44996 2
    endloop
  endfacet
  facet normal 0 0 -1
    outer loop
      vertex 27.5555 -7.83818 2
      vertex 28.2778 -8.91909 2
      vertex 28.1753 -8.99509 2
    endloop
  endfacet
  facet normal 0 0 -1
    outer loop
      vertex 27.3506 -7.99017 2
      vertex 28.1753 -8.99509 2
      vertex 28.0808 -9.08076 2
    endloop
  endfacet
  facet normal 0 0 -1
    outer loop
      vertex 28.5025 -8.79896 2
      vertex 28.005 -7.59791 2
      vertex 28.2453 -7.51195 2
    endloop
  endfacet
  facet normal 0 0 -1
    outer loop
      vertex 27.1615 -8.16152 2
      vertex 28.0808 -9.08076 2
      vertex 27.9951 -9.17529 2
    endloop
  endfacet
  facet normal 0 0 -1
    outer loop
      vertex 26.9902 -8.35058 2
      vertex 27.9951 -9.17529 2
      vertex 27.9191 -9.27776 2
    endloop
  endfacet
  facet normal 0 0 -1
    outer loop
      vertex 26.8382 -8.55552 2
      vertex 27.9191 -9.27776 2
      vertex 27.8535 -9.38718 2
    endloop
  endfacet
  facet normal 0 0 -1
    outer loop
      vertex 26.707 -8.77437 2
      vertex 27.8535 -9.38718 2
      vertex 27.799 -9.50251 2
    endloop
  endfacet
  facet normal 0 0 -1
    outer loop
      vertex 28.3872 -8.8535 2
      vertex 27.7744 -7.707 2
      vertex 28.005 -7.59791 2
    endloop
  endfacet
  facet normal 0 0 -1
    outer loop
      vertex 26.5979 -9.00502 2
      vertex 27.799 -9.50251 2
      vertex 27.756 -9.62263 2
    endloop
  endfacet
  facet normal 0 0 -1
    outer loop
      vertex 26.512 -9.24526 2
      vertex 27.756 -9.62263 2
      vertex 27.725 -9.74638 2
    endloop
  endfacet
  facet normal 0 0 -1
    outer loop
      vertex 26.45 -9.49276 2
      vertex 27.725 -9.74638 2
      vertex 27.7063 -9.87258 2
    endloop
  endfacet
  facet normal 0 0 -1
    outer loop
      vertex 26.4125 -9.74516 2
      vertex 27.7063 -9.87258 2
      vertex 27.7 -10 2
    endloop
  endfacet
  facet normal -0 0 -1
    outer loop
      vertex 27.8535 -10.6128 2
      vertex 26.707 -11.2256 2
      vertex 27.799 -10.4975 2
    endloop
  endfacet
  facet normal 0 0 -1
    outer loop
      vertex 28.2778 -8.91909 2
      vertex 27.5555 -7.83818 2
      vertex 27.7744 -7.707 2
    endloop
  endfacet
  facet normal 0 0 -1
    outer loop
      vertex 26.5979 -10.995 2
      vertex 27.799 -10.4975 2
      vertex 26.707 -11.2256 2
    endloop
  endfacet
  facet normal 0 0 -1
    outer loop
      vertex 28.1753 -8.99509 2
      vertex 27.3506 -7.99017 2
      vertex 27.5555 -7.83818 2
    endloop
  endfacet
  facet normal -0 0 -1
    outer loop
      vertex 27.799 -10.4975 2
      vertex 26.5979 -10.995 2
      vertex 27.756 -10.3774 2
    endloop
  endfacet
  facet normal 0 0 -1
    outer loop
      vertex 28.0808 -9.08076 2
      vertex 27.1615 -8.16152 2
      vertex 27.3506 -7.99017 2
    endloop
  endfacet
  facet normal 0 0 -1
    outer loop
      vertex 26.512 -10.7547 2
      vertex 27.756 -10.3774 2
      vertex 26.5979 -10.995 2
    endloop
  endfacet
  facet normal 0 0 -1
    outer loop
      vertex 27.9951 -9.17529 2
      vertex 26.9902 -8.35058 2
      vertex 27.1615 -8.16152 2
    endloop
  endfacet
  facet normal -0 0 -1
    outer loop
      vertex 27.756 -10.3774 2
      vertex 26.512 -10.7547 2
      vertex 27.725 -10.2536 2
    endloop
  endfacet
  facet normal 0 0 -1
    outer loop
      vertex 27.9191 -9.27776 2
      vertex 26.8382 -8.55552 2
      vertex 26.9902 -8.35058 2
    endloop
  endfacet
  facet normal 0 0 -1
    outer loop
      vertex 26.45 -10.5072 2
      vertex 27.725 -10.2536 2
      vertex 26.512 -10.7547 2
    endloop
  endfacet
  facet normal 0 0 -1
    outer loop
      vertex 27.8535 -9.38718 2
      vertex 26.707 -8.77437 2
      vertex 26.8382 -8.55552 2
    endloop
  endfacet
  facet normal -0 0 -1
    outer loop
      vertex 27.725 -10.2536 2
      vertex 26.45 -10.5072 2
      vertex 27.7063 -10.1274 2
    endloop
  endfacet
  facet normal 0 0 -1
    outer loop
      vertex 27.799 -9.50251 2
      vertex 26.5979 -9.00502 2
      vertex 26.707 -8.77437 2
    endloop
  endfacet
  facet normal 0 0 -1
    outer loop
      vertex 26.4125 -10.2548 2
      vertex 27.7063 -10.1274 2
      vertex 26.45 -10.5072 2
    endloop
  endfacet
  facet normal 0 0 -1
    outer loop
      vertex 27.756 -9.62263 2
      vertex 26.512 -9.24526 2
      vertex 26.5979 -9.00502 2
    endloop
  endfacet
  facet normal -0 0 -1
    outer loop
      vertex 27.7063 -10.1274 2
      vertex 26.4125 -10.2548 2
      vertex 27.7 -10 2
    endloop
  endfacet
  facet normal 0 0 -1
    outer loop
      vertex 27.725 -9.74638 2
      vertex 26.45 -9.49276 2
      vertex 26.512 -9.24526 2
    endloop
  endfacet
  facet normal 0 0 -1
    outer loop
      vertex 26.4 -10 2
      vertex 27.7 -10 2
      vertex 26.4125 -10.2548 2
    endloop
  endfacet
  facet normal 0 0 -1
    outer loop
      vertex 27.7063 -9.87258 2
      vertex 26.4125 -9.74516 2
      vertex 26.45 -9.49276 2
    endloop
  endfacet
  facet normal 0 0 -1
    outer loop
      vertex 27.7 -10 2
      vertex 26.4 -10 2
      vertex 26.4125 -9.74516 2
    endloop
  endfacet
  facet normal 0.671365 0.741127 -0
    outer loop
      vertex 27.3506 -12.0098 0
      vertex 27.1615 -11.8385 2
      vertex 27.3506 -12.0098 2
    endloop
  endfacet
  facet normal 0.671365 0.741127 0
    outer loop
      vertex 27.1615 -11.8385 2
      vertex 27.3506 -12.0098 0
      vertex 27.1615 -11.8385 0
    endloop
  endfacet
  facet normal 0.803196 -0.595715 0
    outer loop
      vertex 26.8382 -8.55552 2
      vertex 26.9902 -8.35058 0
      vertex 26.9902 -8.35058 2
    endloop
  endfacet
  facet normal 0.803196 -0.595715 0
    outer loop
      vertex 26.9902 -8.35058 0
      vertex 26.8382 -8.55552 2
      vertex 26.8382 -8.55552 0
    endloop
  endfacet
  facet normal 0.0489992 0.998799 -0
    outer loop
      vertex 29 -12.6 0
      vertex 28.7452 -12.5875 2
      vertex 29 -12.6 2
    endloop
  endfacet
  facet normal 0.0489992 0.998799 0
    outer loop
      vertex 28.7452 -12.5875 2
      vertex 29 -12.6 0
      vertex 28.7452 -12.5875 0
    endloop
  endfacet
  facet normal 0.146961 0.989142 -0
    outer loop
      vertex 28.7452 -12.5875 0
      vertex 28.4928 -12.55 2
      vertex 28.7452 -12.5875 2
    endloop
  endfacet
  facet normal 0.146961 0.989142 0
    outer loop
      vertex 28.4928 -12.55 2
      vertex 28.7452 -12.5875 0
      vertex 28.4928 -12.55 0
    endloop
  endfacet
  facet normal 0.989142 -0.146961 0
    outer loop
      vertex 26.4125 -9.74516 2
      vertex 26.45 -9.49276 0
      vertex 26.45 -9.49276 2
    endloop
  endfacet
  facet normal 0.989142 -0.146961 0
    outer loop
      vertex 26.45 -9.49276 0
      vertex 26.4125 -9.74516 2
      vertex 26.4125 -9.74516 0
    endloop
  endfacet
  facet normal 0.998799 -0.0489915 0
    outer loop
      vertex 26.4 -10 2
      vertex 26.4125 -9.74516 0
      vertex 26.4125 -9.74516 2
    endloop
  endfacet
  facet normal 0.998799 -0.0489915 0
    outer loop
      vertex 26.4125 -9.74516 0
      vertex 26.4 -10 2
      vertex 26.4 -10 0
    endloop
  endfacet
  facet normal 0.336609 0.941644 -0
    outer loop
      vertex 28.2453 -12.488 0
      vertex 28.005 -12.4021 2
      vertex 28.2453 -12.488 2
    endloop
  endfacet
  facet normal 0.336609 0.941644 0
    outer loop
      vertex 28.005 -12.4021 2
      vertex 28.2453 -12.488 0
      vertex 28.005 -12.4021 0
    endloop
  endfacet
  facet normal -0.671365 0.741127 0
    outer loop
      vertex 30.8385 -11.8385 0
      vertex 30.6494 -12.0098 2
      vertex 30.8385 -11.8385 2
    endloop
  endfacet
  facet normal -0.671365 0.741127 0
    outer loop
      vertex 30.6494 -12.0098 2
      vertex 30.8385 -11.8385 0
      vertex 30.6494 -12.0098 0
    endloop
  endfacet
  facet normal -0.989199 -0.146577 0
    outer loop
      vertex 30.2937 10.1274 2
      vertex 30.275 10.2536 6.5
      vertex 30.275 10.2536 2
    endloop
  endfacet
  facet normal -0.989199 -0.146577 0
    outer loop
      vertex 30.275 10.2536 6.5
      vertex 30.2937 10.1274 2
      vertex 30.2937 10.1274 6.5
    endloop
  endfacet
  facet normal -0.99878 -0.0493902 0
    outer loop
      vertex 30.3 10 2
      vertex 30.2937 10.1274 6.5
      vertex 30.2937 10.1274 2
    endloop
  endfacet
  facet normal -0.99878 -0.0493902 0
    outer loop
      vertex 30.2937 10.1274 6.5
      vertex 30.3 10 2
      vertex 30.3 10 6.5
    endloop
  endfacet
  facet normal -0.97005 -0.242904 0
    outer loop
      vertex 30.275 10.2536 2
      vertex 30.244 10.3774 6.5
      vertex 30.244 10.3774 2
    endloop
  endfacet
  facet normal -0.97005 -0.242904 0
    outer loop
      vertex 30.244 10.3774 6.5
      vertex 30.275 10.2536 2
      vertex 30.275 10.2536 6.5
    endloop
  endfacet
  facet normal 0.803279 -0.595602 0
    outer loop
      vertex 27.9191 10.7222 6.5
      vertex 27.9951 10.8247 2
      vertex 27.9951 10.8247 6.5
    endloop
  endfacet
  facet normal 0.803279 -0.595602 0
    outer loop
      vertex 27.9951 10.8247 2
      vertex 27.9191 10.7222 6.5
      vertex 27.9191 10.7222 2
    endloop
  endfacet
  facet normal -0.336942 0.941525 0
    outer loop
      vertex 29.4975 8.79896 2
      vertex 29.3774 8.75598 6.5
      vertex 29.4975 8.79896 6.5
    endloop
  endfacet
  facet normal -0.336942 0.941525 0
    outer loop
      vertex 29.3774 8.75598 6.5
      vertex 29.4975 8.79896 2
      vertex 29.3774 8.75598 2
    endloop
  endfacet
  facet normal -0.857673 0.514196 0
    outer loop
      vertex 30.0809 9.27776 2
      vertex 30.1465 9.38718 6.5
      vertex 30.1465 9.38718 2
    endloop
  endfacet
  facet normal -0.857673 0.514196 0
    outer loop
      vertex 30.1465 9.38718 6.5
      vertex 30.0809 9.27776 2
      vertex 30.0809 9.27776 6.5
    endloop
  endfacet
  facet normal 0.0490774 0.998795 -0
    outer loop
      vertex 29 8.7 2
      vertex 28.8726 8.70626 6.5
      vertex 29 8.7 6.5
    endloop
  endfacet
  facet normal 0.0490774 0.998795 0
    outer loop
      vertex 28.8726 8.70626 6.5
      vertex 29 8.7 2
      vertex 28.8726 8.70626 2
    endloop
  endfacet
  facet normal 0.989199 -0.146577 0
    outer loop
      vertex 27.7063 10.1274 6.5
      vertex 27.725 10.2536 2
      vertex 27.725 10.2536 6.5
    endloop
  endfacet
  facet normal 0.989199 -0.146577 0
    outer loop
      vertex 27.725 10.2536 2
      vertex 27.7063 10.1274 6.5
      vertex 27.7063 10.1274 2
    endloop
  endfacet
  facet normal 0.904132 0.427254 0
    outer loop
      vertex 27.8535 9.38718 6.5
      vertex 27.799 9.50251 2
      vertex 27.799 9.50251 6.5
    endloop
  endfacet
  facet normal 0.904132 0.427254 0
    outer loop
      vertex 27.799 9.50251 2
      vertex 27.8535 9.38718 6.5
      vertex 27.8535 9.38718 2
    endloop
  endfacet
  facet normal 0.242904 -0.97005 0
    outer loop
      vertex 28.6226 11.244 2
      vertex 28.7464 11.275 6.5
      vertex 28.6226 11.244 6.5
    endloop
  endfacet
  facet normal 0.242904 -0.97005 0
    outer loop
      vertex 28.7464 11.275 6.5
      vertex 28.6226 11.244 2
      vertex 28.7464 11.275 2
    endloop
  endfacet
  facet normal -0.14673 0.989177 0
    outer loop
      vertex 29.2536 8.72498 2
      vertex 29.1274 8.70626 6.5
      vertex 29.2536 8.72498 6.5
    endloop
  endfacet
  facet normal -0.14673 0.989177 0
    outer loop
      vertex 29.1274 8.70626 6.5
      vertex 29.2536 8.72498 2
      vertex 29.1274 8.70626 2
    endloop
  endfacet
  facet normal 0.595602 -0.803279 0
    outer loop
      vertex 28.1753 11.0049 2
      vertex 28.2778 11.0809 6.5
      vertex 28.1753 11.0049 6.5
    endloop
  endfacet
  facet normal 0.595602 -0.803279 0
    outer loop
      vertex 28.2778 11.0809 6.5
      vertex 28.1753 11.0049 2
      vertex 28.2778 11.0809 2
    endloop
  endfacet
  facet normal -0.595602 -0.803279 0
    outer loop
      vertex 29.7222 11.0809 2
      vertex 29.8247 11.0049 6.5
      vertex 29.7222 11.0809 6.5
    endloop
  endfacet
  facet normal -0.595602 -0.803279 -0
    outer loop
      vertex 29.8247 11.0049 6.5
      vertex 29.7222 11.0809 2
      vertex 29.8247 11.0049 2
    endloop
  endfacet
  facet normal -0.514265 -0.857631 0
    outer loop
      vertex 29.6128 11.1465 2
      vertex 29.7222 11.0809 6.5
      vertex 29.6128 11.1465 6.5
    endloop
  endfacet
  facet normal -0.514265 -0.857631 -0
    outer loop
      vertex 29.7222 11.0809 6.5
      vertex 29.6128 11.1465 2
      vertex 29.7222 11.0809 2
    endloop
  endfacet
  facet normal -0.904132 0.427254 0
    outer loop
      vertex 30.1465 9.38718 2
      vertex 30.201 9.50251 6.5
      vertex 30.201 9.50251 2
    endloop
  endfacet
  facet normal -0.904132 0.427254 0
    outer loop
      vertex 30.201 9.50251 6.5
      vertex 30.1465 9.38718 2
      vertex 30.1465 9.38718 6.5
    endloop
  endfacet
  facet normal 0.970027 0.242997 0
    outer loop
      vertex 27.756 9.62263 6.5
      vertex 27.725 9.74638 2
      vertex 27.725 9.74638 6.5
    endloop
  endfacet
  facet normal 0.970027 0.242997 0
    outer loop
      vertex 27.725 9.74638 2
      vertex 27.756 9.62263 6.5
      vertex 27.756 9.62263 2
    endloop
  endfacet
  facet normal 0.857673 0.514196 0
    outer loop
      vertex 27.9191 9.27776 6.5
      vertex 27.8535 9.38718 2
      vertex 27.8535 9.38718 6.5
    endloop
  endfacet
  facet normal 0.857673 0.514196 0
    outer loop
      vertex 27.8535 9.38718 2
      vertex 27.9191 9.27776 6.5
      vertex 27.9191 9.27776 2
    endloop
  endfacet
  facet normal -0.0490774 0.998795 0
    outer loop
      vertex 29.1274 8.70626 2
      vertex 29 8.7 6.5
      vertex 29.1274 8.70626 6.5
    endloop
  endfacet
  facet normal -0.0490774 0.998795 0
    outer loop
      vertex 29 8.7 6.5
      vertex 29.1274 8.70626 2
      vertex 29 8.7 2
    endloop
  endfacet
  facet normal 0.337081 -0.941476 0
    outer loop
      vertex 28.5025 11.201 2
      vertex 28.6226 11.244 6.5
      vertex 28.5025 11.201 6.5
    endloop
  endfacet
  facet normal 0.337081 -0.941476 0
    outer loop
      vertex 28.6226 11.244 6.5
      vertex 28.5025 11.201 2
      vertex 28.6226 11.244 2
    endloop
  endfacet
  facet normal 0.941476 -0.337081 0
    outer loop
      vertex 27.756 10.3774 6.5
      vertex 27.799 10.4975 2
      vertex 27.799 10.4975 6.5
    endloop
  endfacet
  facet normal 0.941476 -0.337081 0
    outer loop
      vertex 27.799 10.4975 2
      vertex 27.756 10.3774 6.5
      vertex 27.756 10.3774 2
    endloop
  endfacet
  facet normal -0.803279 -0.595602 0
    outer loop
      vertex 30.0809 10.7222 2
      vertex 30.0049 10.8247 6.5
      vertex 30.0049 10.8247 2
    endloop
  endfacet
  facet normal -0.803279 -0.595602 0
    outer loop
      vertex 30.0049 10.8247 6.5
      vertex 30.0809 10.7222 2
      vertex 30.0809 10.7222 6.5
    endloop
  endfacet
  facet normal -0.427601 0.903968 0
    outer loop
      vertex 29.6128 8.8535 2
      vertex 29.4975 8.79896 6.5
      vertex 29.6128 8.8535 6.5
    endloop
  endfacet
  facet normal -0.427601 0.903968 0
    outer loop
      vertex 29.4975 8.79896 6.5
      vertex 29.6128 8.8535 2
      vertex 29.4975 8.79896 2
    endloop
  endfacet
  facet normal -0.514208 0.857666 0
    outer loop
      vertex 29.7222 8.91909 2
      vertex 29.6128 8.8535 6.5
      vertex 29.7222 8.91909 6.5
    endloop
  endfacet
  facet normal -0.514208 0.857666 0
    outer loop
      vertex 29.6128 8.8535 6.5
      vertex 29.7222 8.91909 2
      vertex 29.6128 8.8535 2
    endloop
  endfacet
  facet normal -0.337081 -0.941476 0
    outer loop
      vertex 29.3774 11.244 2
      vertex 29.4975 11.201 6.5
      vertex 29.3774 11.244 6.5
    endloop
  endfacet
  facet normal -0.337081 -0.941476 -0
    outer loop
      vertex 29.4975 11.201 6.5
      vertex 29.3774 11.244 2
      vertex 29.4975 11.201 2
    endloop
  endfacet
  facet normal -0.970027 0.242997 0
    outer loop
      vertex 30.244 9.62263 2
      vertex 30.275 9.74638 6.5
      vertex 30.275 9.74638 2
    endloop
  endfacet
  facet normal -0.970027 0.242997 0
    outer loop
      vertex 30.275 9.74638 6.5
      vertex 30.244 9.62263 2
      vertex 30.244 9.62263 6.5
    endloop
  endfacet
  facet normal -0.803196 0.595715 0
    outer loop
      vertex 30.0049 9.17529 2
      vertex 30.0809 9.27776 6.5
      vertex 30.0809 9.27776 2
    endloop
  endfacet
  facet normal -0.803196 0.595715 0
    outer loop
      vertex 30.0809 9.27776 6.5
      vertex 30.0049 9.17529 2
      vertex 30.0049 9.17529 6.5
    endloop
  endfacet
  facet normal 0.904089 -0.427345 0
    outer loop
      vertex 27.799 10.4975 6.5
      vertex 27.8535 10.6128 2
      vertex 27.8535 10.6128 6.5
    endloop
  endfacet
  facet normal 0.904089 -0.427345 0
    outer loop
      vertex 27.8535 10.6128 2
      vertex 27.799 10.4975 6.5
      vertex 27.799 10.4975 2
    endloop
  endfacet
  facet normal -0.671775 -0.740755 0
    outer loop
      vertex 29.8247 11.0049 2
      vertex 29.9192 10.9192 6.5
      vertex 29.8247 11.0049 6.5
    endloop
  endfacet
  facet normal -0.671775 -0.740755 -0
    outer loop
      vertex 29.9192 10.9192 6.5
      vertex 29.8247 11.0049 2
      vertex 29.9192 10.9192 2
    endloop
  endfacet
  facet normal 0.671775 -0.740755 0
    outer loop
      vertex 28.0808 10.9192 2
      vertex 28.1753 11.0049 6.5
      vertex 28.0808 10.9192 6.5
    endloop
  endfacet
  facet normal 0.671775 -0.740755 0
    outer loop
      vertex 28.1753 11.0049 6.5
      vertex 28.0808 10.9192 2
      vertex 28.1753 11.0049 2
    endloop
  endfacet
  facet normal -0.427345 -0.904089 0
    outer loop
      vertex 29.4975 11.201 2
      vertex 29.6128 11.1465 6.5
      vertex 29.4975 11.201 6.5
    endloop
  endfacet
  facet normal -0.427345 -0.904089 -0
    outer loop
      vertex 29.6128 11.1465 6.5
      vertex 29.4975 11.201 2
      vertex 29.6128 11.1465 2
    endloop
  endfacet
  facet normal -0.941476 -0.337081 0
    outer loop
      vertex 30.244 10.3774 2
      vertex 30.201 10.4975 6.5
      vertex 30.201 10.4975 2
    endloop
  endfacet
  facet normal -0.941476 -0.337081 0
    outer loop
      vertex 30.201 10.4975 6.5
      vertex 30.244 10.3774 2
      vertex 30.244 10.3774 6.5
    endloop
  endfacet
  facet normal -0.0493902 -0.99878 0
    outer loop
      vertex 29 11.3 2
      vertex 29.1274 11.2937 6.5
      vertex 29 11.3 6.5
    endloop
  endfacet
  facet normal -0.0493902 -0.99878 -0
    outer loop
      vertex 29.1274 11.2937 6.5
      vertex 29 11.3 2
      vertex 29.1274 11.2937 2
    endloop
  endfacet
  facet normal 0.857631 -0.514265 0
    outer loop
      vertex 27.8535 10.6128 6.5
      vertex 27.9191 10.7222 2
      vertex 27.9191 10.7222 6.5
    endloop
  endfacet
  facet normal 0.857631 -0.514265 0
    outer loop
      vertex 27.9191 10.7222 2
      vertex 27.8535 10.6128 6.5
      vertex 27.8535 10.6128 2
    endloop
  endfacet
  facet normal -0.989199 0.146577 0
    outer loop
      vertex 30.275 9.74638 2
      vertex 30.2937 9.87258 6.5
      vertex 30.2937 9.87258 2
    endloop
  endfacet
  facet normal -0.989199 0.146577 0
    outer loop
      vertex 30.2937 9.87258 6.5
      vertex 30.275 9.74638 2
      vertex 30.275 9.74638 6.5
    endloop
  endfacet
  facet normal -0.99878 0.0493825 0
    outer loop
      vertex 30.2937 9.87258 2
      vertex 30.3 10 6.5
      vertex 30.3 10 2
    endloop
  endfacet
  facet normal -0.99878 0.0493825 0
    outer loop
      vertex 30.3 10 6.5
      vertex 30.2937 9.87258 2
      vertex 30.2937 9.87258 6.5
    endloop
  endfacet
  facet normal 0.671646 0.740872 -0
    outer loop
      vertex 28.1753 8.99509 2
      vertex 28.0808 9.08076 6.5
      vertex 28.1753 8.99509 6.5
    endloop
  endfacet
  facet normal 0.671646 0.740872 0
    outer loop
      vertex 28.0808 9.08076 6.5
      vertex 28.1753 8.99509 2
      vertex 28.0808 9.08076 2
    endloop
  endfacet
  facet normal -0.904089 -0.427345 0
    outer loop
      vertex 30.201 10.4975 2
      vertex 30.1465 10.6128 6.5
      vertex 30.1465 10.6128 2
    endloop
  endfacet
  facet normal -0.904089 -0.427345 0
    outer loop
      vertex 30.1465 10.6128 6.5
      vertex 30.201 10.4975 2
      vertex 30.201 10.4975 6.5
    endloop
  endfacet
  facet normal 0.97005 -0.242904 0
    outer loop
      vertex 27.725 10.2536 6.5
      vertex 27.756 10.3774 2
      vertex 27.756 10.3774 6.5
    endloop
  endfacet
  facet normal 0.97005 -0.242904 0
    outer loop
      vertex 27.756 10.3774 2
      vertex 27.725 10.2536 6.5
      vertex 27.725 10.2536 2
    endloop
  endfacet
  facet normal -0.242904 0.97005 0
    outer loop
      vertex 29.3774 8.75598 2
      vertex 29.2536 8.72498 6.5
      vertex 29.3774 8.75598 6.5
    endloop
  endfacet
  facet normal -0.242904 0.97005 0
    outer loop
      vertex 29.2536 8.72498 6.5
      vertex 29.3774 8.75598 2
      vertex 29.2536 8.72498 2
    endloop
  endfacet
  facet normal -0.595602 0.803279 0
    outer loop
      vertex 29.8247 8.99509 2
      vertex 29.7222 8.91909 6.5
      vertex 29.8247 8.99509 6.5
    endloop
  endfacet
  facet normal -0.595602 0.803279 0
    outer loop
      vertex 29.7222 8.91909 6.5
      vertex 29.8247 8.99509 2
      vertex 29.7222 8.91909 2
    endloop
  endfacet
  facet normal 0.146577 -0.989199 0
    outer loop
      vertex 28.7464 11.275 2
      vertex 28.8726 11.2937 6.5
      vertex 28.7464 11.275 6.5
    endloop
  endfacet
  facet normal 0.146577 -0.989199 0
    outer loop
      vertex 28.8726 11.2937 6.5
      vertex 28.7464 11.275 2
      vertex 28.8726 11.2937 2
    endloop
  endfacet
  facet normal -0.740755 -0.671775 0
    outer loop
      vertex 30.0049 10.8247 2
      vertex 29.9192 10.9192 6.5
      vertex 29.9192 10.9192 2
    endloop
  endfacet
  facet normal -0.740755 -0.671775 0
    outer loop
      vertex 29.9192 10.9192 6.5
      vertex 30.0049 10.8247 2
      vertex 30.0049 10.8247 6.5
    endloop
  endfacet
  facet normal 0.427345 -0.904089 0
    outer loop
      vertex 28.3872 11.1465 2
      vertex 28.5025 11.201 6.5
      vertex 28.3872 11.1465 6.5
    endloop
  endfacet
  facet normal 0.427345 -0.904089 0
    outer loop
      vertex 28.5025 11.201 6.5
      vertex 28.3872 11.1465 2
      vertex 28.5025 11.201 2
    endloop
  endfacet
  facet normal -0.941493 0.337031 0
    outer loop
      vertex 30.201 9.50251 2
      vertex 30.244 9.62263 6.5
      vertex 30.244 9.62263 2
    endloop
  endfacet
  facet normal -0.941493 0.337031 0
    outer loop
      vertex 30.244 9.62263 6.5
      vertex 30.201 9.50251 2
      vertex 30.201 9.50251 6.5
    endloop
  endfacet
  facet normal 0.242904 0.97005 -0
    outer loop
      vertex 28.7464 8.72498 2
      vertex 28.6226 8.75598 6.5
      vertex 28.7464 8.72498 6.5
    endloop
  endfacet
  facet normal 0.242904 0.97005 0
    outer loop
      vertex 28.6226 8.75598 6.5
      vertex 28.7464 8.72498 2
      vertex 28.6226 8.75598 2
    endloop
  endfacet
  facet normal -0.857631 -0.514265 0
    outer loop
      vertex 30.1465 10.6128 2
      vertex 30.0809 10.7222 6.5
      vertex 30.0809 10.7222 2
    endloop
  endfacet
  facet normal -0.857631 -0.514265 0
    outer loop
      vertex 30.0809 10.7222 6.5
      vertex 30.1465 10.6128 2
      vertex 30.1465 10.6128 6.5
    endloop
  endfacet
  facet normal 0.14673 0.989177 -0
    outer loop
      vertex 28.8726 8.70626 2
      vertex 28.7464 8.72498 6.5
      vertex 28.8726 8.70626 6.5
    endloop
  endfacet
  facet normal 0.14673 0.989177 0
    outer loop
      vertex 28.7464 8.72498 6.5
      vertex 28.8726 8.70626 2
      vertex 28.7464 8.72498 2
    endloop
  endfacet
  facet normal 0.0493902 -0.99878 0
    outer loop
      vertex 28.8726 11.2937 2
      vertex 29 11.3 6.5
      vertex 28.8726 11.2937 6.5
    endloop
  endfacet
  facet normal 0.0493902 -0.99878 0
    outer loop
      vertex 29 11.3 6.5
      vertex 28.8726 11.2937 2
      vertex 29 11.3 2
    endloop
  endfacet
  facet normal 0.514265 -0.857631 0
    outer loop
      vertex 28.2778 11.0809 2
      vertex 28.3872 11.1465 6.5
      vertex 28.2778 11.0809 6.5
    endloop
  endfacet
  facet normal 0.514265 -0.857631 0
    outer loop
      vertex 28.3872 11.1465 6.5
      vertex 28.2778 11.0809 2
      vertex 28.3872 11.1465 2
    endloop
  endfacet
  facet normal 0.941493 0.337031 0
    outer loop
      vertex 27.799 9.50251 6.5
      vertex 27.756 9.62263 2
      vertex 27.756 9.62263 6.5
    endloop
  endfacet
  facet normal 0.941493 0.337031 0
    outer loop
      vertex 27.756 9.62263 2
      vertex 27.799 9.50251 6.5
      vertex 27.799 9.50251 2
    endloop
  endfacet
  facet normal 0.740755 -0.671775 0
    outer loop
      vertex 27.9951 10.8247 6.5
      vertex 28.0808 10.9192 2
      vertex 28.0808 10.9192 6.5
    endloop
  endfacet
  facet normal 0.740755 -0.671775 0
    outer loop
      vertex 28.0808 10.9192 2
      vertex 27.9951 10.8247 6.5
      vertex 27.9951 10.8247 2
    endloop
  endfacet
  facet normal 0.336942 0.941525 -0
    outer loop
      vertex 28.6226 8.75598 2
      vertex 28.5025 8.79896 6.5
      vertex 28.6226 8.75598 6.5
    endloop
  endfacet
  facet normal 0.336942 0.941525 0
    outer loop
      vertex 28.5025 8.79896 6.5
      vertex 28.6226 8.75598 2
      vertex 28.5025 8.79896 2
    endloop
  endfacet
  facet normal 0.427601 0.903968 -0
    outer loop
      vertex 28.5025 8.79896 2
      vertex 28.3872 8.8535 6.5
      vertex 28.5025 8.79896 6.5
    endloop
  endfacet
  facet normal 0.427601 0.903968 0
    outer loop
      vertex 28.3872 8.8535 6.5
      vertex 28.5025 8.79896 2
      vertex 28.3872 8.8535 2
    endloop
  endfacet
  facet normal -0.242904 -0.97005 0
    outer loop
      vertex 29.2536 11.275 2
      vertex 29.3774 11.244 6.5
      vertex 29.2536 11.275 6.5
    endloop
  endfacet
  facet normal -0.242904 -0.97005 -0
    outer loop
      vertex 29.3774 11.244 6.5
      vertex 29.2536 11.275 2
      vertex 29.3774 11.244 2
    endloop
  endfacet
  facet normal -0.146577 -0.989199 0
    outer loop
      vertex 29.1274 11.2937 2
      vertex 29.2536 11.275 6.5
      vertex 29.1274 11.2937 6.5
    endloop
  endfacet
  facet normal -0.146577 -0.989199 -0
    outer loop
      vertex 29.2536 11.275 6.5
      vertex 29.1274 11.2937 2
      vertex 29.2536 11.275 2
    endloop
  endfacet
  facet normal -0.671646 0.740872 0
    outer loop
      vertex 29.9192 9.08076 2
      vertex 29.8247 8.99509 6.5
      vertex 29.9192 9.08076 6.5
    endloop
  endfacet
  facet normal -0.671646 0.740872 0
    outer loop
      vertex 29.8247 8.99509 6.5
      vertex 29.9192 9.08076 2
      vertex 29.8247 8.99509 2
    endloop
  endfacet
  facet normal 0.514208 0.857666 -0
    outer loop
      vertex 28.3872 8.8535 2
      vertex 28.2778 8.91909 6.5
      vertex 28.3872 8.8535 6.5
    endloop
  endfacet
  facet normal 0.514208 0.857666 0
    outer loop
      vertex 28.2778 8.91909 6.5
      vertex 28.3872 8.8535 2
      vertex 28.2778 8.91909 2
    endloop
  endfacet
  facet normal 0.740861 0.671658 0
    outer loop
      vertex 28.0808 9.08076 6.5
      vertex 27.9951 9.17529 2
      vertex 27.9951 9.17529 6.5
    endloop
  endfacet
  facet normal 0.740861 0.671658 0
    outer loop
      vertex 27.9951 9.17529 2
      vertex 28.0808 9.08076 6.5
      vertex 28.0808 9.08076 2
    endloop
  endfacet
  facet normal 0.595602 0.803279 -0
    outer loop
      vertex 28.2778 8.91909 2
      vertex 28.1753 8.99509 6.5
      vertex 28.2778 8.91909 6.5
    endloop
  endfacet
  facet normal 0.595602 0.803279 0
    outer loop
      vertex 28.1753 8.99509 6.5
      vertex 28.2778 8.91909 2
      vertex 28.1753 8.99509 2
    endloop
  endfacet
  facet normal 0.989199 0.146577 0
    outer loop
      vertex 27.725 9.74638 6.5
      vertex 27.7063 9.87258 2
      vertex 27.7063 9.87258 6.5
    endloop
  endfacet
  facet normal 0.989199 0.146577 0
    outer loop
      vertex 27.7063 9.87258 2
      vertex 27.725 9.74638 6.5
      vertex 27.725 9.74638 2
    endloop
  endfacet
  facet normal -0.740861 0.671658 0
    outer loop
      vertex 29.9192 9.08076 2
      vertex 30.0049 9.17529 6.5
      vertex 30.0049 9.17529 2
    endloop
  endfacet
  facet normal -0.740861 0.671658 0
    outer loop
      vertex 30.0049 9.17529 6.5
      vertex 29.9192 9.08076 2
      vertex 29.9192 9.08076 6.5
    endloop
  endfacet
  facet normal 0.803196 0.595715 0
    outer loop
      vertex 27.9951 9.17529 6.5
      vertex 27.9191 9.27776 2
      vertex 27.9191 9.27776 6.5
    endloop
  endfacet
  facet normal 0.803196 0.595715 0
    outer loop
      vertex 27.9191 9.27776 2
      vertex 27.9951 9.17529 6.5
      vertex 27.9951 9.17529 2
    endloop
  endfacet
  facet normal 0.99878 -0.0493902 0
    outer loop
      vertex 27.7 10 6.5
      vertex 27.7063 10.1274 2
      vertex 27.7063 10.1274 6.5
    endloop
  endfacet
  facet normal 0.99878 -0.0493902 0
    outer loop
      vertex 27.7063 10.1274 2
      vertex 27.7 10 6.5
      vertex 27.7 10 2
    endloop
  endfacet
  facet normal 0.99878 0.0493825 0
    outer loop
      vertex 27.7063 9.87258 6.5
      vertex 27.7 10 2
      vertex 27.7 10 6.5
    endloop
  endfacet
  facet normal 0.99878 0.0493825 0
    outer loop
      vertex 27.7 10 2
      vertex 27.7063 9.87258 6.5
      vertex 27.7063 9.87258 2
    endloop
  endfacet
  facet normal -0.146961 -0.989142 0
    outer loop
      vertex 29.2548 12.5875 0
      vertex 29.5072 12.55 2
      vertex 29.2548 12.5875 2
    endloop
  endfacet
  facet normal -0.146961 -0.989142 -0
    outer loop
      vertex 29.5072 12.55 2
      vertex 29.2548 12.5875 0
      vertex 29.5072 12.55 0
    endloop
  endfacet
  facet normal -0.336609 -0.941644 0
    outer loop
      vertex 29.7547 12.488 0
      vertex 29.995 12.4021 2
      vertex 29.7547 12.488 2
    endloop
  endfacet
  facet normal -0.336609 -0.941644 -0
    outer loop
      vertex 29.995 12.4021 2
      vertex 29.7547 12.488 0
      vertex 29.995 12.4021 0
    endloop
  endfacet
  facet normal -0.989142 -0.146961 0
    outer loop
      vertex 31.5875 10.2548 0
      vertex 31.55 10.5072 2
      vertex 31.55 10.5072 0
    endloop
  endfacet
  facet normal -0.989142 -0.146961 0
    outer loop
      vertex 31.55 10.5072 2
      vertex 31.5875 10.2548 0
      vertex 31.5875 10.2548 2
    endloop
  endfacet
  facet normal -0.998799 -0.0489992 0
    outer loop
      vertex 31.6 10 0
      vertex 31.5875 10.2548 2
      vertex 31.5875 10.2548 0
    endloop
  endfacet
  facet normal -0.998799 -0.0489992 0
    outer loop
      vertex 31.5875 10.2548 2
      vertex 31.6 10 0
      vertex 31.6 10 2
    endloop
  endfacet
  facet normal -0.970027 -0.242997 0
    outer loop
      vertex 31.55 10.5072 0
      vertex 31.488 10.7547 2
      vertex 31.488 10.7547 0
    endloop
  endfacet
  facet normal -0.970027 -0.242997 0
    outer loop
      vertex 31.488 10.7547 2
      vertex 31.55 10.5072 0
      vertex 31.55 10.5072 2
    endloop
  endfacet
  facet normal 0.59579 -0.80314 0
    outer loop
      vertex 27.3506 12.0098 0
      vertex 27.5555 12.1618 2
      vertex 27.3506 12.0098 2
    endloop
  endfacet
  facet normal 0.59579 -0.80314 0
    outer loop
      vertex 27.5555 12.1618 2
      vertex 27.3506 12.0098 0
      vertex 27.5555 12.1618 0
    endloop
  endfacet
  facet normal -0.741127 -0.671365 0
    outer loop
      vertex 31.0098 11.6494 0
      vertex 30.8385 11.8385 2
      vertex 30.8385 11.8385 0
    endloop
  endfacet
  facet normal -0.741127 -0.671365 0
    outer loop
      vertex 30.8385 11.8385 2
      vertex 31.0098 11.6494 0
      vertex 31.0098 11.6494 2
    endloop
  endfacet
  facet normal -0.80314 -0.59579 0
    outer loop
      vertex 31.1618 11.4445 0
      vertex 31.0098 11.6494 2
      vertex 31.0098 11.6494 0
    endloop
  endfacet
  facet normal -0.80314 -0.59579 0
    outer loop
      vertex 31.0098 11.6494 2
      vertex 31.1618 11.4445 0
      vertex 31.1618 11.4445 2
    endloop
  endfacet
  facet normal 0.941644 -0.336609 0
    outer loop
      vertex 26.512 10.7547 2
      vertex 26.5979 10.995 0
      vertex 26.5979 10.995 2
    endloop
  endfacet
  facet normal 0.941644 -0.336609 0
    outer loop
      vertex 26.5979 10.995 0
      vertex 26.512 10.7547 2
      vertex 26.512 10.7547 0
    endloop
  endfacet
  facet normal -0.998799 0.0489915 0
    outer loop
      vertex 31.5875 9.74516 0
      vertex 31.6 10 2
      vertex 31.6 10 0
    endloop
  endfacet
  facet normal -0.998799 0.0489915 0
    outer loop
      vertex 31.6 10 2
      vertex 31.5875 9.74516 0
      vertex 31.5875 9.74516 2
    endloop
  endfacet
  facet normal -0.242997 -0.970027 0
    outer loop
      vertex 29.5072 12.55 0
      vertex 29.7547 12.488 2
      vertex 29.5072 12.55 2
    endloop
  endfacet
  facet normal -0.242997 -0.970027 -0
    outer loop
      vertex 29.7547 12.488 2
      vertex 29.5072 12.55 0
      vertex 29.7547 12.488 0
    endloop
  endfacet
  facet normal -0.514035 0.857769 0
    outer loop
      vertex 30.4445 7.83818 0
      vertex 30.2256 7.707 2
      vertex 30.4445 7.83818 2
    endloop
  endfacet
  facet normal -0.514035 0.857769 0
    outer loop
      vertex 30.2256 7.707 2
      vertex 30.4445 7.83818 0
      vertex 30.2256 7.707 0
    endloop
  endfacet
  facet normal -0.941644 -0.336609 0
    outer loop
      vertex 31.488 10.7547 0
      vertex 31.4021 10.995 2
      vertex 31.4021 10.995 0
    endloop
  endfacet
  facet normal -0.941644 -0.336609 0
    outer loop
      vertex 31.4021 10.995 2
      vertex 31.488 10.7547 0
      vertex 31.488 10.7547 2
    endloop
  endfacet
  facet normal -0.803196 0.595715 0
    outer loop
      vertex 31.0098 8.35058 0
      vertex 31.1618 8.55552 2
      vertex 31.1618 8.55552 0
    endloop
  endfacet
  facet normal -0.803196 0.595715 0
    outer loop
      vertex 31.1618 8.55552 2
      vertex 31.0098 8.35058 0
      vertex 31.0098 8.35058 2
    endloop
  endfacet
  facet normal 0.242997 -0.970027 0
    outer loop
      vertex 28.2453 12.488 0
      vertex 28.4928 12.55 2
      vertex 28.2453 12.488 2
    endloop
  endfacet
  facet normal 0.242997 -0.970027 0
    outer loop
      vertex 28.4928 12.55 2
      vertex 28.2453 12.488 0
      vertex 28.4928 12.55 0
    endloop
  endfacet
  facet normal -0.514092 -0.857735 0
    outer loop
      vertex 30.2256 12.293 0
      vertex 30.4445 12.1618 2
      vertex 30.2256 12.293 2
    endloop
  endfacet
  facet normal -0.514092 -0.857735 -0
    outer loop
      vertex 30.4445 12.1618 2
      vertex 30.2256 12.293 0
      vertex 30.4445 12.1618 0
    endloop
  endfacet
  facet normal 0.514035 0.857769 -0
    outer loop
      vertex 27.7744 7.707 0
      vertex 27.5555 7.83818 2
      vertex 27.7744 7.707 2
    endloop
  endfacet
  facet normal 0.514035 0.857769 0
    outer loop
      vertex 27.5555 7.83818 2
      vertex 27.7744 7.707 0
      vertex 27.5555 7.83818 0
    endloop
  endfacet
  facet normal -0.59579 -0.80314 0
    outer loop
      vertex 30.4445 12.1618 0
      vertex 30.6494 12.0098 2
      vertex 30.4445 12.1618 2
    endloop
  endfacet
  facet normal -0.59579 -0.80314 -0
    outer loop
      vertex 30.6494 12.0098 2
      vertex 30.4445 12.1618 0
      vertex 30.6494 12.0098 0
    endloop
  endfacet
  facet normal -0.970027 0.242997 0
    outer loop
      vertex 31.488 9.24526 0
      vertex 31.55 9.49276 2
      vertex 31.55 9.49276 0
    endloop
  endfacet
  facet normal -0.970027 0.242997 0
    outer loop
      vertex 31.55 9.49276 2
      vertex 31.488 9.24526 0
      vertex 31.488 9.24526 2
    endloop
  endfacet
  facet normal -0.14673 0.989177 0
    outer loop
      vertex 29.5072 7.44996 0
      vertex 29.2548 7.41252 2
      vertex 29.5072 7.44996 2
    endloop
  endfacet
  facet normal -0.14673 0.989177 0
    outer loop
      vertex 29.2548 7.41252 2
      vertex 29.5072 7.44996 0
      vertex 29.2548 7.41252 0
    endloop
  endfacet
  facet normal 0.903937 -0.427665 0
    outer loop
      vertex 26.5979 10.995 2
      vertex 26.707 11.2256 0
      vertex 26.707 11.2256 2
    endloop
  endfacet
  facet normal 0.903937 -0.427665 0
    outer loop
      vertex 26.707 11.2256 0
      vertex 26.5979 10.995 2
      vertex 26.5979 10.995 0
    endloop
  endfacet
  facet normal 0.14673 0.989177 -0
    outer loop
      vertex 28.7452 7.41252 0
      vertex 28.4928 7.44996 2
      vertex 28.7452 7.41252 2
    endloop
  endfacet
  facet normal 0.14673 0.989177 0
    outer loop
      vertex 28.4928 7.44996 2
      vertex 28.7452 7.41252 0
      vertex 28.4928 7.44996 0
    endloop
  endfacet
  facet normal 0.514092 -0.857735 0
    outer loop
      vertex 27.5555 12.1618 0
      vertex 27.7744 12.293 2
      vertex 27.5555 12.1618 2
    endloop
  endfacet
  facet normal 0.514092 -0.857735 0
    outer loop
      vertex 27.7744 12.293 2
      vertex 27.5555 12.1618 0
      vertex 27.7744 12.293 0
    endloop
  endfacet
  facet normal -0.903973 0.427589 0
    outer loop
      vertex 31.293 8.77437 0
      vertex 31.4021 9.00502 2
      vertex 31.4021 9.00502 0
    endloop
  endfacet
  facet normal -0.903973 0.427589 0
    outer loop
      vertex 31.4021 9.00502 2
      vertex 31.293 8.77437 0
      vertex 31.293 8.77437 2
    endloop
  endfacet
  facet normal 0.671365 -0.741127 0
    outer loop
      vertex 27.1615 11.8385 0
      vertex 27.3506 12.0098 2
      vertex 27.1615 11.8385 2
    endloop
  endfacet
  facet normal 0.671365 -0.741127 0
    outer loop
      vertex 27.3506 12.0098 2
      vertex 27.1615 11.8385 0
      vertex 27.3506 12.0098 0
    endloop
  endfacet
  facet normal -0.903937 -0.427665 0
    outer loop
      vertex 31.4021 10.995 0
      vertex 31.293 11.2256 2
      vertex 31.293 11.2256 0
    endloop
  endfacet
  facet normal -0.903937 -0.427665 0
    outer loop
      vertex 31.293 11.2256 2
      vertex 31.4021 10.995 0
      vertex 31.4021 10.995 2
    endloop
  endfacet
  facet normal 0.970027 0.242997 0
    outer loop
      vertex 26.512 9.24526 2
      vertex 26.45 9.49276 0
      vertex 26.45 9.49276 2
    endloop
  endfacet
  facet normal 0.970027 0.242997 0
    outer loop
      vertex 26.45 9.49276 0
      vertex 26.512 9.24526 2
      vertex 26.512 9.24526 0
    endloop
  endfacet
  facet normal -0.0490774 0.998795 0
    outer loop
      vertex 29.2548 7.41252 0
      vertex 29 7.4 2
      vertex 29.2548 7.41252 2
    endloop
  endfacet
  facet normal -0.0490774 0.998795 0
    outer loop
      vertex 29 7.4 2
      vertex 29.2548 7.41252 0
      vertex 29 7.4 0
    endloop
  endfacet
  facet normal -0.427633 0.903952 0
    outer loop
      vertex 30.2256 7.707 0
      vertex 29.995 7.59791 2
      vertex 30.2256 7.707 2
    endloop
  endfacet
  facet normal -0.427633 0.903952 0
    outer loop
      vertex 29.995 7.59791 2
      vertex 30.2256 7.707 0
      vertex 29.995 7.59791 0
    endloop
  endfacet
  facet normal -0.427665 -0.903937 0
    outer loop
      vertex 29.995 12.4021 0
      vertex 30.2256 12.293 2
      vertex 29.995 12.4021 2
    endloop
  endfacet
  facet normal -0.427665 -0.903937 -0
    outer loop
      vertex 30.2256 12.293 2
      vertex 29.995 12.4021 0
      vertex 30.2256 12.293 0
    endloop
  endfacet
  facet normal -0.857683 0.514179 0
    outer loop
      vertex 31.1618 8.55552 0
      vertex 31.293 8.77437 2
      vertex 31.293 8.77437 0
    endloop
  endfacet
  facet normal -0.857683 0.514179 0
    outer loop
      vertex 31.293 8.77437 2
      vertex 31.1618 8.55552 0
      vertex 31.1618 8.55552 2
    endloop
  endfacet
  facet normal -0.671472 0.74103 0
    outer loop
      vertex 30.8385 8.16152 0
      vertex 30.6494 7.99017 2
      vertex 30.8385 8.16152 2
    endloop
  endfacet
  facet normal -0.671472 0.74103 0
    outer loop
      vertex 30.6494 7.99017 2
      vertex 30.8385 8.16152 0
      vertex 30.6494 7.99017 0
    endloop
  endfacet
  facet normal 0.941618 0.336684 0
    outer loop
      vertex 26.5979 9.00502 2
      vertex 26.512 9.24526 0
      vertex 26.512 9.24526 2
    endloop
  endfacet
  facet normal 0.941618 0.336684 0
    outer loop
      vertex 26.512 9.24526 0
      vertex 26.5979 9.00502 2
      vertex 26.5979 9.00502 0
    endloop
  endfacet
  facet normal -0.336818 0.94157 0
    outer loop
      vertex 29.995 7.59791 0
      vertex 29.7547 7.51195 2
      vertex 29.995 7.59791 2
    endloop
  endfacet
  facet normal -0.336818 0.94157 0
    outer loop
      vertex 29.7547 7.51195 2
      vertex 29.995 7.59791 0
      vertex 29.7547 7.51195 0
    endloop
  endfacet
  facet normal 0.989142 -0.146961 0
    outer loop
      vertex 26.4125 10.2548 2
      vertex 26.45 10.5072 0
      vertex 26.45 10.5072 2
    endloop
  endfacet
  facet normal 0.989142 -0.146961 0
    outer loop
      vertex 26.45 10.5072 0
      vertex 26.4125 10.2548 2
      vertex 26.4125 10.2548 0
    endloop
  endfacet
  facet normal -0.989142 0.146961 0
    outer loop
      vertex 31.55 9.49276 0
      vertex 31.5875 9.74516 2
      vertex 31.5875 9.74516 0
    endloop
  endfacet
  facet normal -0.989142 0.146961 0
    outer loop
      vertex 31.5875 9.74516 2
      vertex 31.55 9.49276 0
      vertex 31.55 9.49276 2
    endloop
  endfacet
  facet normal 0.336609 -0.941644 0
    outer loop
      vertex 28.005 12.4021 0
      vertex 28.2453 12.488 2
      vertex 28.005 12.4021 2
    endloop
  endfacet
  facet normal 0.336609 -0.941644 0
    outer loop
      vertex 28.2453 12.488 2
      vertex 28.005 12.4021 0
      vertex 28.2453 12.488 0
    endloop
  endfacet
  facet normal -0.671365 -0.741127 0
    outer loop
      vertex 30.6494 12.0098 0
      vertex 30.8385 11.8385 2
      vertex 30.6494 12.0098 2
    endloop
  endfacet
  facet normal -0.671365 -0.741127 -0
    outer loop
      vertex 30.8385 11.8385 2
      vertex 30.6494 12.0098 0
      vertex 30.8385 11.8385 0
    endloop
  endfacet
  facet normal 0.671472 0.74103 -0
    outer loop
      vertex 27.3506 7.99017 0
      vertex 27.1615 8.16152 2
      vertex 27.3506 7.99017 2
    endloop
  endfacet
  facet normal 0.671472 0.74103 0
    outer loop
      vertex 27.1615 8.16152 2
      vertex 27.3506 7.99017 0
      vertex 27.1615 8.16152 0
    endloop
  endfacet
  facet normal 0.146961 -0.989142 0
    outer loop
      vertex 28.4928 12.55 0
      vertex 28.7452 12.5875 2
      vertex 28.4928 12.55 2
    endloop
  endfacet
  facet normal 0.146961 -0.989142 0
    outer loop
      vertex 28.7452 12.5875 2
      vertex 28.4928 12.55 0
      vertex 28.7452 12.5875 0
    endloop
  endfacet
  facet normal 0.427665 -0.903937 0
    outer loop
      vertex 27.7744 12.293 0
      vertex 28.005 12.4021 2
      vertex 27.7744 12.293 2
    endloop
  endfacet
  facet normal 0.427665 -0.903937 0
    outer loop
      vertex 28.005 12.4021 2
      vertex 27.7744 12.293 0
      vertex 28.005 12.4021 0
    endloop
  endfacet
  facet normal -0.857735 -0.514092 0
    outer loop
      vertex 31.293 11.2256 0
      vertex 31.1618 11.4445 2
      vertex 31.1618 11.4445 0
    endloop
  endfacet
  facet normal -0.857735 -0.514092 0
    outer loop
      vertex 31.1618 11.4445 2
      vertex 31.293 11.2256 0
      vertex 31.293 11.2256 2
    endloop
  endfacet
  facet normal -0.741056 0.671443 0
    outer loop
      vertex 30.8385 8.16152 0
      vertex 31.0098 8.35058 2
      vertex 31.0098 8.35058 0
    endloop
  endfacet
  facet normal -0.741056 0.671443 0
    outer loop
      vertex 31.0098 8.35058 2
      vertex 30.8385 8.16152 0
      vertex 30.8385 8.16152 2
    endloop
  endfacet
  facet normal 0.857735 -0.514092 0
    outer loop
      vertex 26.707 11.2256 2
      vertex 26.8382 11.4445 0
      vertex 26.8382 11.4445 2
    endloop
  endfacet
  facet normal 0.857735 -0.514092 0
    outer loop
      vertex 26.8382 11.4445 0
      vertex 26.707 11.2256 2
      vertex 26.707 11.2256 0
    endloop
  endfacet
  facet normal -0.941618 0.336684 0
    outer loop
      vertex 31.4021 9.00502 0
      vertex 31.488 9.24526 2
      vertex 31.488 9.24526 0
    endloop
  endfacet
  facet normal -0.941618 0.336684 0
    outer loop
      vertex 31.488 9.24526 2
      vertex 31.4021 9.00502 0
      vertex 31.4021 9.00502 2
    endloop
  endfacet
  facet normal 0.970027 -0.242997 0
    outer loop
      vertex 26.45 10.5072 2
      vertex 26.512 10.7547 0
      vertex 26.512 10.7547 2
    endloop
  endfacet
  facet normal 0.970027 -0.242997 0
    outer loop
      vertex 26.512 10.7547 0
      vertex 26.45 10.5072 2
      vertex 26.45 10.5072 0
    endloop
  endfacet
  facet normal 0.0489992 -0.998799 0
    outer loop
      vertex 28.7452 12.5875 0
      vertex 29 12.6 2
      vertex 28.7452 12.5875 2
    endloop
  endfacet
  facet normal 0.0489992 -0.998799 0
    outer loop
      vertex 29 12.6 2
      vertex 28.7452 12.5875 0
      vertex 29 12.6 0
    endloop
  endfacet
  facet normal 0.803196 0.595715 0
    outer loop
      vertex 26.9902 8.35058 2
      vertex 26.8382 8.55552 0
      vertex 26.8382 8.55552 2
    endloop
  endfacet
  facet normal 0.803196 0.595715 0
    outer loop
      vertex 26.8382 8.55552 0
      vertex 26.9902 8.35058 2
      vertex 26.9902 8.35058 0
    endloop
  endfacet
  facet normal 0.989142 0.146961 0
    outer loop
      vertex 26.45 9.49276 2
      vertex 26.4125 9.74516 0
      vertex 26.4125 9.74516 2
    endloop
  endfacet
  facet normal 0.989142 0.146961 0
    outer loop
      vertex 26.4125 9.74516 0
      vertex 26.45 9.49276 2
      vertex 26.45 9.49276 0
    endloop
  endfacet
  facet normal 0.857683 0.514179 0
    outer loop
      vertex 26.8382 8.55552 2
      vertex 26.707 8.77437 0
      vertex 26.707 8.77437 2
    endloop
  endfacet
  facet normal 0.857683 0.514179 0
    outer loop
      vertex 26.707 8.77437 0
      vertex 26.8382 8.55552 2
      vertex 26.8382 8.55552 0
    endloop
  endfacet
  facet normal 0.741127 -0.671365 0
    outer loop
      vertex 26.9902 11.6494 2
      vertex 27.1615 11.8385 0
      vertex 27.1615 11.8385 2
    endloop
  endfacet
  facet normal 0.741127 -0.671365 0
    outer loop
      vertex 27.1615 11.8385 0
      vertex 26.9902 11.6494 2
      vertex 26.9902 11.6494 0
    endloop
  endfacet
  facet normal 0.0490774 0.998795 -0
    outer loop
      vertex 29 7.4 0
      vertex 28.7452 7.41252 2
      vertex 29 7.4 2
    endloop
  endfacet
  facet normal 0.0490774 0.998795 0
    outer loop
      vertex 28.7452 7.41252 2
      vertex 29 7.4 0
      vertex 28.7452 7.41252 0
    endloop
  endfacet
  facet normal -0.595765 0.803159 0
    outer loop
      vertex 30.6494 7.99017 0
      vertex 30.4445 7.83818 2
      vertex 30.6494 7.99017 2
    endloop
  endfacet
  facet normal -0.595765 0.803159 0
    outer loop
      vertex 30.4445 7.83818 2
      vertex 30.6494 7.99017 0
      vertex 30.4445 7.83818 0
    endloop
  endfacet
  facet normal -0.0489992 -0.998799 0
    outer loop
      vertex 29 12.6 0
      vertex 29.2548 12.5875 2
      vertex 29 12.6 2
    endloop
  endfacet
  facet normal -0.0489992 -0.998799 -0
    outer loop
      vertex 29.2548 12.5875 2
      vertex 29 12.6 0
      vertex 29.2548 12.5875 0
    endloop
  endfacet
  facet normal 0.80314 -0.59579 0
    outer loop
      vertex 26.8382 11.4445 2
      vertex 26.9902 11.6494 0
      vertex 26.9902 11.6494 2
    endloop
  endfacet
  facet normal 0.80314 -0.59579 0
    outer loop
      vertex 26.9902 11.6494 0
      vertex 26.8382 11.4445 2
      vertex 26.8382 11.4445 0
    endloop
  endfacet
  facet normal -0.24296 0.970036 0
    outer loop
      vertex 29.7547 7.51195 0
      vertex 29.5072 7.44996 2
      vertex 29.7547 7.51195 2
    endloop
  endfacet
  facet normal -0.24296 0.970036 0
    outer loop
      vertex 29.5072 7.44996 2
      vertex 29.7547 7.51195 0
      vertex 29.5072 7.44996 0
    endloop
  endfacet
  facet normal 0.336818 0.94157 -0
    outer loop
      vertex 28.2453 7.51195 0
      vertex 28.005 7.59791 2
      vertex 28.2453 7.51195 2
    endloop
  endfacet
  facet normal 0.336818 0.94157 0
    outer loop
      vertex 28.005 7.59791 2
      vertex 28.2453 7.51195 0
      vertex 28.005 7.59791 0
    endloop
  endfacet
  facet normal 0.24296 0.970036 -0
    outer loop
      vertex 28.4928 7.44996 0
      vertex 28.2453 7.51195 2
      vertex 28.4928 7.44996 2
    endloop
  endfacet
  facet normal 0.24296 0.970036 0
    outer loop
      vertex 28.2453 7.51195 2
      vertex 28.4928 7.44996 0
      vertex 28.2453 7.51195 0
    endloop
  endfacet
  facet normal 0.595765 0.803159 -0
    outer loop
      vertex 27.5555 7.83818 0
      vertex 27.3506 7.99017 2
      vertex 27.5555 7.83818 2
    endloop
  endfacet
  facet normal 0.595765 0.803159 0
    outer loop
      vertex 27.3506 7.99017 2
      vertex 27.5555 7.83818 0
      vertex 27.3506 7.99017 0
    endloop
  endfacet
  facet normal 0.427633 0.903952 -0
    outer loop
      vertex 28.005 7.59791 0
      vertex 27.7744 7.707 2
      vertex 28.005 7.59791 2
    endloop
  endfacet
  facet normal 0.427633 0.903952 0
    outer loop
      vertex 27.7744 7.707 2
      vertex 28.005 7.59791 0
      vertex 27.7744 7.707 0
    endloop
  endfacet
  facet normal 0.998799 -0.0489992 0
    outer loop
      vertex 26.4 10 2
      vertex 26.4125 10.2548 0
      vertex 26.4125 10.2548 2
    endloop
  endfacet
  facet normal 0.998799 -0.0489992 0
    outer loop
      vertex 26.4125 10.2548 0
      vertex 26.4 10 2
      vertex 26.4 10 0
    endloop
  endfacet
  facet normal 0.998799 0.0489915 0
    outer loop
      vertex 26.4125 9.74516 2
      vertex 26.4 10 0
      vertex 26.4 10 2
    endloop
  endfacet
  facet normal 0.998799 0.0489915 0
    outer loop
      vertex 26.4 10 0
      vertex 26.4125 9.74516 2
      vertex 26.4125 9.74516 0
    endloop
  endfacet
  facet normal 0.903973 0.427589 0
    outer loop
      vertex 26.707 8.77437 2
      vertex 26.5979 9.00502 0
      vertex 26.5979 9.00502 2
    endloop
  endfacet
  facet normal 0.903973 0.427589 0
    outer loop
      vertex 26.5979 9.00502 0
      vertex 26.707 8.77437 2
      vertex 26.707 8.77437 0
    endloop
  endfacet
  facet normal 0.741056 0.671443 0
    outer loop
      vertex 27.1615 8.16152 2
      vertex 26.9902 8.35058 0
      vertex 26.9902 8.35058 2
    endloop
  endfacet
  facet normal 0.741056 0.671443 0
    outer loop
      vertex 26.9902 8.35058 0
      vertex 27.1615 8.16152 2
      vertex 27.1615 8.16152 0
    endloop
  endfacet
  facet normal 0 0 -1
    outer loop
      vertex 30.3 10 2
      vertex 31.6 10 2
      vertex 31.5875 9.74516 2
    endloop
  endfacet
  facet normal 0 0 -1
    outer loop
      vertex 30.2937 9.87258 2
      vertex 31.5875 9.74516 2
      vertex 31.55 9.49276 2
    endloop
  endfacet
  facet normal 0 0 -1
    outer loop
      vertex 31.6 10 2
      vertex 30.3 10 2
      vertex 31.5875 10.2548 2
    endloop
  endfacet
  facet normal 0 0 -1
    outer loop
      vertex 30.275 9.74638 2
      vertex 31.55 9.49276 2
      vertex 31.488 9.24526 2
    endloop
  endfacet
  facet normal 0 0 -1
    outer loop
      vertex 30.2937 10.1274 2
      vertex 31.5875 10.2548 2
      vertex 30.3 10 2
    endloop
  endfacet
  facet normal 0 0 -1
    outer loop
      vertex 30.244 9.62263 2
      vertex 31.488 9.24526 2
      vertex 31.4021 9.00502 2
    endloop
  endfacet
  facet normal -0 0 -1
    outer loop
      vertex 31.5875 10.2548 2
      vertex 30.2937 10.1274 2
      vertex 31.55 10.5072 2
    endloop
  endfacet
  facet normal 0 0 -1
    outer loop
      vertex 30.201 9.50251 2
      vertex 31.4021 9.00502 2
      vertex 31.293 8.77437 2
    endloop
  endfacet
  facet normal 0 0 -1
    outer loop
      vertex 30.275 10.2536 2
      vertex 31.55 10.5072 2
      vertex 30.2937 10.1274 2
    endloop
  endfacet
  facet normal 0 0 -1
    outer loop
      vertex 30.1465 9.38718 2
      vertex 31.293 8.77437 2
      vertex 31.1618 8.55552 2
    endloop
  endfacet
  facet normal -0 0 -1
    outer loop
      vertex 31.55 10.5072 2
      vertex 30.275 10.2536 2
      vertex 31.488 10.7547 2
    endloop
  endfacet
  facet normal 0 0 -1
    outer loop
      vertex 30.0809 9.27776 2
      vertex 31.1618 8.55552 2
      vertex 31.0098 8.35058 2
    endloop
  endfacet
  facet normal 0 0 -1
    outer loop
      vertex 30.244 10.3774 2
      vertex 31.488 10.7547 2
      vertex 30.275 10.2536 2
    endloop
  endfacet
  facet normal 0 0 -1
    outer loop
      vertex 30.0049 9.17529 2
      vertex 31.0098 8.35058 2
      vertex 30.8385 8.16152 2
    endloop
  endfacet
  facet normal -0 0 -1
    outer loop
      vertex 31.488 10.7547 2
      vertex 30.244 10.3774 2
      vertex 31.4021 10.995 2
    endloop
  endfacet
  facet normal 0 0 -1
    outer loop
      vertex 29.9192 9.08076 2
      vertex 30.8385 8.16152 2
      vertex 30.6494 7.99017 2
    endloop
  endfacet
  facet normal 0 0 -1
    outer loop
      vertex 30.201 10.4975 2
      vertex 31.4021 10.995 2
      vertex 30.244 10.3774 2
    endloop
  endfacet
  facet normal 0 0 -1
    outer loop
      vertex 29.8247 8.99509 2
      vertex 30.6494 7.99017 2
      vertex 30.4445 7.83818 2
    endloop
  endfacet
  facet normal -0 0 -1
    outer loop
      vertex 31.4021 10.995 2
      vertex 30.201 10.4975 2
      vertex 31.293 11.2256 2
    endloop
  endfacet
  facet normal 0 0 -1
    outer loop
      vertex 30.1465 10.6128 2
      vertex 31.293 11.2256 2
      vertex 30.201 10.4975 2
    endloop
  endfacet
  facet normal 0 0 -1
    outer loop
      vertex 31.5875 9.74516 2
      vertex 30.2937 9.87258 2
      vertex 30.3 10 2
    endloop
  endfacet
  facet normal 0 0 -1
    outer loop
      vertex 31.55 9.49276 2
      vertex 30.275 9.74638 2
      vertex 30.2937 9.87258 2
    endloop
  endfacet
  facet normal 0 0 -1
    outer loop
      vertex 31.488 9.24526 2
      vertex 30.244 9.62263 2
      vertex 30.275 9.74638 2
    endloop
  endfacet
  facet normal 0 0 -1
    outer loop
      vertex 29.7222 8.91909 2
      vertex 30.4445 7.83818 2
      vertex 30.2256 7.707 2
    endloop
  endfacet
  facet normal 0 0 -1
    outer loop
      vertex 31.4021 9.00502 2
      vertex 30.201 9.50251 2
      vertex 30.244 9.62263 2
    endloop
  endfacet
  facet normal 0 0 -1
    outer loop
      vertex 31.293 8.77437 2
      vertex 30.1465 9.38718 2
      vertex 30.201 9.50251 2
    endloop
  endfacet
  facet normal 0 0 -1
    outer loop
      vertex 31.1618 8.55552 2
      vertex 30.0809 9.27776 2
      vertex 30.1465 9.38718 2
    endloop
  endfacet
  facet normal 0 0 -1
    outer loop
      vertex 31.0098 8.35058 2
      vertex 30.0049 9.17529 2
      vertex 30.0809 9.27776 2
    endloop
  endfacet
  facet normal 0 0 -1
    outer loop
      vertex 29.6128 8.8535 2
      vertex 30.2256 7.707 2
      vertex 29.995 7.59791 2
    endloop
  endfacet
  facet normal 0 0 -1
    outer loop
      vertex 30.8385 8.16152 2
      vertex 29.9192 9.08076 2
      vertex 30.0049 9.17529 2
    endloop
  endfacet
  facet normal 0 0 -1
    outer loop
      vertex 30.6494 7.99017 2
      vertex 29.8247 8.99509 2
      vertex 29.9192 9.08076 2
    endloop
  endfacet
  facet normal 0 0 -1
    outer loop
      vertex 29.4975 8.79896 2
      vertex 29.995 7.59791 2
      vertex 29.7547 7.51195 2
    endloop
  endfacet
  facet normal 0 0 -1
    outer loop
      vertex 30.4445 7.83818 2
      vertex 29.7222 8.91909 2
      vertex 29.8247 8.99509 2
    endloop
  endfacet
  facet normal 0 0 -1
    outer loop
      vertex 30.2256 7.707 2
      vertex 29.6128 8.8535 2
      vertex 29.7222 8.91909 2
    endloop
  endfacet
  facet normal 0 0 -1
    outer loop
      vertex 29.3774 8.75598 2
      vertex 29.7547 7.51195 2
      vertex 29.5072 7.44996 2
    endloop
  endfacet
  facet normal 0 0 -1
    outer loop
      vertex 29.995 7.59791 2
      vertex 29.4975 8.79896 2
      vertex 29.6128 8.8535 2
    endloop
  endfacet
  facet normal 0 0 -1
    outer loop
      vertex 29.7547 7.51195 2
      vertex 29.3774 8.75598 2
      vertex 29.4975 8.79896 2
    endloop
  endfacet
  facet normal 0 0 -1
    outer loop
      vertex 29.2536 8.72498 2
      vertex 29.5072 7.44996 2
      vertex 29.2548 7.41252 2
    endloop
  endfacet
  facet normal 0 0 -1
    outer loop
      vertex 29.5072 7.44996 2
      vertex 29.2536 8.72498 2
      vertex 29.3774 8.75598 2
    endloop
  endfacet
  facet normal 0 0 -1
    outer loop
      vertex 29.2548 7.41252 2
      vertex 29.1274 8.70626 2
      vertex 29.2536 8.72498 2
    endloop
  endfacet
  facet normal 0 0 -1
    outer loop
      vertex 29 7.4 2
      vertex 29.1274 8.70626 2
      vertex 29.2548 7.41252 2
    endloop
  endfacet
  facet normal 0 0 -1
    outer loop
      vertex 29 7.4 2
      vertex 29 8.7 2
      vertex 29.1274 8.70626 2
    endloop
  endfacet
  facet normal 0 0 -1
    outer loop
      vertex 29 7.4 2
      vertex 28.8726 8.70626 2
      vertex 29 8.7 2
    endloop
  endfacet
  facet normal 0 0 -1
    outer loop
      vertex 28.7452 7.41252 2
      vertex 28.8726 8.70626 2
      vertex 29 7.4 2
    endloop
  endfacet
  facet normal -0 0 -1
    outer loop
      vertex 28.8726 8.70626 2
      vertex 28.7452 7.41252 2
      vertex 28.7464 8.72498 2
    endloop
  endfacet
  facet normal 0 0 -1
    outer loop
      vertex 28.4928 7.44996 2
      vertex 28.7464 8.72498 2
      vertex 28.7452 7.41252 2
    endloop
  endfacet
  facet normal -0 0 -1
    outer loop
      vertex 28.7464 8.72498 2
      vertex 28.4928 7.44996 2
      vertex 28.6226 8.75598 2
    endloop
  endfacet
  facet normal 0 0 -1
    outer loop
      vertex 28.2453 7.51195 2
      vertex 28.6226 8.75598 2
      vertex 28.4928 7.44996 2
    endloop
  endfacet
  facet normal -0 0 -1
    outer loop
      vertex 28.6226 8.75598 2
      vertex 28.2453 7.51195 2
      vertex 28.5025 8.79896 2
    endloop
  endfacet
  facet normal 0 0 -1
    outer loop
      vertex 28.005 7.59791 2
      vertex 28.5025 8.79896 2
      vertex 28.2453 7.51195 2
    endloop
  endfacet
  facet normal -0 0 -1
    outer loop
      vertex 28.5025 8.79896 2
      vertex 28.005 7.59791 2
      vertex 28.3872 8.8535 2
    endloop
  endfacet
  facet normal 0 0 -1
    outer loop
      vertex 27.7744 7.707 2
      vertex 28.3872 8.8535 2
      vertex 28.005 7.59791 2
    endloop
  endfacet
  facet normal -0 0 -1
    outer loop
      vertex 28.3872 8.8535 2
      vertex 27.7744 7.707 2
      vertex 28.2778 8.91909 2
    endloop
  endfacet
  facet normal 0 0 -1
    outer loop
      vertex 27.5555 7.83818 2
      vertex 28.2778 8.91909 2
      vertex 27.7744 7.707 2
    endloop
  endfacet
  facet normal -0 0 -1
    outer loop
      vertex 28.2778 8.91909 2
      vertex 27.5555 7.83818 2
      vertex 28.1753 8.99509 2
    endloop
  endfacet
  facet normal 0 0 -1
    outer loop
      vertex 27.3506 7.99017 2
      vertex 28.1753 8.99509 2
      vertex 27.5555 7.83818 2
    endloop
  endfacet
  facet normal -0 0 -1
    outer loop
      vertex 28.1753 8.99509 2
      vertex 27.3506 7.99017 2
      vertex 28.0808 9.08076 2
    endloop
  endfacet
  facet normal 0 0 -1
    outer loop
      vertex 27.1615 8.16152 2
      vertex 28.0808 9.08076 2
      vertex 27.3506 7.99017 2
    endloop
  endfacet
  facet normal -0 0 -1
    outer loop
      vertex 28.0808 9.08076 2
      vertex 27.1615 8.16152 2
      vertex 27.9951 9.17529 2
    endloop
  endfacet
  facet normal 0 0 -1
    outer loop
      vertex 26.9902 8.35058 2
      vertex 27.9951 9.17529 2
      vertex 27.1615 8.16152 2
    endloop
  endfacet
  facet normal -0 0 -1
    outer loop
      vertex 27.9951 9.17529 2
      vertex 26.9902 8.35058 2
      vertex 27.9191 9.27776 2
    endloop
  endfacet
  facet normal 0 0 -1
    outer loop
      vertex 26.8382 8.55552 2
      vertex 27.9191 9.27776 2
      vertex 26.9902 8.35058 2
    endloop
  endfacet
  facet normal -0 0 -1
    outer loop
      vertex 27.9191 9.27776 2
      vertex 26.8382 8.55552 2
      vertex 27.8535 9.38718 2
    endloop
  endfacet
  facet normal 0 0 -1
    outer loop
      vertex 26.707 8.77437 2
      vertex 27.8535 9.38718 2
      vertex 26.8382 8.55552 2
    endloop
  endfacet
  facet normal -0 0 -1
    outer loop
      vertex 31.293 11.2256 2
      vertex 30.1465 10.6128 2
      vertex 31.1618 11.4445 2
    endloop
  endfacet
  facet normal 0 0 -1
    outer loop
      vertex 30.0809 10.7222 2
      vertex 31.1618 11.4445 2
      vertex 30.1465 10.6128 2
    endloop
  endfacet
  facet normal -0 0 -1
    outer loop
      vertex 31.1618 11.4445 2
      vertex 30.0809 10.7222 2
      vertex 31.0098 11.6494 2
    endloop
  endfacet
  facet normal 0 0 -1
    outer loop
      vertex 30.0049 10.8247 2
      vertex 31.0098 11.6494 2
      vertex 30.0809 10.7222 2
    endloop
  endfacet
  facet normal -0 0 -1
    outer loop
      vertex 31.0098 11.6494 2
      vertex 30.0049 10.8247 2
      vertex 30.8385 11.8385 2
    endloop
  endfacet
  facet normal 0 0 -1
    outer loop
      vertex 29.9192 10.9192 2
      vertex 30.8385 11.8385 2
      vertex 30.0049 10.8247 2
    endloop
  endfacet
  facet normal -0 0 -1
    outer loop
      vertex 30.8385 11.8385 2
      vertex 29.9192 10.9192 2
      vertex 30.6494 12.0098 2
    endloop
  endfacet
  facet normal 0 0 -1
    outer loop
      vertex 29.8247 11.0049 2
      vertex 30.6494 12.0098 2
      vertex 29.9192 10.9192 2
    endloop
  endfacet
  facet normal -0 0 -1
    outer loop
      vertex 30.6494 12.0098 2
      vertex 29.8247 11.0049 2
      vertex 30.4445 12.1618 2
    endloop
  endfacet
  facet normal 0 0 -1
    outer loop
      vertex 29.7222 11.0809 2
      vertex 30.4445 12.1618 2
      vertex 29.8247 11.0049 2
    endloop
  endfacet
  facet normal -0 0 -1
    outer loop
      vertex 30.4445 12.1618 2
      vertex 29.7222 11.0809 2
      vertex 30.2256 12.293 2
    endloop
  endfacet
  facet normal 0 0 -1
    outer loop
      vertex 29.6128 11.1465 2
      vertex 30.2256 12.293 2
      vertex 29.7222 11.0809 2
    endloop
  endfacet
  facet normal -0 0 -1
    outer loop
      vertex 30.2256 12.293 2
      vertex 29.6128 11.1465 2
      vertex 29.995 12.4021 2
    endloop
  endfacet
  facet normal 0 0 -1
    outer loop
      vertex 29.4975 11.201 2
      vertex 29.995 12.4021 2
      vertex 29.6128 11.1465 2
    endloop
  endfacet
  facet normal -0 0 -1
    outer loop
      vertex 29.995 12.4021 2
      vertex 29.4975 11.201 2
      vertex 29.7547 12.488 2
    endloop
  endfacet
  facet normal 0 0 -1
    outer loop
      vertex 29.3774 11.244 2
      vertex 29.7547 12.488 2
      vertex 29.4975 11.201 2
    endloop
  endfacet
  facet normal -0 0 -1
    outer loop
      vertex 29.7547 12.488 2
      vertex 29.3774 11.244 2
      vertex 29.5072 12.55 2
    endloop
  endfacet
  facet normal 0 0 -1
    outer loop
      vertex 29.2536 11.275 2
      vertex 29.5072 12.55 2
      vertex 29.3774 11.244 2
    endloop
  endfacet
  facet normal -0 0 -1
    outer loop
      vertex 29.5072 12.55 2
      vertex 29.2536 11.275 2
      vertex 29.2548 12.5875 2
    endloop
  endfacet
  facet normal 0 0 -1
    outer loop
      vertex 29.1274 11.2937 2
      vertex 29.2548 12.5875 2
      vertex 29.2536 11.275 2
    endloop
  endfacet
  facet normal 0 0 -1
    outer loop
      vertex 29 11.3 2
      vertex 29.2548 12.5875 2
      vertex 29.1274 11.2937 2
    endloop
  endfacet
  facet normal 0 0 -1
    outer loop
      vertex 29 11.3 2
      vertex 29 12.6 2
      vertex 29.2548 12.5875 2
    endloop
  endfacet
  facet normal 0 0 -1
    outer loop
      vertex 28.8726 11.2937 2
      vertex 29 12.6 2
      vertex 29 11.3 2
    endloop
  endfacet
  facet normal 0 0 -1
    outer loop
      vertex 28.7452 12.5875 2
      vertex 28.8726 11.2937 2
      vertex 28.7464 11.275 2
    endloop
  endfacet
  facet normal 0 0 -1
    outer loop
      vertex 28.8726 11.2937 2
      vertex 28.7452 12.5875 2
      vertex 29 12.6 2
    endloop
  endfacet
  facet normal 0 0 -1
    outer loop
      vertex 28.4928 12.55 2
      vertex 28.7464 11.275 2
      vertex 28.6226 11.244 2
    endloop
  endfacet
  facet normal 0 0 -1
    outer loop
      vertex 28.2453 12.488 2
      vertex 28.6226 11.244 2
      vertex 28.5025 11.201 2
    endloop
  endfacet
  facet normal 0 0 -1
    outer loop
      vertex 28.7464 11.275 2
      vertex 28.4928 12.55 2
      vertex 28.7452 12.5875 2
    endloop
  endfacet
  facet normal 0 0 -1
    outer loop
      vertex 28.005 12.4021 2
      vertex 28.5025 11.201 2
      vertex 28.3872 11.1465 2
    endloop
  endfacet
  facet normal 0 0 -1
    outer loop
      vertex 27.7744 12.293 2
      vertex 28.3872 11.1465 2
      vertex 28.2778 11.0809 2
    endloop
  endfacet
  facet normal 0 0 -1
    outer loop
      vertex 28.6226 11.244 2
      vertex 28.2453 12.488 2
      vertex 28.4928 12.55 2
    endloop
  endfacet
  facet normal 0 0 -1
    outer loop
      vertex 27.5555 12.1618 2
      vertex 28.2778 11.0809 2
      vertex 28.1753 11.0049 2
    endloop
  endfacet
  facet normal 0 0 -1
    outer loop
      vertex 27.3506 12.0098 2
      vertex 28.1753 11.0049 2
      vertex 28.0808 10.9192 2
    endloop
  endfacet
  facet normal 0 0 -1
    outer loop
      vertex 28.5025 11.201 2
      vertex 28.005 12.4021 2
      vertex 28.2453 12.488 2
    endloop
  endfacet
  facet normal 0 0 -1
    outer loop
      vertex 27.1615 11.8385 2
      vertex 28.0808 10.9192 2
      vertex 27.9951 10.8247 2
    endloop
  endfacet
  facet normal 0 0 -1
    outer loop
      vertex 26.9902 11.6494 2
      vertex 27.9951 10.8247 2
      vertex 27.9191 10.7222 2
    endloop
  endfacet
  facet normal 0 0 -1
    outer loop
      vertex 26.8382 11.4445 2
      vertex 27.9191 10.7222 2
      vertex 27.8535 10.6128 2
    endloop
  endfacet
  facet normal 0 0 -1
    outer loop
      vertex 26.707 11.2256 2
      vertex 27.8535 10.6128 2
      vertex 27.799 10.4975 2
    endloop
  endfacet
  facet normal 0 0 -1
    outer loop
      vertex 28.3872 11.1465 2
      vertex 27.7744 12.293 2
      vertex 28.005 12.4021 2
    endloop
  endfacet
  facet normal 0 0 -1
    outer loop
      vertex 26.5979 10.995 2
      vertex 27.799 10.4975 2
      vertex 27.756 10.3774 2
    endloop
  endfacet
  facet normal 0 0 -1
    outer loop
      vertex 26.512 10.7547 2
      vertex 27.756 10.3774 2
      vertex 27.725 10.2536 2
    endloop
  endfacet
  facet normal 0 0 -1
    outer loop
      vertex 26.45 10.5072 2
      vertex 27.725 10.2536 2
      vertex 27.7063 10.1274 2
    endloop
  endfacet
  facet normal 0 0 -1
    outer loop
      vertex 26.4125 10.2548 2
      vertex 27.7063 10.1274 2
      vertex 27.7 10 2
    endloop
  endfacet
  facet normal -0 0 -1
    outer loop
      vertex 27.8535 9.38718 2
      vertex 26.707 8.77437 2
      vertex 27.799 9.50251 2
    endloop
  endfacet
  facet normal 0 0 -1
    outer loop
      vertex 28.2778 11.0809 2
      vertex 27.5555 12.1618 2
      vertex 27.7744 12.293 2
    endloop
  endfacet
  facet normal 0 0 -1
    outer loop
      vertex 26.5979 9.00502 2
      vertex 27.799 9.50251 2
      vertex 26.707 8.77437 2
    endloop
  endfacet
  facet normal 0 0 -1
    outer loop
      vertex 28.1753 11.0049 2
      vertex 27.3506 12.0098 2
      vertex 27.5555 12.1618 2
    endloop
  endfacet
  facet normal -0 0 -1
    outer loop
      vertex 27.799 9.50251 2
      vertex 26.5979 9.00502 2
      vertex 27.756 9.62263 2
    endloop
  endfacet
  facet normal 0 0 -1
    outer loop
      vertex 28.0808 10.9192 2
      vertex 27.1615 11.8385 2
      vertex 27.3506 12.0098 2
    endloop
  endfacet
  facet normal 0 0 -1
    outer loop
      vertex 26.512 9.24526 2
      vertex 27.756 9.62263 2
      vertex 26.5979 9.00502 2
    endloop
  endfacet
  facet normal 0 0 -1
    outer loop
      vertex 27.9951 10.8247 2
      vertex 26.9902 11.6494 2
      vertex 27.1615 11.8385 2
    endloop
  endfacet
  facet normal -0 0 -1
    outer loop
      vertex 27.756 9.62263 2
      vertex 26.512 9.24526 2
      vertex 27.725 9.74638 2
    endloop
  endfacet
  facet normal 0 0 -1
    outer loop
      vertex 27.9191 10.7222 2
      vertex 26.8382 11.4445 2
      vertex 26.9902 11.6494 2
    endloop
  endfacet
  facet normal 0 0 -1
    outer loop
      vertex 26.45 9.49276 2
      vertex 27.725 9.74638 2
      vertex 26.512 9.24526 2
    endloop
  endfacet
  facet normal 0 0 -1
    outer loop
      vertex 27.8535 10.6128 2
      vertex 26.707 11.2256 2
      vertex 26.8382 11.4445 2
    endloop
  endfacet
  facet normal -0 0 -1
    outer loop
      vertex 27.725 9.74638 2
      vertex 26.45 9.49276 2
      vertex 27.7063 9.87258 2
    endloop
  endfacet
  facet normal 0 0 -1
    outer loop
      vertex 27.799 10.4975 2
      vertex 26.5979 10.995 2
      vertex 26.707 11.2256 2
    endloop
  endfacet
  facet normal 0 0 -1
    outer loop
      vertex 26.4125 9.74516 2
      vertex 27.7063 9.87258 2
      vertex 26.45 9.49276 2
    endloop
  endfacet
  facet normal 0 0 -1
    outer loop
      vertex 27.756 10.3774 2
      vertex 26.512 10.7547 2
      vertex 26.5979 10.995 2
    endloop
  endfacet
  facet normal -0 0 -1
    outer loop
      vertex 27.7063 9.87258 2
      vertex 26.4125 9.74516 2
      vertex 27.7 10 2
    endloop
  endfacet
  facet normal 0 0 -1
    outer loop
      vertex 27.725 10.2536 2
      vertex 26.45 10.5072 2
      vertex 26.512 10.7547 2
    endloop
  endfacet
  facet normal 0 0 -1
    outer loop
      vertex 26.4 10 2
      vertex 27.7 10 2
      vertex 26.4125 9.74516 2
    endloop
  endfacet
  facet normal 0 0 -1
    outer loop
      vertex 27.7063 10.1274 2
      vertex 26.4125 10.2548 2
      vertex 26.45 10.5072 2
    endloop
  endfacet
  facet normal 0 0 -1
    outer loop
      vertex 27.7 10 2
      vertex 26.4 10 2
      vertex 26.4125 10.2548 2
    endloop
  endfacet
  facet normal 0.42751 -0.904011 0
    outer loop
      vertex 4.08718 1.1465 2
      vertex 4.20251 1.20104 5.15
      vertex 4.08718 1.1465 5.15
    endloop
  endfacet
  facet normal 0.42751 -0.904011 0
    outer loop
      vertex 4.20251 1.20104 5.15
      vertex 4.08718 1.1465 2
      vertex 4.20251 1.20104 2
    endloop
  endfacet
  facet normal -0.989176 -0.146735 0
    outer loop
      vertex 5.99374 0.127421 2
      vertex 5.97502 0.253617 5.15
      vertex 5.97502 0.253617 2
    endloop
  endfacet
  facet normal -0.989176 -0.146735 0
    outer loop
      vertex 5.97502 0.253617 5.15
      vertex 5.99374 0.127421 2
      vertex 5.99374 0.127421 5.15
    endloop
  endfacet
  facet normal -0.998795 -0.0490693 0
    outer loop
      vertex 6 0 2
      vertex 5.99374 0.127421 5.15
      vertex 5.99374 0.127421 2
    endloop
  endfacet
  facet normal -0.998795 -0.0490693 0
    outer loop
      vertex 5.99374 0.127421 5.15
      vertex 6 0 2
      vertex 6 0 5.15
    endloop
  endfacet
  facet normal -0.970029 -0.242991 0
    outer loop
      vertex 5.97502 0.253617 2
      vertex 5.94402 0.37737 5.15
      vertex 5.94402 0.37737 2
    endloop
  endfacet
  facet normal -0.970029 -0.242991 0
    outer loop
      vertex 5.94402 0.37737 5.15
      vertex 5.97502 0.253617 2
      vertex 5.97502 0.253617 5.15
    endloop
  endfacet
  facet normal -0.42751 0.904011 0
    outer loop
      vertex 5.31282 -1.1465 2
      vertex 5.19749 -1.20104 5.15
      vertex 5.31282 -1.1465 5.15
    endloop
  endfacet
  facet normal -0.42751 0.904011 0
    outer loop
      vertex 5.19749 -1.20104 5.15
      vertex 5.31282 -1.1465 2
      vertex 5.19749 -1.20104 2
    endloop
  endfacet
  facet normal 0.514138 0.857707 -0
    outer loop
      vertex 4.08718 -1.1465 2
      vertex 3.97776 -1.08091 5.15
      vertex 4.08718 -1.1465 5.15
    endloop
  endfacet
  facet normal 0.514138 0.857707 0
    outer loop
      vertex 3.97776 -1.08091 5.15
      vertex 4.08718 -1.1465 2
      vertex 3.97776 -1.08091 2
    endloop
  endfacet
  facet normal -0.336892 -0.941543 0
    outer loop
      vertex 5.07737 1.24402 2
      vertex 5.19749 1.20104 5.15
      vertex 5.07737 1.24402 5.15
    endloop
  endfacet
  facet normal -0.336892 -0.941543 -0
    outer loop
      vertex 5.19749 1.20104 5.15
      vertex 5.07737 1.24402 2
      vertex 5.19749 1.20104 2
    endloop
  endfacet
  facet normal -0.0490697 -0.998795 0
    outer loop
      vertex 4.7 1.3 2
      vertex 4.82742 1.29374 5.15
      vertex 4.7 1.3 5.15
    endloop
  endfacet
  facet normal -0.0490697 -0.998795 -0
    outer loop
      vertex 4.82742 1.29374 5.15
      vertex 4.7 1.3 2
      vertex 4.82742 1.29374 2
    endloop
  endfacet
  facet normal 0.941541 0.336897 0
    outer loop
      vertex 3.49896 -0.497488 5.15
      vertex 3.45598 -0.37737 2
      vertex 3.45598 -0.37737 5.15
    endloop
  endfacet
  facet normal 0.941541 0.336897 0
    outer loop
      vertex 3.45598 -0.37737 2
      vertex 3.49896 -0.497488 5.15
      vertex 3.49896 -0.497488 2
    endloop
  endfacet
  facet normal 0.14673 -0.989177 0
    outer loop
      vertex 4.44638 1.27502 2
      vertex 4.57258 1.29374 5.15
      vertex 4.44638 1.27502 5.15
    endloop
  endfacet
  facet normal 0.14673 -0.989177 0
    outer loop
      vertex 4.57258 1.29374 5.15
      vertex 4.44638 1.27502 2
      vertex 4.57258 1.29374 2
    endloop
  endfacet
  facet normal -0.14673 0.989177 0
    outer loop
      vertex 4.95362 -1.27502 2
      vertex 4.82742 -1.29374 5.15
      vertex 4.95362 -1.27502 5.15
    endloop
  endfacet
  facet normal -0.14673 0.989177 0
    outer loop
      vertex 4.82742 -1.29374 5.15
      vertex 4.95362 -1.27502 2
      vertex 4.82742 -1.29374 2
    endloop
  endfacet
  facet normal 0.740968 -0.671541 0
    outer loop
      vertex 3.69509 0.824711 5.15
      vertex 3.78076 0.919238 2
      vertex 3.78076 0.919238 5.15
    endloop
  endfacet
  facet normal 0.740968 -0.671541 0
    outer loop
      vertex 3.78076 0.919238 2
      vertex 3.69509 0.824711 5.15
      vertex 3.69509 0.824711 2
    endloop
  endfacet
  facet normal -0.803199 0.595711 0
    outer loop
      vertex 5.70491 -0.824711 2
      vertex 5.78091 -0.72224 5.15
      vertex 5.78091 -0.72224 2
    endloop
  endfacet
  facet normal -0.803199 0.595711 0
    outer loop
      vertex 5.78091 -0.72224 5.15
      vertex 5.70491 -0.824711 2
      vertex 5.70491 -0.824711 5.15
    endloop
  endfacet
  facet normal 0.514138 -0.857707 0
    outer loop
      vertex 3.97776 1.08091 2
      vertex 4.08718 1.1465 5.15
      vertex 3.97776 1.08091 5.15
    endloop
  endfacet
  facet normal 0.514138 -0.857707 0
    outer loop
      vertex 4.08718 1.1465 5.15
      vertex 3.97776 1.08091 2
      vertex 4.08718 1.1465 2
    endloop
  endfacet
  facet normal -0.989176 0.146735 0
    outer loop
      vertex 5.97502 -0.253617 2
      vertex 5.99374 -0.127421 5.15
      vertex 5.99374 -0.127421 2
    endloop
  endfacet
  facet normal -0.989176 0.146735 0
    outer loop
      vertex 5.99374 -0.127421 5.15
      vertex 5.97502 -0.253617 2
      vertex 5.97502 -0.253617 5.15
    endloop
  endfacet
  facet normal 0.14673 0.989177 -0
    outer loop
      vertex 4.57258 -1.29374 2
      vertex 4.44638 -1.27502 5.15
      vertex 4.57258 -1.29374 5.15
    endloop
  endfacet
  facet normal 0.14673 0.989177 0
    outer loop
      vertex 4.44638 -1.27502 5.15
      vertex 4.57258 -1.29374 2
      vertex 4.44638 -1.27502 2
    endloop
  endfacet
  facet normal -0.42751 -0.904011 0
    outer loop
      vertex 5.19749 1.20104 2
      vertex 5.31282 1.1465 5.15
      vertex 5.19749 1.20104 5.15
    endloop
  endfacet
  facet normal -0.42751 -0.904011 -0
    outer loop
      vertex 5.31282 1.1465 5.15
      vertex 5.19749 1.20104 2
      vertex 5.31282 1.1465 2
    endloop
  endfacet
  facet normal 0.970029 0.242991 0
    outer loop
      vertex 3.45598 -0.37737 5.15
      vertex 3.42498 -0.253617 2
      vertex 3.42498 -0.253617 5.15
    endloop
  endfacet
  facet normal 0.970029 0.242991 0
    outer loop
      vertex 3.42498 -0.253617 2
      vertex 3.45598 -0.37737 5.15
      vertex 3.45598 -0.37737 2
    endloop
  endfacet
  facet normal -0.970029 0.242991 0
    outer loop
      vertex 5.94402 -0.37737 2
      vertex 5.97502 -0.253617 5.15
      vertex 5.97502 -0.253617 2
    endloop
  endfacet
  facet normal -0.970029 0.242991 0
    outer loop
      vertex 5.97502 -0.253617 5.15
      vertex 5.94402 -0.37737 2
      vertex 5.94402 -0.37737 5.15
    endloop
  endfacet
  facet normal 0.857718 -0.514121 0
    outer loop
      vertex 3.5535 0.612815 5.15
      vertex 3.61909 0.72224 2
      vertex 3.61909 0.72224 5.15
    endloop
  endfacet
  facet normal 0.857718 -0.514121 0
    outer loop
      vertex 3.61909 0.72224 2
      vertex 3.5535 0.612815 5.15
      vertex 3.5535 0.612815 2
    endloop
  endfacet
  facet normal 0.42751 0.904011 -0
    outer loop
      vertex 4.20251 -1.20104 2
      vertex 4.08718 -1.1465 5.15
      vertex 4.20251 -1.20104 5.15
    endloop
  endfacet
  facet normal 0.42751 0.904011 0
    outer loop
      vertex 4.08718 -1.1465 5.15
      vertex 4.20251 -1.20104 2
      vertex 4.08718 -1.1465 2
    endloop
  endfacet
  facet normal 0.336892 -0.941543 0
    outer loop
      vertex 4.20251 1.20104 2
      vertex 4.32263 1.24402 5.15
      vertex 4.20251 1.20104 5.15
    endloop
  endfacet
  facet normal 0.336892 -0.941543 0
    outer loop
      vertex 4.32263 1.24402 5.15
      vertex 4.20251 1.20104 2
      vertex 4.32263 1.24402 2
    endloop
  endfacet
  facet normal 0.595715 -0.803196 0
    outer loop
      vertex 3.87529 1.00491 2
      vertex 3.97776 1.08091 5.15
      vertex 3.87529 1.00491 5.15
    endloop
  endfacet
  facet normal 0.595715 -0.803196 0
    outer loop
      vertex 3.97776 1.08091 5.15
      vertex 3.87529 1.00491 2
      vertex 3.97776 1.08091 2
    endloop
  endfacet
  facet normal -0.242997 0.970027 0
    outer loop
      vertex 5.07737 -1.24402 2
      vertex 4.95362 -1.27502 5.15
      vertex 5.07737 -1.24402 5.15
    endloop
  endfacet
  facet normal -0.242997 0.970027 0
    outer loop
      vertex 4.95362 -1.27502 5.15
      vertex 5.07737 -1.24402 2
      vertex 4.95362 -1.27502 2
    endloop
  endfacet
  facet normal 0.242997 -0.970027 0
    outer loop
      vertex 4.32263 1.24402 2
      vertex 4.44638 1.27502 5.15
      vertex 4.32263 1.24402 5.15
    endloop
  endfacet
  facet normal 0.242997 -0.970027 0
    outer loop
      vertex 4.44638 1.27502 5.15
      vertex 4.32263 1.24402 2
      vertex 4.44638 1.27502 2
    endloop
  endfacet
  facet normal -0.803199 -0.595711 0
    outer loop
      vertex 5.78091 0.72224 2
      vertex 5.70491 0.824711 5.15
      vertex 5.70491 0.824711 2
    endloop
  endfacet
  facet normal -0.803199 -0.595711 0
    outer loop
      vertex 5.70491 0.824711 5.15
      vertex 5.78091 0.72224 2
      vertex 5.78091 0.72224 5.15
    endloop
  endfacet
  facet normal -0.941541 0.336897 0
    outer loop
      vertex 5.90104 -0.497488 2
      vertex 5.94402 -0.37737 5.15
      vertex 5.94402 -0.37737 2
    endloop
  endfacet
  facet normal -0.941541 0.336897 0
    outer loop
      vertex 5.94402 -0.37737 5.15
      vertex 5.90104 -0.497488 2
      vertex 5.90104 -0.497488 5.15
    endloop
  endfacet
  facet normal -0.998795 0.0490693 0
    outer loop
      vertex 5.99374 -0.127421 2
      vertex 6 0 5.15
      vertex 6 0 2
    endloop
  endfacet
  facet normal -0.998795 0.0490693 0
    outer loop
      vertex 6 0 5.15
      vertex 5.99374 -0.127421 2
      vertex 5.99374 -0.127421 5.15
    endloop
  endfacet
  facet normal -0.904006 0.427519 0
    outer loop
      vertex 5.8465 -0.612815 2
      vertex 5.90104 -0.497488 5.15
      vertex 5.90104 -0.497488 2
    endloop
  endfacet
  facet normal -0.904006 0.427519 0
    outer loop
      vertex 5.90104 -0.497488 5.15
      vertex 5.8465 -0.612815 2
      vertex 5.8465 -0.612815 5.15
    endloop
  endfacet
  facet normal -0.671537 -0.740971 0
    outer loop
      vertex 5.52471 1.00491 2
      vertex 5.61924 0.919238 5.15
      vertex 5.52471 1.00491 5.15
    endloop
  endfacet
  facet normal -0.671537 -0.740971 -0
    outer loop
      vertex 5.61924 0.919238 5.15
      vertex 5.52471 1.00491 2
      vertex 5.61924 0.919238 2
    endloop
  endfacet
  facet normal -0.242997 -0.970027 0
    outer loop
      vertex 4.95362 1.27502 2
      vertex 5.07737 1.24402 5.15
      vertex 4.95362 1.27502 5.15
    endloop
  endfacet
  facet normal -0.242997 -0.970027 -0
    outer loop
      vertex 5.07737 1.24402 5.15
      vertex 4.95362 1.27502 2
      vertex 5.07737 1.24402 2
    endloop
  endfacet
  facet normal -0.595715 -0.803196 0
    outer loop
      vertex 5.42224 1.08091 2
      vertex 5.52471 1.00491 5.15
      vertex 5.42224 1.08091 5.15
    endloop
  endfacet
  facet normal -0.595715 -0.803196 -0
    outer loop
      vertex 5.52471 1.00491 5.15
      vertex 5.42224 1.08091 2
      vertex 5.52471 1.00491 2
    endloop
  endfacet
  facet normal -0.514138 -0.857707 0
    outer loop
      vertex 5.31282 1.1465 2
      vertex 5.42224 1.08091 5.15
      vertex 5.31282 1.1465 5.15
    endloop
  endfacet
  facet normal -0.514138 -0.857707 -0
    outer loop
      vertex 5.42224 1.08091 5.15
      vertex 5.31282 1.1465 2
      vertex 5.42224 1.08091 2
    endloop
  endfacet
  facet normal -0.0490697 0.998795 0
    outer loop
      vertex 4.82742 -1.29374 2
      vertex 4.7 -1.3 5.15
      vertex 4.82742 -1.29374 5.15
    endloop
  endfacet
  facet normal -0.0490697 0.998795 0
    outer loop
      vertex 4.7 -1.3 5.15
      vertex 4.82742 -1.29374 2
      vertex 4.7 -1.3 2
    endloop
  endfacet
  facet normal -0.941541 -0.336897 0
    outer loop
      vertex 5.94402 0.37737 2
      vertex 5.90104 0.497488 5.15
      vertex 5.90104 0.497488 2
    endloop
  endfacet
  facet normal -0.941541 -0.336897 0
    outer loop
      vertex 5.90104 0.497488 5.15
      vertex 5.94402 0.37737 2
      vertex 5.94402 0.37737 5.15
    endloop
  endfacet
  facet normal -0.857718 0.514121 0
    outer loop
      vertex 5.78091 -0.72224 2
      vertex 5.8465 -0.612815 5.15
      vertex 5.8465 -0.612815 2
    endloop
  endfacet
  facet normal -0.857718 0.514121 0
    outer loop
      vertex 5.8465 -0.612815 5.15
      vertex 5.78091 -0.72224 2
      vertex 5.78091 -0.72224 5.15
    endloop
  endfacet
  facet normal -0.514138 0.857707 0
    outer loop
      vertex 5.42224 -1.08091 2
      vertex 5.31282 -1.1465 5.15
      vertex 5.42224 -1.08091 5.15
    endloop
  endfacet
  facet normal -0.514138 0.857707 0
    outer loop
      vertex 5.31282 -1.1465 5.15
      vertex 5.42224 -1.08091 2
      vertex 5.31282 -1.1465 2
    endloop
  endfacet
  facet normal 0.0490697 -0.998795 0
    outer loop
      vertex 4.57258 1.29374 2
      vertex 4.7 1.3 5.15
      vertex 4.57258 1.29374 5.15
    endloop
  endfacet
  facet normal 0.0490697 -0.998795 0
    outer loop
      vertex 4.7 1.3 5.15
      vertex 4.57258 1.29374 2
      vertex 4.7 1.3 2
    endloop
  endfacet
  facet normal 0.242997 0.970027 -0
    outer loop
      vertex 4.44638 -1.27502 2
      vertex 4.32263 -1.24402 5.15
      vertex 4.44638 -1.27502 5.15
    endloop
  endfacet
  facet normal 0.242997 0.970027 0
    outer loop
      vertex 4.32263 -1.24402 5.15
      vertex 4.44638 -1.27502 2
      vertex 4.32263 -1.24402 2
    endloop
  endfacet
  facet normal -0.904006 -0.427519 0
    outer loop
      vertex 5.90104 0.497488 2
      vertex 5.8465 0.612815 5.15
      vertex 5.8465 0.612815 2
    endloop
  endfacet
  facet normal -0.904006 -0.427519 0
    outer loop
      vertex 5.8465 0.612815 5.15
      vertex 5.90104 0.497488 2
      vertex 5.90104 0.497488 5.15
    endloop
  endfacet
  facet normal 0.989176 -0.146735 0
    outer loop
      vertex 3.40626 0.127421 5.15
      vertex 3.42498 0.253617 2
      vertex 3.42498 0.253617 5.15
    endloop
  endfacet
  facet normal 0.989176 -0.146735 0
    outer loop
      vertex 3.42498 0.253617 2
      vertex 3.40626 0.127421 5.15
      vertex 3.40626 0.127421 2
    endloop
  endfacet
  facet normal -0.857718 -0.514121 0
    outer loop
      vertex 5.8465 0.612815 2
      vertex 5.78091 0.72224 5.15
      vertex 5.78091 0.72224 2
    endloop
  endfacet
  facet normal -0.857718 -0.514121 0
    outer loop
      vertex 5.78091 0.72224 5.15
      vertex 5.8465 0.612815 2
      vertex 5.8465 0.612815 5.15
    endloop
  endfacet
  facet normal -0.14673 -0.989177 0
    outer loop
      vertex 4.82742 1.29374 2
      vertex 4.95362 1.27502 5.15
      vertex 4.82742 1.29374 5.15
    endloop
  endfacet
  facet normal -0.14673 -0.989177 -0
    outer loop
      vertex 4.95362 1.27502 5.15
      vertex 4.82742 1.29374 2
      vertex 4.95362 1.27502 2
    endloop
  endfacet
  facet normal 0.671537 -0.740971 0
    outer loop
      vertex 3.78076 0.919238 2
      vertex 3.87529 1.00491 5.15
      vertex 3.78076 0.919238 5.15
    endloop
  endfacet
  facet normal 0.671537 -0.740971 0
    outer loop
      vertex 3.87529 1.00491 5.15
      vertex 3.78076 0.919238 2
      vertex 3.87529 1.00491 2
    endloop
  endfacet
  facet normal 0.857718 0.514121 0
    outer loop
      vertex 3.61909 -0.72224 5.15
      vertex 3.5535 -0.612815 2
      vertex 3.5535 -0.612815 5.15
    endloop
  endfacet
  facet normal 0.857718 0.514121 0
    outer loop
      vertex 3.5535 -0.612815 2
      vertex 3.61909 -0.72224 5.15
      vertex 3.61909 -0.72224 2
    endloop
  endfacet
  facet normal 0.970029 -0.242991 0
    outer loop
      vertex 3.42498 0.253617 5.15
      vertex 3.45598 0.37737 2
      vertex 3.45598 0.37737 5.15
    endloop
  endfacet
  facet normal 0.970029 -0.242991 0
    outer loop
      vertex 3.45598 0.37737 2
      vertex 3.42498 0.253617 5.15
      vertex 3.42498 0.253617 2
    endloop
  endfacet
  facet normal 0.740968 0.671541 0
    outer loop
      vertex 3.78076 -0.919238 5.15
      vertex 3.69509 -0.824711 2
      vertex 3.69509 -0.824711 5.15
    endloop
  endfacet
  facet normal 0.740968 0.671541 0
    outer loop
      vertex 3.69509 -0.824711 2
      vertex 3.78076 -0.919238 5.15
      vertex 3.78076 -0.919238 2
    endloop
  endfacet
  facet normal -0.740968 -0.671541 0
    outer loop
      vertex 5.70491 0.824711 2
      vertex 5.61924 0.919238 5.15
      vertex 5.61924 0.919238 2
    endloop
  endfacet
  facet normal -0.740968 -0.671541 0
    outer loop
      vertex 5.61924 0.919238 5.15
      vertex 5.70491 0.824711 2
      vertex 5.70491 0.824711 5.15
    endloop
  endfacet
  facet normal 0.595715 0.803196 -0
    outer loop
      vertex 3.97776 -1.08091 2
      vertex 3.87529 -1.00491 5.15
      vertex 3.97776 -1.08091 5.15
    endloop
  endfacet
  facet normal 0.595715 0.803196 0
    outer loop
      vertex 3.87529 -1.00491 5.15
      vertex 3.97776 -1.08091 2
      vertex 3.87529 -1.00491 2
    endloop
  endfacet
  facet normal 0.989176 0.146735 0
    outer loop
      vertex 3.42498 -0.253617 5.15
      vertex 3.40626 -0.127421 2
      vertex 3.40626 -0.127421 5.15
    endloop
  endfacet
  facet normal 0.989176 0.146735 0
    outer loop
      vertex 3.40626 -0.127421 2
      vertex 3.42498 -0.253617 5.15
      vertex 3.42498 -0.253617 2
    endloop
  endfacet
  facet normal 0.803199 0.595711 0
    outer loop
      vertex 3.69509 -0.824711 5.15
      vertex 3.61909 -0.72224 2
      vertex 3.61909 -0.72224 5.15
    endloop
  endfacet
  facet normal 0.803199 0.595711 0
    outer loop
      vertex 3.61909 -0.72224 2
      vertex 3.69509 -0.824711 5.15
      vertex 3.69509 -0.824711 2
    endloop
  endfacet
  facet normal -0.336892 0.941543 0
    outer loop
      vertex 5.19749 -1.20104 2
      vertex 5.07737 -1.24402 5.15
      vertex 5.19749 -1.20104 5.15
    endloop
  endfacet
  facet normal -0.336892 0.941543 0
    outer loop
      vertex 5.07737 -1.24402 5.15
      vertex 5.19749 -1.20104 2
      vertex 5.07737 -1.24402 2
    endloop
  endfacet
  facet normal 0.998795 0.0490693 0
    outer loop
      vertex 3.40626 -0.127421 5.15
      vertex 3.4 0 2
      vertex 3.4 0 5.15
    endloop
  endfacet
  facet normal 0.998795 0.0490693 0
    outer loop
      vertex 3.4 0 2
      vertex 3.40626 -0.127421 5.15
      vertex 3.40626 -0.127421 2
    endloop
  endfacet
  facet normal 0.941541 -0.336897 0
    outer loop
      vertex 3.45598 0.37737 5.15
      vertex 3.49896 0.497488 2
      vertex 3.49896 0.497488 5.15
    endloop
  endfacet
  facet normal 0.941541 -0.336897 0
    outer loop
      vertex 3.49896 0.497488 2
      vertex 3.45598 0.37737 5.15
      vertex 3.45598 0.37737 2
    endloop
  endfacet
  facet normal 0.904006 0.427519 0
    outer loop
      vertex 3.5535 -0.612815 5.15
      vertex 3.49896 -0.497488 2
      vertex 3.49896 -0.497488 5.15
    endloop
  endfacet
  facet normal 0.904006 0.427519 0
    outer loop
      vertex 3.49896 -0.497488 2
      vertex 3.5535 -0.612815 5.15
      vertex 3.5535 -0.612815 2
    endloop
  endfacet
  facet normal 0.803199 -0.595711 0
    outer loop
      vertex 3.61909 0.72224 5.15
      vertex 3.69509 0.824711 2
      vertex 3.69509 0.824711 5.15
    endloop
  endfacet
  facet normal 0.803199 -0.595711 0
    outer loop
      vertex 3.69509 0.824711 2
      vertex 3.61909 0.72224 5.15
      vertex 3.61909 0.72224 2
    endloop
  endfacet
  facet normal -0.595715 0.803196 0
    outer loop
      vertex 5.52471 -1.00491 2
      vertex 5.42224 -1.08091 5.15
      vertex 5.52471 -1.00491 5.15
    endloop
  endfacet
  facet normal -0.595715 0.803196 0
    outer loop
      vertex 5.42224 -1.08091 5.15
      vertex 5.52471 -1.00491 2
      vertex 5.42224 -1.08091 2
    endloop
  endfacet
  facet normal 0.904006 -0.427519 0
    outer loop
      vertex 3.49896 0.497488 5.15
      vertex 3.5535 0.612815 2
      vertex 3.5535 0.612815 5.15
    endloop
  endfacet
  facet normal 0.904006 -0.427519 0
    outer loop
      vertex 3.5535 0.612815 2
      vertex 3.49896 0.497488 5.15
      vertex 3.49896 0.497488 2
    endloop
  endfacet
  facet normal 0.0490697 0.998795 -0
    outer loop
      vertex 4.7 -1.3 2
      vertex 4.57258 -1.29374 5.15
      vertex 4.7 -1.3 5.15
    endloop
  endfacet
  facet normal 0.0490697 0.998795 0
    outer loop
      vertex 4.57258 -1.29374 5.15
      vertex 4.7 -1.3 2
      vertex 4.57258 -1.29374 2
    endloop
  endfacet
  facet normal 0.998795 -0.0490693 0
    outer loop
      vertex 3.4 0 5.15
      vertex 3.40626 0.127421 2
      vertex 3.40626 0.127421 5.15
    endloop
  endfacet
  facet normal 0.998795 -0.0490693 0
    outer loop
      vertex 3.40626 0.127421 2
      vertex 3.4 0 5.15
      vertex 3.4 0 2
    endloop
  endfacet
  facet normal 0.336892 0.941543 -0
    outer loop
      vertex 4.32263 -1.24402 2
      vertex 4.20251 -1.20104 5.15
      vertex 4.32263 -1.24402 5.15
    endloop
  endfacet
  facet normal 0.336892 0.941543 0
    outer loop
      vertex 4.20251 -1.20104 5.15
      vertex 4.32263 -1.24402 2
      vertex 4.20251 -1.20104 2
    endloop
  endfacet
  facet normal 0.671537 0.740971 -0
    outer loop
      vertex 3.87529 -1.00491 2
      vertex 3.78076 -0.919238 5.15
      vertex 3.87529 -1.00491 5.15
    endloop
  endfacet
  facet normal 0.671537 0.740971 0
    outer loop
      vertex 3.78076 -0.919238 5.15
      vertex 3.87529 -1.00491 2
      vertex 3.78076 -0.919238 2
    endloop
  endfacet
  facet normal -0.740968 0.671541 0
    outer loop
      vertex 5.61924 -0.919238 2
      vertex 5.70491 -0.824711 5.15
      vertex 5.70491 -0.824711 2
    endloop
  endfacet
  facet normal -0.740968 0.671541 0
    outer loop
      vertex 5.70491 -0.824711 5.15
      vertex 5.61924 -0.919238 2
      vertex 5.61924 -0.919238 5.15
    endloop
  endfacet
  facet normal -0.671537 0.740971 0
    outer loop
      vertex 5.61924 -0.919238 2
      vertex 5.52471 -1.00491 5.15
      vertex 5.61924 -0.919238 5.15
    endloop
  endfacet
  facet normal -0.671537 0.740971 0
    outer loop
      vertex 5.52471 -1.00491 5.15
      vertex 5.61924 -0.919238 2
      vertex 5.52471 -1.00491 2
    endloop
  endfacet
  facet normal -0.989176 -0.146736 0
    outer loop
      vertex 7.28748 0.254844 0
      vertex 7.25004 0.507235 2
      vertex 7.25004 0.507235 0
    endloop
  endfacet
  facet normal -0.989176 -0.146736 0
    outer loop
      vertex 7.25004 0.507235 2
      vertex 7.28748 0.254844 0
      vertex 7.28748 0.254844 2
    endloop
  endfacet
  facet normal -0.998795 -0.0490689 0
    outer loop
      vertex 7.3 0 0
      vertex 7.28748 0.254844 2
      vertex 7.28748 0.254844 0
    endloop
  endfacet
  facet normal -0.998795 -0.0490689 0
    outer loop
      vertex 7.28748 0.254844 2
      vertex 7.3 0 0
      vertex 7.3 0 2
    endloop
  endfacet
  facet normal -0.970028 -0.242992 0
    outer loop
      vertex 7.25004 0.507235 0
      vertex 7.18804 0.75474 2
      vertex 7.18804 0.75474 0
    endloop
  endfacet
  facet normal -0.970028 -0.242992 0
    outer loop
      vertex 7.18804 0.75474 2
      vertex 7.25004 0.507235 0
      vertex 7.25004 0.507235 2
    endloop
  endfacet
  facet normal -0.59569 0.803215 0
    outer loop
      vertex 6.34942 -2.00983 0
      vertex 6.14448 -2.16182 2
      vertex 6.34942 -2.00983 2
    endloop
  endfacet
  facet normal -0.59569 0.803215 0
    outer loop
      vertex 6.14448 -2.16182 2
      vertex 6.34942 -2.00983 0
      vertex 6.14448 -2.16182 0
    endloop
  endfacet
  facet normal 0.59569 -0.803215 0
    outer loop
      vertex 3.05058 2.00983 0
      vertex 3.25552 2.16182 2
      vertex 3.05058 2.00983 2
    endloop
  endfacet
  facet normal 0.59569 -0.803215 0
    outer loop
      vertex 3.25552 2.16182 2
      vertex 3.05058 2.00983 0
      vertex 3.25552 2.16182 0
    endloop
  endfacet
  facet normal -0.989176 0.146736 0
    outer loop
      vertex 7.25004 -0.507235 0
      vertex 7.28748 -0.254844 2
      vertex 7.28748 -0.254844 0
    endloop
  endfacet
  facet normal -0.989176 0.146736 0
    outer loop
      vertex 7.28748 -0.254844 2
      vertex 7.25004 -0.507235 0
      vertex 7.25004 -0.507235 2
    endloop
  endfacet
  facet normal -0.514092 -0.857735 0
    outer loop
      vertex 5.92563 2.29299 0
      vertex 6.14448 2.16182 2
      vertex 5.92563 2.29299 2
    endloop
  endfacet
  facet normal -0.514092 -0.857735 -0
    outer loop
      vertex 6.14448 2.16182 2
      vertex 5.92563 2.29299 0
      vertex 6.14448 2.16182 0
    endloop
  endfacet
  facet normal -0.857718 0.514121 0
    outer loop
      vertex 6.86182 -1.44448 0
      vertex 6.993 -1.22563 2
      vertex 6.993 -1.22563 0
    endloop
  endfacet
  facet normal -0.857718 0.514121 0
    outer loop
      vertex 6.993 -1.22563 2
      vertex 6.86182 -1.44448 0
      vertex 6.86182 -1.44448 2
    endloop
  endfacet
  facet normal 0.857718 -0.514121 0
    outer loop
      vertex 2.407 1.22563 2
      vertex 2.53818 1.44448 0
      vertex 2.53818 1.44448 2
    endloop
  endfacet
  facet normal 0.857718 -0.514121 0
    outer loop
      vertex 2.53818 1.44448 0
      vertex 2.407 1.22563 2
      vertex 2.407 1.22563 0
    endloop
  endfacet
  facet normal -0.427589 0.903973 0
    outer loop
      vertex 5.92563 -2.29299 0
      vertex 5.69498 -2.40209 2
      vertex 5.92563 -2.29299 2
    endloop
  endfacet
  facet normal -0.427589 0.903973 0
    outer loop
      vertex 5.69498 -2.40209 2
      vertex 5.92563 -2.29299 0
      vertex 5.69498 -2.40209 0
    endloop
  endfacet
  facet normal 0.803215 -0.59569 0
    outer loop
      vertex 2.53818 1.44448 2
      vertex 2.69017 1.64942 0
      vertex 2.69017 1.64942 2
    endloop
  endfacet
  facet normal 0.803215 -0.59569 0
    outer loop
      vertex 2.69017 1.64942 0
      vertex 2.53818 1.44448 2
      vertex 2.53818 1.44448 0
    endloop
  endfacet
  facet normal -0.146736 -0.989176 0
    outer loop
      vertex 4.95484 2.58748 0
      vertex 5.20723 2.55004 2
      vertex 4.95484 2.58748 2
    endloop
  endfacet
  facet normal -0.146736 -0.989176 -0
    outer loop
      vertex 5.20723 2.55004 2
      vertex 4.95484 2.58748 0
      vertex 5.20723 2.55004 0
    endloop
  endfacet
  facet normal 0.59569 0.803215 -0
    outer loop
      vertex 3.25552 -2.16182 0
      vertex 3.05058 -2.00983 2
      vertex 3.25552 -2.16182 2
    endloop
  endfacet
  facet normal 0.59569 0.803215 0
    outer loop
      vertex 3.05058 -2.00983 2
      vertex 3.25552 -2.16182 0
      vertex 3.05058 -2.00983 0
    endloop
  endfacet
  facet normal 0.242997 -0.970027 0
    outer loop
      vertex 3.94526 2.48804 0
      vertex 4.19276 2.55004 2
      vertex 3.94526 2.48804 2
    endloop
  endfacet
  facet normal 0.242997 -0.970027 0
    outer loop
      vertex 4.19276 2.55004 2
      vertex 3.94526 2.48804 0
      vertex 4.19276 2.55004 0
    endloop
  endfacet
  facet normal -0.242987 0.970029 0
    outer loop
      vertex 5.45474 -2.48804 0
      vertex 5.20723 -2.55004 2
      vertex 5.45474 -2.48804 2
    endloop
  endfacet
  facet normal -0.242987 0.970029 0
    outer loop
      vertex 5.20723 -2.55004 2
      vertex 5.45474 -2.48804 0
      vertex 5.20723 -2.55004 0
    endloop
  endfacet
  facet normal 0.14673 -0.989177 0
    outer loop
      vertex 4.19276 2.55004 0
      vertex 4.44516 2.58748 2
      vertex 4.19276 2.55004 2
    endloop
  endfacet
  facet normal 0.14673 -0.989177 0
    outer loop
      vertex 4.44516 2.58748 2
      vertex 4.19276 2.55004 0
      vertex 4.44516 2.58748 0
    endloop
  endfacet
  facet normal -0.336858 0.941556 0
    outer loop
      vertex 5.69498 -2.40209 0
      vertex 5.45474 -2.48804 2
      vertex 5.69498 -2.40209 2
    endloop
  endfacet
  facet normal -0.336858 0.941556 0
    outer loop
      vertex 5.45474 -2.48804 2
      vertex 5.69498 -2.40209 0
      vertex 5.45474 -2.48804 0
    endloop
  endfacet
  facet normal -0.941554 -0.336863 0
    outer loop
      vertex 7.18804 0.75474 0
      vertex 7.10209 0.994976 2
      vertex 7.10209 0.994976 0
    endloop
  endfacet
  facet normal -0.941554 -0.336863 0
    outer loop
      vertex 7.10209 0.994976 2
      vertex 7.18804 0.75474 0
      vertex 7.18804 0.75474 2
    endloop
  endfacet
  facet normal 0.998795 0.0490689 0
    outer loop
      vertex 2.11252 -0.254844 2
      vertex 2.1 0 0
      vertex 2.1 0 2
    endloop
  endfacet
  facet normal 0.998795 0.0490689 0
    outer loop
      vertex 2.1 0 0
      vertex 2.11252 -0.254844 2
      vertex 2.11252 -0.254844 0
    endloop
  endfacet
  facet normal 0.0490697 -0.998795 0
    outer loop
      vertex 4.44516 2.58748 0
      vertex 4.7 2.6 2
      vertex 4.44516 2.58748 2
    endloop
  endfacet
  facet normal 0.0490697 -0.998795 0
    outer loop
      vertex 4.7 2.6 2
      vertex 4.44516 2.58748 0
      vertex 4.7 2.6 0
    endloop
  endfacet
  facet normal -0.998795 0.0490689 0
    outer loop
      vertex 7.28748 -0.254844 0
      vertex 7.3 0 2
      vertex 7.3 0 0
    endloop
  endfacet
  facet normal -0.998795 0.0490689 0
    outer loop
      vertex 7.3 0 2
      vertex 7.28748 -0.254844 0
      vertex 7.28748 -0.254844 2
    endloop
  endfacet
  facet normal -0.803215 -0.59569 0
    outer loop
      vertex 6.86182 1.44448 0
      vertex 6.70983 1.64942 2
      vertex 6.70983 1.64942 0
    endloop
  endfacet
  facet normal -0.803215 -0.59569 0
    outer loop
      vertex 6.70983 1.64942 2
      vertex 6.86182 1.44448 0
      vertex 6.86182 1.44448 2
    endloop
  endfacet
  facet normal 0.514092 -0.857735 0
    outer loop
      vertex 3.25552 2.16182 0
      vertex 3.47437 2.29299 2
      vertex 3.25552 2.16182 2
    endloop
  endfacet
  facet normal 0.514092 -0.857735 0
    outer loop
      vertex 3.47437 2.29299 2
      vertex 3.25552 2.16182 0
      vertex 3.47437 2.29299 0
    endloop
  endfacet
  facet normal -0.740959 -0.67155 0
    outer loop
      vertex 6.70983 1.64942 0
      vertex 6.53848 1.83848 2
      vertex 6.53848 1.83848 0
    endloop
  endfacet
  facet normal -0.740959 -0.67155 0
    outer loop
      vertex 6.53848 1.83848 2
      vertex 6.70983 1.64942 0
      vertex 6.70983 1.64942 2
    endloop
  endfacet
  facet normal -0.0490697 0.998795 0
    outer loop
      vertex 4.95484 -2.58748 0
      vertex 4.7 -2.6 2
      vertex 4.95484 -2.58748 2
    endloop
  endfacet
  facet normal -0.0490697 0.998795 0
    outer loop
      vertex 4.7 -2.6 2
      vertex 4.95484 -2.58748 0
      vertex 4.7 -2.6 0
    endloop
  endfacet
  facet normal 0.740959 0.67155 0
    outer loop
      vertex 2.86152 -1.83848 2
      vertex 2.69017 -1.64942 0
      vertex 2.69017 -1.64942 2
    endloop
  endfacet
  facet normal 0.740959 0.67155 0
    outer loop
      vertex 2.69017 -1.64942 0
      vertex 2.86152 -1.83848 2
      vertex 2.86152 -1.83848 0
    endloop
  endfacet
  facet normal -0.427589 -0.903973 0
    outer loop
      vertex 5.69498 2.40209 0
      vertex 5.92563 2.29299 2
      vertex 5.69498 2.40209 2
    endloop
  endfacet
  facet normal -0.427589 -0.903973 -0
    outer loop
      vertex 5.92563 2.29299 2
      vertex 5.69498 2.40209 0
      vertex 5.92563 2.29299 0
    endloop
  endfacet
  facet normal -0.146736 0.989176 0
    outer loop
      vertex 5.20723 -2.55004 0
      vertex 4.95484 -2.58748 2
      vertex 5.20723 -2.55004 2
    endloop
  endfacet
  facet normal -0.146736 0.989176 0
    outer loop
      vertex 4.95484 -2.58748 2
      vertex 5.20723 -2.55004 0
      vertex 4.95484 -2.58748 0
    endloop
  endfacet
  facet normal 0.941554 0.336863 0
    outer loop
      vertex 2.29791 -0.994976 2
      vertex 2.21196 -0.75474 0
      vertex 2.21196 -0.75474 2
    endloop
  endfacet
  facet normal 0.941554 0.336863 0
    outer loop
      vertex 2.21196 -0.75474 0
      vertex 2.29791 -0.994976 2
      vertex 2.29791 -0.994976 0
    endloop
  endfacet
  facet normal 0.970028 0.242992 0
    outer loop
      vertex 2.21196 -0.75474 2
      vertex 2.14996 -0.507235 0
      vertex 2.14996 -0.507235 2
    endloop
  endfacet
  facet normal 0.970028 0.242992 0
    outer loop
      vertex 2.14996 -0.507235 0
      vertex 2.21196 -0.75474 2
      vertex 2.21196 -0.75474 0
    endloop
  endfacet
  facet normal -0.740959 0.67155 0
    outer loop
      vertex 6.53848 -1.83848 0
      vertex 6.70983 -1.64942 2
      vertex 6.70983 -1.64942 0
    endloop
  endfacet
  facet normal -0.740959 0.67155 0
    outer loop
      vertex 6.70983 -1.64942 2
      vertex 6.53848 -1.83848 0
      vertex 6.53848 -1.83848 2
    endloop
  endfacet
  facet normal 0.67155 0.740959 -0
    outer loop
      vertex 3.05058 -2.00983 0
      vertex 2.86152 -1.83848 2
      vertex 3.05058 -2.00983 2
    endloop
  endfacet
  facet normal 0.67155 0.740959 0
    outer loop
      vertex 2.86152 -1.83848 2
      vertex 3.05058 -2.00983 0
      vertex 2.86152 -1.83848 0
    endloop
  endfacet
  facet normal 0.336858 0.941556 -0
    outer loop
      vertex 3.94526 -2.48804 0
      vertex 3.70502 -2.40209 2
      vertex 3.94526 -2.48804 2
    endloop
  endfacet
  facet normal 0.336858 0.941556 0
    outer loop
      vertex 3.70502 -2.40209 2
      vertex 3.94526 -2.48804 0
      vertex 3.70502 -2.40209 0
    endloop
  endfacet
  facet normal -0.903991 -0.427551 0
    outer loop
      vertex 7.10209 0.994976 0
      vertex 6.993 1.22563 2
      vertex 6.993 1.22563 0
    endloop
  endfacet
  facet normal -0.903991 -0.427551 0
    outer loop
      vertex 6.993 1.22563 2
      vertex 7.10209 0.994976 0
      vertex 7.10209 0.994976 2
    endloop
  endfacet
  facet normal -0.903991 0.427551 0
    outer loop
      vertex 6.993 -1.22563 0
      vertex 7.10209 -0.994976 2
      vertex 7.10209 -0.994976 0
    endloop
  endfacet
  facet normal -0.903991 0.427551 0
    outer loop
      vertex 7.10209 -0.994976 2
      vertex 6.993 -1.22563 0
      vertex 6.993 -1.22563 2
    endloop
  endfacet
  facet normal -0.59569 -0.803215 0
    outer loop
      vertex 6.14448 2.16182 0
      vertex 6.34942 2.00983 2
      vertex 6.14448 2.16182 2
    endloop
  endfacet
  facet normal -0.59569 -0.803215 -0
    outer loop
      vertex 6.34942 2.00983 2
      vertex 6.14448 2.16182 0
      vertex 6.34942 2.00983 0
    endloop
  endfacet
  facet normal 0.903991 0.427551 0
    outer loop
      vertex 2.407 -1.22563 2
      vertex 2.29791 -0.994976 0
      vertex 2.29791 -0.994976 2
    endloop
  endfacet
  facet normal 0.903991 0.427551 0
    outer loop
      vertex 2.29791 -0.994976 0
      vertex 2.407 -1.22563 2
      vertex 2.407 -1.22563 0
    endloop
  endfacet
  facet normal -0.514092 0.857735 0
    outer loop
      vertex 6.14448 -2.16182 0
      vertex 5.92563 -2.29299 2
      vertex 6.14448 -2.16182 2
    endloop
  endfacet
  facet normal -0.514092 0.857735 0
    outer loop
      vertex 5.92563 -2.29299 2
      vertex 6.14448 -2.16182 0
      vertex 5.92563 -2.29299 0
    endloop
  endfacet
  facet normal -0.803215 0.59569 0
    outer loop
      vertex 6.70983 -1.64942 0
      vertex 6.86182 -1.44448 2
      vertex 6.86182 -1.44448 0
    endloop
  endfacet
  facet normal -0.803215 0.59569 0
    outer loop
      vertex 6.86182 -1.44448 2
      vertex 6.70983 -1.64942 0
      vertex 6.70983 -1.64942 2
    endloop
  endfacet
  facet normal -0.941554 0.336863 0
    outer loop
      vertex 7.10209 -0.994976 0
      vertex 7.18804 -0.75474 2
      vertex 7.18804 -0.75474 0
    endloop
  endfacet
  facet normal -0.941554 0.336863 0
    outer loop
      vertex 7.18804 -0.75474 2
      vertex 7.10209 -0.994976 0
      vertex 7.10209 -0.994976 2
    endloop
  endfacet
  facet normal 0.0490697 0.998795 -0
    outer loop
      vertex 4.7 -2.6 0
      vertex 4.44516 -2.58748 2
      vertex 4.7 -2.6 2
    endloop
  endfacet
  facet normal 0.0490697 0.998795 0
    outer loop
      vertex 4.44516 -2.58748 2
      vertex 4.7 -2.6 0
      vertex 4.44516 -2.58748 0
    endloop
  endfacet
  facet normal 0.427589 -0.903973 0
    outer loop
      vertex 3.47437 2.29299 0
      vertex 3.70502 2.40209 2
      vertex 3.47437 2.29299 2
    endloop
  endfacet
  facet normal 0.427589 -0.903973 0
    outer loop
      vertex 3.70502 2.40209 2
      vertex 3.47437 2.29299 0
      vertex 3.70502 2.40209 0
    endloop
  endfacet
  facet normal -0.242987 -0.970029 0
    outer loop
      vertex 5.20723 2.55004 0
      vertex 5.45474 2.48804 2
      vertex 5.20723 2.55004 2
    endloop
  endfacet
  facet normal -0.242987 -0.970029 -0
    outer loop
      vertex 5.45474 2.48804 2
      vertex 5.20723 2.55004 0
      vertex 5.45474 2.48804 0
    endloop
  endfacet
  facet normal 0.427589 0.903973 -0
    outer loop
      vertex 3.70502 -2.40209 0
      vertex 3.47437 -2.29299 2
      vertex 3.70502 -2.40209 2
    endloop
  endfacet
  facet normal 0.427589 0.903973 0
    outer loop
      vertex 3.47437 -2.29299 2
      vertex 3.70502 -2.40209 0
      vertex 3.47437 -2.29299 0
    endloop
  endfacet
  facet normal 0.941554 -0.336863 0
    outer loop
      vertex 2.21196 0.75474 2
      vertex 2.29791 0.994976 0
      vertex 2.29791 0.994976 2
    endloop
  endfacet
  facet normal 0.941554 -0.336863 0
    outer loop
      vertex 2.29791 0.994976 0
      vertex 2.21196 0.75474 2
      vertex 2.21196 0.75474 0
    endloop
  endfacet
  facet normal -0.0490697 -0.998795 0
    outer loop
      vertex 4.7 2.6 0
      vertex 4.95484 2.58748 2
      vertex 4.7 2.6 2
    endloop
  endfacet
  facet normal -0.0490697 -0.998795 -0
    outer loop
      vertex 4.95484 2.58748 2
      vertex 4.7 2.6 0
      vertex 4.95484 2.58748 0
    endloop
  endfacet
  facet normal 0.14673 0.989177 -0
    outer loop
      vertex 4.44516 -2.58748 0
      vertex 4.19276 -2.55004 2
      vertex 4.44516 -2.58748 2
    endloop
  endfacet
  facet normal 0.14673 0.989177 0
    outer loop
      vertex 4.19276 -2.55004 2
      vertex 4.44516 -2.58748 0
      vertex 4.19276 -2.55004 0
    endloop
  endfacet
  facet normal 0.67155 -0.740959 0
    outer loop
      vertex 2.86152 1.83848 0
      vertex 3.05058 2.00983 2
      vertex 2.86152 1.83848 2
    endloop
  endfacet
  facet normal 0.67155 -0.740959 0
    outer loop
      vertex 3.05058 2.00983 2
      vertex 2.86152 1.83848 0
      vertex 3.05058 2.00983 0
    endloop
  endfacet
  facet normal -0.857718 -0.514121 0
    outer loop
      vertex 6.993 1.22563 0
      vertex 6.86182 1.44448 2
      vertex 6.86182 1.44448 0
    endloop
  endfacet
  facet normal -0.857718 -0.514121 0
    outer loop
      vertex 6.86182 1.44448 2
      vertex 6.993 1.22563 0
      vertex 6.993 1.22563 2
    endloop
  endfacet
  facet normal -0.336858 -0.941556 0
    outer loop
      vertex 5.45474 2.48804 0
      vertex 5.69498 2.40209 2
      vertex 5.45474 2.48804 2
    endloop
  endfacet
  facet normal -0.336858 -0.941556 -0
    outer loop
      vertex 5.69498 2.40209 2
      vertex 5.45474 2.48804 0
      vertex 5.69498 2.40209 0
    endloop
  endfacet
  facet normal 0.336858 -0.941556 0
    outer loop
      vertex 3.70502 2.40209 0
      vertex 3.94526 2.48804 2
      vertex 3.70502 2.40209 2
    endloop
  endfacet
  facet normal 0.336858 -0.941556 0
    outer loop
      vertex 3.94526 2.48804 2
      vertex 3.70502 2.40209 0
      vertex 3.94526 2.48804 0
    endloop
  endfacet
  facet normal 0.989176 -0.146736 0
    outer loop
      vertex 2.11252 0.254844 2
      vertex 2.14996 0.507235 0
      vertex 2.14996 0.507235 2
    endloop
  endfacet
  facet normal 0.989176 -0.146736 0
    outer loop
      vertex 2.14996 0.507235 0
      vertex 2.11252 0.254844 2
      vertex 2.11252 0.254844 0
    endloop
  endfacet
  facet normal 0.998795 -0.0490689 0
    outer loop
      vertex 2.1 0 2
      vertex 2.11252 0.254844 0
      vertex 2.11252 0.254844 2
    endloop
  endfacet
  facet normal 0.998795 -0.0490689 0
    outer loop
      vertex 2.11252 0.254844 0
      vertex 2.1 0 2
      vertex 2.1 0 0
    endloop
  endfacet
  facet normal -0.67155 -0.740959 0
    outer loop
      vertex 6.34942 2.00983 0
      vertex 6.53848 1.83848 2
      vertex 6.34942 2.00983 2
    endloop
  endfacet
  facet normal -0.67155 -0.740959 -0
    outer loop
      vertex 6.53848 1.83848 2
      vertex 6.34942 2.00983 0
      vertex 6.53848 1.83848 0
    endloop
  endfacet
  facet normal 0.803215 0.59569 0
    outer loop
      vertex 2.69017 -1.64942 2
      vertex 2.53818 -1.44448 0
      vertex 2.53818 -1.44448 2
    endloop
  endfacet
  facet normal 0.803215 0.59569 0
    outer loop
      vertex 2.53818 -1.44448 0
      vertex 2.69017 -1.64942 2
      vertex 2.69017 -1.64942 0
    endloop
  endfacet
  facet normal 0.989176 0.146736 0
    outer loop
      vertex 2.14996 -0.507235 2
      vertex 2.11252 -0.254844 0
      vertex 2.11252 -0.254844 2
    endloop
  endfacet
  facet normal 0.989176 0.146736 0
    outer loop
      vertex 2.11252 -0.254844 0
      vertex 2.14996 -0.507235 2
      vertex 2.14996 -0.507235 0
    endloop
  endfacet
  facet normal 0.970028 -0.242992 0
    outer loop
      vertex 2.14996 0.507235 2
      vertex 2.21196 0.75474 0
      vertex 2.21196 0.75474 2
    endloop
  endfacet
  facet normal 0.970028 -0.242992 0
    outer loop
      vertex 2.21196 0.75474 0
      vertex 2.14996 0.507235 2
      vertex 2.14996 0.507235 0
    endloop
  endfacet
  facet normal 0.740959 -0.67155 0
    outer loop
      vertex 2.69017 1.64942 2
      vertex 2.86152 1.83848 0
      vertex 2.86152 1.83848 2
    endloop
  endfacet
  facet normal 0.740959 -0.67155 0
    outer loop
      vertex 2.86152 1.83848 0
      vertex 2.69017 1.64942 2
      vertex 2.69017 1.64942 0
    endloop
  endfacet
  facet normal -0.970028 0.242992 0
    outer loop
      vertex 7.18804 -0.75474 0
      vertex 7.25004 -0.507235 2
      vertex 7.25004 -0.507235 0
    endloop
  endfacet
  facet normal -0.970028 0.242992 0
    outer loop
      vertex 7.25004 -0.507235 2
      vertex 7.18804 -0.75474 0
      vertex 7.18804 -0.75474 2
    endloop
  endfacet
  facet normal 0.242997 0.970027 -0
    outer loop
      vertex 4.19276 -2.55004 0
      vertex 3.94526 -2.48804 2
      vertex 4.19276 -2.55004 2
    endloop
  endfacet
  facet normal 0.242997 0.970027 0
    outer loop
      vertex 3.94526 -2.48804 2
      vertex 4.19276 -2.55004 0
      vertex 3.94526 -2.48804 0
    endloop
  endfacet
  facet normal 0.857718 0.514121 0
    outer loop
      vertex 2.53818 -1.44448 2
      vertex 2.407 -1.22563 0
      vertex 2.407 -1.22563 2
    endloop
  endfacet
  facet normal 0.857718 0.514121 0
    outer loop
      vertex 2.407 -1.22563 0
      vertex 2.53818 -1.44448 2
      vertex 2.53818 -1.44448 0
    endloop
  endfacet
  facet normal 0.903991 -0.427551 0
    outer loop
      vertex 2.29791 0.994976 2
      vertex 2.407 1.22563 0
      vertex 2.407 1.22563 2
    endloop
  endfacet
  facet normal 0.903991 -0.427551 0
    outer loop
      vertex 2.407 1.22563 0
      vertex 2.29791 0.994976 2
      vertex 2.29791 0.994976 0
    endloop
  endfacet
  facet normal 0.514092 0.857735 -0
    outer loop
      vertex 3.47437 -2.29299 0
      vertex 3.25552 -2.16182 2
      vertex 3.47437 -2.29299 2
    endloop
  endfacet
  facet normal 0.514092 0.857735 0
    outer loop
      vertex 3.25552 -2.16182 2
      vertex 3.47437 -2.29299 0
      vertex 3.25552 -2.16182 0
    endloop
  endfacet
  facet normal -0.67155 0.740959 0
    outer loop
      vertex 6.53848 -1.83848 0
      vertex 6.34942 -2.00983 2
      vertex 6.53848 -1.83848 2
    endloop
  endfacet
  facet normal -0.67155 0.740959 0
    outer loop
      vertex 6.34942 -2.00983 2
      vertex 6.53848 -1.83848 0
      vertex 6.34942 -2.00983 0
    endloop
  endfacet
  facet normal 0 0 -1
    outer loop
      vertex 6 0 2
      vertex 7.3 0 2
      vertex 7.28748 -0.254844 2
    endloop
  endfacet
  facet normal 0 0 -1
    outer loop
      vertex 5.99374 -0.127421 2
      vertex 7.28748 -0.254844 2
      vertex 7.25004 -0.507235 2
    endloop
  endfacet
  facet normal 0 0 -1
    outer loop
      vertex 7.3 0 2
      vertex 6 0 2
      vertex 7.28748 0.254844 2
    endloop
  endfacet
  facet normal 0 0 -1
    outer loop
      vertex 5.97502 -0.253617 2
      vertex 7.25004 -0.507235 2
      vertex 7.18804 -0.75474 2
    endloop
  endfacet
  facet normal 0 0 -1
    outer loop
      vertex 5.99374 0.127421 2
      vertex 7.28748 0.254844 2
      vertex 6 0 2
    endloop
  endfacet
  facet normal 0 0 -1
    outer loop
      vertex 5.94402 -0.37737 2
      vertex 7.18804 -0.75474 2
      vertex 7.10209 -0.994976 2
    endloop
  endfacet
  facet normal -0 0 -1
    outer loop
      vertex 7.28748 0.254844 2
      vertex 5.99374 0.127421 2
      vertex 7.25004 0.507235 2
    endloop
  endfacet
  facet normal 0 0 -1
    outer loop
      vertex 5.90104 -0.497488 2
      vertex 7.10209 -0.994976 2
      vertex 6.993 -1.22563 2
    endloop
  endfacet
  facet normal 0 0 -1
    outer loop
      vertex 5.97502 0.253617 2
      vertex 7.25004 0.507235 2
      vertex 5.99374 0.127421 2
    endloop
  endfacet
  facet normal 0 0 -1
    outer loop
      vertex 5.8465 -0.612815 2
      vertex 6.993 -1.22563 2
      vertex 6.86182 -1.44448 2
    endloop
  endfacet
  facet normal -0 0 -1
    outer loop
      vertex 7.25004 0.507235 2
      vertex 5.97502 0.253617 2
      vertex 7.18804 0.75474 2
    endloop
  endfacet
  facet normal 0 0 -1
    outer loop
      vertex 5.78091 -0.72224 2
      vertex 6.86182 -1.44448 2
      vertex 6.70983 -1.64942 2
    endloop
  endfacet
  facet normal 0 0 -1
    outer loop
      vertex 5.94402 0.37737 2
      vertex 7.18804 0.75474 2
      vertex 5.97502 0.253617 2
    endloop
  endfacet
  facet normal 0 0 -1
    outer loop
      vertex 5.70491 -0.824711 2
      vertex 6.70983 -1.64942 2
      vertex 6.53848 -1.83848 2
    endloop
  endfacet
  facet normal -0 0 -1
    outer loop
      vertex 7.18804 0.75474 2
      vertex 5.94402 0.37737 2
      vertex 7.10209 0.994976 2
    endloop
  endfacet
  facet normal 0 0 -1
    outer loop
      vertex 5.61924 -0.919238 2
      vertex 6.53848 -1.83848 2
      vertex 6.34942 -2.00983 2
    endloop
  endfacet
  facet normal 0 0 -1
    outer loop
      vertex 5.90104 0.497488 2
      vertex 7.10209 0.994976 2
      vertex 5.94402 0.37737 2
    endloop
  endfacet
  facet normal 0 0 -1
    outer loop
      vertex 5.52471 -1.00491 2
      vertex 6.34942 -2.00983 2
      vertex 6.14448 -2.16182 2
    endloop
  endfacet
  facet normal -0 0 -1
    outer loop
      vertex 7.10209 0.994976 2
      vertex 5.90104 0.497488 2
      vertex 6.993 1.22563 2
    endloop
  endfacet
  facet normal 0 0 -1
    outer loop
      vertex 5.8465 0.612815 2
      vertex 6.993 1.22563 2
      vertex 5.90104 0.497488 2
    endloop
  endfacet
  facet normal 0 0 -1
    outer loop
      vertex 7.28748 -0.254844 2
      vertex 5.99374 -0.127421 2
      vertex 6 0 2
    endloop
  endfacet
  facet normal 0 0 -1
    outer loop
      vertex 7.25004 -0.507235 2
      vertex 5.97502 -0.253617 2
      vertex 5.99374 -0.127421 2
    endloop
  endfacet
  facet normal 0 0 -1
    outer loop
      vertex 7.18804 -0.75474 2
      vertex 5.94402 -0.37737 2
      vertex 5.97502 -0.253617 2
    endloop
  endfacet
  facet normal 0 0 -1
    outer loop
      vertex 5.42224 -1.08091 2
      vertex 6.14448 -2.16182 2
      vertex 5.92563 -2.29299 2
    endloop
  endfacet
  facet normal 0 0 -1
    outer loop
      vertex 7.10209 -0.994976 2
      vertex 5.90104 -0.497488 2
      vertex 5.94402 -0.37737 2
    endloop
  endfacet
  facet normal 0 0 -1
    outer loop
      vertex 6.993 -1.22563 2
      vertex 5.8465 -0.612815 2
      vertex 5.90104 -0.497488 2
    endloop
  endfacet
  facet normal 0 0 -1
    outer loop
      vertex 6.86182 -1.44448 2
      vertex 5.78091 -0.72224 2
      vertex 5.8465 -0.612815 2
    endloop
  endfacet
  facet normal 0 0 -1
    outer loop
      vertex 6.70983 -1.64942 2
      vertex 5.70491 -0.824711 2
      vertex 5.78091 -0.72224 2
    endloop
  endfacet
  facet normal 0 0 -1
    outer loop
      vertex 5.31282 -1.1465 2
      vertex 5.92563 -2.29299 2
      vertex 5.69498 -2.40209 2
    endloop
  endfacet
  facet normal 0 0 -1
    outer loop
      vertex 6.53848 -1.83848 2
      vertex 5.61924 -0.919238 2
      vertex 5.70491 -0.824711 2
    endloop
  endfacet
  facet normal 0 0 -1
    outer loop
      vertex 6.34942 -2.00983 2
      vertex 5.52471 -1.00491 2
      vertex 5.61924 -0.919238 2
    endloop
  endfacet
  facet normal 0 0 -1
    outer loop
      vertex 5.19749 -1.20104 2
      vertex 5.69498 -2.40209 2
      vertex 5.45474 -2.48804 2
    endloop
  endfacet
  facet normal 0 0 -1
    outer loop
      vertex 6.14448 -2.16182 2
      vertex 5.42224 -1.08091 2
      vertex 5.52471 -1.00491 2
    endloop
  endfacet
  facet normal 0 0 -1
    outer loop
      vertex 5.92563 -2.29299 2
      vertex 5.31282 -1.1465 2
      vertex 5.42224 -1.08091 2
    endloop
  endfacet
  facet normal 0 0 -1
    outer loop
      vertex 5.07737 -1.24402 2
      vertex 5.45474 -2.48804 2
      vertex 5.20723 -2.55004 2
    endloop
  endfacet
  facet normal 0 0 -1
    outer loop
      vertex 5.69498 -2.40209 2
      vertex 5.19749 -1.20104 2
      vertex 5.31282 -1.1465 2
    endloop
  endfacet
  facet normal 0 0 -1
    outer loop
      vertex 5.45474 -2.48804 2
      vertex 5.07737 -1.24402 2
      vertex 5.19749 -1.20104 2
    endloop
  endfacet
  facet normal 0 0 -1
    outer loop
      vertex 4.95362 -1.27502 2
      vertex 5.20723 -2.55004 2
      vertex 4.95484 -2.58748 2
    endloop
  endfacet
  facet normal 0 0 -1
    outer loop
      vertex 5.20723 -2.55004 2
      vertex 4.95362 -1.27502 2
      vertex 5.07737 -1.24402 2
    endloop
  endfacet
  facet normal 0 0 -1
    outer loop
      vertex 4.95484 -2.58748 2
      vertex 4.82742 -1.29374 2
      vertex 4.95362 -1.27502 2
    endloop
  endfacet
  facet normal 0 0 -1
    outer loop
      vertex 4.7 -2.6 2
      vertex 4.82742 -1.29374 2
      vertex 4.95484 -2.58748 2
    endloop
  endfacet
  facet normal 0 0 -1
    outer loop
      vertex 4.7 -2.6 2
      vertex 4.7 -1.3 2
      vertex 4.82742 -1.29374 2
    endloop
  endfacet
  facet normal 0 0 -1
    outer loop
      vertex 4.7 -2.6 2
      vertex 4.57258 -1.29374 2
      vertex 4.7 -1.3 2
    endloop
  endfacet
  facet normal 0 0 -1
    outer loop
      vertex 4.44516 -2.58748 2
      vertex 4.57258 -1.29374 2
      vertex 4.7 -2.6 2
    endloop
  endfacet
  facet normal -0 0 -1
    outer loop
      vertex 4.57258 -1.29374 2
      vertex 4.44516 -2.58748 2
      vertex 4.44638 -1.27502 2
    endloop
  endfacet
  facet normal 0 0 -1
    outer loop
      vertex 4.19276 -2.55004 2
      vertex 4.44638 -1.27502 2
      vertex 4.44516 -2.58748 2
    endloop
  endfacet
  facet normal -0 0 -1
    outer loop
      vertex 4.44638 -1.27502 2
      vertex 4.19276 -2.55004 2
      vertex 4.32263 -1.24402 2
    endloop
  endfacet
  facet normal 0 0 -1
    outer loop
      vertex 3.94526 -2.48804 2
      vertex 4.32263 -1.24402 2
      vertex 4.19276 -2.55004 2
    endloop
  endfacet
  facet normal -0 0 -1
    outer loop
      vertex 4.32263 -1.24402 2
      vertex 3.94526 -2.48804 2
      vertex 4.20251 -1.20104 2
    endloop
  endfacet
  facet normal 0 0 -1
    outer loop
      vertex 3.70502 -2.40209 2
      vertex 4.20251 -1.20104 2
      vertex 3.94526 -2.48804 2
    endloop
  endfacet
  facet normal -0 0 -1
    outer loop
      vertex 4.20251 -1.20104 2
      vertex 3.70502 -2.40209 2
      vertex 4.08718 -1.1465 2
    endloop
  endfacet
  facet normal 0 0 -1
    outer loop
      vertex 3.47437 -2.29299 2
      vertex 4.08718 -1.1465 2
      vertex 3.70502 -2.40209 2
    endloop
  endfacet
  facet normal -0 0 -1
    outer loop
      vertex 4.08718 -1.1465 2
      vertex 3.47437 -2.29299 2
      vertex 3.97776 -1.08091 2
    endloop
  endfacet
  facet normal 0 0 -1
    outer loop
      vertex 3.25552 -2.16182 2
      vertex 3.97776 -1.08091 2
      vertex 3.47437 -2.29299 2
    endloop
  endfacet
  facet normal -0 0 -1
    outer loop
      vertex 3.97776 -1.08091 2
      vertex 3.25552 -2.16182 2
      vertex 3.87529 -1.00491 2
    endloop
  endfacet
  facet normal 0 0 -1
    outer loop
      vertex 3.05058 -2.00983 2
      vertex 3.87529 -1.00491 2
      vertex 3.25552 -2.16182 2
    endloop
  endfacet
  facet normal -0 0 -1
    outer loop
      vertex 3.87529 -1.00491 2
      vertex 3.05058 -2.00983 2
      vertex 3.78076 -0.919238 2
    endloop
  endfacet
  facet normal 0 0 -1
    outer loop
      vertex 2.86152 -1.83848 2
      vertex 3.78076 -0.919238 2
      vertex 3.05058 -2.00983 2
    endloop
  endfacet
  facet normal -0 0 -1
    outer loop
      vertex 3.78076 -0.919238 2
      vertex 2.86152 -1.83848 2
      vertex 3.69509 -0.824711 2
    endloop
  endfacet
  facet normal 0 0 -1
    outer loop
      vertex 2.69017 -1.64942 2
      vertex 3.69509 -0.824711 2
      vertex 2.86152 -1.83848 2
    endloop
  endfacet
  facet normal -0 0 -1
    outer loop
      vertex 3.69509 -0.824711 2
      vertex 2.69017 -1.64942 2
      vertex 3.61909 -0.72224 2
    endloop
  endfacet
  facet normal 0 0 -1
    outer loop
      vertex 2.53818 -1.44448 2
      vertex 3.61909 -0.72224 2
      vertex 2.69017 -1.64942 2
    endloop
  endfacet
  facet normal -0 0 -1
    outer loop
      vertex 3.61909 -0.72224 2
      vertex 2.53818 -1.44448 2
      vertex 3.5535 -0.612815 2
    endloop
  endfacet
  facet normal 0 0 -1
    outer loop
      vertex 2.407 -1.22563 2
      vertex 3.5535 -0.612815 2
      vertex 2.53818 -1.44448 2
    endloop
  endfacet
  facet normal -0 0 -1
    outer loop
      vertex 6.993 1.22563 2
      vertex 5.8465 0.612815 2
      vertex 6.86182 1.44448 2
    endloop
  endfacet
  facet normal 0 0 -1
    outer loop
      vertex 5.78091 0.72224 2
      vertex 6.86182 1.44448 2
      vertex 5.8465 0.612815 2
    endloop
  endfacet
  facet normal -0 0 -1
    outer loop
      vertex 6.86182 1.44448 2
      vertex 5.78091 0.72224 2
      vertex 6.70983 1.64942 2
    endloop
  endfacet
  facet normal 0 0 -1
    outer loop
      vertex 5.70491 0.824711 2
      vertex 6.70983 1.64942 2
      vertex 5.78091 0.72224 2
    endloop
  endfacet
  facet normal -0 0 -1
    outer loop
      vertex 6.70983 1.64942 2
      vertex 5.70491 0.824711 2
      vertex 6.53848 1.83848 2
    endloop
  endfacet
  facet normal 0 0 -1
    outer loop
      vertex 5.61924 0.919238 2
      vertex 6.53848 1.83848 2
      vertex 5.70491 0.824711 2
    endloop
  endfacet
  facet normal -0 0 -1
    outer loop
      vertex 6.53848 1.83848 2
      vertex 5.61924 0.919238 2
      vertex 6.34942 2.00983 2
    endloop
  endfacet
  facet normal 0 0 -1
    outer loop
      vertex 5.52471 1.00491 2
      vertex 6.34942 2.00983 2
      vertex 5.61924 0.919238 2
    endloop
  endfacet
  facet normal -0 0 -1
    outer loop
      vertex 6.34942 2.00983 2
      vertex 5.52471 1.00491 2
      vertex 6.14448 2.16182 2
    endloop
  endfacet
  facet normal 0 0 -1
    outer loop
      vertex 5.42224 1.08091 2
      vertex 6.14448 2.16182 2
      vertex 5.52471 1.00491 2
    endloop
  endfacet
  facet normal -0 0 -1
    outer loop
      vertex 6.14448 2.16182 2
      vertex 5.42224 1.08091 2
      vertex 5.92563 2.29299 2
    endloop
  endfacet
  facet normal 0 0 -1
    outer loop
      vertex 5.31282 1.1465 2
      vertex 5.92563 2.29299 2
      vertex 5.42224 1.08091 2
    endloop
  endfacet
  facet normal -0 0 -1
    outer loop
      vertex 5.92563 2.29299 2
      vertex 5.31282 1.1465 2
      vertex 5.69498 2.40209 2
    endloop
  endfacet
  facet normal 0 0 -1
    outer loop
      vertex 5.19749 1.20104 2
      vertex 5.69498 2.40209 2
      vertex 5.31282 1.1465 2
    endloop
  endfacet
  facet normal -0 0 -1
    outer loop
      vertex 5.69498 2.40209 2
      vertex 5.19749 1.20104 2
      vertex 5.45474 2.48804 2
    endloop
  endfacet
  facet normal 0 0 -1
    outer loop
      vertex 5.07737 1.24402 2
      vertex 5.45474 2.48804 2
      vertex 5.19749 1.20104 2
    endloop
  endfacet
  facet normal -0 0 -1
    outer loop
      vertex 5.45474 2.48804 2
      vertex 5.07737 1.24402 2
      vertex 5.20723 2.55004 2
    endloop
  endfacet
  facet normal 0 0 -1
    outer loop
      vertex 4.95362 1.27502 2
      vertex 5.20723 2.55004 2
      vertex 5.07737 1.24402 2
    endloop
  endfacet
  facet normal -0 0 -1
    outer loop
      vertex 5.20723 2.55004 2
      vertex 4.95362 1.27502 2
      vertex 4.95484 2.58748 2
    endloop
  endfacet
  facet normal 0 0 -1
    outer loop
      vertex 4.82742 1.29374 2
      vertex 4.95484 2.58748 2
      vertex 4.95362 1.27502 2
    endloop
  endfacet
  facet normal 0 0 -1
    outer loop
      vertex 4.7 1.3 2
      vertex 4.95484 2.58748 2
      vertex 4.82742 1.29374 2
    endloop
  endfacet
  facet normal 0 0 -1
    outer loop
      vertex 4.7 1.3 2
      vertex 4.7 2.6 2
      vertex 4.95484 2.58748 2
    endloop
  endfacet
  facet normal 0 0 -1
    outer loop
      vertex 4.57258 1.29374 2
      vertex 4.7 2.6 2
      vertex 4.7 1.3 2
    endloop
  endfacet
  facet normal 0 0 -1
    outer loop
      vertex 4.44516 2.58748 2
      vertex 4.57258 1.29374 2
      vertex 4.44638 1.27502 2
    endloop
  endfacet
  facet normal 0 0 -1
    outer loop
      vertex 4.57258 1.29374 2
      vertex 4.44516 2.58748 2
      vertex 4.7 2.6 2
    endloop
  endfacet
  facet normal 0 0 -1
    outer loop
      vertex 4.19276 2.55004 2
      vertex 4.44638 1.27502 2
      vertex 4.32263 1.24402 2
    endloop
  endfacet
  facet normal 0 0 -1
    outer loop
      vertex 3.94526 2.48804 2
      vertex 4.32263 1.24402 2
      vertex 4.20251 1.20104 2
    endloop
  endfacet
  facet normal 0 0 -1
    outer loop
      vertex 4.44638 1.27502 2
      vertex 4.19276 2.55004 2
      vertex 4.44516 2.58748 2
    endloop
  endfacet
  facet normal 0 0 -1
    outer loop
      vertex 3.70502 2.40209 2
      vertex 4.20251 1.20104 2
      vertex 4.08718 1.1465 2
    endloop
  endfacet
  facet normal 0 0 -1
    outer loop
      vertex 3.47437 2.29299 2
      vertex 4.08718 1.1465 2
      vertex 3.97776 1.08091 2
    endloop
  endfacet
  facet normal 0 0 -1
    outer loop
      vertex 4.32263 1.24402 2
      vertex 3.94526 2.48804 2
      vertex 4.19276 2.55004 2
    endloop
  endfacet
  facet normal 0 0 -1
    outer loop
      vertex 3.25552 2.16182 2
      vertex 3.97776 1.08091 2
      vertex 3.87529 1.00491 2
    endloop
  endfacet
  facet normal 0 0 -1
    outer loop
      vertex 3.05058 2.00983 2
      vertex 3.87529 1.00491 2
      vertex 3.78076 0.919238 2
    endloop
  endfacet
  facet normal 0 0 -1
    outer loop
      vertex 4.20251 1.20104 2
      vertex 3.70502 2.40209 2
      vertex 3.94526 2.48804 2
    endloop
  endfacet
  facet normal 0 0 -1
    outer loop
      vertex 2.86152 1.83848 2
      vertex 3.78076 0.919238 2
      vertex 3.69509 0.824711 2
    endloop
  endfacet
  facet normal 0 0 -1
    outer loop
      vertex 2.69017 1.64942 2
      vertex 3.69509 0.824711 2
      vertex 3.61909 0.72224 2
    endloop
  endfacet
  facet normal 0 0 -1
    outer loop
      vertex 2.53818 1.44448 2
      vertex 3.61909 0.72224 2
      vertex 3.5535 0.612815 2
    endloop
  endfacet
  facet normal 0 0 -1
    outer loop
      vertex 2.407 1.22563 2
      vertex 3.5535 0.612815 2
      vertex 3.49896 0.497488 2
    endloop
  endfacet
  facet normal 0 0 -1
    outer loop
      vertex 4.08718 1.1465 2
      vertex 3.47437 2.29299 2
      vertex 3.70502 2.40209 2
    endloop
  endfacet
  facet normal 0 0 -1
    outer loop
      vertex 2.29791 0.994976 2
      vertex 3.49896 0.497488 2
      vertex 3.45598 0.37737 2
    endloop
  endfacet
  facet normal 0 0 -1
    outer loop
      vertex 2.21196 0.75474 2
      vertex 3.45598 0.37737 2
      vertex 3.42498 0.253617 2
    endloop
  endfacet
  facet normal 0 0 -1
    outer loop
      vertex 2.14996 0.507235 2
      vertex 3.42498 0.253617 2
      vertex 3.40626 0.127421 2
    endloop
  endfacet
  facet normal 0 0 -1
    outer loop
      vertex 2.11252 0.254844 2
      vertex 3.40626 0.127421 2
      vertex 3.4 0 2
    endloop
  endfacet
  facet normal -0 0 -1
    outer loop
      vertex 3.5535 -0.612815 2
      vertex 2.407 -1.22563 2
      vertex 3.49896 -0.497488 2
    endloop
  endfacet
  facet normal 0 0 -1
    outer loop
      vertex 3.97776 1.08091 2
      vertex 3.25552 2.16182 2
      vertex 3.47437 2.29299 2
    endloop
  endfacet
  facet normal 0 0 -1
    outer loop
      vertex 2.29791 -0.994976 2
      vertex 3.49896 -0.497488 2
      vertex 2.407 -1.22563 2
    endloop
  endfacet
  facet normal 0 0 -1
    outer loop
      vertex 3.87529 1.00491 2
      vertex 3.05058 2.00983 2
      vertex 3.25552 2.16182 2
    endloop
  endfacet
  facet normal -0 0 -1
    outer loop
      vertex 3.49896 -0.497488 2
      vertex 2.29791 -0.994976 2
      vertex 3.45598 -0.37737 2
    endloop
  endfacet
  facet normal 0 0 -1
    outer loop
      vertex 3.78076 0.919238 2
      vertex 2.86152 1.83848 2
      vertex 3.05058 2.00983 2
    endloop
  endfacet
  facet normal 0 0 -1
    outer loop
      vertex 2.21196 -0.75474 2
      vertex 3.45598 -0.37737 2
      vertex 2.29791 -0.994976 2
    endloop
  endfacet
  facet normal 0 0 -1
    outer loop
      vertex 3.69509 0.824711 2
      vertex 2.69017 1.64942 2
      vertex 2.86152 1.83848 2
    endloop
  endfacet
  facet normal -0 0 -1
    outer loop
      vertex 3.45598 -0.37737 2
      vertex 2.21196 -0.75474 2
      vertex 3.42498 -0.253617 2
    endloop
  endfacet
  facet normal 0 0 -1
    outer loop
      vertex 3.61909 0.72224 2
      vertex 2.53818 1.44448 2
      vertex 2.69017 1.64942 2
    endloop
  endfacet
  facet normal 0 0 -1
    outer loop
      vertex 2.14996 -0.507235 2
      vertex 3.42498 -0.253617 2
      vertex 2.21196 -0.75474 2
    endloop
  endfacet
  facet normal 0 0 -1
    outer loop
      vertex 3.5535 0.612815 2
      vertex 2.407 1.22563 2
      vertex 2.53818 1.44448 2
    endloop
  endfacet
  facet normal -0 0 -1
    outer loop
      vertex 3.42498 -0.253617 2
      vertex 2.14996 -0.507235 2
      vertex 3.40626 -0.127421 2
    endloop
  endfacet
  facet normal 0 0 -1
    outer loop
      vertex 3.49896 0.497488 2
      vertex 2.29791 0.994976 2
      vertex 2.407 1.22563 2
    endloop
  endfacet
  facet normal 0 0 -1
    outer loop
      vertex 2.11252 -0.254844 2
      vertex 3.40626 -0.127421 2
      vertex 2.14996 -0.507235 2
    endloop
  endfacet
  facet normal 0 0 -1
    outer loop
      vertex 3.45598 0.37737 2
      vertex 2.21196 0.75474 2
      vertex 2.29791 0.994976 2
    endloop
  endfacet
  facet normal -0 0 -1
    outer loop
      vertex 3.40626 -0.127421 2
      vertex 2.11252 -0.254844 2
      vertex 3.4 0 2
    endloop
  endfacet
  facet normal 0 0 -1
    outer loop
      vertex 3.42498 0.253617 2
      vertex 2.14996 0.507235 2
      vertex 2.21196 0.75474 2
    endloop
  endfacet
  facet normal 0 0 -1
    outer loop
      vertex 2.1 0 2
      vertex 3.4 0 2
      vertex 2.11252 -0.254844 2
    endloop
  endfacet
  facet normal 0 0 -1
    outer loop
      vertex 3.40626 0.127421 2
      vertex 2.11252 0.254844 2
      vertex 2.14996 0.507235 2
    endloop
  endfacet
  facet normal 0 0 -1
    outer loop
      vertex 3.4 0 2
      vertex 2.1 0 2
      vertex 2.11252 0.254844 2
    endloop
  endfacet
  facet normal -0.336879 0.941548 0
    outer loop
      vertex 40.9567 -2.3097 0
      vertex 40.7257 -2.39235 6.5
      vertex 40.9567 -2.3097 6.5
    endloop
  endfacet
  facet normal -0.336879 0.941548 0
    outer loop
      vertex 40.7257 -2.39235 6.5
      vertex 40.9567 -2.3097 0
      vertex 40.7257 -2.39235 0
    endloop
  endfacet
  facet normal -0.989176 -0.146737 0
    outer loop
      vertex 42.488 0.245043 0
      vertex 42.452 0.487725 6.5
      vertex 42.452 0.487725 0
    endloop
  endfacet
  facet normal -0.989176 -0.146737 0
    outer loop
      vertex 42.452 0.487725 6.5
      vertex 42.488 0.245043 0
      vertex 42.488 0.245043 6.5
    endloop
  endfacet
  facet normal -0.9988 -0.0489743 0
    outer loop
      vertex 42.488 0.245043 0
      vertex 42.5 0.000310598 5.5
      vertex 42.488 0.245043 6.5
    endloop
  endfacet
  facet normal -0.998803 -0.0489124 2.7622e-06
    outer loop
      vertex 42.5 0 0
      vertex 42.5 0.000310598 5.5
      vertex 42.488 0.245043 0
    endloop
  endfacet
  facet normal -1 -0 0
    outer loop
      vertex 42.5 0.000310598 5.5
      vertex 42.5 0 0
      vertex 42.5 0 5.5
    endloop
  endfacet
  facet normal -0.9988 -0.0489743 0
    outer loop
      vertex 42.488 0.245043 6.5
      vertex 42.5 0.000310598 5.5
      vertex 42.5 0.000310598 6.5
    endloop
  endfacet
  facet normal -0.969947 -0.243316 0
    outer loop
      vertex 42.452 0.487725 0
      vertex 42.3923 0.725711 6.5
      vertex 42.3923 0.725711 0
    endloop
  endfacet
  facet normal -0.969947 -0.243316 0
    outer loop
      vertex 42.3923 0.725711 6.5
      vertex 42.452 0.487725 0
      vertex 42.452 0.487725 6.5
    endloop
  endfacet
  facet normal 0.146726 0.989177 -0
    outer loop
      vertex 39.755 -2.48796 0
      vertex 39.5123 -2.45196 6.5
      vertex 39.755 -2.48796 6.5
    endloop
  endfacet
  facet normal 0.146726 0.989177 0
    outer loop
      vertex 39.5123 -2.45196 6.5
      vertex 39.755 -2.48796 0
      vertex 39.5123 -2.45196 0
    endloop
  endfacet
  facet normal -0.803095 -0.595851 0
    outer loop
      vertex 42.0787 1.38893 0
      vertex 41.9325 1.58598 6.5
      vertex 41.9325 1.58598 0
    endloop
  endfacet
  facet normal -0.803095 -0.595851 0
    outer loop
      vertex 41.9325 1.58598 6.5
      vertex 42.0787 1.38893 0
      vertex 42.0787 1.38893 6.5
    endloop
  endfacet
  facet normal 0.941611 0.336702 0
    outer loop
      vertex 37.6903 -0.956708 6.5
      vertex 37.6077 -0.725711 0
      vertex 37.6077 -0.725711 6.5
    endloop
  endfacet
  facet normal 0.941611 0.336702 0
    outer loop
      vertex 37.6077 -0.725711 0
      vertex 37.6903 -0.956708 6.5
      vertex 37.6903 -0.956708 0
    endloop
  endfacet
  facet normal 0.998803 -0.0489124 0
    outer loop
      vertex 37.5 0 6.5
      vertex 37.512 0.245043 0
      vertex 37.512 0.245043 6.5
    endloop
  endfacet
  facet normal 0.998803 -0.0489124 0
    outer loop
      vertex 37.512 0.245043 0
      vertex 37.5 0 6.5
      vertex 37.5 0 0
    endloop
  endfacet
  facet normal -1 0 0
    outer loop
      vertex 42.5 0 0
      vertex 42.5 -0.000310598 5.5
      vertex 42.5 0 5.5
    endloop
  endfacet
  facet normal -0.998803 0.0489124 2.7622e-06
    outer loop
      vertex 42.488 -0.245043 0
      vertex 42.5 -0.000310598 5.5
      vertex 42.5 0 0
    endloop
  endfacet
  facet normal -0.9988 0.0489743 0
    outer loop
      vertex 42.488 -0.245043 6.5
      vertex 42.5 -0.000310598 5.5
      vertex 42.488 -0.245043 0
    endloop
  endfacet
  facet normal -0.9988 0.0489743 0
    outer loop
      vertex 42.5 -0.000310598 5.5
      vertex 42.488 -0.245043 6.5
      vertex 42.5 -0.000310598 6.5
    endloop
  endfacet
  facet normal 0.803095 0.595851 0
    outer loop
      vertex 38.0675 -1.58598 6.5
      vertex 37.9213 -1.38893 0
      vertex 37.9213 -1.38893 6.5
    endloop
  endfacet
  facet normal 0.803095 0.595851 0
    outer loop
      vertex 37.9213 -1.38893 0
      vertex 38.0675 -1.58598 6.5
      vertex 38.0675 -1.58598 0
    endloop
  endfacet
  facet normal -0.514166 0.857691 0
    outer loop
      vertex 41.3889 -2.07867 0
      vertex 41.1785 -2.2048 6.5
      vertex 41.3889 -2.07867 6.5
    endloop
  endfacet
  facet normal -0.514166 0.857691 0
    outer loop
      vertex 41.1785 -2.2048 6.5
      vertex 41.3889 -2.07867 0
      vertex 41.1785 -2.2048 0
    endloop
  endfacet
  facet normal -0.427543 0.903995 0
    outer loop
      vertex 41.1785 -2.2048 0
      vertex 40.9567 -2.3097 6.5
      vertex 41.1785 -2.2048 6.5
    endloop
  endfacet
  facet normal -0.427543 0.903995 0
    outer loop
      vertex 40.9567 -2.3097 6.5
      vertex 41.1785 -2.2048 0
      vertex 40.9567 -2.3097 0
    endloop
  endfacet
  facet normal -0.803095 0.595851 0
    outer loop
      vertex 41.9325 -1.58598 0
      vertex 42.0787 -1.38893 6.5
      vertex 42.0787 -1.38893 0
    endloop
  endfacet
  facet normal -0.803095 0.595851 0
    outer loop
      vertex 42.0787 -1.38893 6.5
      vertex 41.9325 -1.58598 0
      vertex 41.9325 -1.58598 6.5
    endloop
  endfacet
  facet normal 0.242958 -0.970037 0
    outer loop
      vertex 39.2743 2.39235 0
      vertex 39.5123 2.45196 6.5
      vertex 39.2743 2.39235 6.5
    endloop
  endfacet
  facet normal 0.242958 -0.970037 0
    outer loop
      vertex 39.5123 2.45196 6.5
      vertex 39.2743 2.39235 0
      vertex 39.5123 2.45196 0
    endloop
  endfacet
  facet normal 0.969947 -0.243316 0
    outer loop
      vertex 37.548 0.487725 6.5
      vertex 37.6077 0.725711 0
      vertex 37.6077 0.725711 6.5
    endloop
  endfacet
  facet normal 0.969947 -0.243316 0
    outer loop
      vertex 37.6077 0.725711 0
      vertex 37.548 0.487725 6.5
      vertex 37.548 0.487725 0
    endloop
  endfacet
  facet normal 0.595596 -0.803284 0
    outer loop
      vertex 38.414 1.93253 0
      vertex 38.6111 2.07867 6.5
      vertex 38.414 1.93253 6.5
    endloop
  endfacet
  facet normal 0.595596 -0.803284 0
    outer loop
      vertex 38.6111 2.07867 6.5
      vertex 38.414 1.93253 0
      vertex 38.6111 2.07867 0
    endloop
  endfacet
  facet normal 0.741083 0.671414 0
    outer loop
      vertex 38.2322 -1.76777 6.5
      vertex 38.0675 -1.58598 0
      vertex 38.0675 -1.58598 6.5
    endloop
  endfacet
  facet normal 0.741083 0.671414 0
    outer loop
      vertex 38.0675 -1.58598 0
      vertex 38.2322 -1.76777 6.5
      vertex 38.2322 -1.76777 0
    endloop
  endfacet
  facet normal -0.0490836 -0.998795 0
    outer loop
      vertex 40 2.5 0
      vertex 40.245 2.48796 6.5
      vertex 40 2.5 6.5
    endloop
  endfacet
  facet normal -0.0490836 -0.998795 -0
    outer loop
      vertex 40.245 2.48796 6.5
      vertex 40 2.5 0
      vertex 40.245 2.48796 0
    endloop
  endfacet
  facet normal -0.242958 0.970037 0
    outer loop
      vertex 40.7257 -2.39235 0
      vertex 40.4877 -2.45196 6.5
      vertex 40.7257 -2.39235 6.5
    endloop
  endfacet
  facet normal -0.242958 0.970037 0
    outer loop
      vertex 40.4877 -2.45196 6.5
      vertex 40.7257 -2.39235 0
      vertex 40.4877 -2.45196 0
    endloop
  endfacet
  facet normal 0.941611 -0.336702 0
    outer loop
      vertex 37.6077 0.725711 6.5
      vertex 37.6903 0.956708 0
      vertex 37.6903 0.956708 6.5
    endloop
  endfacet
  facet normal 0.941611 -0.336702 0
    outer loop
      vertex 37.6903 0.956708 0
      vertex 37.6077 0.725711 6.5
      vertex 37.6077 0.725711 0
    endloop
  endfacet
  facet normal 0.242958 0.970037 -0
    outer loop
      vertex 39.5123 -2.45196 0
      vertex 39.2743 -2.39235 6.5
      vertex 39.5123 -2.45196 6.5
    endloop
  endfacet
  facet normal 0.242958 0.970037 0
    outer loop
      vertex 39.2743 -2.39235 6.5
      vertex 39.5123 -2.45196 0
      vertex 39.2743 -2.39235 0
    endloop
  endfacet
  facet normal -0.242958 -0.970037 0
    outer loop
      vertex 40.4877 2.45196 0
      vertex 40.7257 2.39235 6.5
      vertex 40.4877 2.45196 6.5
    endloop
  endfacet
  facet normal -0.242958 -0.970037 -0
    outer loop
      vertex 40.7257 2.39235 6.5
      vertex 40.4877 2.45196 0
      vertex 40.7257 2.39235 0
    endloop
  endfacet
  facet normal -0.514166 -0.857691 0
    outer loop
      vertex 41.1785 2.2048 0
      vertex 41.3889 2.07867 6.5
      vertex 41.1785 2.2048 6.5
    endloop
  endfacet
  facet normal -0.514166 -0.857691 -0
    outer loop
      vertex 41.3889 2.07867 6.5
      vertex 41.1785 2.2048 0
      vertex 41.3889 2.07867 0
    endloop
  endfacet
  facet normal -0.741083 -0.671414 0
    outer loop
      vertex 41.9325 1.58598 0
      vertex 41.7678 1.76777 6.5
      vertex 41.7678 1.76777 0
    endloop
  endfacet
  facet normal -0.741083 -0.671414 0
    outer loop
      vertex 41.7678 1.76777 6.5
      vertex 41.9325 1.58598 0
      vertex 41.9325 1.58598 6.5
    endloop
  endfacet
  facet normal 0.989176 -0.146737 0
    outer loop
      vertex 37.512 0.245043 6.5
      vertex 37.548 0.487725 0
      vertex 37.548 0.487725 6.5
    endloop
  endfacet
  facet normal 0.989176 -0.146737 0
    outer loop
      vertex 37.548 0.487725 0
      vertex 37.512 0.245043 6.5
      vertex 37.512 0.245043 0
    endloop
  endfacet
  facet normal -0.903982 0.427572 0
    outer loop
      vertex 42.2048 -1.17849 0
      vertex 42.3097 -0.956708 6.5
      vertex 42.3097 -0.956708 0
    endloop
  endfacet
  facet normal -0.903982 0.427572 0
    outer loop
      vertex 42.3097 -0.956708 6.5
      vertex 42.2048 -1.17849 0
      vertex 42.2048 -1.17849 6.5
    endloop
  endfacet
  facet normal 0.671528 -0.740979 0
    outer loop
      vertex 38.2322 1.76777 0
      vertex 38.414 1.93253 6.5
      vertex 38.2322 1.76777 6.5
    endloop
  endfacet
  facet normal 0.671528 -0.740979 0
    outer loop
      vertex 38.414 1.93253 6.5
      vertex 38.2322 1.76777 0
      vertex 38.414 1.93253 0
    endloop
  endfacet
  facet normal -0.903982 -0.427572 0
    outer loop
      vertex 42.3097 0.956708 0
      vertex 42.2048 1.17849 6.5
      vertex 42.2048 1.17849 0
    endloop
  endfacet
  facet normal -0.903982 -0.427572 0
    outer loop
      vertex 42.2048 1.17849 6.5
      vertex 42.3097 0.956708 0
      vertex 42.3097 0.956708 6.5
    endloop
  endfacet
  facet normal -0.671528 0.740979 0
    outer loop
      vertex 41.7678 -1.76777 0
      vertex 41.586 -1.93253 6.5
      vertex 41.7678 -1.76777 6.5
    endloop
  endfacet
  facet normal -0.671528 0.740979 0
    outer loop
      vertex 41.586 -1.93253 6.5
      vertex 41.7678 -1.76777 0
      vertex 41.586 -1.93253 0
    endloop
  endfacet
  facet normal -0.595596 -0.803284 0
    outer loop
      vertex 41.3889 2.07867 0
      vertex 41.586 1.93253 6.5
      vertex 41.3889 2.07867 6.5
    endloop
  endfacet
  facet normal -0.595596 -0.803284 -0
    outer loop
      vertex 41.586 1.93253 6.5
      vertex 41.3889 2.07867 0
      vertex 41.586 1.93253 0
    endloop
  endfacet
  facet normal -0.941611 -0.336702 0
    outer loop
      vertex 42.3923 0.725711 0
      vertex 42.3097 0.956708 6.5
      vertex 42.3097 0.956708 0
    endloop
  endfacet
  facet normal -0.941611 -0.336702 0
    outer loop
      vertex 42.3097 0.956708 6.5
      vertex 42.3923 0.725711 0
      vertex 42.3923 0.725711 6.5
    endloop
  endfacet
  facet normal -0.0490836 0.998795 0
    outer loop
      vertex 40.245 -2.48796 0
      vertex 40 -2.5 6.5
      vertex 40.245 -2.48796 6.5
    endloop
  endfacet
  facet normal -0.0490836 0.998795 0
    outer loop
      vertex 40 -2.5 6.5
      vertex 40.245 -2.48796 0
      vertex 40 -2.5 0
    endloop
  endfacet
  facet normal 0.514166 0.857691 -0
    outer loop
      vertex 38.8215 -2.2048 0
      vertex 38.6111 -2.07867 6.5
      vertex 38.8215 -2.2048 6.5
    endloop
  endfacet
  facet normal 0.514166 0.857691 0
    outer loop
      vertex 38.6111 -2.07867 6.5
      vertex 38.8215 -2.2048 0
      vertex 38.6111 -2.07867 0
    endloop
  endfacet
  facet normal -0.427543 -0.903995 0
    outer loop
      vertex 40.9567 2.3097 0
      vertex 41.1785 2.2048 6.5
      vertex 40.9567 2.3097 6.5
    endloop
  endfacet
  facet normal -0.427543 -0.903995 -0
    outer loop
      vertex 41.1785 2.2048 6.5
      vertex 40.9567 2.3097 0
      vertex 41.1785 2.2048 0
    endloop
  endfacet
  facet normal -0.969947 0.243316 0
    outer loop
      vertex 42.3923 -0.725711 0
      vertex 42.452 -0.487725 6.5
      vertex 42.452 -0.487725 0
    endloop
  endfacet
  facet normal -0.969947 0.243316 0
    outer loop
      vertex 42.452 -0.487725 6.5
      vertex 42.3923 -0.725711 0
      vertex 42.3923 -0.725711 6.5
    endloop
  endfacet
  facet normal 0.336879 -0.941548 0
    outer loop
      vertex 39.0433 2.3097 0
      vertex 39.2743 2.39235 6.5
      vertex 39.0433 2.3097 6.5
    endloop
  endfacet
  facet normal 0.336879 -0.941548 0
    outer loop
      vertex 39.2743 2.39235 6.5
      vertex 39.0433 2.3097 0
      vertex 39.2743 2.39235 0
    endloop
  endfacet
  facet normal 0.903982 0.427572 0
    outer loop
      vertex 37.7952 -1.17849 6.5
      vertex 37.6903 -0.956708 0
      vertex 37.6903 -0.956708 6.5
    endloop
  endfacet
  facet normal 0.903982 0.427572 0
    outer loop
      vertex 37.6903 -0.956708 0
      vertex 37.7952 -1.17849 6.5
      vertex 37.7952 -1.17849 0
    endloop
  endfacet
  facet normal -0.336879 -0.941548 0
    outer loop
      vertex 40.7257 2.39235 0
      vertex 40.9567 2.3097 6.5
      vertex 40.7257 2.39235 6.5
    endloop
  endfacet
  facet normal -0.336879 -0.941548 -0
    outer loop
      vertex 40.9567 2.3097 6.5
      vertex 40.7257 2.39235 0
      vertex 40.9567 2.3097 0
    endloop
  endfacet
  facet normal 0.514166 -0.857691 0
    outer loop
      vertex 38.6111 2.07867 0
      vertex 38.8215 2.2048 6.5
      vertex 38.6111 2.07867 6.5
    endloop
  endfacet
  facet normal 0.514166 -0.857691 0
    outer loop
      vertex 38.8215 2.2048 6.5
      vertex 38.6111 2.07867 0
      vertex 38.8215 2.2048 0
    endloop
  endfacet
  facet normal 0.146726 -0.989177 0
    outer loop
      vertex 39.5123 2.45196 0
      vertex 39.755 2.48796 6.5
      vertex 39.5123 2.45196 6.5
    endloop
  endfacet
  facet normal 0.146726 -0.989177 0
    outer loop
      vertex 39.755 2.48796 6.5
      vertex 39.5123 2.45196 0
      vertex 39.755 2.48796 0
    endloop
  endfacet
  facet normal 0.0490836 -0.998795 0
    outer loop
      vertex 39.755 2.48796 0
      vertex 40 2.5 6.5
      vertex 39.755 2.48796 6.5
    endloop
  endfacet
  facet normal 0.0490836 -0.998795 0
    outer loop
      vertex 40 2.5 6.5
      vertex 39.755 2.48796 0
      vertex 40 2.5 0
    endloop
  endfacet
  facet normal 0.427543 -0.903995 0
    outer loop
      vertex 38.8215 2.2048 0
      vertex 39.0433 2.3097 6.5
      vertex 38.8215 2.2048 6.5
    endloop
  endfacet
  facet normal 0.427543 -0.903995 0
    outer loop
      vertex 39.0433 2.3097 6.5
      vertex 38.8215 2.2048 0
      vertex 39.0433 2.3097 0
    endloop
  endfacet
  facet normal -0.989176 0.146737 0
    outer loop
      vertex 42.452 -0.487725 0
      vertex 42.488 -0.245043 6.5
      vertex 42.488 -0.245043 0
    endloop
  endfacet
  facet normal -0.989176 0.146737 0
    outer loop
      vertex 42.488 -0.245043 6.5
      vertex 42.452 -0.487725 0
      vertex 42.452 -0.487725 6.5
    endloop
  endfacet
  facet normal -0.741083 0.671414 0
    outer loop
      vertex 41.7678 -1.76777 0
      vertex 41.9325 -1.58598 6.5
      vertex 41.9325 -1.58598 0
    endloop
  endfacet
  facet normal -0.741083 0.671414 0
    outer loop
      vertex 41.9325 -1.58598 6.5
      vertex 41.7678 -1.76777 0
      vertex 41.7678 -1.76777 6.5
    endloop
  endfacet
  facet normal -0.857788 -0.514004 0
    outer loop
      vertex 42.2048 1.17849 0
      vertex 42.0787 1.38893 6.5
      vertex 42.0787 1.38893 0
    endloop
  endfacet
  facet normal -0.857788 -0.514004 0
    outer loop
      vertex 42.0787 1.38893 6.5
      vertex 42.2048 1.17849 0
      vertex 42.2048 1.17849 6.5
    endloop
  endfacet
  facet normal -0.941611 0.336702 0
    outer loop
      vertex 42.3097 -0.956708 0
      vertex 42.3923 -0.725711 6.5
      vertex 42.3923 -0.725711 0
    endloop
  endfacet
  facet normal -0.941611 0.336702 0
    outer loop
      vertex 42.3923 -0.725711 6.5
      vertex 42.3097 -0.956708 0
      vertex 42.3097 -0.956708 6.5
    endloop
  endfacet
  facet normal 0.989176 0.146737 0
    outer loop
      vertex 37.548 -0.487725 6.5
      vertex 37.512 -0.245043 0
      vertex 37.512 -0.245043 6.5
    endloop
  endfacet
  facet normal 0.989176 0.146737 0
    outer loop
      vertex 37.512 -0.245043 0
      vertex 37.548 -0.487725 6.5
      vertex 37.548 -0.487725 0
    endloop
  endfacet
  facet normal -0.857788 0.514004 0
    outer loop
      vertex 42.0787 -1.38893 0
      vertex 42.2048 -1.17849 6.5
      vertex 42.2048 -1.17849 0
    endloop
  endfacet
  facet normal -0.857788 0.514004 0
    outer loop
      vertex 42.2048 -1.17849 6.5
      vertex 42.0787 -1.38893 0
      vertex 42.0787 -1.38893 6.5
    endloop
  endfacet
  facet normal 0.427543 0.903995 -0
    outer loop
      vertex 39.0433 -2.3097 0
      vertex 38.8215 -2.2048 6.5
      vertex 39.0433 -2.3097 6.5
    endloop
  endfacet
  facet normal 0.427543 0.903995 0
    outer loop
      vertex 38.8215 -2.2048 6.5
      vertex 39.0433 -2.3097 0
      vertex 38.8215 -2.2048 0
    endloop
  endfacet
  facet normal 0.741083 -0.671414 0
    outer loop
      vertex 38.0675 1.58598 6.5
      vertex 38.2322 1.76777 0
      vertex 38.2322 1.76777 6.5
    endloop
  endfacet
  facet normal 0.741083 -0.671414 0
    outer loop
      vertex 38.2322 1.76777 0
      vertex 38.0675 1.58598 6.5
      vertex 38.0675 1.58598 0
    endloop
  endfacet
  facet normal -0.146726 0.989177 0
    outer loop
      vertex 40.4877 -2.45196 0
      vertex 40.245 -2.48796 6.5
      vertex 40.4877 -2.45196 6.5
    endloop
  endfacet
  facet normal -0.146726 0.989177 0
    outer loop
      vertex 40.245 -2.48796 6.5
      vertex 40.4877 -2.45196 0
      vertex 40.245 -2.48796 0
    endloop
  endfacet
  facet normal 0.857788 0.514004 0
    outer loop
      vertex 37.9213 -1.38893 6.5
      vertex 37.7952 -1.17849 0
      vertex 37.7952 -1.17849 6.5
    endloop
  endfacet
  facet normal 0.857788 0.514004 0
    outer loop
      vertex 37.7952 -1.17849 0
      vertex 37.9213 -1.38893 6.5
      vertex 37.9213 -1.38893 0
    endloop
  endfacet
  facet normal 0.803095 -0.595851 0
    outer loop
      vertex 37.9213 1.38893 6.5
      vertex 38.0675 1.58598 0
      vertex 38.0675 1.58598 6.5
    endloop
  endfacet
  facet normal 0.803095 -0.595851 0
    outer loop
      vertex 38.0675 1.58598 0
      vertex 37.9213 1.38893 6.5
      vertex 37.9213 1.38893 0
    endloop
  endfacet
  facet normal 0.969947 0.243316 0
    outer loop
      vertex 37.6077 -0.725711 6.5
      vertex 37.548 -0.487725 0
      vertex 37.548 -0.487725 6.5
    endloop
  endfacet
  facet normal 0.969947 0.243316 0
    outer loop
      vertex 37.548 -0.487725 0
      vertex 37.6077 -0.725711 6.5
      vertex 37.6077 -0.725711 0
    endloop
  endfacet
  facet normal -0.595596 0.803284 0
    outer loop
      vertex 41.586 -1.93253 0
      vertex 41.3889 -2.07867 6.5
      vertex 41.586 -1.93253 6.5
    endloop
  endfacet
  facet normal -0.595596 0.803284 0
    outer loop
      vertex 41.3889 -2.07867 6.5
      vertex 41.586 -1.93253 0
      vertex 41.3889 -2.07867 0
    endloop
  endfacet
  facet normal -0.671528 -0.740979 0
    outer loop
      vertex 41.586 1.93253 0
      vertex 41.7678 1.76777 6.5
      vertex 41.586 1.93253 6.5
    endloop
  endfacet
  facet normal -0.671528 -0.740979 -0
    outer loop
      vertex 41.7678 1.76777 6.5
      vertex 41.586 1.93253 0
      vertex 41.7678 1.76777 0
    endloop
  endfacet
  facet normal 0.903982 -0.427572 0
    outer loop
      vertex 37.6903 0.956708 6.5
      vertex 37.7952 1.17849 0
      vertex 37.7952 1.17849 6.5
    endloop
  endfacet
  facet normal 0.903982 -0.427572 0
    outer loop
      vertex 37.7952 1.17849 0
      vertex 37.6903 0.956708 6.5
      vertex 37.6903 0.956708 0
    endloop
  endfacet
  facet normal 0.0490836 0.998795 -0
    outer loop
      vertex 40 -2.5 0
      vertex 39.755 -2.48796 6.5
      vertex 40 -2.5 6.5
    endloop
  endfacet
  facet normal 0.0490836 0.998795 0
    outer loop
      vertex 39.755 -2.48796 6.5
      vertex 40 -2.5 0
      vertex 39.755 -2.48796 0
    endloop
  endfacet
  facet normal 0.998803 0.0489124 0
    outer loop
      vertex 37.512 -0.245043 6.5
      vertex 37.5 0 0
      vertex 37.5 0 6.5
    endloop
  endfacet
  facet normal 0.998803 0.0489124 0
    outer loop
      vertex 37.5 0 0
      vertex 37.512 -0.245043 6.5
      vertex 37.512 -0.245043 0
    endloop
  endfacet
  facet normal 0.671528 0.740979 -0
    outer loop
      vertex 38.414 -1.93253 0
      vertex 38.2322 -1.76777 6.5
      vertex 38.414 -1.93253 6.5
    endloop
  endfacet
  facet normal 0.671528 0.740979 0
    outer loop
      vertex 38.2322 -1.76777 6.5
      vertex 38.414 -1.93253 0
      vertex 38.2322 -1.76777 0
    endloop
  endfacet
  facet normal 0.336879 0.941548 -0
    outer loop
      vertex 39.2743 -2.39235 0
      vertex 39.0433 -2.3097 6.5
      vertex 39.2743 -2.39235 6.5
    endloop
  endfacet
  facet normal 0.336879 0.941548 0
    outer loop
      vertex 39.0433 -2.3097 6.5
      vertex 39.2743 -2.39235 0
      vertex 39.0433 -2.3097 0
    endloop
  endfacet
  facet normal 0.857788 -0.514004 0
    outer loop
      vertex 37.7952 1.17849 6.5
      vertex 37.9213 1.38893 0
      vertex 37.9213 1.38893 6.5
    endloop
  endfacet
  facet normal 0.857788 -0.514004 0
    outer loop
      vertex 37.9213 1.38893 0
      vertex 37.7952 1.17849 6.5
      vertex 37.7952 1.17849 0
    endloop
  endfacet
  facet normal -0.146726 -0.989177 0
    outer loop
      vertex 40.245 2.48796 0
      vertex 40.4877 2.45196 6.5
      vertex 40.245 2.48796 6.5
    endloop
  endfacet
  facet normal -0.146726 -0.989177 -0
    outer loop
      vertex 40.4877 2.45196 6.5
      vertex 40.245 2.48796 0
      vertex 40.4877 2.45196 0
    endloop
  endfacet
  facet normal 0.595596 0.803284 -0
    outer loop
      vertex 38.6111 -2.07867 0
      vertex 38.414 -1.93253 6.5
      vertex 38.6111 -2.07867 6.5
    endloop
  endfacet
  facet normal 0.595596 0.803284 0
    outer loop
      vertex 38.414 -1.93253 6.5
      vertex 38.6111 -2.07867 0
      vertex 38.414 -1.93253 0
    endloop
  endfacet
  facet normal -0 0 1
    outer loop
      vertex 1.90001 -7.65 5.5
      vertex 2.20001 -8 5.5
      vertex 2.20001 -7.65 5.5
    endloop
  endfacet
  facet normal 0 0 1
    outer loop
      vertex 2.20001 -8 5.5
      vertex 1.99765 -8.99503 5.5
      vertex 2.11926 -9.48055 5.5
    endloop
  endfacet
  facet normal 0 0 1
    outer loop
      vertex 2.20001 -8 5.5
      vertex 1.92419 -8.49991 5.5
      vertex 1.99765 -8.99503 5.5
    endloop
  endfacet
  facet normal 0 0 1
    outer loop
      vertex 2.20001 -8 5.5
      vertex 1.90001 -7.65 5.5
      vertex 1.90001 -8.00735 5.5
    endloop
  endfacet
  facet normal 0 0 1
    outer loop
      vertex 2.20001 -8 5.5
      vertex 1.90001 -8.00735 5.5
      vertex 1.92419 -8.49991 5.5
    endloop
  endfacet
  facet normal 0 0 1
    outer loop
      vertex 13.8262 -11.5 5.5
      vertex 13.6607 -11.7778 5.5
      vertex 13.8221 -11.5085 5.5
    endloop
  endfacet
  facet normal 0 0 1
    outer loop
      vertex 13.8262 -11.5 5.5
      vertex 13.4736 -12.0301 5.5
      vertex 13.6607 -11.7778 5.5
    endloop
  endfacet
  facet normal 0 0 1
    outer loop
      vertex 13.8262 -11.5 5.5
      vertex 13.2627 -12.2627 5.5
      vertex 13.4736 -12.0301 5.5
    endloop
  endfacet
  facet normal 0 0 1
    outer loop
      vertex 13.8262 -11.5 5.5
      vertex 13.0301 -12.4736 5.5
      vertex 13.2627 -12.2627 5.5
    endloop
  endfacet
  facet normal 0 0 1
    outer loop
      vertex 13.8262 -11.5 5.5
      vertex 12.7778 -12.6607 5.5
      vertex 13.0301 -12.4736 5.5
    endloop
  endfacet
  facet normal 0 0 1
    outer loop
      vertex 13.8262 -11.5 5.5
      vertex 12.5454 -12.8 5.5
      vertex 12.7778 -12.6607 5.5
    endloop
  endfacet
  facet normal 0 0 1
    outer loop
      vertex 13.8262 -11.5 5.5
      vertex 9.45456 -12.8 5.5
      vertex 12.5454 -12.8 5.5
    endloop
  endfacet
  facet normal 0 0 1
    outer loop
      vertex 13.8262 -11.5 5.5
      vertex 9.22217 -12.6607 5.5
      vertex 9.45456 -12.8 5.5
    endloop
  endfacet
  facet normal 0 0 1
    outer loop
      vertex 13.8262 -11.5 5.5
      vertex 8.96994 -12.4736 5.5
      vertex 9.22217 -12.6607 5.5
    endloop
  endfacet
  facet normal 0 0 1
    outer loop
      vertex 13.8262 -11.5 5.5
      vertex 8.73726 -12.2627 5.5
      vertex 8.96994 -12.4736 5.5
    endloop
  endfacet
  facet normal 0 0 1
    outer loop
      vertex 13.8262 -11.5 5.5
      vertex 8.52637 -12.0301 5.5
      vertex 8.73726 -12.2627 5.5
    endloop
  endfacet
  facet normal 0 0 1
    outer loop
      vertex 13.8262 -11.5 5.5
      vertex 8.3393 -11.7778 5.5
      vertex 8.52637 -12.0301 5.5
    endloop
  endfacet
  facet normal -0 0 1
    outer loop
      vertex 8.17384 -11.5 5.5
      vertex 8.3393 -11.7778 5.5
      vertex 13.8262 -11.5 5.5
    endloop
  endfacet
  facet normal 0 0 1
    outer loop
      vertex 8.3393 -11.7778 5.5
      vertex 8.17384 -11.5 5.5
      vertex 8.17785 -11.5085 5.5
    endloop
  endfacet
  facet normal 0 0 1
    outer loop
      vertex 31.8262 -11.5 5.5
      vertex 31.6607 -11.7778 5.5
      vertex 31.8221 -11.5085 5.5
    endloop
  endfacet
  facet normal 0 0 1
    outer loop
      vertex 31.8262 -11.5 5.5
      vertex 31.4736 -12.0301 5.5
      vertex 31.6607 -11.7778 5.5
    endloop
  endfacet
  facet normal 0 0 1
    outer loop
      vertex 31.8262 -11.5 5.5
      vertex 31.2627 -12.2627 5.5
      vertex 31.4736 -12.0301 5.5
    endloop
  endfacet
  facet normal 0 0 1
    outer loop
      vertex 31.8262 -11.5 5.5
      vertex 31.0301 -12.4736 5.5
      vertex 31.2627 -12.2627 5.5
    endloop
  endfacet
  facet normal 0 0 1
    outer loop
      vertex 31.8262 -11.5 5.5
      vertex 30.7778 -12.6607 5.5
      vertex 31.0301 -12.4736 5.5
    endloop
  endfacet
  facet normal 0 0 1
    outer loop
      vertex 31.8262 -11.5 5.5
      vertex 30.5454 -12.8 5.5
      vertex 30.7778 -12.6607 5.5
    endloop
  endfacet
  facet normal 0 0 1
    outer loop
      vertex 31.8262 -11.5 5.5
      vertex 27.4546 -12.8 5.5
      vertex 30.5454 -12.8 5.5
    endloop
  endfacet
  facet normal 0 0 1
    outer loop
      vertex 31.8262 -11.5 5.5
      vertex 27.2222 -12.6607 5.5
      vertex 27.4546 -12.8 5.5
    endloop
  endfacet
  facet normal 0 0 1
    outer loop
      vertex 31.8262 -11.5 5.5
      vertex 26.9699 -12.4736 5.5
      vertex 27.2222 -12.6607 5.5
    endloop
  endfacet
  facet normal 0 0 1
    outer loop
      vertex 31.8262 -11.5 5.5
      vertex 26.7373 -12.2627 5.5
      vertex 26.9699 -12.4736 5.5
    endloop
  endfacet
  facet normal 0 0 1
    outer loop
      vertex 31.8262 -11.5 5.5
      vertex 26.5264 -12.0301 5.5
      vertex 26.7373 -12.2627 5.5
    endloop
  endfacet
  facet normal 0 0 1
    outer loop
      vertex 31.8262 -11.5 5.5
      vertex 26.3393 -11.7778 5.5
      vertex 26.5264 -12.0301 5.5
    endloop
  endfacet
  facet normal -0 0 1
    outer loop
      vertex 26.1738 -11.5 5.5
      vertex 26.3393 -11.7778 5.5
      vertex 31.8262 -11.5 5.5
    endloop
  endfacet
  facet normal 0 0 1
    outer loop
      vertex 26.3393 -11.7778 5.5
      vertex 26.1738 -11.5 5.5
      vertex 26.1779 -11.5085 5.5
    endloop
  endfacet
  facet normal 0 0 1
    outer loop
      vertex 42.5 0.000310598 5.5
      vertex 43.8 3.96984 5.5
      vertex 43.4892 4.25156 5.5
    endloop
  endfacet
  facet normal 0 0 1
    outer loop
      vertex 43.8 3.96984 5.5
      vertex 42.5 0 5.5
      vertex 43.8 -3.96984 5.5
    endloop
  endfacet
  facet normal 0 0 1
    outer loop
      vertex 42.5 0.000310598 5.5
      vertex 43.4892 4.25156 5.5
      vertex 43.0556 4.57308 5.5
    endloop
  endfacet
  facet normal -0 0 1
    outer loop
      vertex 42.5 -0.000310598 5.5
      vertex 43.8 -3.96984 5.5
      vertex 42.5 0 5.5
    endloop
  endfacet
  facet normal 0 0 1
    outer loop
      vertex 42.5 0.000310598 5.5
      vertex 43.0556 4.57308 5.5
      vertex 42.5927 4.85057 5.5
    endloop
  endfacet
  facet normal 0 0 1
    outer loop
      vertex 43.8 -3.96984 5.5
      vertex 42.5 -0.000310598 5.5
      vertex 43.4892 -4.25156 5.5
    endloop
  endfacet
  facet normal 0 0 1
    outer loop
      vertex 43.4892 -4.25156 5.5
      vertex 42.5 -0.000310598 5.5
      vertex 43.0556 -4.57308 5.5
    endloop
  endfacet
  facet normal 0 0 1
    outer loop
      vertex 42.5 0.000310598 5.5
      vertex 42.5927 4.85057 5.5
      vertex 42.5 4.89441 5.5
    endloop
  endfacet
  facet normal 0 0 1
    outer loop
      vertex 43.8 3.96984 5.5
      vertex 42.5 0.000310598 5.5
      vertex 42.5 0 5.5
    endloop
  endfacet
  facet normal -0 0 1
    outer loop
      vertex 43.7769 8.47047 5.5
      vertex 44.1 8.00735 5.5
      vertex 44.0758 8.49991 5.5
    endloop
  endfacet
  facet normal 0 0 1
    outer loop
      vertex 44.1 8.00735 5.5
      vertex 43.8 3.96984 5.5
      vertex 44.1 -8.00735 5.5
    endloop
  endfacet
  facet normal 0 0 1
    outer loop
      vertex 43.7769 8.47047 5.5
      vertex 44.0758 8.49991 5.5
      vertex 44.0023 8.99503 5.5
    endloop
  endfacet
  facet normal -0 0 1
    outer loop
      vertex 43.8 -3.96984 5.5
      vertex 44.1 -8.00735 5.5
      vertex 43.8 3.96984 5.5
    endloop
  endfacet
  facet normal 0 0 1
    outer loop
      vertex 43.7078 8.93643 5.5
      vertex 44.0023 8.99503 5.5
      vertex 43.8807 9.48055 5.5
    endloop
  endfacet
  facet normal -0 0 1
    outer loop
      vertex 43.8 -8 5.5
      vertex 44.1 -8.00735 5.5
      vertex 43.8 -3.96984 5.5
    endloop
  endfacet
  facet normal 0 0 1
    outer loop
      vertex 44.1 8.00735 5.5
      vertex 43.8 8 5.5
      vertex 43.8 3.96984 5.5
    endloop
  endfacet
  facet normal 0 0 1
    outer loop
      vertex 44.1 8.00735 5.5
      vertex 43.7769 8.47047 5.5
      vertex 43.8 8 5.5
    endloop
  endfacet
  facet normal 0 0 1
    outer loop
      vertex 43.5933 9.39336 5.5
      vertex 43.8807 9.48055 5.5
      vertex 43.7121 9.95181 5.5
    endloop
  endfacet
  facet normal 0 0 1
    outer loop
      vertex 44.0023 8.99503 5.5
      vertex 43.7078 8.93643 5.5
      vertex 43.7769 8.47047 5.5
    endloop
  endfacet
  facet normal 0 0 1
    outer loop
      vertex 43.8807 9.48055 5.5
      vertex 43.5933 9.39336 5.5
      vertex 43.7078 8.93643 5.5
    endloop
  endfacet
  facet normal 0 0 1
    outer loop
      vertex 43.4346 9.83687 5.5
      vertex 43.7121 9.95181 5.5
      vertex 43.4981 10.4043 5.5
    endloop
  endfacet
  facet normal 0 0 1
    outer loop
      vertex 43.7121 9.95181 5.5
      vertex 43.4346 9.83687 5.5
      vertex 43.5933 9.39336 5.5
    endloop
  endfacet
  facet normal 0 0 1
    outer loop
      vertex 43.2332 10.2627 5.5
      vertex 43.4981 10.4043 5.5
      vertex 43.2408 10.8336 5.5
    endloop
  endfacet
  facet normal 0 0 1
    outer loop
      vertex 43.4981 10.4043 5.5
      vertex 43.2332 10.2627 5.5
      vertex 43.4346 9.83687 5.5
    endloop
  endfacet
  facet normal 0 0 1
    outer loop
      vertex 43.2408 10.8336 5.5
      vertex 42.991 10.6667 5.5
      vertex 43.2332 10.2627 5.5
    endloop
  endfacet
  facet normal 0 0 1
    outer loop
      vertex 42.9426 11.2356 5.5
      vertex 42.991 10.6667 5.5
      vertex 43.2408 10.8336 5.5
    endloop
  endfacet
  facet normal 0 0 1
    outer loop
      vertex 42.9426 11.2356 5.5
      vertex 42.7104 11.0451 5.5
      vertex 42.991 10.6667 5.5
    endloop
  endfacet
  facet normal 0 0 1
    outer loop
      vertex 42.6065 11.6065 5.5
      vertex 42.7104 11.0451 5.5
      vertex 42.9426 11.2356 5.5
    endloop
  endfacet
  facet normal 0 0 1
    outer loop
      vertex 42.6065 11.6065 5.5
      vertex 42.3941 11.3941 5.5
      vertex 42.7104 11.0451 5.5
    endloop
  endfacet
  facet normal 0 0 1
    outer loop
      vertex 42.2356 11.9426 5.5
      vertex 42.3941 11.3941 5.5
      vertex 42.6065 11.6065 5.5
    endloop
  endfacet
  facet normal 0 0 1
    outer loop
      vertex 42.2356 11.9426 5.5
      vertex 42.0451 11.7104 5.5
      vertex 42.3941 11.3941 5.5
    endloop
  endfacet
  facet normal 0 0 1
    outer loop
      vertex 41.8336 12.2408 5.5
      vertex 42.0451 11.7104 5.5
      vertex 42.2356 11.9426 5.5
    endloop
  endfacet
  facet normal 0 0 1
    outer loop
      vertex 41.8336 12.2408 5.5
      vertex 41.6667 11.991 5.5
      vertex 42.0451 11.7104 5.5
    endloop
  endfacet
  facet normal 0 0 1
    outer loop
      vertex 41.4043 12.4981 5.5
      vertex 41.6667 11.991 5.5
      vertex 41.8336 12.2408 5.5
    endloop
  endfacet
  facet normal 0 0 1
    outer loop
      vertex 41.4043 12.4981 5.5
      vertex 41.2627 12.2332 5.5
      vertex 41.6667 11.991 5.5
    endloop
  endfacet
  facet normal 0 0 1
    outer loop
      vertex 40.9518 12.7121 5.5
      vertex 41.2627 12.2332 5.5
      vertex 41.4043 12.4981 5.5
    endloop
  endfacet
  facet normal 0 0 1
    outer loop
      vertex 40.9518 12.7121 5.5
      vertex 40.8369 12.4346 5.5
      vertex 41.2627 12.2332 5.5
    endloop
  endfacet
  facet normal 0 0 1
    outer loop
      vertex 40.4805 12.8807 5.5
      vertex 40.8369 12.4346 5.5
      vertex 40.9518 12.7121 5.5
    endloop
  endfacet
  facet normal 0 0 1
    outer loop
      vertex 40.4805 12.8807 5.5
      vertex 40.3934 12.5933 5.5
      vertex 40.8369 12.4346 5.5
    endloop
  endfacet
  facet normal 0 0 1
    outer loop
      vertex 39.995 13.0023 5.5
      vertex 40.3934 12.5933 5.5
      vertex 40.4805 12.8807 5.5
    endloop
  endfacet
  facet normal 0 0 1
    outer loop
      vertex 39.995 13.0023 5.5
      vertex 39.9364 12.7078 5.5
      vertex 40.3934 12.5933 5.5
    endloop
  endfacet
  facet normal 0 0 1
    outer loop
      vertex 39.4999 13.0758 5.5
      vertex 39.9364 12.7078 5.5
      vertex 39.995 13.0023 5.5
    endloop
  endfacet
  facet normal 0 0 1
    outer loop
      vertex 39.4999 13.0758 5.5
      vertex 39.4705 12.7769 5.5
      vertex 39.9364 12.7078 5.5
    endloop
  endfacet
  facet normal 0 0 1
    outer loop
      vertex 39.0074 13.1 5.5
      vertex 39.4705 12.7769 5.5
      vertex 39.4999 13.0758 5.5
    endloop
  endfacet
  facet normal 0 0 1
    outer loop
      vertex 39.0074 13.1 5.5
      vertex 39 12.8 5.5
      vertex 39.4705 12.7769 5.5
    endloop
  endfacet
  facet normal 0 0 1
    outer loop
      vertex 39.0074 13.1 5.5
      vertex 30.5454 12.8 5.5
      vertex 39 12.8 5.5
    endloop
  endfacet
  facet normal 0 0 1
    outer loop
      vertex 39.0074 13.1 5.5
      vertex 27.4546 12.8 5.5
      vertex 30.5454 12.8 5.5
    endloop
  endfacet
  facet normal -0 0 1
    outer loop
      vertex 6.99265 13.1 5.5
      vertex 27.4546 12.8 5.5
      vertex 39.0074 13.1 5.5
    endloop
  endfacet
  facet normal 0 0 1
    outer loop
      vertex 27.4546 12.8 5.5
      vertex 6.99265 13.1 5.5
      vertex 12.5454 12.8 5.5
    endloop
  endfacet
  facet normal 0 0 1
    outer loop
      vertex 12.5454 12.8 5.5
      vertex 6.99265 13.1 5.5
      vertex 9.45456 12.8 5.5
    endloop
  endfacet
  facet normal 0 0 1
    outer loop
      vertex 9.45456 12.8 5.5
      vertex 6.99265 13.1 5.5
      vertex 7 12.8 5.5
    endloop
  endfacet
  facet normal 0 0 1
    outer loop
      vertex 6.99265 13.1 5.5
      vertex 6.52953 12.7769 5.5
      vertex 7 12.8 5.5
    endloop
  endfacet
  facet normal -0 0 1
    outer loop
      vertex 6.50009 13.0758 5.5
      vertex 6.52953 12.7769 5.5
      vertex 6.99265 13.1 5.5
    endloop
  endfacet
  facet normal 0 0 1
    outer loop
      vertex 6.50009 13.0758 5.5
      vertex 6.06357 12.7078 5.5
      vertex 6.52953 12.7769 5.5
    endloop
  endfacet
  facet normal -0 0 1
    outer loop
      vertex 6.00497 13.0023 5.5
      vertex 6.06357 12.7078 5.5
      vertex 6.50009 13.0758 5.5
    endloop
  endfacet
  facet normal 0 0 1
    outer loop
      vertex 6.00497 13.0023 5.5
      vertex 5.60664 12.5933 5.5
      vertex 6.06357 12.7078 5.5
    endloop
  endfacet
  facet normal -0 0 1
    outer loop
      vertex 5.51945 12.8807 5.5
      vertex 5.60664 12.5933 5.5
      vertex 6.00497 13.0023 5.5
    endloop
  endfacet
  facet normal 0 0 1
    outer loop
      vertex 5.51945 12.8807 5.5
      vertex 5.16313 12.4346 5.5
      vertex 5.60664 12.5933 5.5
    endloop
  endfacet
  facet normal -0 0 1
    outer loop
      vertex 5.04819 12.7121 5.5
      vertex 5.16313 12.4346 5.5
      vertex 5.51945 12.8807 5.5
    endloop
  endfacet
  facet normal 0 0 1
    outer loop
      vertex 5.04819 12.7121 5.5
      vertex 4.7373 12.2332 5.5
      vertex 5.16313 12.4346 5.5
    endloop
  endfacet
  facet normal -0 0 1
    outer loop
      vertex 4.59572 12.4981 5.5
      vertex 4.7373 12.2332 5.5
      vertex 5.04819 12.7121 5.5
    endloop
  endfacet
  facet normal 0 0 1
    outer loop
      vertex 4.59572 12.4981 5.5
      vertex 4.33327 11.991 5.5
      vertex 4.7373 12.2332 5.5
    endloop
  endfacet
  facet normal -0 0 1
    outer loop
      vertex 4.1664 12.2408 5.5
      vertex 4.33327 11.991 5.5
      vertex 4.59572 12.4981 5.5
    endloop
  endfacet
  facet normal 0 0 1
    outer loop
      vertex 4.1664 12.2408 5.5
      vertex 3.95493 11.7104 5.5
      vertex 4.33327 11.991 5.5
    endloop
  endfacet
  facet normal -0 0 1
    outer loop
      vertex 3.76437 11.9426 5.5
      vertex 3.95493 11.7104 5.5
      vertex 4.1664 12.2408 5.5
    endloop
  endfacet
  facet normal 0 0 1
    outer loop
      vertex 3.76437 11.9426 5.5
      vertex 3.6059 11.3941 5.5
      vertex 3.95493 11.7104 5.5
    endloop
  endfacet
  facet normal -0 0 1
    outer loop
      vertex 3.39351 11.6065 5.5
      vertex 3.6059 11.3941 5.5
      vertex 3.76437 11.9426 5.5
    endloop
  endfacet
  facet normal 0 0 1
    outer loop
      vertex 3.39351 11.6065 5.5
      vertex 3.28955 11.0451 5.5
      vertex 3.6059 11.3941 5.5
    endloop
  endfacet
  facet normal -0 0 1
    outer loop
      vertex 3.05737 11.2356 5.5
      vertex 3.28955 11.0451 5.5
      vertex 3.39351 11.6065 5.5
    endloop
  endfacet
  facet normal 0 0 1
    outer loop
      vertex 3.05737 11.2356 5.5
      vertex 3.00896 10.6667 5.5
      vertex 3.28955 11.0451 5.5
    endloop
  endfacet
  facet normal -0 0 1
    outer loop
      vertex 2.75922 10.8336 5.5
      vertex 3.00896 10.6667 5.5
      vertex 3.05737 11.2356 5.5
    endloop
  endfacet
  facet normal 0 0 1
    outer loop
      vertex 3.00896 10.6667 5.5
      vertex 2.75922 10.8336 5.5
      vertex 2.76678 10.2627 5.5
    endloop
  endfacet
  facet normal -0 0 1
    outer loop
      vertex 2.50189 10.4043 5.5
      vertex 2.76678 10.2627 5.5
      vertex 2.75922 10.8336 5.5
    endloop
  endfacet
  facet normal 0 0 1
    outer loop
      vertex 2.76678 10.2627 5.5
      vertex 2.50189 10.4043 5.5
      vertex 2.56538 9.83687 5.5
    endloop
  endfacet
  facet normal -0 0 1
    outer loop
      vertex 2.28789 9.95181 5.5
      vertex 2.56538 9.83687 5.5
      vertex 2.50189 10.4043 5.5
    endloop
  endfacet
  facet normal 0 0 1
    outer loop
      vertex 2.56538 9.83687 5.5
      vertex 2.28789 9.95181 5.5
      vertex 2.40669 9.39336 5.5
    endloop
  endfacet
  facet normal -0 0 1
    outer loop
      vertex 2.11926 9.48055 5.5
      vertex 2.40669 9.39336 5.5
      vertex 2.28789 9.95181 5.5
    endloop
  endfacet
  facet normal 0 0 1
    outer loop
      vertex 2.40669 9.39336 5.5
      vertex 2.11926 9.48055 5.5
      vertex 2.29224 8.93643 5.5
    endloop
  endfacet
  facet normal -0 0 1
    outer loop
      vertex 1.99765 8.99503 5.5
      vertex 2.29224 8.93643 5.5
      vertex 2.11926 9.48055 5.5
    endloop
  endfacet
  facet normal 0 0 1
    outer loop
      vertex 2.29224 8.93643 5.5
      vertex 1.99765 8.99503 5.5
      vertex 2.22311 8.47047 5.5
    endloop
  endfacet
  facet normal -0 0 1
    outer loop
      vertex 1.92419 8.49991 5.5
      vertex 2.22311 8.47047 5.5
      vertex 1.99765 8.99503 5.5
    endloop
  endfacet
  facet normal 0 0 1
    outer loop
      vertex 1.90001 8.00735 5.5
      vertex 2.22311 8.47047 5.5
      vertex 1.92419 8.49991 5.5
    endloop
  endfacet
  facet normal 0 0 1
    outer loop
      vertex 2.22311 8.47047 5.5
      vertex 1.90001 8.00735 5.5
      vertex 2.20001 8 5.5
    endloop
  endfacet
  facet normal 0 0 1
    outer loop
      vertex 1.90001 7.65 5.5
      vertex 2.20001 8 5.5
      vertex 1.90001 8.00735 5.5
    endloop
  endfacet
  facet normal 0 0 1
    outer loop
      vertex 2.20001 8 5.5
      vertex 1.90001 7.65 5.5
      vertex 2.20001 7.65 5.5
    endloop
  endfacet
  facet normal 0 0 1
    outer loop
      vertex 43.7769 -8.47047 5.5
      vertex 44.1 -8.00735 5.5
      vertex 43.8 -8 5.5
    endloop
  endfacet
  facet normal 0 0 1
    outer loop
      vertex 44.1 -8.00735 5.5
      vertex 43.7769 -8.47047 5.5
      vertex 44.0758 -8.49991 5.5
    endloop
  endfacet
  facet normal 0 0 1
    outer loop
      vertex 44.0758 -8.49991 5.5
      vertex 43.7769 -8.47047 5.5
      vertex 44.0023 -8.99503 5.5
    endloop
  endfacet
  facet normal -0 0 1
    outer loop
      vertex 43.7078 -8.93643 5.5
      vertex 44.0023 -8.99503 5.5
      vertex 43.7769 -8.47047 5.5
    endloop
  endfacet
  facet normal 0 0 1
    outer loop
      vertex 44.0023 -8.99503 5.5
      vertex 43.7078 -8.93643 5.5
      vertex 43.8807 -9.48055 5.5
    endloop
  endfacet
  facet normal -0 0 1
    outer loop
      vertex 43.5933 -9.39336 5.5
      vertex 43.8807 -9.48055 5.5
      vertex 43.7078 -8.93643 5.5
    endloop
  endfacet
  facet normal 0 0 1
    outer loop
      vertex 43.8807 -9.48055 5.5
      vertex 43.5933 -9.39336 5.5
      vertex 43.7121 -9.95181 5.5
    endloop
  endfacet
  facet normal -0 0 1
    outer loop
      vertex 43.4346 -9.83687 5.5
      vertex 43.7121 -9.95181 5.5
      vertex 43.5933 -9.39336 5.5
    endloop
  endfacet
  facet normal 0 0 1
    outer loop
      vertex 43.7121 -9.95181 5.5
      vertex 43.4346 -9.83687 5.5
      vertex 43.4981 -10.4043 5.5
    endloop
  endfacet
  facet normal -0 0 1
    outer loop
      vertex 43.2332 -10.2627 5.5
      vertex 43.4981 -10.4043 5.5
      vertex 43.4346 -9.83687 5.5
    endloop
  endfacet
  facet normal 0 0 1
    outer loop
      vertex 43.4981 -10.4043 5.5
      vertex 43.2332 -10.2627 5.5
      vertex 43.2408 -10.8336 5.5
    endloop
  endfacet
  facet normal -0 0 1
    outer loop
      vertex 42.991 -10.6667 5.5
      vertex 43.2408 -10.8336 5.5
      vertex 43.2332 -10.2627 5.5
    endloop
  endfacet
  facet normal 0 0 1
    outer loop
      vertex 42.991 -10.6667 5.5
      vertex 42.9426 -11.2356 5.5
      vertex 43.2408 -10.8336 5.5
    endloop
  endfacet
  facet normal -0 0 1
    outer loop
      vertex 42.7104 -11.0451 5.5
      vertex 42.9426 -11.2356 5.5
      vertex 42.991 -10.6667 5.5
    endloop
  endfacet
  facet normal 0 0 1
    outer loop
      vertex 42.7104 -11.0451 5.5
      vertex 42.6065 -11.6065 5.5
      vertex 42.9426 -11.2356 5.5
    endloop
  endfacet
  facet normal -0 0 1
    outer loop
      vertex 42.3941 -11.3941 5.5
      vertex 42.6065 -11.6065 5.5
      vertex 42.7104 -11.0451 5.5
    endloop
  endfacet
  facet normal 0 0 1
    outer loop
      vertex 42.3941 -11.3941 5.5
      vertex 42.2356 -11.9426 5.5
      vertex 42.6065 -11.6065 5.5
    endloop
  endfacet
  facet normal -0 0 1
    outer loop
      vertex 42.0451 -11.7104 5.5
      vertex 42.2356 -11.9426 5.5
      vertex 42.3941 -11.3941 5.5
    endloop
  endfacet
  facet normal 0 0 1
    outer loop
      vertex 42.0451 -11.7104 5.5
      vertex 41.8336 -12.2408 5.5
      vertex 42.2356 -11.9426 5.5
    endloop
  endfacet
  facet normal -0 0 1
    outer loop
      vertex 41.6667 -11.991 5.5
      vertex 41.8336 -12.2408 5.5
      vertex 42.0451 -11.7104 5.5
    endloop
  endfacet
  facet normal 0 0 1
    outer loop
      vertex 41.6667 -11.991 5.5
      vertex 41.4043 -12.4981 5.5
      vertex 41.8336 -12.2408 5.5
    endloop
  endfacet
  facet normal -0 0 1
    outer loop
      vertex 41.2627 -12.2332 5.5
      vertex 41.4043 -12.4981 5.5
      vertex 41.6667 -11.991 5.5
    endloop
  endfacet
  facet normal 0 0 1
    outer loop
      vertex 41.2627 -12.2332 5.5
      vertex 40.9518 -12.7121 5.5
      vertex 41.4043 -12.4981 5.5
    endloop
  endfacet
  facet normal -0 0 1
    outer loop
      vertex 40.8369 -12.4346 5.5
      vertex 40.9518 -12.7121 5.5
      vertex 41.2627 -12.2332 5.5
    endloop
  endfacet
  facet normal 0 0 1
    outer loop
      vertex 40.8369 -12.4346 5.5
      vertex 40.4805 -12.8807 5.5
      vertex 40.9518 -12.7121 5.5
    endloop
  endfacet
  facet normal -0 0 1
    outer loop
      vertex 40.3934 -12.5933 5.5
      vertex 40.4805 -12.8807 5.5
      vertex 40.8369 -12.4346 5.5
    endloop
  endfacet
  facet normal 0 0 1
    outer loop
      vertex 40.3934 -12.5933 5.5
      vertex 39.995 -13.0023 5.5
      vertex 40.4805 -12.8807 5.5
    endloop
  endfacet
  facet normal -0 0 1
    outer loop
      vertex 39.9364 -12.7078 5.5
      vertex 39.995 -13.0023 5.5
      vertex 40.3934 -12.5933 5.5
    endloop
  endfacet
  facet normal 0 0 1
    outer loop
      vertex 39.9364 -12.7078 5.5
      vertex 39.4999 -13.0758 5.5
      vertex 39.995 -13.0023 5.5
    endloop
  endfacet
  facet normal -0 0 1
    outer loop
      vertex 39.4705 -12.7769 5.5
      vertex 39.4999 -13.0758 5.5
      vertex 39.9364 -12.7078 5.5
    endloop
  endfacet
  facet normal 0 0 1
    outer loop
      vertex 39.4705 -12.7769 5.5
      vertex 39.0074 -13.1 5.5
      vertex 39.4999 -13.0758 5.5
    endloop
  endfacet
  facet normal -0 0 1
    outer loop
      vertex 39 -12.8 5.5
      vertex 39.0074 -13.1 5.5
      vertex 39.4705 -12.7769 5.5
    endloop
  endfacet
  facet normal -0 0 1
    outer loop
      vertex 30.5454 -12.8 5.5
      vertex 39.0074 -13.1 5.5
      vertex 39 -12.8 5.5
    endloop
  endfacet
  facet normal -0 0 1
    outer loop
      vertex 27.4546 -12.8 5.5
      vertex 39.0074 -13.1 5.5
      vertex 30.5454 -12.8 5.5
    endloop
  endfacet
  facet normal 0 0 1
    outer loop
      vertex 6.99265 -13.1 5.5
      vertex 27.4546 -12.8 5.5
      vertex 12.5454 -12.8 5.5
    endloop
  endfacet
  facet normal 0 0 1
    outer loop
      vertex 6.99265 -13.1 5.5
      vertex 12.5454 -12.8 5.5
      vertex 9.45456 -12.8 5.5
    endloop
  endfacet
  facet normal 0 0 1
    outer loop
      vertex 6.99265 -13.1 5.5
      vertex 9.45456 -12.8 5.5
      vertex 7 -12.8 5.5
    endloop
  endfacet
  facet normal 0 0 1
    outer loop
      vertex 27.4546 -12.8 5.5
      vertex 6.99265 -13.1 5.5
      vertex 39.0074 -13.1 5.5
    endloop
  endfacet
  facet normal 0 0 1
    outer loop
      vertex 6.52953 -12.7769 5.5
      vertex 6.99265 -13.1 5.5
      vertex 7 -12.8 5.5
    endloop
  endfacet
  facet normal 0 0 1
    outer loop
      vertex 6.52953 -12.7769 5.5
      vertex 6.50009 -13.0758 5.5
      vertex 6.99265 -13.1 5.5
    endloop
  endfacet
  facet normal 0 0 1
    outer loop
      vertex 6.06357 -12.7078 5.5
      vertex 6.50009 -13.0758 5.5
      vertex 6.52953 -12.7769 5.5
    endloop
  endfacet
  facet normal 0 0 1
    outer loop
      vertex 6.06357 -12.7078 5.5
      vertex 6.00497 -13.0023 5.5
      vertex 6.50009 -13.0758 5.5
    endloop
  endfacet
  facet normal 0 0 1
    outer loop
      vertex 5.60664 -12.5933 5.5
      vertex 6.00497 -13.0023 5.5
      vertex 6.06357 -12.7078 5.5
    endloop
  endfacet
  facet normal 0 0 1
    outer loop
      vertex 5.60664 -12.5933 5.5
      vertex 5.51945 -12.8807 5.5
      vertex 6.00497 -13.0023 5.5
    endloop
  endfacet
  facet normal 0 0 1
    outer loop
      vertex 5.16313 -12.4346 5.5
      vertex 5.51945 -12.8807 5.5
      vertex 5.60664 -12.5933 5.5
    endloop
  endfacet
  facet normal 0 0 1
    outer loop
      vertex 5.16313 -12.4346 5.5
      vertex 5.04819 -12.7121 5.5
      vertex 5.51945 -12.8807 5.5
    endloop
  endfacet
  facet normal 0 0 1
    outer loop
      vertex 4.7373 -12.2332 5.5
      vertex 5.04819 -12.7121 5.5
      vertex 5.16313 -12.4346 5.5
    endloop
  endfacet
  facet normal 0 0 1
    outer loop
      vertex 4.7373 -12.2332 5.5
      vertex 4.59572 -12.4981 5.5
      vertex 5.04819 -12.7121 5.5
    endloop
  endfacet
  facet normal 0 0 1
    outer loop
      vertex 4.33327 -11.991 5.5
      vertex 4.59572 -12.4981 5.5
      vertex 4.7373 -12.2332 5.5
    endloop
  endfacet
  facet normal 0 0 1
    outer loop
      vertex 4.33327 -11.991 5.5
      vertex 4.1664 -12.2408 5.5
      vertex 4.59572 -12.4981 5.5
    endloop
  endfacet
  facet normal 0 0 1
    outer loop
      vertex 3.95493 -11.7104 5.5
      vertex 4.1664 -12.2408 5.5
      vertex 4.33327 -11.991 5.5
    endloop
  endfacet
  facet normal 0 0 1
    outer loop
      vertex 3.95493 -11.7104 5.5
      vertex 3.76437 -11.9426 5.5
      vertex 4.1664 -12.2408 5.5
    endloop
  endfacet
  facet normal 0 0 1
    outer loop
      vertex 3.6059 -11.3941 5.5
      vertex 3.76437 -11.9426 5.5
      vertex 3.95493 -11.7104 5.5
    endloop
  endfacet
  facet normal 0 0 1
    outer loop
      vertex 3.6059 -11.3941 5.5
      vertex 3.39351 -11.6065 5.5
      vertex 3.76437 -11.9426 5.5
    endloop
  endfacet
  facet normal 0 0 1
    outer loop
      vertex 3.28955 -11.0451 5.5
      vertex 3.39351 -11.6065 5.5
      vertex 3.6059 -11.3941 5.5
    endloop
  endfacet
  facet normal 0 0 1
    outer loop
      vertex 3.28955 -11.0451 5.5
      vertex 3.05737 -11.2356 5.5
      vertex 3.39351 -11.6065 5.5
    endloop
  endfacet
  facet normal 0 0 1
    outer loop
      vertex 3.00896 -10.6667 5.5
      vertex 3.05737 -11.2356 5.5
      vertex 3.28955 -11.0451 5.5
    endloop
  endfacet
  facet normal 0 0 1
    outer loop
      vertex 2.75922 -10.8336 5.5
      vertex 3.00896 -10.6667 5.5
      vertex 2.76678 -10.2627 5.5
    endloop
  endfacet
  facet normal 0 0 1
    outer loop
      vertex 3.00896 -10.6667 5.5
      vertex 2.75922 -10.8336 5.5
      vertex 3.05737 -11.2356 5.5
    endloop
  endfacet
  facet normal 0 0 1
    outer loop
      vertex 2.50189 -10.4043 5.5
      vertex 2.76678 -10.2627 5.5
      vertex 2.56538 -9.83687 5.5
    endloop
  endfacet
  facet normal 0 0 1
    outer loop
      vertex 2.76678 -10.2627 5.5
      vertex 2.50189 -10.4043 5.5
      vertex 2.75922 -10.8336 5.5
    endloop
  endfacet
  facet normal 0 0 1
    outer loop
      vertex 2.28789 -9.95181 5.5
      vertex 2.56538 -9.83687 5.5
      vertex 2.40669 -9.39336 5.5
    endloop
  endfacet
  facet normal 0 0 1
    outer loop
      vertex 2.11926 -9.48055 5.5
      vertex 2.40669 -9.39336 5.5
      vertex 2.29224 -8.93643 5.5
    endloop
  endfacet
  facet normal 0 0 1
    outer loop
      vertex 2.56538 -9.83687 5.5
      vertex 2.28789 -9.95181 5.5
      vertex 2.50189 -10.4043 5.5
    endloop
  endfacet
  facet normal 0 0 1
    outer loop
      vertex 2.11926 -9.48055 5.5
      vertex 2.29224 -8.93643 5.5
      vertex 2.22311 -8.47047 5.5
    endloop
  endfacet
  facet normal 0 0 1
    outer loop
      vertex 2.11926 -9.48055 5.5
      vertex 2.22311 -8.47047 5.5
      vertex 2.20001 -8 5.5
    endloop
  endfacet
  facet normal 0 0 1
    outer loop
      vertex 2.40669 -9.39336 5.5
      vertex 2.11926 -9.48055 5.5
      vertex 2.28789 -9.95181 5.5
    endloop
  endfacet
  facet normal 0 0 1
    outer loop
      vertex 43.0556 -4.57308 5.5
      vertex 42.5 -0.000310598 5.5
      vertex 42.5927 -4.85057 5.5
    endloop
  endfacet
  facet normal 0 0 1
    outer loop
      vertex 42.5927 -4.85057 5.5
      vertex 42.5 -0.000310598 5.5
      vertex 42.5 -4.89441 5.5
    endloop
  endfacet
  facet normal 0 0 1
    outer loop
      vertex 31.6607 11.7778 5.5
      vertex 31.8262 11.5 5.5
      vertex 31.8221 11.5085 5.5
    endloop
  endfacet
  facet normal 0 0 1
    outer loop
      vertex 31.4736 12.0301 5.5
      vertex 31.8262 11.5 5.5
      vertex 31.6607 11.7778 5.5
    endloop
  endfacet
  facet normal 0 0 1
    outer loop
      vertex 31.2627 12.2627 5.5
      vertex 31.8262 11.5 5.5
      vertex 31.4736 12.0301 5.5
    endloop
  endfacet
  facet normal 0 0 1
    outer loop
      vertex 31.0301 12.4736 5.5
      vertex 31.8262 11.5 5.5
      vertex 31.2627 12.2627 5.5
    endloop
  endfacet
  facet normal 0 0 1
    outer loop
      vertex 30.7778 12.6607 5.5
      vertex 31.8262 11.5 5.5
      vertex 31.0301 12.4736 5.5
    endloop
  endfacet
  facet normal 0 0 1
    outer loop
      vertex 30.5454 12.8 5.5
      vertex 31.8262 11.5 5.5
      vertex 30.7778 12.6607 5.5
    endloop
  endfacet
  facet normal -0 0 1
    outer loop
      vertex 27.4546 12.8 5.5
      vertex 31.8262 11.5 5.5
      vertex 30.5454 12.8 5.5
    endloop
  endfacet
  facet normal -0 0 1
    outer loop
      vertex 27.2222 12.6607 5.5
      vertex 31.8262 11.5 5.5
      vertex 27.4546 12.8 5.5
    endloop
  endfacet
  facet normal -0 0 1
    outer loop
      vertex 26.9699 12.4736 5.5
      vertex 31.8262 11.5 5.5
      vertex 27.2222 12.6607 5.5
    endloop
  endfacet
  facet normal -0 0 1
    outer loop
      vertex 26.7373 12.2627 5.5
      vertex 31.8262 11.5 5.5
      vertex 26.9699 12.4736 5.5
    endloop
  endfacet
  facet normal -0 0 1
    outer loop
      vertex 26.5264 12.0301 5.5
      vertex 31.8262 11.5 5.5
      vertex 26.7373 12.2627 5.5
    endloop
  endfacet
  facet normal -0 0 1
    outer loop
      vertex 26.3393 11.7778 5.5
      vertex 31.8262 11.5 5.5
      vertex 26.5264 12.0301 5.5
    endloop
  endfacet
  facet normal 0 0 1
    outer loop
      vertex 26.1738 11.5 5.5
      vertex 26.3393 11.7778 5.5
      vertex 26.1779 11.5085 5.5
    endloop
  endfacet
  facet normal 0 0 1
    outer loop
      vertex 26.3393 11.7778 5.5
      vertex 26.1738 11.5 5.5
      vertex 31.8262 11.5 5.5
    endloop
  endfacet
  facet normal 0 0 1
    outer loop
      vertex 13.6607 11.7778 5.5
      vertex 13.8262 11.5 5.5
      vertex 13.8221 11.5085 5.5
    endloop
  endfacet
  facet normal 0 0 1
    outer loop
      vertex 13.4736 12.0301 5.5
      vertex 13.8262 11.5 5.5
      vertex 13.6607 11.7778 5.5
    endloop
  endfacet
  facet normal 0 0 1
    outer loop
      vertex 13.2627 12.2627 5.5
      vertex 13.8262 11.5 5.5
      vertex 13.4736 12.0301 5.5
    endloop
  endfacet
  facet normal 0 0 1
    outer loop
      vertex 13.0301 12.4736 5.5
      vertex 13.8262 11.5 5.5
      vertex 13.2627 12.2627 5.5
    endloop
  endfacet
  facet normal 0 0 1
    outer loop
      vertex 12.7778 12.6607 5.5
      vertex 13.8262 11.5 5.5
      vertex 13.0301 12.4736 5.5
    endloop
  endfacet
  facet normal 0 0 1
    outer loop
      vertex 12.5454 12.8 5.5
      vertex 13.8262 11.5 5.5
      vertex 12.7778 12.6607 5.5
    endloop
  endfacet
  facet normal -0 0 1
    outer loop
      vertex 9.45456 12.8 5.5
      vertex 13.8262 11.5 5.5
      vertex 12.5454 12.8 5.5
    endloop
  endfacet
  facet normal -0 0 1
    outer loop
      vertex 9.22217 12.6607 5.5
      vertex 13.8262 11.5 5.5
      vertex 9.45456 12.8 5.5
    endloop
  endfacet
  facet normal -0 0 1
    outer loop
      vertex 8.96994 12.4736 5.5
      vertex 13.8262 11.5 5.5
      vertex 9.22217 12.6607 5.5
    endloop
  endfacet
  facet normal -0 0 1
    outer loop
      vertex 8.73726 12.2627 5.5
      vertex 13.8262 11.5 5.5
      vertex 8.96994 12.4736 5.5
    endloop
  endfacet
  facet normal -0 0 1
    outer loop
      vertex 8.52637 12.0301 5.5
      vertex 13.8262 11.5 5.5
      vertex 8.73726 12.2627 5.5
    endloop
  endfacet
  facet normal -0 0 1
    outer loop
      vertex 8.3393 11.7778 5.5
      vertex 13.8262 11.5 5.5
      vertex 8.52637 12.0301 5.5
    endloop
  endfacet
  facet normal 0 0 1
    outer loop
      vertex 8.17384 11.5 5.5
      vertex 8.3393 11.7778 5.5
      vertex 8.17785 11.5085 5.5
    endloop
  endfacet
  facet normal 0 0 1
    outer loop
      vertex 8.3393 11.7778 5.5
      vertex 8.17384 11.5 5.5
      vertex 13.8262 11.5 5.5
    endloop
  endfacet
  facet normal -0.146846 0.989159 0
    outer loop
      vertex 39.995 -13.0023 5.5
      vertex 39.4999 -13.0758 6.5
      vertex 39.995 -13.0023 6.5
    endloop
  endfacet
  facet normal -0.146846 0.989159 0
    outer loop
      vertex 39.4999 -13.0758 6.5
      vertex 39.995 -13.0023 5.5
      vertex 39.4999 -13.0758 5.5
    endloop
  endfacet
  facet normal -0.242959 0.970037 0
    outer loop
      vertex 40.4805 -12.8807 5.5
      vertex 39.995 -13.0023 6.5
      vertex 40.4805 -12.8807 6.5
    endloop
  endfacet
  facet normal -0.242959 0.970037 0
    outer loop
      vertex 39.995 -13.0023 6.5
      vertex 40.4805 -12.8807 5.5
      vertex 39.995 -13.0023 5.5
    endloop
  endfacet
  facet normal -0.33683 0.941566 0
    outer loop
      vertex 40.9518 -12.7121 5.5
      vertex 40.4805 -12.8807 6.5
      vertex 40.9518 -12.7121 6.5
    endloop
  endfacet
  facet normal -0.33683 0.941566 0
    outer loop
      vertex 40.4805 -12.8807 6.5
      vertex 40.9518 -12.7121 5.5
      vertex 40.4805 -12.8807 5.5
    endloop
  endfacet
  facet normal -0.427528 0.904002 0
    outer loop
      vertex 41.4043 -12.4981 5.5
      vertex 40.9518 -12.7121 6.5
      vertex 41.4043 -12.4981 6.5
    endloop
  endfacet
  facet normal -0.427528 0.904002 0
    outer loop
      vertex 40.9518 -12.7121 6.5
      vertex 41.4043 -12.4981 5.5
      vertex 40.9518 -12.7121 5.5
    endloop
  endfacet
  facet normal -0.514084 0.85774 0
    outer loop
      vertex 41.8336 -12.2408 5.5
      vertex 41.4043 -12.4981 6.5
      vertex 41.8336 -12.2408 6.5
    endloop
  endfacet
  facet normal -0.514084 0.85774 0
    outer loop
      vertex 41.4043 -12.4981 6.5
      vertex 41.8336 -12.2408 5.5
      vertex 41.4043 -12.4981 5.5
    endloop
  endfacet
  facet normal -0.595772 0.803154 0
    outer loop
      vertex 42.2356 -11.9426 5.5
      vertex 41.8336 -12.2408 6.5
      vertex 42.2356 -11.9426 6.5
    endloop
  endfacet
  facet normal -0.595772 0.803154 0
    outer loop
      vertex 41.8336 -12.2408 6.5
      vertex 42.2356 -11.9426 5.5
      vertex 41.8336 -12.2408 5.5
    endloop
  endfacet
  facet normal -0.671489 0.741015 0
    outer loop
      vertex 42.6065 -11.6065 5.5
      vertex 42.2356 -11.9426 6.5
      vertex 42.6065 -11.6065 6.5
    endloop
  endfacet
  facet normal -0.671489 0.741015 0
    outer loop
      vertex 42.2356 -11.9426 6.5
      vertex 42.6065 -11.6065 5.5
      vertex 42.2356 -11.9426 5.5
    endloop
  endfacet
  facet normal -0.741015 0.671489 0
    outer loop
      vertex 42.6065 -11.6065 5.5
      vertex 42.9426 -11.2356 6.5
      vertex 42.9426 -11.2356 5.5
    endloop
  endfacet
  facet normal -0.741015 0.671489 0
    outer loop
      vertex 42.9426 -11.2356 6.5
      vertex 42.6065 -11.6065 5.5
      vertex 42.6065 -11.6065 6.5
    endloop
  endfacet
  facet normal -0.803154 0.595772 0
    outer loop
      vertex 42.9426 -11.2356 5.5
      vertex 43.2408 -10.8336 6.5
      vertex 43.2408 -10.8336 5.5
    endloop
  endfacet
  facet normal -0.803154 0.595772 0
    outer loop
      vertex 43.2408 -10.8336 6.5
      vertex 42.9426 -11.2356 5.5
      vertex 42.9426 -11.2356 6.5
    endloop
  endfacet
  facet normal -0.85774 0.514084 0
    outer loop
      vertex 43.2408 -10.8336 5.5
      vertex 43.4981 -10.4043 6.5
      vertex 43.4981 -10.4043 5.5
    endloop
  endfacet
  facet normal -0.85774 0.514084 0
    outer loop
      vertex 43.4981 -10.4043 6.5
      vertex 43.2408 -10.8336 5.5
      vertex 43.2408 -10.8336 6.5
    endloop
  endfacet
  facet normal -0.903998 0.427536 0
    outer loop
      vertex 43.4981 -10.4043 5.5
      vertex 43.7121 -9.95181 6.5
      vertex 43.7121 -9.95181 5.5
    endloop
  endfacet
  facet normal -0.903998 0.427536 0
    outer loop
      vertex 43.7121 -9.95181 6.5
      vertex 43.4981 -10.4043 5.5
      vertex 43.4981 -10.4043 6.5
    endloop
  endfacet
  facet normal -0.941556 0.336855 0
    outer loop
      vertex 43.7121 -9.95181 5.5
      vertex 43.8807 -9.48055 6.5
      vertex 43.8807 -9.48055 5.5
    endloop
  endfacet
  facet normal -0.941556 0.336855 0
    outer loop
      vertex 43.8807 -9.48055 6.5
      vertex 43.7121 -9.95181 5.5
      vertex 43.7121 -9.95181 6.5
    endloop
  endfacet
  facet normal -0.970039 0.242949 0
    outer loop
      vertex 43.8807 -9.48055 5.5
      vertex 44.0023 -8.99503 6.5
      vertex 44.0023 -8.99503 5.5
    endloop
  endfacet
  facet normal -0.970039 0.242949 0
    outer loop
      vertex 44.0023 -8.99503 6.5
      vertex 43.8807 -9.48055 5.5
      vertex 43.8807 -9.48055 6.5
    endloop
  endfacet
  facet normal -0.98916 0.14684 0
    outer loop
      vertex 44.0023 -8.99503 5.5
      vertex 44.0758 -8.49991 6.5
      vertex 44.0758 -8.49991 5.5
    endloop
  endfacet
  facet normal -0.98916 0.14684 0
    outer loop
      vertex 44.0758 -8.49991 6.5
      vertex 44.0023 -8.99503 5.5
      vertex 44.0023 -8.99503 6.5
    endloop
  endfacet
  facet normal -0.998795 0.0490719 0
    outer loop
      vertex 44.0758 -8.49991 5.5
      vertex 44.1 -8.00735 6.5
      vertex 44.1 -8.00735 5.5
    endloop
  endfacet
  facet normal -0.998795 0.0490719 0
    outer loop
      vertex 44.1 -8.00735 6.5
      vertex 44.0758 -8.49991 5.5
      vertex 44.0758 -8.49991 6.5
    endloop
  endfacet
  facet normal -1 0 0
    outer loop
      vertex 44.1 -8.00735 5.5
      vertex 44.1 8.00735 6.5
      vertex 44.1 8.00735 5.5
    endloop
  endfacet
  facet normal -1 -0 0
    outer loop
      vertex 44.1 8.00735 6.5
      vertex 44.1 -8.00735 5.5
      vertex 44.1 -8.00735 6.5
    endloop
  endfacet
  facet normal -0.998795 -0.0490719 0
    outer loop
      vertex 44.1 8.00735 5.5
      vertex 44.0758 8.49991 6.5
      vertex 44.0758 8.49991 5.5
    endloop
  endfacet
  facet normal -0.998795 -0.0490719 0
    outer loop
      vertex 44.0758 8.49991 6.5
      vertex 44.1 8.00735 5.5
      vertex 44.1 8.00735 6.5
    endloop
  endfacet
  facet normal -0.98916 -0.14684 0
    outer loop
      vertex 44.0758 8.49991 5.5
      vertex 44.0023 8.99503 6.5
      vertex 44.0023 8.99503 5.5
    endloop
  endfacet
  facet normal -0.98916 -0.14684 0
    outer loop
      vertex 44.0023 8.99503 6.5
      vertex 44.0758 8.49991 5.5
      vertex 44.0758 8.49991 6.5
    endloop
  endfacet
  facet normal -0.970039 -0.242949 0
    outer loop
      vertex 44.0023 8.99503 5.5
      vertex 43.8807 9.48055 6.5
      vertex 43.8807 9.48055 5.5
    endloop
  endfacet
  facet normal -0.970039 -0.242949 0
    outer loop
      vertex 43.8807 9.48055 6.5
      vertex 44.0023 8.99503 5.5
      vertex 44.0023 8.99503 6.5
    endloop
  endfacet
  facet normal -0.941556 -0.336855 0
    outer loop
      vertex 43.8807 9.48055 5.5
      vertex 43.7121 9.95181 6.5
      vertex 43.7121 9.95181 5.5
    endloop
  endfacet
  facet normal -0.941556 -0.336855 0
    outer loop
      vertex 43.7121 9.95181 6.5
      vertex 43.8807 9.48055 5.5
      vertex 43.8807 9.48055 6.5
    endloop
  endfacet
  facet normal -0.903998 -0.427536 0
    outer loop
      vertex 43.7121 9.95181 5.5
      vertex 43.4981 10.4043 6.5
      vertex 43.4981 10.4043 5.5
    endloop
  endfacet
  facet normal -0.903998 -0.427536 0
    outer loop
      vertex 43.4981 10.4043 6.5
      vertex 43.7121 9.95181 5.5
      vertex 43.7121 9.95181 6.5
    endloop
  endfacet
  facet normal -0.85774 -0.514084 0
    outer loop
      vertex 43.4981 10.4043 5.5
      vertex 43.2408 10.8336 6.5
      vertex 43.2408 10.8336 5.5
    endloop
  endfacet
  facet normal -0.85774 -0.514084 0
    outer loop
      vertex 43.2408 10.8336 6.5
      vertex 43.4981 10.4043 5.5
      vertex 43.4981 10.4043 6.5
    endloop
  endfacet
  facet normal -0.803154 -0.595772 0
    outer loop
      vertex 43.2408 10.8336 5.5
      vertex 42.9426 11.2356 6.5
      vertex 42.9426 11.2356 5.5
    endloop
  endfacet
  facet normal -0.803154 -0.595772 0
    outer loop
      vertex 42.9426 11.2356 6.5
      vertex 43.2408 10.8336 5.5
      vertex 43.2408 10.8336 6.5
    endloop
  endfacet
  facet normal -0.741015 -0.671489 0
    outer loop
      vertex 42.9426 11.2356 5.5
      vertex 42.6065 11.6065 6.5
      vertex 42.6065 11.6065 5.5
    endloop
  endfacet
  facet normal -0.741015 -0.671489 0
    outer loop
      vertex 42.6065 11.6065 6.5
      vertex 42.9426 11.2356 5.5
      vertex 42.9426 11.2356 6.5
    endloop
  endfacet
  facet normal -0.671489 -0.741015 0
    outer loop
      vertex 42.2356 11.9426 5.5
      vertex 42.6065 11.6065 6.5
      vertex 42.2356 11.9426 6.5
    endloop
  endfacet
  facet normal -0.671489 -0.741015 -0
    outer loop
      vertex 42.6065 11.6065 6.5
      vertex 42.2356 11.9426 5.5
      vertex 42.6065 11.6065 5.5
    endloop
  endfacet
  facet normal -0.595772 -0.803154 0
    outer loop
      vertex 41.8336 12.2408 5.5
      vertex 42.2356 11.9426 6.5
      vertex 41.8336 12.2408 6.5
    endloop
  endfacet
  facet normal -0.595772 -0.803154 -0
    outer loop
      vertex 42.2356 11.9426 6.5
      vertex 41.8336 12.2408 5.5
      vertex 42.2356 11.9426 5.5
    endloop
  endfacet
  facet normal -0.514084 -0.85774 0
    outer loop
      vertex 41.4043 12.4981 5.5
      vertex 41.8336 12.2408 6.5
      vertex 41.4043 12.4981 6.5
    endloop
  endfacet
  facet normal -0.514084 -0.85774 -0
    outer loop
      vertex 41.8336 12.2408 6.5
      vertex 41.4043 12.4981 5.5
      vertex 41.8336 12.2408 5.5
    endloop
  endfacet
  facet normal -0.427528 -0.904002 0
    outer loop
      vertex 40.9518 12.7121 5.5
      vertex 41.4043 12.4981 6.5
      vertex 40.9518 12.7121 6.5
    endloop
  endfacet
  facet normal -0.427528 -0.904002 -0
    outer loop
      vertex 41.4043 12.4981 6.5
      vertex 40.9518 12.7121 5.5
      vertex 41.4043 12.4981 5.5
    endloop
  endfacet
  facet normal -0.33683 -0.941566 0
    outer loop
      vertex 40.4805 12.8807 5.5
      vertex 40.9518 12.7121 6.5
      vertex 40.4805 12.8807 6.5
    endloop
  endfacet
  facet normal -0.33683 -0.941566 -0
    outer loop
      vertex 40.9518 12.7121 6.5
      vertex 40.4805 12.8807 5.5
      vertex 40.9518 12.7121 5.5
    endloop
  endfacet
  facet normal -0.242959 -0.970037 0
    outer loop
      vertex 39.995 13.0023 5.5
      vertex 40.4805 12.8807 6.5
      vertex 39.995 13.0023 6.5
    endloop
  endfacet
  facet normal -0.242959 -0.970037 -0
    outer loop
      vertex 40.4805 12.8807 6.5
      vertex 39.995 13.0023 5.5
      vertex 40.4805 12.8807 5.5
    endloop
  endfacet
  facet normal -0.146846 -0.989159 0
    outer loop
      vertex 39.4999 13.0758 5.5
      vertex 39.995 13.0023 6.5
      vertex 39.4999 13.0758 6.5
    endloop
  endfacet
  facet normal -0.146846 -0.989159 -0
    outer loop
      vertex 39.995 13.0023 6.5
      vertex 39.4999 13.0758 5.5
      vertex 39.995 13.0023 5.5
    endloop
  endfacet
  facet normal -0.0490778 -0.998795 0
    outer loop
      vertex 39.0074 13.1 5.5
      vertex 39.4999 13.0758 6.5
      vertex 39.0074 13.1 6.5
    endloop
  endfacet
  facet normal -0.0490778 -0.998795 -0
    outer loop
      vertex 39.4999 13.0758 6.5
      vertex 39.0074 13.1 5.5
      vertex 39.4999 13.0758 5.5
    endloop
  endfacet
  facet normal 0 -1 0
    outer loop
      vertex 6.99265 13.1 5.5
      vertex 39.0074 13.1 6.5
      vertex 6.99265 13.1 6.5
    endloop
  endfacet
  facet normal 0 -1 -0
    outer loop
      vertex 39.0074 13.1 6.5
      vertex 6.99265 13.1 5.5
      vertex 39.0074 13.1 5.5
    endloop
  endfacet
  facet normal 0.0490719 -0.998795 0
    outer loop
      vertex 6.50009 13.0758 5.5
      vertex 6.99265 13.1 6.5
      vertex 6.50009 13.0758 6.5
    endloop
  endfacet
  facet normal 0.0490719 -0.998795 0
    outer loop
      vertex 6.99265 13.1 6.5
      vertex 6.50009 13.0758 5.5
      vertex 6.99265 13.1 5.5
    endloop
  endfacet
  facet normal 0.14684 -0.98916 0
    outer loop
      vertex 6.00497 13.0023 5.5
      vertex 6.50009 13.0758 6.5
      vertex 6.00497 13.0023 6.5
    endloop
  endfacet
  facet normal 0.14684 -0.98916 0
    outer loop
      vertex 6.50009 13.0758 6.5
      vertex 6.00497 13.0023 5.5
      vertex 6.50009 13.0758 5.5
    endloop
  endfacet
  facet normal 0.242949 -0.970039 0
    outer loop
      vertex 5.51945 12.8807 5.5
      vertex 6.00497 13.0023 6.5
      vertex 5.51945 12.8807 6.5
    endloop
  endfacet
  facet normal 0.242949 -0.970039 0
    outer loop
      vertex 6.00497 13.0023 6.5
      vertex 5.51945 12.8807 5.5
      vertex 6.00497 13.0023 5.5
    endloop
  endfacet
  facet normal 0.336855 -0.941556 0
    outer loop
      vertex 5.04819 12.7121 5.5
      vertex 5.51945 12.8807 6.5
      vertex 5.04819 12.7121 6.5
    endloop
  endfacet
  facet normal 0.336855 -0.941556 0
    outer loop
      vertex 5.51945 12.8807 6.5
      vertex 5.04819 12.7121 5.5
      vertex 5.51945 12.8807 5.5
    endloop
  endfacet
  facet normal 0.427551 -0.903991 0
    outer loop
      vertex 4.59572 12.4981 5.5
      vertex 5.04819 12.7121 6.5
      vertex 4.59572 12.4981 6.5
    endloop
  endfacet
  facet normal 0.427551 -0.903991 0
    outer loop
      vertex 5.04819 12.7121 6.5
      vertex 4.59572 12.4981 5.5
      vertex 5.04819 12.7121 5.5
    endloop
  endfacet
  facet normal 0.514067 -0.85775 0
    outer loop
      vertex 4.1664 12.2408 5.5
      vertex 4.59572 12.4981 6.5
      vertex 4.1664 12.2408 6.5
    endloop
  endfacet
  facet normal 0.514067 -0.85775 0
    outer loop
      vertex 4.59572 12.4981 6.5
      vertex 4.1664 12.2408 5.5
      vertex 4.59572 12.4981 5.5
    endloop
  endfacet
  facet normal 0.595743 -0.803175 0
    outer loop
      vertex 3.76437 11.9426 5.5
      vertex 4.1664 12.2408 6.5
      vertex 3.76437 11.9426 6.5
    endloop
  endfacet
  facet normal 0.595743 -0.803175 0
    outer loop
      vertex 4.1664 12.2408 6.5
      vertex 3.76437 11.9426 5.5
      vertex 4.1664 12.2408 5.5
    endloop
  endfacet
  facet normal 0.671528 -0.740979 0
    outer loop
      vertex 3.39351 11.6065 5.5
      vertex 3.76437 11.9426 6.5
      vertex 3.39351 11.6065 6.5
    endloop
  endfacet
  facet normal 0.671528 -0.740979 0
    outer loop
      vertex 3.76437 11.9426 6.5
      vertex 3.39351 11.6065 5.5
      vertex 3.76437 11.9426 5.5
    endloop
  endfacet
  facet normal 0.740975 -0.671532 0
    outer loop
      vertex 3.05737 11.2356 6.5
      vertex 3.39351 11.6065 5.5
      vertex 3.39351 11.6065 6.5
    endloop
  endfacet
  facet normal 0.740975 -0.671532 0
    outer loop
      vertex 3.39351 11.6065 5.5
      vertex 3.05737 11.2356 6.5
      vertex 3.05737 11.2356 5.5
    endloop
  endfacet
  facet normal 0.803201 -0.595708 0
    outer loop
      vertex 2.75922 10.8336 6.5
      vertex 3.05737 11.2356 5.5
      vertex 3.05737 11.2356 6.5
    endloop
  endfacet
  facet normal 0.803201 -0.595708 0
    outer loop
      vertex 3.05737 11.2356 5.5
      vertex 2.75922 10.8336 6.5
      vertex 2.75922 10.8336 5.5
    endloop
  endfacet
  facet normal 0.857713 -0.514128 0
    outer loop
      vertex 2.50189 10.4043 6.5
      vertex 2.75922 10.8336 5.5
      vertex 2.75922 10.8336 6.5
    endloop
  endfacet
  facet normal 0.857713 -0.514128 0
    outer loop
      vertex 2.75922 10.8336 5.5
      vertex 2.50189 10.4043 6.5
      vertex 2.50189 10.4043 5.5
    endloop
  endfacet
  facet normal 0.903998 -0.427536 0
    outer loop
      vertex 2.28789 9.95181 6.5
      vertex 2.50189 10.4043 5.5
      vertex 2.50189 10.4043 6.5
    endloop
  endfacet
  facet normal 0.903998 -0.427536 0
    outer loop
      vertex 2.50189 10.4043 5.5
      vertex 2.28789 9.95181 6.5
      vertex 2.28789 9.95181 5.5
    endloop
  endfacet
  facet normal 0.941537 -0.336908 0
    outer loop
      vertex 2.11926 9.48055 6.5
      vertex 2.28789 9.95181 5.5
      vertex 2.28789 9.95181 6.5
    endloop
  endfacet
  facet normal 0.941537 -0.336908 0
    outer loop
      vertex 2.28789 9.95181 5.5
      vertex 2.11926 9.48055 6.5
      vertex 2.11926 9.48055 5.5
    endloop
  endfacet
  facet normal 0.970034 -0.242968 0
    outer loop
      vertex 1.99765 8.99503 6.5
      vertex 2.11926 9.48055 5.5
      vertex 2.11926 9.48055 6.5
    endloop
  endfacet
  facet normal 0.970034 -0.242968 0
    outer loop
      vertex 2.11926 9.48055 5.5
      vertex 1.99765 8.99503 6.5
      vertex 1.99765 8.99503 5.5
    endloop
  endfacet
  facet normal 0.989172 -0.146762 0
    outer loop
      vertex 1.92419 8.49991 6.5
      vertex 1.99765 8.99503 5.5
      vertex 1.99765 8.99503 6.5
    endloop
  endfacet
  facet normal 0.989172 -0.146762 0
    outer loop
      vertex 1.99765 8.99503 5.5
      vertex 1.92419 8.49991 6.5
      vertex 1.92419 8.49991 5.5
    endloop
  endfacet
  facet normal 0.998797 -0.0490314 0
    outer loop
      vertex 1.90001 8.00735 6.5
      vertex 1.92419 8.49991 5.5
      vertex 1.92419 8.49991 6.5
    endloop
  endfacet
  facet normal 0.998797 -0.0490314 0
    outer loop
      vertex 1.92419 8.49991 5.5
      vertex 1.90001 8.00735 6.5
      vertex 1.90001 8.00735 5.5
    endloop
  endfacet
  facet normal 1 -0 0
    outer loop
      vertex 1.90001 7.65 6.5
      vertex 1.90001 8.00735 5.5
      vertex 1.90001 8.00735 6.5
    endloop
  endfacet
  facet normal 1 0 0
    outer loop
      vertex 1.90001 8.00735 5.5
      vertex 1.90001 7.65 6.5
      vertex 1.90001 7.65 5.5
    endloop
  endfacet
  facet normal 1 -0 0
    outer loop
      vertex 1.90001 -8.00735 6.5
      vertex 1.90001 -7.65 5.5
      vertex 1.90001 -7.65 6.5
    endloop
  endfacet
  facet normal 1 0 0
    outer loop
      vertex 1.90001 -7.65 5.5
      vertex 1.90001 -8.00735 6.5
      vertex 1.90001 -8.00735 5.5
    endloop
  endfacet
  facet normal 0.998797 0.0490314 0
    outer loop
      vertex 1.92419 -8.49991 6.5
      vertex 1.90001 -8.00735 5.5
      vertex 1.90001 -8.00735 6.5
    endloop
  endfacet
  facet normal 0.998797 0.0490314 0
    outer loop
      vertex 1.90001 -8.00735 5.5
      vertex 1.92419 -8.49991 6.5
      vertex 1.92419 -8.49991 5.5
    endloop
  endfacet
  facet normal 0.989172 0.146762 0
    outer loop
      vertex 1.99765 -8.99503 6.5
      vertex 1.92419 -8.49991 5.5
      vertex 1.92419 -8.49991 6.5
    endloop
  endfacet
  facet normal 0.989172 0.146762 0
    outer loop
      vertex 1.92419 -8.49991 5.5
      vertex 1.99765 -8.99503 6.5
      vertex 1.99765 -8.99503 5.5
    endloop
  endfacet
  facet normal 0.970034 0.242968 0
    outer loop
      vertex 2.11926 -9.48055 6.5
      vertex 1.99765 -8.99503 5.5
      vertex 1.99765 -8.99503 6.5
    endloop
  endfacet
  facet normal 0.970034 0.242968 0
    outer loop
      vertex 1.99765 -8.99503 5.5
      vertex 2.11926 -9.48055 6.5
      vertex 2.11926 -9.48055 5.5
    endloop
  endfacet
  facet normal 0.941537 0.336908 0
    outer loop
      vertex 2.28789 -9.95181 6.5
      vertex 2.11926 -9.48055 5.5
      vertex 2.11926 -9.48055 6.5
    endloop
  endfacet
  facet normal 0.941537 0.336908 0
    outer loop
      vertex 2.11926 -9.48055 5.5
      vertex 2.28789 -9.95181 6.5
      vertex 2.28789 -9.95181 5.5
    endloop
  endfacet
  facet normal 0.903998 0.427536 0
    outer loop
      vertex 2.50189 -10.4043 6.5
      vertex 2.28789 -9.95181 5.5
      vertex 2.28789 -9.95181 6.5
    endloop
  endfacet
  facet normal 0.903998 0.427536 0
    outer loop
      vertex 2.28789 -9.95181 5.5
      vertex 2.50189 -10.4043 6.5
      vertex 2.50189 -10.4043 5.5
    endloop
  endfacet
  facet normal 0.857713 0.514128 0
    outer loop
      vertex 2.75922 -10.8336 6.5
      vertex 2.50189 -10.4043 5.5
      vertex 2.50189 -10.4043 6.5
    endloop
  endfacet
  facet normal 0.857713 0.514128 0
    outer loop
      vertex 2.50189 -10.4043 5.5
      vertex 2.75922 -10.8336 6.5
      vertex 2.75922 -10.8336 5.5
    endloop
  endfacet
  facet normal 0.803201 0.595708 0
    outer loop
      vertex 3.05737 -11.2356 6.5
      vertex 2.75922 -10.8336 5.5
      vertex 2.75922 -10.8336 6.5
    endloop
  endfacet
  facet normal 0.803201 0.595708 0
    outer loop
      vertex 2.75922 -10.8336 5.5
      vertex 3.05737 -11.2356 6.5
      vertex 3.05737 -11.2356 5.5
    endloop
  endfacet
  facet normal 0.740975 0.671532 0
    outer loop
      vertex 3.39351 -11.6065 6.5
      vertex 3.05737 -11.2356 5.5
      vertex 3.05737 -11.2356 6.5
    endloop
  endfacet
  facet normal 0.740975 0.671532 0
    outer loop
      vertex 3.05737 -11.2356 5.5
      vertex 3.39351 -11.6065 6.5
      vertex 3.39351 -11.6065 5.5
    endloop
  endfacet
  facet normal 0.671528 0.740979 -0
    outer loop
      vertex 3.76437 -11.9426 5.5
      vertex 3.39351 -11.6065 6.5
      vertex 3.76437 -11.9426 6.5
    endloop
  endfacet
  facet normal 0.671528 0.740979 0
    outer loop
      vertex 3.39351 -11.6065 6.5
      vertex 3.76437 -11.9426 5.5
      vertex 3.39351 -11.6065 5.5
    endloop
  endfacet
  facet normal 0.595743 0.803175 -0
    outer loop
      vertex 4.1664 -12.2408 5.5
      vertex 3.76437 -11.9426 6.5
      vertex 4.1664 -12.2408 6.5
    endloop
  endfacet
  facet normal 0.595743 0.803175 0
    outer loop
      vertex 3.76437 -11.9426 6.5
      vertex 4.1664 -12.2408 5.5
      vertex 3.76437 -11.9426 5.5
    endloop
  endfacet
  facet normal 0.514067 0.85775 -0
    outer loop
      vertex 4.59572 -12.4981 5.5
      vertex 4.1664 -12.2408 6.5
      vertex 4.59572 -12.4981 6.5
    endloop
  endfacet
  facet normal 0.514067 0.85775 0
    outer loop
      vertex 4.1664 -12.2408 6.5
      vertex 4.59572 -12.4981 5.5
      vertex 4.1664 -12.2408 5.5
    endloop
  endfacet
  facet normal 0.427551 0.903991 -0
    outer loop
      vertex 5.04819 -12.7121 5.5
      vertex 4.59572 -12.4981 6.5
      vertex 5.04819 -12.7121 6.5
    endloop
  endfacet
  facet normal 0.427551 0.903991 0
    outer loop
      vertex 4.59572 -12.4981 6.5
      vertex 5.04819 -12.7121 5.5
      vertex 4.59572 -12.4981 5.5
    endloop
  endfacet
  facet normal 0.336855 0.941556 -0
    outer loop
      vertex 5.51945 -12.8807 5.5
      vertex 5.04819 -12.7121 6.5
      vertex 5.51945 -12.8807 6.5
    endloop
  endfacet
  facet normal 0.336855 0.941556 0
    outer loop
      vertex 5.04819 -12.7121 6.5
      vertex 5.51945 -12.8807 5.5
      vertex 5.04819 -12.7121 5.5
    endloop
  endfacet
  facet normal 0.242949 0.970039 -0
    outer loop
      vertex 6.00497 -13.0023 5.5
      vertex 5.51945 -12.8807 6.5
      vertex 6.00497 -13.0023 6.5
    endloop
  endfacet
  facet normal 0.242949 0.970039 0
    outer loop
      vertex 5.51945 -12.8807 6.5
      vertex 6.00497 -13.0023 5.5
      vertex 5.51945 -12.8807 5.5
    endloop
  endfacet
  facet normal 0.14684 0.98916 -0
    outer loop
      vertex 6.50009 -13.0758 5.5
      vertex 6.00497 -13.0023 6.5
      vertex 6.50009 -13.0758 6.5
    endloop
  endfacet
  facet normal 0.14684 0.98916 0
    outer loop
      vertex 6.00497 -13.0023 6.5
      vertex 6.50009 -13.0758 5.5
      vertex 6.00497 -13.0023 5.5
    endloop
  endfacet
  facet normal 0.0490719 0.998795 -0
    outer loop
      vertex 6.99265 -13.1 5.5
      vertex 6.50009 -13.0758 6.5
      vertex 6.99265 -13.1 6.5
    endloop
  endfacet
  facet normal 0.0490719 0.998795 0
    outer loop
      vertex 6.50009 -13.0758 6.5
      vertex 6.99265 -13.1 5.5
      vertex 6.50009 -13.0758 5.5
    endloop
  endfacet
  facet normal 0 1 -0
    outer loop
      vertex 39.0074 -13.1 5.5
      vertex 6.99265 -13.1 6.5
      vertex 39.0074 -13.1 6.5
    endloop
  endfacet
  facet normal 0 1 0
    outer loop
      vertex 6.99265 -13.1 6.5
      vertex 39.0074 -13.1 5.5
      vertex 6.99265 -13.1 5.5
    endloop
  endfacet
  facet normal -0.0490778 0.998795 0
    outer loop
      vertex 39.4999 -13.0758 5.5
      vertex 39.0074 -13.1 6.5
      vertex 39.4999 -13.0758 6.5
    endloop
  endfacet
  facet normal -0.0490778 0.998795 0
    outer loop
      vertex 39.0074 -13.1 6.5
      vertex 39.4999 -13.0758 5.5
      vertex 39.0074 -13.1 5.5
    endloop
  endfacet
  facet normal 0 1 -0
    outer loop
      vertex 13.8262 11.5 5.5
      vertex 8.17384 11.5 6.5
      vertex 13.8262 11.5 6.5
    endloop
  endfacet
  facet normal 0 1 0
    outer loop
      vertex 8.17384 11.5 6.5
      vertex 13.8262 11.5 5.5
      vertex 8.17384 11.5 5.5
    endloop
  endfacet
  facet normal 0 1 -0
    outer loop
      vertex 31.8262 11.5 5.5
      vertex 26.1738 11.5 6.5
      vertex 31.8262 11.5 6.5
    endloop
  endfacet
  facet normal 0 1 0
    outer loop
      vertex 26.1738 11.5 6.5
      vertex 31.8262 11.5 5.5
      vertex 26.1738 11.5 5.5
    endloop
  endfacet
  facet normal 1 -0 0
    outer loop
      vertex 42.5 0.000310598 6.5
      vertex 42.5 4.89441 5.5
      vertex 42.5 4.89441 6.5
    endloop
  endfacet
  facet normal 1 0 0
    outer loop
      vertex 42.5 4.89441 5.5
      vertex 42.5 0.000310598 6.5
      vertex 42.5 0.000310598 5.5
    endloop
  endfacet
  facet normal 1 -0 0
    outer loop
      vertex 42.5 -4.89441 6.5
      vertex 42.5 -0.000310598 5.5
      vertex 42.5 -0.000310598 6.5
    endloop
  endfacet
  facet normal 1 0 0
    outer loop
      vertex 42.5 -0.000310598 5.5
      vertex 42.5 -4.89441 6.5
      vertex 42.5 -4.89441 5.5
    endloop
  endfacet
  facet normal 0 -1 0
    outer loop
      vertex 8.17384 -11.5 5.5
      vertex 13.8262 -11.5 6.5
      vertex 8.17384 -11.5 6.5
    endloop
  endfacet
  facet normal 0 -1 -0
    outer loop
      vertex 13.8262 -11.5 6.5
      vertex 8.17384 -11.5 5.5
      vertex 13.8262 -11.5 5.5
    endloop
  endfacet
  facet normal 0 -1 0
    outer loop
      vertex 26.1738 -11.5 5.5
      vertex 31.8262 -11.5 6.5
      vertex 26.1738 -11.5 6.5
    endloop
  endfacet
  facet normal 0 -1 -0
    outer loop
      vertex 31.8262 -11.5 6.5
      vertex 26.1738 -11.5 5.5
      vertex 31.8262 -11.5 5.5
    endloop
  endfacet
endsolid OpenSCAD_Model
